{"type": "FeatureCollection", "name": "synthetic", "features": [{"type": "Feature", "properties": {"id": 2, "object_type": "restriction", "restriction_type": "road"}, "geometry": {"type": "Polygon", "coordinates": [[[37.61642185404601, 55.68599385156803], [37.615822019992805, 55.702971288921006], [37.615599315821726, 55.70296877834314], [37.61619924630879, 55.68599134257822], [37.61642185404601, 55.68599385156803]]]}}, {"type": "Feature", "properties": {"id": 3, "object_type": "restriction", "restriction_type": "road"}, "geometry": {"type": "Polygon", "coordinates": [[[37.6462516065415, 55.686326406547444], [37.64624726135502, 55.686452167090664], [37.61619480473613, 55.686117101551154], [37.61619924630879, 55.68599134257822], [37.6462516065415, 55.686326406547444]]]}}, {"type": "Feature", "properties": {"id": 4, "object_type": "restriction", "restriction_type": "road"}, "geometry": {"type": "Polygon", "coordinates": [[[37.61855252988001, 55.686017845771275], [37.617953618839174, 55.70299529831138], [37.61773091433136, 55.70299279159796], [37.61832992180655, 55.686015340643486], [37.61855252988001, 55.686017845771275]]]}}, {"type": "Feature", "properties": {"id": 5, "object_type": "restriction", "restriction_type": "road"}, "geometry": {"type": "Polygon", "coordinates": [[[37.64621001548847, 55.687530114488446], [37.646205669972744, 55.6876558750047], [37.61615229076185, 55.68732079443475], [37.61615673267106, 55.68719503548888], [37.64621001548847, 55.687530114488446]]]}}, {"type": "Feature", "properties": {"id": 6, "object_type": "restriction", "restriction_type": "road"}, "geometry": {"type": "Polygon", "coordinates": [[[37.62068320892965, 55.686041803009424], [37.62008522090587, 55.703019270713284], [37.61986251606183, 55.703016767864334], [37.620460600520445, 55.68603930174367], [37.62068320892965, 55.686041803009424]]]}}, {"type": "Feature", "properties": {"id": 7, "object_type": "restriction", "restriction_type": "road"}, "geometry": {"type": "Polygon", "coordinates": [[[37.64616842128387, 55.68873382217126], [37.646164075438854, 55.68885958266055], [37.616109773566116, 55.68852448705924], [37.616114215811905, 55.688398728140434], [37.64616842128387, 55.68873382217126]]]}}, {"type": "Feature", "properties": {"id": 8, "object_type": "restriction", "restriction_type": "road"}, "geometry": {"type": "Polygon", "coordinates": [[[37.62281389118994, 55.68606572328239], [37.622216826187945, 55.7030432061266], [37.6219941210082, 55.703040707142144], [37.62259128244553, 55.68606322587866], [37.62281389118994, 55.68606572328239]]]}}, {"type": "Feature", "properties": {"id": 9, "object_type": "restriction", "restriction_type": "road"}, "geometry": {"type": "Polygon", "coordinates": [[[37.64612682392736, 55.68993752959589], [37.646122477753025, 55.69006329005819], [37.61606725314858, 55.68972817942462], [37.616071695730994, 55.689602420532886], [37.64612682392736, 55.68993752959589]]]}}, {"type": "Feature", "properties": {"id": 10, "object_type": "restriction", "restriction_type": "road"}, "geometry": {"type": "Polygon", "coordinates": [[[37.62494457665596, 55.68608960659003], [37.62434843468043, 55.70306710455121], [37.6241257291655, 55.70306460943125], [37.62472196757686, 55.686087113048345], [37.62494457665596, 55.68608960659003]]]}}, {"type": "Feature", "properties": {"id": 11, "object_type": "restriction", "restriction_type": "road"}, "geometry": {"type": "Polygon", "coordinates": [[[37.64608522341861, 55.69114123676234], [37.646080876914915, 55.69126699719765], [37.61602472950892, 55.69093187153087], [37.616029172427986, 55.69080611266622], [37.64608522341861, 55.69114123676234]]]}}, {"type": "Feature", "properties": {"id": 12, "object_type": "restriction", "restriction_type": "road"}, "geometry": {"type": "Polygon", "coordinates": [[[37.62707526532275, 55.68611345293222], [37.62648004637837, 55.703090965987016], [37.626257340528774, 55.703088474731565], [37.626852655909474, 55.68611096325262], [37.62707526532275, 55.68611345293222]]]}}, {"type": "Feature", "properties": {"id": 13, "object_type": "restriction", "restriction_type": "road"}, "geometry": {"type": "Polygon", "coordinates": [[[37.64604361975731, 55.692344943670605], [37.64603927292422, 55.69247070407896], [37.6159822026468, 55.692135563378045], [37.61598664590256, 55.69200980454046], [37.64604361975731, 55.692344943670605]]]}}, {"type": "Feature", "properties": {"id": 14, "object_type": "restriction", "restriction_type": "road"}, "geometry": {"type": "Polygon", "coordinates": [[[37.62920595718537, 55.686137262308854], [37.62861166127681, 55.70311479043387], [37.628388955093065, 55.70311230304295], [37.62898334743842, 55.68613477649133], [37.62920595718537, 55.686137262308854]]]}}, {"type": "Feature", "properties": {"id": 15, "object_type": "restriction", "restriction_type": "road"}, "geometry": {"type": "Polygon", "coordinates": [[[37.646002012943114, 55.693548650320665], [37.6459976657806, 55.69367441070205], [37.61593967256188, 55.69333925496612], [37.61594411615437, 55.69321349615559], [37.646002012943114, 55.693548650320665]]]}}, {"type": "Feature", "properties": {"id": 16, "object_type": "restriction", "restriction_type": "road"}, "geometry": {"type": "Polygon", "coordinates": [[[37.631336652238836, 55.68616103471981], [37.63074327937078, 55.70313857789167], [37.630520572853406, 55.70313609436528], [37.63111404215875, 55.686158552764375], [37.631336652238836, 55.68616103471981]]]}}, {"type": "Feature", "properties": {"id": 17, "object_type": "restriction", "restriction_type": "road"}, "geometry": {"type": "Polygon", "coordinates": [[[37.6459604029757, 55.69475235671258], [37.64595605548373, 55.694878117066985], [37.61589713925383, 55.69454294629507], [37.615901583183074, 55.69441718751164], [37.6459604029757, 55.69475235671258]]]}}, {"type": "Feature", "properties": {"id": 18, "object_type": "restriction", "restriction_type": "road"}, "geometry": {"type": "Polygon", "coordinates": [[[37.63346735047823, 55.686184770164964], [37.63287490065534, 55.7031623283603], [37.63265219380485, 55.70315984869845], [37.63324474006552, 55.68618229207163], [37.63346735047823, 55.686184770164964]]]}}, {"type": "Feature", "properties": {"id": 19, "object_type": "restriction", "restriction_type": "road"}, "geometry": {"type": "Polygon", "coordinates": [[[37.64591878985475, 55.6959560628463], [37.64591444203328, 55.696081823173735], [37.615854602722315, 55.69574663736494], [37.615859046988355, 55.695620878608565], [37.64591878985475, 55.6959560628463]]]}}, {"type": "Feature", "properties": {"id": 20, "object_type": "restriction", "restriction_type": "road"}, "geometry": {"type": "Polygon", "coordinates": [[[37.635598051898576, 55.686208468644196], [37.63500652512551, 55.70318604183962], [37.634783817942434, 55.70318356604233], [37.63537544115376, 55.68620599441298], [37.635598051898576, 55.686208468644196]]]}}, {"type": "Feature", "properties": {"id": 21, "object_type": "restriction", "restriction_type": "road"}, "geometry": {"type": "Polygon", "coordinates": [[[37.645877173579926, 55.697159768721846], [37.64587282542893, 55.69728552902232], [37.615812062967, 55.69695032817571], [37.61581650756987, 55.696824569446406], [37.645877173579926, 55.697159768721846]]]}}, {"type": "Feature", "properties": {"id": 22, "object_type": "restriction", "restriction_type": "road"}, "geometry": {"type": "Polygon", "coordinates": [[[37.637728756494944, 55.68623213015739], [37.637138152776345, 55.70320971832952], [37.636915445261195, 55.70320724639681], [37.637506145418534, 55.68622965978832], [37.637728756494944, 55.68623213015739]]]}}, {"type": "Feature", "properties": {"id": 23, "object_type": "restriction", "restriction_type": "road"}, "geometry": {"type": "Polygon", "coordinates": [[[37.6458355541509, 55.69836347433923], [37.64583120567035, 55.69848923461271], [37.61576951998755, 55.69815401872739], [37.615773964927286, 55.698028260025154], [37.6458355541509, 55.69836347433923]]]}}, {"type": "Feature", "properties": {"id": 24, "object_type": "restriction", "restriction_type": "road"}, "geometry": {"type": "Polygon", "coordinates": [[[37.63985946426237, 55.686255754704426], [37.63926978360289, 55.703233357829895], [37.63904707575618, 55.70323088976177], [37.63963685285489, 55.68625328819749], [37.63985946426237, 55.686255754704426]]]}}, {"type": "Feature", "properties": {"id": 25, "object_type": "restriction", "restriction_type": "road"}, "geometry": {"type": "Polygon", "coordinates": [[[37.645793931567354, 55.69956717969842], [37.6457895827572, 55.69969293994494], [37.61572697378364, 55.69935770901996], [37.61573141906027, 55.6992319503448], [37.645793931567354, 55.69956717969842]]]}}, {"type": "Feature", "properties": {"id": 26, "object_type": "restriction", "restriction_type": "road"}, "geometry": {"type": "Polygon", "coordinates": [[[37.64199017519591, 55.686279342285204], [37.64140141760017, 55.70325696034061], [37.64117870942243, 55.70325449613708], [37.64176756345786, 55.686276879640424], [37.64199017519591, 55.686279342285204]]]}}, {"type": "Feature", "properties": {"id": 27, "object_type": "restriction", "restriction_type": "road"}, "geometry": {"type": "Polygon", "coordinates": [[[37.64575230582896, 55.700770884799454], [37.64574795668918, 55.700896645018986], [37.61568442435491, 55.70056139905345], [37.61568886996848, 55.70043564040536], [37.64575230582896, 55.700770884799454]]]}}, {"type": "Feature", "properties": {"id": 28, "object_type": "restriction", "restriction_type": "road"}, "geometry": {"type": "Polygon", "coordinates": [[[37.6441208892906, 55.686302892899576], [37.643533054763246, 55.703280525861544], [37.64331034625498, 55.70327806552263], [37.64389827722252, 55.686300434116966], [37.6441208892906, 55.686302892899576]]]}}, {"type": "Feature", "properties": {"id": 29, "object_type": "restriction", "restriction_type": "road"}, "geometry": {"type": "Polygon", "coordinates": [[[37.64571067693538, 55.70197458964231], [37.64570632746593, 55.702100349834886], [37.61564187170106, 55.70176508882784], [37.6156463176516, 55.70163933020681], [37.64571067693538, 55.70197458964231]]]}}, {"type": "Feature", "properties": {"id": 30, "object_type": "restriction", "restriction_type": "road"}, "geometry": {"type": "Polygon", "coordinates": [[[37.6462516065415, 55.686326406547444], [37.64566469508715, 55.7033040543926], [37.64544198624887, 55.703301597918305], [37.6460289941439, 55.686323951626996], [37.6462516065415, 55.686326406547444]]]}}, {"type": "Feature", "properties": {"id": 31, "object_type": "restriction", "restriction_type": "road"}, "geometry": {"type": "Polygon", "coordinates": [[[37.6456690448863, 55.70317829422701], [37.64566469508715, 55.7033040543926], [37.615599315821726, 55.70296877834314], [37.615603762109274, 55.70284301974919], [37.6456690448863, 55.70317829422701]]]}}, {"type": "Feature", "properties": {"id": 32, "object_type": "restriction", "restriction_type": "oks"}, "geometry": {"type": "Polygon", "coordinates": [[[37.61799105612317, 55.68628369326392], [37.61798599741219, 55.686427110051945], [37.617462919287526, 55.68642122055175], [37.61746797991168, 55.686277803795186], [37.61799105612317, 55.68628369326392]]]}}, {"type": "Feature", "properties": {"id": 33, "object_type": "restriction", "restriction_type": "oks"}, "geometry": {"type": "Polygon", "coordinates": [[[37.61735290394438, 55.686256727977884], [37.61734238156607, 55.68655490336017], [37.616759526225664, 55.686548337622334], [37.616770053036205, 55.686250162313], [37.61735290394438, 55.686256727977884]]]}}, {"type": "Feature", "properties": {"id": 34, "object_type": "restriction", "restriction_type": "oks"}, "geometry": {"type": "Polygon", "coordinates": [[[37.617937625122615, 55.68750236578876], [37.61793018159572, 55.68771337492801], [37.617503801089065, 55.687708574235664], [37.61751124691057, 55.687497565134166], [37.617937625122615, 55.68750236578876]]]}}, {"type": "Feature", "properties": {"id": 35, "object_type": "restriction", "restriction_type": "oks"}, "geometry": {"type": "Polygon", "coordinates": [[[37.618077340787615, 55.68781084991264], [37.61806861206255, 55.688058313728284], [37.617600080820864, 55.688053038926554], [37.61760881250302, 55.687805575159565], [37.618077340787615, 55.68781084991264]]]}}, {"type": "Feature", "properties": {"id": 36, "object_type": "restriction", "restriction_type": "oks"}, "geometry": {"type": "Polygon", "coordinates": [[[37.61722566518861, 55.68870206732748], [37.61721546577074, 55.68899103780766], [37.616803106498566, 55.688986392686616], [37.616813308955635, 55.688697422256446], [37.61722566518861, 55.68870206732748]]]}}, {"type": "Feature", "properties": {"id": 37, "object_type": "restriction", "restriction_type": "oks"}, "geometry": {"type": "Polygon", "coordinates": [[[37.617881996150956, 55.68875086424874], [37.617875287432945, 55.68894102656378], [37.61744028143392, 55.68893612862846], [37.61744699226178, 55.688745966348115], [37.617881996150956, 55.68875086424874]]]}}, {"type": "Feature", "properties": {"id": 38, "object_type": "restriction", "restriction_type": "oks"}, "geometry": {"type": "Polygon", "coordinates": [[[37.617708344223935, 55.69026004903639], [37.61770297218899, 55.690412294739055], [37.617245661538355, 55.69040714508595], [37.61725103534918, 55.69025489941251], [37.617708344223935, 55.69026004903639]]]}}, {"type": "Feature", "properties": {"id": 39, "object_type": "restriction", "restriction_type": "oks"}, "geometry": {"type": "Polygon", "coordinates": [[[37.616960449167365, 55.69000818839342], [37.61695074607383, 55.6902830308729], [37.61649601460872, 55.69027790747178], [37.616505720890046, 55.690003065044785], [37.616960449167365, 55.69000818839342]]]}}, {"type": "Feature", "properties": {"id": 40, "object_type": "restriction", "restriction_type": "oks"}, "geometry": {"type": "Polygon", "coordinates": [[[37.61800249625637, 55.69111435803187], [37.617995917740004, 55.691300829426424], [37.61736634667202, 55.69129374114238], [37.6173729281829, 55.69110726979709], [37.61800249625637, 55.69111435803187]]]}}, {"type": "Feature", "properties": {"id": 41, "object_type": "restriction", "restriction_type": "oks"}, "geometry": {"type": "Polygon", "coordinates": [[[37.61706187222862, 55.69133997714948], [37.61705231326597, 55.691610743429045], [37.61652175564053, 55.691604766088794], [37.61653131826756, 55.69133399986955], [37.61706187222862, 55.69133997714948]]]}}, {"type": "Feature", "properties": {"id": 42, "object_type": "restriction", "restriction_type": "oks"}, "geometry": {"type": "Polygon", "coordinates": [[[37.61771934483924, 55.691412332416384], [37.61771035413492, 55.69166712287822], [37.61730031241897, 55.69166250569143], [37.61730930578821, 55.69140771527345], [37.61771934483924, 55.691412332416384]]]}}, {"type": "Feature", "properties": {"id": 43, "object_type": "restriction", "restriction_type": "oks"}, "geometry": {"type": "Polygon", "coordinates": [[[37.617384834905344, 55.69281044621969], [37.61737785834266, 55.69300809938785], [37.61687209117332, 55.69300240284287], [37.616879070286075, 55.69280474971668], [37.617384834905344, 55.69281044621969]]]}}, {"type": "Feature", "properties": {"id": 44, "object_type": "restriction", "restriction_type": "oks"}, "geometry": {"type": "Polygon", "coordinates": [[[37.617554097076415, 55.69344581522596], [37.61754689538944, 55.69364986647072], [37.617058781498955, 55.69364436951375], [37.61706598572671, 55.69344031831079], [37.617554097076415, 55.69344581522596]]]}}, {"type": "Feature", "properties": {"id": 45, "object_type": "restriction", "restriction_type": "oks"}, "geometry": {"type": "Polygon", "coordinates": [[[37.61695977296591, 55.69346801115583], [37.616953949417734, 55.693632943607795], [37.61640950520325, 55.69362680952293], [37.61641533104212, 55.69346187710868], [37.61695977296591, 55.69346801115583]]]}}, {"type": "Feature", "properties": {"id": 46, "object_type": "restriction", "restriction_type": "oks"}, "geometry": {"type": "Polygon", "coordinates": [[[37.617168833981864, 55.69372858337688], [37.61716325676483, 55.69388656170235], [37.61652130696503, 55.69387932991717], [37.61652688676914, 55.69372135163429], [37.617168833981864, 55.69372858337688]]]}}, {"type": "Feature", "properties": {"id": 47, "object_type": "restriction", "restriction_type": "oks"}, "geometry": {"type": "Polygon", "coordinates": [[[37.617025872224616, 55.69472718328513], [37.61701856687941, 55.694934082486434], [37.61656804388483, 55.69492900708359], [37.616575351607985, 55.694722107921415], [37.617025872224616, 55.69472718328513]]]}}, {"type": "Feature", "properties": {"id": 48, "object_type": "restriction", "restriction_type": "oks"}, "geometry": {"type": "Polygon", "coordinates": [[[37.61754543448976, 55.69532481746354], [37.61753718957797, 55.69555840905872], [37.61700263445253, 55.695552389112756], [37.6170108825499, 55.69531879756999], [37.61754543448976, 55.69532481746354]]]}}, {"type": "Feature", "properties": {"id": 49, "object_type": "restriction", "restriction_type": "oks"}, "geometry": {"type": "Polygon", "coordinates": [[[37.617065622996584, 55.6960113979327], [37.61705990798858, 55.69617325327949], [37.616357642567024, 55.69616534150348], [37.61636336047489, 55.69600348620442], [37.617065622996584, 55.6960113979327]]]}}, {"type": "Feature", "properties": {"id": 50, "object_type": "restriction", "restriction_type": "oks"}, "geometry": {"type": "Polygon", "coordinates": [[[37.61704986803768, 55.69624230448723], [37.61704245264468, 55.69645231208151], [37.61664353046901, 55.69644781824738], [37.61665094799937, 55.69623781068825], [37.61704986803768, 55.69624230448723]]]}}, {"type": "Feature", "properties": {"id": 51, "object_type": "restriction", "restriction_type": "oks"}, "geometry": {"type": "Polygon", "coordinates": [[[37.6174579060085, 55.69750608926288], [37.61744712301393, 55.69781154372594], [37.61677617095187, 55.69780398710167], [37.61678695917535, 55.697498532724644], [37.6174579060085, 55.69750608926288]]]}}, {"type": "Feature", "properties": {"id": 52, "object_type": "restriction", "restriction_type": "oks"}, "geometry": {"type": "Polygon", "coordinates": [[[37.61671117851617, 55.6984525039921], [37.616715939244614, 55.698317720568014], [37.616467320962386, 55.69831491946103], [37.616301575465265, 55.69831305177682], [37.61629681331184, 55.69844783517743], [37.61629046568548, 55.698627490492754], [37.61645621251235, 55.69862935819886], [37.61646255937896, 55.69844970287104], [37.61671117851617, 55.6984525039921]]]}}, {"type": "Feature", "properties": {"id": 53, "object_type": "restriction", "restriction_type": "oks"}, "geometry": {"type": "Polygon", "coordinates": [[[37.6176104763211, 55.698734957869355], [37.61760555835712, 55.6988742807968], [37.61709224363555, 55.69886850064635], [37.61709716342426, 55.698729177748916], [37.6176104763211, 55.698734957869355]]]}}, {"type": "Feature", "properties": {"id": 54, "object_type": "restriction", "restriction_type": "oks"}, "geometry": {"type": "Polygon", "coordinates": [[[37.61740299366505, 55.69976678946711], [37.61739348140742, 55.70003621392344], [37.61694997755668, 55.70003121931408], [37.616959492863224, 55.69976179490791], [37.61740299366505, 55.69976678946711]]]}}, {"type": "Feature", "properties": {"id": 55, "object_type": "restriction", "restriction_type": "oks"}, "geometry": {"type": "Polygon", "coordinates": [[[37.616881099487735, 55.70011567006488], [37.61687306414914, 55.70034317378509], [37.616255242359216, 55.70033621302974], [37.61626328128428, 55.700108709368564], [37.616881099487735, 55.70011567006488]]]}}, {"type": "Feature", "properties": {"id": 56, "object_type": "restriction", "restriction_type": "oks"}, "geometry": {"type": "Polygon", "coordinates": [[[37.617147204309624, 55.70142760596613], [37.617142274421255, 55.70156720576233], [37.61657179894227, 55.70156077990901], [37.61657673086281, 55.70142118014624], [37.617147204309624, 55.70142760596613]]]}}, {"type": "Feature", "properties": {"id": 57, "object_type": "restriction", "restriction_type": "oks"}, "geometry": {"type": "Polygon", "coordinates": [[[37.6169518105039, 55.70089496868325], [37.61694263406786, 55.70115478558854], [37.61627031318476, 55.70114721112987], [37.6162794940781, 55.70088739429794], [37.6169518105039, 55.70089496868325]]]}}, {"type": "Feature", "properties": {"id": 58, "object_type": "restriction", "restriction_type": "oks"}, "geometry": {"type": "Polygon", "coordinates": [[[37.616861018885714, 55.70219588417527], [37.616851564231126, 55.70246354767969], [37.616193534901285, 55.702456133915526], [37.616202994050404, 55.70218847048506], [37.616861018885714, 55.70219588417527]]]}}, {"type": "Feature", "properties": {"id": 59, "object_type": "restriction", "restriction_type": "oks"}, "geometry": {"type": "Polygon", "coordinates": [[[37.62009709687441, 55.68696319073196], [37.62010402082808, 55.68676659665601], [37.61975004048503, 55.6867626174525], [37.61951405363892, 55.68675996408336], [37.61950712672724, 55.68695655811073], [37.61950079654862, 55.68713621400749], [37.61973678565921, 55.68713886741384], [37.61974311475655, 55.68695921149932], [37.62009709687441, 55.68696319073196]]]}}, {"type": "Feature", "properties": {"id": 60, "object_type": "restriction", "restriction_type": "oks"}, "geometry": {"type": "Polygon", "coordinates": [[[37.61927140421912, 55.686287444036275], [37.61926048609633, 55.686597263320905], [37.61875181277458, 55.68659154133491], [37.61876273491656, 55.686281722116355], [37.61927140421912, 55.686287444036275]]]}}, {"type": "Feature", "properties": {"id": 61, "object_type": "restriction", "restriction_type": "oks"}, "geometry": {"type": "Polygon", "coordinates": [[[37.620220318076264, 55.6865093149713], [37.620215560907134, 55.6866443997846], [37.619623966293574, 55.68663774943859], [37.619628725500796, 55.68650266465878], [37.620220318076264, 55.6865093149713]]]}}, {"type": "Feature", "properties": {"id": 62, "object_type": "restriction", "restriction_type": "oks"}, "geometry": {"type": "Polygon", "coordinates": [[[37.61992750790875, 55.687580675562565], [37.61992030279443, 55.68778522023741], [37.61948463777368, 55.687780322062444], [37.61949184516076, 55.68757577742492], [37.61992750790875, 55.687580675562565]]]}}, {"type": "Feature", "properties": {"id": 63, "object_type": "restriction", "restriction_type": "oks"}, "geometry": {"type": "Polygon", "coordinates": [[[37.619753672417616, 55.687931313547416], [37.619744356803054, 55.6881957355225], [37.61904591184467, 55.688187881211924], [37.61905523216953, 55.68792345931425], [37.619753672417616, 55.687931313547416]]]}}, {"type": "Feature", "properties": {"id": 64, "object_type": "restriction", "restriction_type": "oks"}, "geometry": {"type": "Polygon", "coordinates": [[[37.620041516686705, 55.68939891414011], [37.62003584542372, 55.68955991711121], [37.619381794648554, 55.68955256384208], [37.61938746859742, 55.68939156091511], [37.620041516686705, 55.68939891414011]]]}}, {"type": "Feature", "properties": {"id": 65, "object_type": "restriction", "restriction_type": "oks"}, "geometry": {"type": "Polygon", "coordinates": [[[37.61976561842264, 55.688734042509004], [37.61975865348327, 55.68893173717098], [37.6191520748399, 55.68892491630309], [37.619159042837815, 55.688727221691366], [37.61976561842264, 55.688734042509004]]]}}, {"type": "Feature", "properties": {"id": 66, "object_type": "restriction", "restriction_type": "oks"}, "geometry": {"type": "Polygon", "coordinates": [[[37.62007966840987, 55.68986664263038], [37.62007368945327, 55.69003638245939], [37.6193623676666, 55.690028385417705], [37.61936834970283, 55.689858645639276], [37.62007966840987, 55.68986664263038]]]}}, {"type": "Feature", "properties": {"id": 67, "object_type": "restriction", "restriction_type": "oks"}, "geometry": {"type": "Polygon", "coordinates": [[[37.619165150562175, 55.690315795674685], [37.61915511854668, 55.69060040544705], [37.61858442686151, 55.690593985546], [37.61859446301994, 55.69030937584175], [37.619165150562175, 55.690315795674685]]]}}, {"type": "Feature", "properties": {"id": 68, "object_type": "restriction", "restriction_type": "oks"}, "geometry": {"type": "Polygon", "coordinates": [[[37.61951589246343, 55.69162789217941], [37.61950541866587, 55.69192509612033], [37.61892230455099, 55.69191853822979], [37.618932782769214, 55.69162133436151], [37.61951589246343, 55.69162789217941]]]}}, {"type": "Feature", "properties": {"id": 69, "object_type": "restriction", "restriction_type": "oks"}, "geometry": {"type": "Polygon", "coordinates": [[[37.619633807266986, 55.69105756443521], [37.61962569257198, 55.69128785170474], [37.61906857289778, 55.6912815867061], [37.61907669086534, 55.69105129949035], [37.619633807266986, 55.69105756443521]]]}}, {"type": "Feature", "properties": {"id": 70, "object_type": "restriction", "restriction_type": "oks"}, "geometry": {"type": "Polygon", "coordinates": [[[37.61984921091516, 55.69288078679849], [37.619841409245026, 55.69310221017422], [37.619275015093116, 55.69309584201429], [37.61928281996245, 55.692874418691105], [37.61984921091516, 55.69288078679849]]]}}, {"type": "Feature", "properties": {"id": 71, "object_type": "restriction", "restriction_type": "oks"}, "geometry": {"type": "Polygon", "coordinates": [[[37.618925812860496, 55.69231541549103], [37.61891985052201, 55.69248452649837], [37.618504197245414, 55.692479850263254], [37.61851016137694, 55.69231073928539], [37.618925812860496, 55.69231541549103]]]}}, {"type": "Feature", "properties": {"id": 72, "object_type": "restriction", "restriction_type": "oks"}, "geometry": {"type": "Polygon", "coordinates": [[[37.61999478061743, 55.69230298488326], [37.61998985734831, 55.69244273296032], [37.61944845674037, 55.692436646465886], [37.61945338193948, 55.69229689842052], [37.61999478061743, 55.69230298488326]]]}}, {"type": "Feature", "properties": {"id": 73, "object_type": "restriction", "restriction_type": "oks"}, "geometry": {"type": "Polygon", "coordinates": [[[37.61998313921733, 55.69417652106092], [37.619990912229134, 55.69395589730398], [37.619650579894376, 55.69395207160617], [37.61942369171675, 55.69394952061705], [37.619415915512505, 55.69417014432155], [37.61940958320611, 55.69434979999897], [37.61963647370058, 55.69435235102614], [37.61964280496711, 55.69417269533164], [37.61998313921733, 55.69417652106092]]]}}, {"type": "Feature", "properties": {"id": 74, "object_type": "restriction", "restriction_type": "oks"}, "geometry": {"type": "Polygon", "coordinates": [[[37.619244076588984, 55.69352726111152], [37.61923400717897, 55.693812913606436], [37.618536384111835, 55.6938050662469], [37.618546458605415, 55.69351941383554], [37.619244076588984, 55.69352726111152]]]}}, {"type": "Feature", "properties": {"id": 75, "object_type": "restriction", "restriction_type": "oks"}, "geometry": {"type": "Polygon", "coordinates": [[[37.619736028382, 55.69516778795254], [37.61973030226581, 55.695330276918995], [37.61904736057329, 55.695322597669055], [37.6190530895205, 55.695160108749114], [37.619736028382, 55.69516778795254]]]}}, {"type": "Feature", "properties": {"id": 76, "object_type": "restriction", "restriction_type": "oks"}, "geometry": {"type": "Polygon", "coordinates": [[[37.61998539908224, 55.69480163685905], [37.619975063467336, 55.69509498458485], [37.61953197721329, 55.69509000365901], [37.6195423161441, 55.69479665598767], [37.61998539908224, 55.69480163685905]]]}}, {"type": "Feature", "properties": {"id": 77, "object_type": "restriction", "restriction_type": "oks"}, "geometry": {"type": "Polygon", "coordinates": [[[37.619657322718915, 55.696033713603654], [37.6196515432304, 55.69619770240526], [37.618972433327315, 55.69619006590751], [37.618978215657044, 55.696026077152574], [37.619657322718915, 55.696033713603654]]]}}, {"type": "Feature", "properties": {"id": 78, "object_type": "restriction", "restriction_type": "oks"}, "geometry": {"type": "Polygon", "coordinates": [[[37.61946110274423, 55.69744248041967], [37.61945425375024, 55.69763677755479], [37.61905086932116, 55.69763224144696], [37.619057720314814, 55.697437944344685], [37.61946110274423, 55.69744248041967]]]}}, {"type": "Feature", "properties": {"id": 79, "object_type": "restriction", "restriction_type": "oks"}, "geometry": {"type": "Polygon", "coordinates": [[[37.618749436049434, 55.69764114666463], [37.61874300124476, 55.69782359839691], [37.618312035866474, 55.69781874960457], [37.61831847267731, 55.69763629790527], [37.618749436049434, 55.69764114666463]]]}}, {"type": "Feature", "properties": {"id": 80, "object_type": "restriction", "restriction_type": "oks"}, "geometry": {"type": "Polygon", "coordinates": [[[37.619343125133966, 55.69861402603726], [37.619334976197386, 55.698845170655964], [37.61880819313153, 55.69883924623711], [37.618816345174864, 55.698608101669436], [37.619343125133966, 55.69861402603726]]]}}, {"type": "Feature", "properties": {"id": 81, "object_type": "restriction", "restriction_type": "oks"}, "geometry": {"type": "Polygon", "coordinates": [[[37.61894469114246, 55.69832821639144], [37.61893823579988, 55.69851127160824], [37.61825579277984, 55.69850359389948], [37.618262251309815, 55.69832053873506], [37.61894469114246, 55.69832821639144]]]}}, {"type": "Feature", "properties": {"id": 82, "object_type": "restriction", "restriction_type": "oks"}, "geometry": {"type": "Polygon", "coordinates": [[[37.61970717827982, 55.699978662550556], [37.61971234936435, 55.699831951793264], [37.61931032446809, 55.699827431957964], [37.619042307934166, 55.69982441800342], [37.61903713434134, 55.69997112871952], [37.61903079892227, 55.70015078419747], [37.61929881768814, 55.700153798188666], [37.619305151878585, 55.69997414269052], [37.61970717827982, 55.699978662550556]]]}}, {"type": "Feature", "properties": {"id": 83, "object_type": "restriction", "restriction_type": "oks"}, "geometry": {"type": "Polygon", "coordinates": [[[37.618931623189425, 55.69954285814883], [37.61892353289669, 55.69977226293312], [37.6184847694586, 55.699767327168814], [37.618492862319606, 55.699537922426735], [37.618931623189425, 55.69954285814883]]]}}, {"type": "Feature", "properties": {"id": 84, "object_type": "restriction", "restriction_type": "social_area", "name": "школа"}, "geometry": {"type": "Polygon", "coordinates": [[[37.61981757784967, 55.70067981622435], [37.61978465062931, 55.70161402484507], [37.61813033219434, 55.70159541887103], [37.61816329885048, 55.70066121089819], [37.61981757784967, 55.70067981622435]]]}}, {"type": "Feature", "properties": {"id": 85, "object_type": "restriction", "restriction_type": "oks"}, "geometry": {"type": "Polygon", "coordinates": [[[37.61894264580947, 55.702419828929585], [37.61893363438367, 55.702675327146544], [37.618394157042644, 55.702669258491284], [37.61840317198579, 55.702413760332114], [37.61894264580947, 55.702419828929585]]]}}, {"type": "Feature", "properties": {"id": 86, "object_type": "restriction", "restriction_type": "oks"}, "geometry": {"type": "Polygon", "coordinates": [[[37.62226228792009, 55.68653664741979], [37.622254422676356, 55.686760319567576], [37.621719459893086, 55.686754314862945], [37.62172732818845, 55.68653064276521], [37.62226228792009, 55.68653664741979]]]}}, {"type": "Feature", "properties": {"id": 87, "object_type": "restriction", "restriction_type": "oks"}, "geometry": {"type": "Polygon", "coordinates": [[[37.62145825968082, 55.68630407996366], [37.62145317508284, 55.686448593242076], [37.620945128911025, 55.68644288737788], [37.62095021538143, 55.68629837413019], [37.62145825968082, 55.68630407996366]]]}}, {"type": "Feature", "properties": {"id": 88, "object_type": "restriction", "restriction_type": "oks"}, "geometry": {"type": "Polygon", "coordinates": [[[37.62202955128322, 55.68775962397628], [37.62202446211694, 55.68790431916577], [37.621489940733994, 55.68789831850954], [37.62149503187286, 55.6877536233524], [37.62202955128322, 55.68775962397628]]]}}, {"type": "Feature", "properties": {"id": 89, "object_type": "restriction", "restriction_type": "oks"}, "geometry": {"type": "Polygon", "coordinates": [[[37.62150699455247, 55.6874557032418], [37.62150108207455, 55.68762374487705], [37.621089164249824, 55.6876191190269], [37.62109507849313, 55.687451077420626], [37.62150699455247, 55.6874557032418]]]}}, {"type": "Feature", "properties": {"id": 90, "object_type": "restriction", "restriction_type": "oks"}, "geometry": {"type": "Polygon", "coordinates": [[[37.621633221957474, 55.68933589236197], [37.621625023150266, 55.68956891935851], [37.620918138553975, 55.68956098109913], [37.6209263415626, 55.68932795417152], [37.621633221957474, 55.68933589236197]]]}}, {"type": "Feature", "properties": {"id": 91, "object_type": "restriction", "restriction_type": "oks"}, "geometry": {"type": "Polygon", "coordinates": [[[37.62120605745116, 55.68893447973459], [37.62119906067413, 55.6891332841378], [37.62070306651335, 55.68912771283299], [37.620710065805376, 55.68892890847105], [37.62120605745116, 55.68893447973459]]]}}, {"type": "Feature", "properties": {"id": 92, "object_type": "restriction", "restriction_type": "oks"}, "geometry": {"type": "Polygon", "coordinates": [[[37.62190206516587, 55.690331266126684], [37.62190771433052, 55.69017067790536], [37.6215132656439, 55.69016624972459], [37.62125029991392, 55.690163296900295], [37.62124464805643, 55.69032388507744], [37.62123832504668, 55.69050354100633], [37.621501293058834, 55.69050649386807], [37.62150761486355, 55.69032683791942], [37.62190206516587, 55.690331266126684]]]}}, {"type": "Feature", "properties": {"id": 93, "object_type": "restriction", "restriction_type": "oks"}, "geometry": {"type": "Polygon", "coordinates": [[[37.62153713095901, 55.69150565617446], [37.621529265238486, 55.69172918240332], [37.62090247509084, 55.69172214352338], [37.620910344385145, 55.69149861735317], [37.62153713095901, 55.69150565617446]]]}}, {"type": "Feature", "properties": {"id": 94, "object_type": "restriction", "restriction_type": "oks"}, "geometry": {"type": "Polygon", "coordinates": [[[37.62206004152984, 55.69265847189108], [37.62205021621123, 55.69293777892679], [37.62138706403334, 55.69293033454033], [37.621396894076845, 55.6926510275821], [37.62206004152984, 55.69265847189108]]]}}, {"type": "Feature", "properties": {"id": 95, "object_type": "restriction", "restriction_type": "oks"}, "geometry": {"type": "Polygon", "coordinates": [[[37.621445786741944, 55.69235032234763], [37.62144020332965, 55.692508975237395], [37.62103271153894, 55.6925043992049], [37.62103829660037, 55.69234574634219], [37.621445786741944, 55.69235032234763]]]}}, {"type": "Feature", "properties": {"id": 96, "object_type": "restriction", "restriction_type": "oks"}, "geometry": {"type": "Polygon", "coordinates": [[[37.62108932420294, 55.69413830848731], [37.62108169069727, 55.69435514379517], [37.62060018418466, 55.6943497351814], [37.62060782035383, 55.694132899917236], [37.62108932420294, 55.69413830848731]]]}}, {"type": "Feature", "properties": {"id": 97, "object_type": "restriction", "restriction_type": "oks"}, "geometry": {"type": "Polygon", "coordinates": [[[37.62202762304551, 55.69363325386128], [37.62201776843576, 55.69391337669719], [37.62146945036085, 55.693907221605045], [37.62147930888885, 55.69362709883339], [37.62202762304551, 55.69363325386128]]]}}, {"type": "Feature", "properties": {"id": 98, "object_type": "restriction", "restriction_type": "oks"}, "geometry": {"type": "Polygon", "coordinates": [[[37.621635677879105, 55.69491827089715], [37.62162476721233, 55.69522830925235], [37.6209918292777, 55.69522120215186], [37.62100274495068, 55.694911163878785], [37.621635677879105, 55.69491827089715]]]}}, {"type": "Feature", "properties": {"id": 99, "object_type": "restriction", "restriction_type": "oks"}, "geometry": {"type": "Polygon", "coordinates": [[[37.621729064345146, 55.69639745494173], [37.621722225129126, 55.69659180170998], [37.621133838040905, 55.6965851955579], [37.62114068017434, 55.69639084883749], [37.621729064345146, 55.69639745494173]]]}}, {"type": "Feature", "properties": {"id": 100, "object_type": "restriction", "restriction_type": "oks"}, "geometry": {"type": "Polygon", "coordinates": [[[37.62132889052866, 55.69743467498213], [37.62131987389447, 55.6976908115243], [37.62070205193572, 55.697683872896114], [37.62071107260737, 55.69742773642017], [37.62132889052866, 55.69743467498213]]]}}, {"type": "Feature", "properties": {"id": 101, "object_type": "restriction", "restriction_type": "oks"}, "geometry": {"type": "Polygon", "coordinates": [[[37.6214872425049, 55.69908133703247], [37.621492096131725, 55.69894345048649], [37.62107480554156, 55.69893876499123], [37.620796611883186, 55.69893564054017], [37.6207917558095, 55.699073527046004], [37.62078542865113, 55.69925318268302], [37.62106362456349, 55.69925630717106], [37.62106995044662, 55.699076651513124], [37.6214872425049, 55.69908133703247]]]}}, {"type": "Feature", "properties": {"id": 102, "object_type": "restriction", "restriction_type": "oks"}, "geometry": {"type": "Polygon", "coordinates": [[[37.621334724444026, 55.69843939623182], [37.62132713848644, 55.69865488443074], [37.62062152622332, 55.69864695974283], [37.620629116060435, 55.69843147160756], [37.621334724444026, 55.69843939623182]]]}}, {"type": "Feature", "properties": {"id": 103, "object_type": "restriction", "restriction_type": "oks"}, "geometry": {"type": "Polygon", "coordinates": [[[37.62167288528886, 55.69970162876544], [37.621667571833996, 55.699852593993896], [37.62124618036642, 55.699847863107145], [37.62125149544448, 55.69969689790531], [37.62167288528886, 55.69970162876544]]]}}, {"type": "Feature", "properties": {"id": 104, "object_type": "restriction", "restriction_type": "oks"}, "geometry": {"type": "Polygon", "coordinates": [[[37.62133017614738, 55.70100880052007], [37.621340597972136, 55.700712780918025], [37.621057833363665, 55.70070960581438], [37.620869323656095, 55.700707488717], [37.620858898271536, 55.70100350826067], [37.62085257096399, 55.70118316384592], [37.62104108295967, 55.70118528098083], [37.621047409403026, 55.7010056253814], [37.62133017614738, 55.70100880052007]]]}}, {"type": "Feature", "properties": {"id": 105, "object_type": "restriction", "restriction_type": "oks"}, "geometry": {"type": "Polygon", "coordinates": [[[37.62109841627544, 55.70131426712984], [37.62109149557084, 55.701510803189684], [37.62064905926683, 55.701505834035494], [37.62065598219028, 55.70130929801205], [37.62109841627544, 55.70131426712984]]]}}, {"type": "Feature", "properties": {"id": 106, "object_type": "restriction", "restriction_type": "oks"}, "geometry": {"type": "Polygon", "coordinates": [[[37.621808828790435, 55.70261760088673], [37.62181433029283, 55.70246129307348], [37.621415545628956, 55.70245681666386], [37.62114968924883, 55.702453831671576], [37.62114418509535, 55.70261013944135], [37.62113785871589, 55.70278979500084], [37.6214037173753, 55.70279278003052], [37.621410042535906, 55.702613124451034], [37.621808828790435, 55.70261760088673]]]}}, {"type": "Feature", "properties": {"id": 107, "object_type": "restriction", "restriction_type": "oks"}, "geometry": {"type": "Polygon", "coordinates": [[[37.62128751709515, 55.702194266061106], [37.62128093950189, 55.70238107785701], [37.62059643000113, 55.702373390369154], [37.62060301085752, 55.70218657862678], [37.62128751709515, 55.702194266061106]]]}}, {"type": "Feature", "properties": {"id": 108, "object_type": "restriction", "restriction_type": "oks"}, "geometry": {"type": "Polygon", "coordinates": [[[37.62417070801938, 55.68692465203659], [37.6241757652049, 55.686780636435614], [37.62388370257054, 55.68677736303307], [37.62368899418107, 55.68677518037884], [37.62368393520768, 55.686919195950544], [37.62367762418674, 55.68709885216375], [37.6238723341835, 55.687101034844304], [37.6238786443123, 55.68692137861647], [37.62417070801938, 55.68692465203659]]]}}, {"type": "Feature", "properties": {"id": 109, "object_type": "restriction", "restriction_type": "oks"}, "geometry": {"type": "Polygon", "coordinates": [[[37.624164735307346, 55.68807998500999], [37.62415488071427, 55.68836060123681], [37.62347611726677, 55.6883529927189], [37.6234859767178, 55.68807237657164], [37.624164735307346, 55.68807998500999]]]}}, {"type": "Feature", "properties": {"id": 110, "object_type": "restriction", "restriction_type": "oks"}, "geometry": {"type": "Polygon", "coordinates": [[[37.62427597354466, 55.68751867265023], [37.62426777741725, 55.687752087093344], [37.62357107738488, 55.68774427804199], [37.623579277659786, 55.687510863666795], [37.62427597354466, 55.68751867265023]]]}}, {"type": "Feature", "properties": {"id": 111, "object_type": "restriction", "restriction_type": "oks"}, "geometry": {"type": "Polygon", "coordinates": [[[37.623683668697176, 55.6892059689996], [37.62369187430441, 55.68897239656343], [37.6232793358566, 55.688967771193035], [37.62300431029148, 55.68896468684292], [37.622996100588104, 55.689198259211985], [37.62298978587508, 55.68937791530622], [37.623264814338924, 55.68938099970381], [37.62327112779169, 55.689201343588934], [37.623683668697176, 55.6892059689996]]]}}, {"type": "Feature", "properties": {"id": 112, "object_type": "restriction", "restriction_type": "oks"}, "geometry": {"type": "Polygon", "coordinates": [[[37.62375404223279, 55.69000354618226], [37.62374579115147, 55.690238414535784], [37.62325255317221, 55.690232884515254], [37.62326080720836, 55.68999801621014], [37.62375404223279, 55.69000354618226]]]}}, {"type": "Feature", "properties": {"id": 113, "object_type": "restriction", "restriction_type": "oks"}, "geometry": {"type": "Polygon", "coordinates": [[[37.62433443819875, 55.690271964516114], [37.62432839514495, 55.690444052218496], [37.623879420184515, 55.69043902068684], [37.62388546520905, 55.69026693301673], [37.62433443819875, 55.690271964516114]]]}}, {"type": "Feature", "properties": {"id": 114, "object_type": "restriction", "restriction_type": "oks"}, "geometry": {"type": "Polygon", "coordinates": [[[37.62359810202357, 55.691442888474306], [37.623605676659515, 55.691227308285036], [37.62317697579229, 55.69122250152196], [37.62289117528621, 55.691219296181956], [37.62288359672123, 55.69143487630686], [37.622877280963635, 55.691614532326724], [37.62316308435107, 55.691617737713955], [37.62316939879892, 55.69143808167263], [37.62359810202357, 55.691442888474306]]]}}, {"type": "Feature", "properties": {"id": 115, "object_type": "restriction", "restriction_type": "oks"}, "geometry": {"type": "Polygon", "coordinates": [[[37.62426804404369, 55.69161922563099], [37.624259717962566, 55.69185630303167], [37.623779970275145, 55.69185092641501], [37.623788299257505, 55.691613849061824], [37.62426804404369, 55.69161922563099]]]}}, {"type": "Feature", "properties": {"id": 116, "object_type": "restriction", "restriction_type": "oks"}, "geometry": {"type": "Polygon", "coordinates": [[[37.62361266324498, 55.692866371421104], [37.623606602972465, 55.69303884209938], [37.62297178766597, 55.693031723949275], [37.62297785073142, 55.69285925331676], [37.62361266324498, 55.692866371421104]]]}}, {"type": "Feature", "properties": {"id": 117, "object_type": "restriction", "restriction_type": "oks"}, "geometry": {"type": "Polygon", "coordinates": [[[37.624209681081254, 55.69236082941365], [37.62419996184409, 55.69263755582754], [37.62363405068023, 55.69263121315569], [37.62364377391216, 55.69235448680722], [37.624209681081254, 55.69236082941365]]]}}, {"type": "Feature", "properties": {"id": 118, "object_type": "restriction", "restriction_type": "oks"}, "geometry": {"type": "Polygon", "coordinates": [[[37.624260787171536, 55.69411542203679], [37.624253241206034, 55.69433026522499], [37.6237284868952, 55.694324384287725], [37.62373603573677, 55.694109541146624], [37.624260787171536, 55.69411542203679]]]}}, {"type": "Feature", "properties": {"id": 119, "object_type": "restriction", "restriction_type": "oks"}, "geometry": {"type": "Polygon", "coordinates": [[[37.62336721363177, 55.694059325009206], [37.623362340302755, 55.69419798538258], [37.62268709427138, 55.69419041255075], [37.62269196998893, 55.694051752216524], [37.62336721363177, 55.694059325009206]]]}}, {"type": "Feature", "properties": {"id": 120, "object_type": "restriction", "restriction_type": "oks"}, "geometry": {"type": "Polygon", "coordinates": [[[37.623933179377, 55.69350112208935], [37.623925458791426, 55.693720889620934], [37.62324296696155, 55.69371323858897], [37.62325069137336, 55.693493471120036], [37.623933179377, 55.69350112208935]]]}}, {"type": "Feature", "properties": {"id": 121, "object_type": "restriction", "restriction_type": "oks"}, "geometry": {"type": "Polygon", "coordinates": [[[37.623549818573444, 55.69476902537618], [37.623538945175795, 55.69507843627523], [37.62286922761414, 55.69507092651465], [37.622880106298176, 55.6947615157022], [37.623549818573444, 55.69476902537618]]]}}, {"type": "Feature", "properties": {"id": 122, "object_type": "restriction", "restriction_type": "oks"}, "geometry": {"type": "Polygon", "coordinates": [[[37.62388478457182, 55.695369220318454], [37.62387675326514, 55.695597808406895], [37.6234300345669, 55.6955928008763], [37.62343806847871, 55.695364212830526], [37.62388478457182, 55.695369220318454]]]}}, {"type": "Feature", "properties": {"id": 123, "object_type": "restriction", "restriction_type": "oks"}, "geometry": {"type": "Polygon", "coordinates": [[[37.62385368659247, 55.69623955542586], [37.62384287689844, 55.69654720454307], [37.623217808099945, 55.69654019724702], [37.62322862270009, 55.69623254821017], [37.62385368659247, 55.69623955542586]]]}}, {"type": "Feature", "properties": {"id": 124, "object_type": "restriction", "restriction_type": "oks"}, "geometry": {"type": "Polygon", "coordinates": [[[37.62334959833819, 55.697834711356464], [37.623343379396665, 55.698011630722284], [37.6227945437294, 55.698005476094316], [37.622800765148334, 55.69782855676908], [37.62334959833819, 55.697834711356464]]]}}, {"type": "Feature", "properties": {"id": 125, "object_type": "restriction", "restriction_type": "oks"}, "geometry": {"type": "Polygon", "coordinates": [[[37.62318450452648, 55.69747611885645], [37.6231778262048, 55.69766608657734], [37.62255603784466, 55.69765911280317], [37.622562719180024, 55.69746914513166], [37.62318450452648, 55.69747611885645]]]}}, {"type": "Feature", "properties": {"id": 126, "object_type": "restriction", "restriction_type": "oks"}, "geometry": {"type": "Polygon", "coordinates": [[[37.623446732741584, 55.698593151938226], [37.62344055780924, 55.69876882670788], [37.623017116551885, 55.69876407885052], [37.62302329338223, 55.698588404111966], [37.623446732741584, 55.698593151938226]]]}}, {"type": "Feature", "properties": {"id": 127, "object_type": "restriction", "restriction_type": "oks"}, "geometry": {"type": "Polygon", "coordinates": [[[37.623341164036404, 55.69898594518567], [37.62333638480853, 55.699121900359685], [37.62281264776972, 55.69911602730067], [37.6228174288144, 55.69898007215641], [37.623341164036404, 55.69898594518567]]]}}, {"type": "Feature", "properties": {"id": 128, "object_type": "restriction", "restriction_type": "oks"}, "geometry": {"type": "Polygon", "coordinates": [[[37.62393945164298, 55.699884393767526], [37.62394615408353, 55.69969365031628], [37.62352244087064, 55.69968890121506], [37.62323996546578, 55.699685734335596], [37.62323325958819, 55.699876477730555], [37.62322694343829, 55.70005613352821], [37.62350942151287, 55.7000593004514], [37.623515736367864, 55.69987964463253], [37.62393945164298, 55.699884393767526]]]}}, {"type": "Feature", "properties": {"id": 129, "object_type": "restriction", "restriction_type": "oks"}, "geometry": {"type": "Polygon", "coordinates": [[[37.62326434047196, 55.70014557032165], [37.62325480020402, 55.70041693513654], [37.62278669152201, 55.700411685769005], [37.62279623503125, 55.700140321007176], [37.62326434047196, 55.70014557032165]]]}}, {"type": "Feature", "properties": {"id": 130, "object_type": "restriction", "restriction_type": "oks"}, "geometry": {"type": "Polygon", "coordinates": [[[37.623103203173514, 55.70142690243313], [37.62309597980165, 55.70163233158333], [37.62265173604898, 55.70162734938883], [37.622658961749586, 55.701421920276765], [37.623103203173514, 55.70142690243313]]]}}, {"type": "Feature", "properties": {"id": 131, "object_type": "restriction", "restriction_type": "oks"}, "geometry": {"type": "Polygon", "coordinates": [[[37.62293098640837, 55.70102567911704], [37.62292592053932, 55.70116973437417], [37.62248310475784, 55.701164767551745], [37.62248817225463, 55.70102071232128], [37.62293098640837, 55.70102567911704]]]}}, {"type": "Feature", "properties": {"id": 132, "object_type": "restriction", "restriction_type": "oks"}, "geometry": {"type": "Polygon", "coordinates": [[[37.623828874866604, 55.7025883666772], [37.6238195592222, 55.70285342671228], [37.623322665637154, 55.70284785696617], [37.62333198464254, 55.70258279698612], [37.623828874866604, 55.7025883666772]]]}}, {"type": "Feature", "properties": {"id": 133, "object_type": "restriction", "restriction_type": "oks"}, "geometry": {"type": "Polygon", "coordinates": [[[37.62300743555412, 55.70198280836358], [37.623002008935664, 55.7021371250148], [37.62246357259871, 55.70213108587349], [37.622469001337464, 55.70197676925701], [37.62300743555412, 55.70198280836358]]]}}, {"type": "Feature", "properties": {"id": 134, "object_type": "restriction", "restriction_type": "oks"}, "geometry": {"type": "Polygon", "coordinates": [[[37.626032605800184, 55.686809470195826], [37.62602309995843, 55.687080536651635], [37.625447122720146, 55.68707408919918], [37.62545663254373, 55.68680302280848], [37.626032605800184, 55.686809470195826]]]}}, {"type": "Feature", "properties": {"id": 135, "object_type": "restriction", "restriction_type": "oks"}, "geometry": {"type": "Polygon", "coordinates": [[[37.62603361464176, 55.6883594395521], [37.62603955619627, 55.68819001890613], [37.625625575137526, 55.688185385228174], [37.62534958783212, 55.68818229533429], [37.62534364329621, 55.68835171593151], [37.62533733954631, 55.68853137222759], [37.625613329308905, 55.68853446216165], [37.62561963179417, 55.68835480584489], [37.62603361464176, 55.6883594395521]]]}}, {"type": "Feature", "properties": {"id": 136, "object_type": "restriction", "restriction_type": "oks"}, "geometry": {"type": "Polygon", "coordinates": [[[37.62654927905694, 55.6877350823558], [37.626539849002974, 55.68800407951815], [37.62606057469267, 55.687998716827266], [37.62607000803477, 55.68772971971868], [37.62654927905694, 55.6877350823558]]]}}, {"type": "Feature", "properties": {"id": 137, "object_type": "restriction", "restriction_type": "oks"}, "geometry": {"type": "Polygon", "coordinates": [[[37.62621748634201, 55.689594040574626], [37.626226913822165, 55.68932519603152], [37.6259800671182, 55.68932243367171], [37.625815502672744, 55.68932059182287], [37.62580607237146, 55.689589436319835], [37.62579977044976, 55.68976909261426], [37.62596433677777, 55.689770934493886], [37.62597063794537, 55.68959127818713], [37.62621748634201, 55.689594040574626]]]}}, {"type": "Feature", "properties": {"id": 138, "object_type": "restriction", "restriction_type": "oks"}, "geometry": {"type": "Polygon", "coordinates": [[[37.626464985566024, 55.68879719278612], [37.62645985002786, 55.68894367238982], [37.62576128723985, 55.68893585506026], [37.625766425387866, 55.68878937549922], [37.626464985566024, 55.68879719278612]]]}}, {"type": "Feature", "properties": {"id": 139, "object_type": "restriction", "restriction_type": "oks"}, "geometry": {"type": "Polygon", "coordinates": [[[37.62536523798793, 55.69056608280365], [37.62535737956884, 55.69079003159192], [37.62491760792979, 55.69078510692636], [37.62492546886099, 55.69056115817918], [37.62536523798793, 55.69056608280365]]]}}, {"type": "Feature", "properties": {"id": 140, "object_type": "restriction", "restriction_type": "oks"}, "geometry": {"type": "Polygon", "coordinates": [[[37.625602037596124, 55.690066667832376], [37.625592947998, 55.69032575191625], [37.62509892025987, 55.69032022048188], [37.62510801312273, 55.69006113645141], [37.625602037596124, 55.690066667832376]]]}}, {"type": "Feature", "properties": {"id": 141, "object_type": "restriction", "restriction_type": "oks"}, "geometry": {"type": "Polygon", "coordinates": [[[37.626364616951086, 55.690342824000865], [37.62635698957934, 55.69056034848735], [37.62568551022475, 55.690552833916044], [37.62569314132212, 55.69033530949046], [37.626364616951086, 55.690342824000865]]]}}, {"type": "Feature", "properties": {"id": 142, "object_type": "restriction", "restriction_type": "oks"}, "geometry": {"type": "Polygon", "coordinates": [[[37.62559781289598, 55.69113687954072], [37.62559152662581, 55.69131605205171], [37.62495449796424, 55.69130891921092], [37.624960787145824, 55.69112974674758], [37.62559781289598, 55.69113687954072]]]}}, {"type": "Feature", "properties": {"id": 143, "object_type": "restriction", "restriction_type": "oks"}, "geometry": {"type": "Polygon", "coordinates": [[[37.62650545423348, 55.691776321942136], [37.626498677780596, 55.69196958868881], [37.6259253429736, 55.6919631734756], [37.62593212225299, 55.691769906775114], [37.62650545423348, 55.691776321942136]]]}}, {"type": "Feature", "properties": {"id": 144, "object_type": "restriction", "restriction_type": "oks"}, "geometry": {"type": "Polygon", "coordinates": [[[37.62567386156214, 55.69267061396763], [37.6256680424511, 55.69283647110386], [37.62496125875319, 55.692828557618085], [37.62496708085456, 55.69266270053077], [37.62567386156214, 55.69267061396763]]]}}, {"type": "Feature", "properties": {"id": 145, "object_type": "restriction", "restriction_type": "oks"}, "geometry": {"type": "Polygon", "coordinates": [[[37.62603806356954, 55.69290665390587], [37.62603185687445, 55.69308360329649], [37.62535078585211, 55.69307597981827], [37.62535699562147, 55.69289903047792], [37.62603806356954, 55.69290665390587]]]}}, {"type": "Feature", "properties": {"id": 146, "object_type": "restriction", "restriction_type": "oks"}, "geometry": {"type": "Polygon", "coordinates": [[[37.62593841956122, 55.694026297502084], [37.62594871852417, 55.693732709152], [37.62568090138352, 55.693729711672695], [37.62550235665117, 55.69372771302874], [37.62549205434516, 55.69402130132417], [37.62548574993789, 55.694200957464446], [37.62566429682577, 55.69420295614365], [37.625670600414736, 55.694023299989986], [37.62593841956122, 55.694026297502084]]]}}, {"type": "Feature", "properties": {"id": 147, "object_type": "restriction", "restriction_type": "oks"}, "geometry": {"type": "Polygon", "coordinates": [[[37.62529467046449, 55.6954206097376], [37.625289707783715, 55.69556200323408], [37.624744528560726, 55.69555589805645], [37.62474949320808, 55.69541450459214], [37.62529467046449, 55.6954206097376]]]}}, {"type": "Feature", "properties": {"id": 148, "object_type": "restriction", "restriction_type": "oks"}, "geometry": {"type": "Polygon", "coordinates": [[[37.62592780564836, 55.69538216486776], [37.6259227610046, 55.695525960049146], [37.62545106816083, 55.69552068037867], [37.62545611453498, 55.69537688522557], [37.62592780564836, 55.69538216486776]]]}}, {"type": "Feature", "properties": {"id": 149, "object_type": "restriction", "restriction_type": "oks"}, "geometry": {"type": "Polygon", "coordinates": [[[37.625836018571285, 55.694866243811575], [37.62583081784243, 55.695014481073756], [37.62537145096523, 55.695009339010866], [37.62537665343129, 55.69486110177708], [37.625836018571285, 55.694866243811575]]]}}, {"type": "Feature", "properties": {"id": 150, "object_type": "restriction", "restriction_type": "oks"}, "geometry": {"type": "Polygon", "coordinates": [[[37.625977991537, 55.69641627050787], [37.625972597778826, 55.696570016622104], [37.62527414905252, 55.696562198617805], [37.62527954555036, 55.69640845254838], [37.625977991537, 55.69641627050787]]]}}, {"type": "Feature", "properties": {"id": 151, "object_type": "restriction", "restriction_type": "oks"}, "geometry": {"type": "Polygon", "coordinates": [[[37.625356260093795, 55.69607489348258], [37.625349206055816, 55.69627587626391], [37.62488235438126, 55.69627064866238], [37.624889410813054, 55.6960696659202], [37.625356260093795, 55.69607489348258]]]}}, {"type": "Feature", "properties": {"id": 152, "object_type": "restriction", "restriction_type": "oks"}, "geometry": {"type": "Polygon", "coordinates": [[[37.62596651642653, 55.69607289616346], [37.62595801137811, 55.69631532832288], [37.625479304231426, 55.696309970323234], [37.625487812240685, 55.69606753821221], [37.62596651642653, 55.69607289616346]]]}}, {"type": "Feature", "properties": {"id": 153, "object_type": "restriction", "restriction_type": "oks"}, "geometry": {"type": "Polygon", "coordinates": [[[37.62568470757322, 55.697423207655056], [37.62567685473403, 55.69764699176883], [37.62526921141085, 55.69764242842941], [37.62527706657753, 55.69741864435371], [37.62568470757322, 55.697423207655056]]]}}, {"type": "Feature", "properties": {"id": 154, "object_type": "restriction", "restriction_type": "oks"}, "geometry": {"type": "Polygon", "coordinates": [[[37.62554661626478, 55.698559096746955], [37.625539303524526, 55.69876745979734], [37.62492043892904, 55.69876053083457], [37.62492775495939, 55.698552167837995], [37.62554661626478, 55.698559096746955]]]}}, {"type": "Feature", "properties": {"id": 155, "object_type": "restriction", "restriction_type": "oks"}, "geometry": {"type": "Polygon", "coordinates": [[[37.62628445068128, 55.69857843890574], [37.62627427790986, 55.69886844805557], [37.625744153547274, 55.69886251602495], [37.625754330241385, 55.69857250693925], [37.62628445068128, 55.69857843890574]]]}}, {"type": "Feature", "properties": {"id": 156, "object_type": "restriction", "restriction_type": "oks"}, "geometry": {"type": "Polygon", "coordinates": [[[37.62560199296327, 55.699943336967884], [37.6256126612904, 55.69963936130831], [37.62529677017001, 55.69963582513359], [37.62508617612883, 55.699633467232466], [37.62507550371813, 55.69993744282527], [37.625069196003814, 55.70011709875996], [37.62527979264382, 55.7001194567036], [37.62528609939273, 55.69993980075311], [37.62560199296327, 55.699943336967884]]]}}, {"type": "Feature", "properties": {"id": 157, "object_type": "restriction", "restriction_type": "oks"}, "geometry": {"type": "Polygon", "coordinates": [[[37.62580340603928, 55.700218252164426], [37.62579617660913, 55.70042426711683], [37.62514195357565, 55.700416943714366], [37.6251491864449, 55.70021092881818], [37.62580340603928, 55.700218252164426]]]}}, {"type": "Feature", "properties": {"id": 158, "object_type": "restriction", "restriction_type": "oks"}, "geometry": {"type": "Polygon", "coordinates": [[[37.625608206392265, 55.70143784316049], [37.62560169082011, 55.70162348073644], [37.62515760457031, 55.701618509373496], [37.62516412224612, 55.70143287183195], [37.625608206392265, 55.70143784316049]]]}}, {"type": "Feature", "properties": {"id": 159, "object_type": "restriction", "restriction_type": "oks"}, "geometry": {"type": "Polygon", "coordinates": [[[37.62606969875675, 55.702345804758956], [37.626074700693, 55.702203248245674], [37.625676265071185, 55.702198789567895], [37.62541064138546, 55.70219581639807], [37.62540563703346, 55.702338372871864], [37.625399330266546, 55.70251802876072], [37.62566495613634, 55.702521001966254], [37.62567126168548, 55.70234134605748], [37.62606969875675, 55.702345804758956]]]}}, {"type": "Feature", "properties": {"id": 160, "object_type": "restriction", "restriction_type": "oks"}, "geometry": {"type": "Polygon", "coordinates": [[[37.625181073914504, 55.702432377837525], [37.625172328938376, 55.70268144693484], [37.624581323598534, 55.702674828548574], [37.624590072331024, 55.70242575951271], [37.625181073914504, 55.702432377837525]]]}}, {"type": "Feature", "properties": {"id": 161, "object_type": "restriction", "restriction_type": "oks"}, "geometry": {"type": "Polygon", "coordinates": [[[37.628436481442655, 55.68672337977858], [37.62842637727935, 55.68701201379431], [37.627825214647274, 55.687005296122784], [37.62783532323586, 55.68671666217931], [37.628436481442655, 55.68672337977858]]]}}, {"type": "Feature", "properties": {"id": 162, "object_type": "restriction", "restriction_type": "oks"}, "geometry": {"type": "Polygon", "coordinates": [[[37.62832939236277, 55.686354986565256], [37.62832170046539, 55.68657469851358], [37.62786181148806, 55.68656955934127], [37.62786950596236, 55.68634984743503], [37.62832939236277, 55.686354986565256]]]}}, {"type": "Feature", "properties": {"id": 163, "object_type": "restriction", "restriction_type": "oks"}, "geometry": {"type": "Polygon", "coordinates": [[[37.627933371337114, 55.688088633638166], [37.62792787823022, 55.688245483948926], [37.627408350579834, 55.68823967666589], [37.62741384576507, 55.68808282638907], [37.627933371337114, 55.688088633638166]]]}}, {"type": "Feature", "properties": {"id": 164, "object_type": "restriction", "restriction_type": "oks"}, "geometry": {"type": "Polygon", "coordinates": [[[37.62819289883694, 55.68940846532643], [37.62820138846587, 55.68916601534667], [37.62794039390279, 55.689163098841576], [37.627766397554026, 55.68916115419672], [37.62775790523514, 55.68940360413255], [37.627751612306426, 55.68958326057927], [37.62792561052849, 55.68958520525472], [37.62793190265989, 55.68940554879498], [37.62819289883694, 55.68940846532643]]]}}, {"type": "Feature", "properties": {"id": 165, "object_type": "restriction", "restriction_type": "oks"}, "geometry": {"type": "Polygon", "coordinates": [[[37.628176504939724, 55.688748620503326], [37.62816897610255, 55.68896363149357], [37.62756189410274, 55.688956846570676], [37.62756942626913, 55.688741835634794], [37.628176504939724, 55.688748620503326]]]}}, {"type": "Feature", "properties": {"id": 166, "object_type": "restriction", "restriction_type": "oks"}, "geometry": {"type": "Polygon", "coordinates": [[[37.62827948318137, 55.69052635401901], [37.62827195422285, 55.69074137025148], [37.62772640966111, 55.690735273832544], [37.627733941611645, 55.69052025764891], [37.62827948318137, 55.69052635401901]]]}}, {"type": "Feature", "properties": {"id": 167, "object_type": "restriction", "restriction_type": "oks"}, "geometry": {"type": "Polygon", "coordinates": [[[37.62812751108116, 55.6899793286235], [37.628117693183015, 55.69025968779674], [37.627454073366316, 55.690252270693165], [37.62746389601004, 55.68997191159742], [37.62812751108116, 55.6899793286235]]]}}, {"type": "Feature", "properties": {"id": 168, "object_type": "restriction", "restriction_type": "oks"}, "geometry": {"type": "Polygon", "coordinates": [[[37.6283784551756, 55.69175284387438], [37.62837321985465, 55.69190236132192], [37.627773218632676, 55.691895656823114], [37.627778456242, 55.691746139412935], [37.6283784551756, 55.69175284387438]]]}}, {"type": "Feature", "properties": {"id": 169, "object_type": "restriction", "restriction_type": "oks"}, "geometry": {"type": "Polygon", "coordinates": [[[37.628127727620296, 55.69143811913244], [37.62812266742241, 55.69158261048679], [37.627562414173326, 55.69157634905688], [37.62756747643614, 55.69143185773626], [37.628127727620296, 55.69143811913244]]]}}, {"type": "Feature", "properties": {"id": 170, "object_type": "restriction", "restriction_type": "oks"}, "geometry": {"type": "Polygon", "coordinates": [[[37.628137841175885, 55.69288950538391], [37.62813270450776, 55.69303617337457], [37.627726893144434, 55.693031638377484], [37.62773203133086, 55.692884970411626], [37.628137841175885, 55.69288950538391]]]}}, {"type": "Feature", "properties": {"id": 171, "object_type": "restriction", "restriction_type": "oks"}, "geometry": {"type": "Polygon", "coordinates": [[[37.628491122781284, 55.69257125791424], [37.62848557713536, 55.69272964614447], [37.62805313661957, 55.692724814739016], [37.628058684012714, 55.69256642653728], [37.628491122781284, 55.69257125791424]]]}}, {"type": "Feature", "properties": {"id": 172, "object_type": "restriction", "restriction_type": "oks"}, "geometry": {"type": "Polygon", "coordinates": [[[37.62776828589047, 55.6941022064048], [37.62775902691033, 55.694366495079706], [37.627143180482314, 55.694359610636354], [37.62715244361459, 55.694095322029256], [37.62776828589047, 55.6941022064048]]]}}, {"type": "Feature", "properties": {"id": 173, "object_type": "restriction", "restriction_type": "oks"}, "geometry": {"type": "Polygon", "coordinates": [[[37.62845213327082, 55.69490353626406], [37.628444255505556, 55.695128505150045], [37.628000978577944, 55.69512355267058], [37.6280088588873, 55.6948985838261], [37.62845213327082, 55.69490353626406]]]}}, {"type": "Feature", "properties": {"id": 174, "object_type": "restriction", "restriction_type": "oks"}, "geometry": {"type": "Polygon", "coordinates": [[[37.62775476802092, 55.694774043157814], [37.62774686243996, 55.69499969270772], [37.627265640961454, 55.694994313477196], [37.62727354931262, 55.69476866397253], [37.62775476802092, 55.694774043157814]]]}}, {"type": "Feature", "properties": {"id": 175, "object_type": "restriction", "restriction_type": "oks"}, "geometry": {"type": "Polygon", "coordinates": [[[37.62845972097051, 55.69527971266326], [37.62845398834342, 55.69544342078048], [37.62799845374946, 55.69543833138858], [37.62800418827908, 55.6952746233024], [37.62845972097051, 55.69527971266326]]]}}, {"type": "Feature", "properties": {"id": 176, "object_type": "restriction", "restriction_type": "oks"}, "geometry": {"type": "Polygon", "coordinates": [[[37.628278075488666, 55.69599448932349], [37.6282716931582, 55.69617672204017], [37.62762210316799, 55.69616946318839], [37.62762848851854, 55.695987230521006], [37.628278075488666, 55.69599448932349]]]}}, {"type": "Feature", "properties": {"id": 177, "object_type": "restriction", "restriction_type": "oks"}, "geometry": {"type": "Polygon", "coordinates": [[[37.62796278760076, 55.69628092949744], [37.62795198674837, 55.69658924746718], [37.62728134307864, 55.69658175158898], [37.62729214920633, 55.69627343370537], [37.62796278760076, 55.69628092949744]]]}}, {"type": "Feature", "properties": {"id": 178, "object_type": "restriction", "restriction_type": "oks"}, "geometry": {"type": "Polygon", "coordinates": [[[37.62828311819135, 55.697681305976175], [37.628275027941434, 55.69791229023453], [37.62779721763028, 55.69790695141215], [37.6278053106961, 55.69767596719976], [37.62828311819135, 55.697681305976175]]]}}, {"type": "Feature", "properties": {"id": 179, "object_type": "restriction", "restriction_type": "oks"}, "geometry": {"type": "Polygon", "coordinates": [[[37.62774787334479, 55.697263245855495], [37.62774078700317, 55.69746549200301], [37.62722498942464, 55.69745972636878], [37.627232078427795, 55.69725748026473], [37.62774787334479, 55.697263245855495]]]}}, {"type": "Feature", "properties": {"id": 180, "object_type": "restriction", "restriction_type": "oks"}, "geometry": {"type": "Polygon", "coordinates": [[[37.628140417443106, 55.69840183668318], [37.628134585096845, 55.698568334164925], [37.62759624549596, 55.69856231832305], [37.627602080129165, 55.69839582087865], [37.628140417443106, 55.69840183668318]]]}}, {"type": "Feature", "properties": {"id": 181, "object_type": "restriction", "restriction_type": "oks"}, "geometry": {"type": "Polygon", "coordinates": [[[37.62804260783413, 55.69910582472022], [37.628036290936656, 55.69928613709689], [37.6273778374651, 55.699278778228816], [37.62738415739195, 55.6990984659016], [37.62804260783413, 55.69910582472022]]]}}, {"type": "Feature", "properties": {"id": 182, "object_type": "restriction", "restriction_type": "oks"}, "geometry": {"type": "Polygon", "coordinates": [[[37.62813477659202, 55.69971691462516], [37.62812544286909, 55.69998335169146], [37.62744283230282, 55.699975723345915], [37.62745217066642, 55.69970928635539], [37.62813477659202, 55.69971691462516]]]}}, {"type": "Feature", "properties": {"id": 183, "object_type": "restriction", "restriction_type": "oks"}, "geometry": {"type": "Polygon", "coordinates": [[[37.627476048982906, 55.70119860820455], [37.62746761670582, 55.701439184149756], [37.626884281964934, 55.70143266247726], [37.62689271782304, 55.701192086590524], [37.627476048982906, 55.70119860820455]]]}}, {"type": "Feature", "properties": {"id": 184, "object_type": "restriction", "restriction_type": "oks"}, "geometry": {"type": "Polygon", "coordinates": [[[37.628266791438875, 55.700963413415565], [37.62826122343741, 55.70112236395572], [37.62771247106972, 55.70111623251201], [37.627718041296916, 55.70095728200819], [37.628266791438875, 55.700963413415565]]]}}, {"type": "Feature", "properties": {"id": 185, "object_type": "restriction", "restriction_type": "oks"}, "geometry": {"type": "Polygon", "coordinates": [[[37.62734091578844, 55.7024821564304], [37.627330101357565, 55.702790650156125], [37.626674215088286, 55.70278331656677], [37.626685034682524, 55.70247482292538], [37.62734091578844, 55.7024821564304]]]}}, {"type": "Feature", "properties": {"id": 186, "object_type": "restriction", "restriction_type": "oks"}, "geometry": {"type": "Polygon", "coordinates": [[[37.627389624571045, 55.70196914427304], [37.62738179760391, 55.70219243009116], [37.626819451844156, 55.702186142795355], [37.62682728201544, 55.70196285702956], [37.627389624571045, 55.70196914427304]]]}}, {"type": "Feature", "properties": {"id": 187, "object_type": "restriction", "restriction_type": "oks"}, "geometry": {"type": "Polygon", "coordinates": [[[37.62989185924412, 55.687109788969735], [37.62989806430745, 55.68693234767083], [37.6295820813319, 55.68692882088239], [37.62937142605384, 55.68692646923843], [37.629365218607234, 55.68710391049845], [37.62935893358908, 55.68728356713364], [37.62956959078567, 55.68728591880889], [37.62957587483861, 55.68710626215796], [37.62989185924412, 55.687109788969735]]]}}, {"type": "Feature", "properties": {"id": 188, "object_type": "restriction", "restriction_type": "oks"}, "geometry": {"type": "Polygon", "coordinates": [[[37.63090246767777, 55.686453588864254], [37.63089430070677, 55.68668730847928], [37.630492849906865, 55.686682830860704], [37.630501019270774, 55.68644911128469], [37.63090246767777, 55.686453588864254]]]}}, {"type": "Feature", "properties": {"id": 189, "object_type": "restriction", "restriction_type": "oks"}, "geometry": {"type": "Polygon", "coordinates": [[[37.63029939821991, 55.688221566838614], [37.6303081764031, 55.687970479255306], [37.6299470175913, 55.68796644944274], [37.629706245101, 55.68796376231101], [37.629697463063046, 55.68821484983147], [37.62969117930682, 55.68839450645887], [37.629931954442284, 55.68839719363374], [37.62993823709525, 55.68821753698834], [37.63029939821991, 55.688221566838614]]]}}, {"type": "Feature", "properties": {"id": 190, "object_type": "restriction", "restriction_type": "oks"}, "geometry": {"type": "Polygon", "coordinates": [[[37.629837241783974, 55.68961055427288], [37.62984600090994, 55.68936010941859], [37.62955758427032, 55.689356890324625], [37.62936530654305, 55.68935474388571], [37.62935654434645, 55.68960518868994], [37.629350258700065, 55.689784845250806], [37.62954253853669, 55.68978699172413], [37.62954882330198, 55.68960733514889], [37.629837241783974, 55.68961055427288]]]}}, {"type": "Feature", "properties": {"id": 191, "object_type": "restriction", "restriction_type": "oks"}, "geometry": {"type": "Polygon", "coordinates": [[[37.630185943289035, 55.688787351916325], [37.63017530935011, 55.68909148378061], [37.62948352008049, 55.689083763229235], [37.62949415938568, 55.688779631452455], [37.630185943289035, 55.688787351916325]]]}}, {"type": "Feature", "properties": {"id": 192, "object_type": "restriction", "restriction_type": "oks"}, "geometry": {"type": "Polygon", "coordinates": [[[37.63031482058576, 55.69013443151583], [37.63030515697165, 55.69041082423923], [37.629768910061905, 55.69040484059777], [37.62977857745652, 55.690128447936004], [37.63031482058576, 55.69013443151583]]]}}, {"type": "Feature", "properties": {"id": 193, "object_type": "restriction", "restriction_type": "oks"}, "geometry": {"type": "Polygon", "coordinates": [[[37.630010680109976, 55.690507644282945], [37.629999904077856, 55.69081578061759], [37.6293981487583, 55.69080906438918], [37.62940892952005, 55.69050092813165], [37.630010680109976, 55.690507644282945]]]}}, {"type": "Feature", "properties": {"id": 194, "object_type": "restriction", "restriction_type": "oks"}, "geometry": {"type": "Polygon", "coordinates": [[[37.630700545408075, 55.69180312708463], [37.63069048526522, 55.69209092400299], [37.630172218807985, 55.69208514279307], [37.630182282755584, 55.69179734593673], [37.630700545408075, 55.69180312708463]]]}}, {"type": "Feature", "properties": {"id": 195, "object_type": "restriction", "restriction_type": "oks"}, "geometry": {"type": "Polygon", "coordinates": [[[37.63027307672428, 55.692838800922694], [37.63028234047979, 55.69257387519617], [37.62996035292982, 55.69257028266826], [37.62974569460363, 55.6925678871807], [37.62973642722142, 55.6928328128481], [37.629730142557555, 55.69301246934243], [37.6299448033182, 55.69301486486968], [37.62995108699828, 55.692835208359305], [37.63027307672428, 55.692838800922694]]]}}, {"type": "Feature", "properties": {"id": 196, "object_type": "restriction", "restriction_type": "oks"}, "geometry": {"type": "Polygon", "coordinates": [[[37.62967211929157, 55.69448421519838], [37.62968074247855, 55.69423773209222], [37.62942082813149, 55.69423483099501], [37.62924755192649, 55.69423289662463], [37.629238926015596, 55.69447937968637], [37.629232638682886, 55.69465903609487], [37.62940591677162, 55.69466097049596], [37.62941220331016, 55.69448131407452], [37.62967211929157, 55.69448421519838]]]}}, {"type": "Feature", "properties": {"id": 197, "object_type": "restriction", "restriction_type": "oks"}, "geometry": {"type": "Polygon", "coordinates": [[[37.63025174101365, 55.695208781319806], [37.63025686629968, 55.695062223812805], [37.629877684566196, 55.69505799312736], [37.62962489679999, 55.69505517202007], [37.62961976915106, 55.695201729488545], [37.629613483394884, 55.69538138590434], [37.62986627326487, 55.69538420704593], [37.62987255786243, 55.695204550611244], [37.63025174101365, 55.695208781319806]]]}}, {"type": "Feature", "properties": {"id": 198, "object_type": "restriction", "restriction_type": "oks"}, "geometry": {"type": "Polygon", "coordinates": [[[37.62988090695377, 55.69606324220188], [37.62987552018936, 55.69621722856583], [37.629177514402116, 55.6962094376787], [37.6291829039087, 55.69605545135947], [37.62988090695377, 55.69606324220188]]]}}, {"type": "Feature", "properties": {"id": 199, "object_type": "restriction", "restriction_type": "oks"}, "geometry": {"type": "Polygon", "coordinates": [[[37.6303948744229, 55.696392160253716], [37.63038483675989, 55.696679200442006], [37.629976261055, 55.69667464227466], [37.629986301710105, 55.69638760213513], [37.6303948744229, 55.696392160253716]]]}}, {"type": "Feature", "properties": {"id": 200, "object_type": "restriction", "restriction_type": "oks"}, "geometry": {"type": "Polygon", "coordinates": [[[37.62949499499623, 55.69765640461907], [37.62948443234074, 55.697958244764315], [37.628975169960086, 55.69795255946794], [37.6289857365375, 55.697650719386665], [37.62949499499623, 55.69765640461907]]]}}, {"type": "Feature", "properties": {"id": 201, "object_type": "restriction", "restriction_type": "oks"}, "geometry": {"type": "Polygon", "coordinates": [[[37.62982968630945, 55.69915350204272], [37.629836996019286, 55.698944575945035], [37.62959249409872, 55.698941847381036], [37.62942949284168, 55.698940028067994], [37.629422180959516, 55.69914895413026], [37.62941589336816, 55.699328610415], [37.62957889624135, 55.6993304297544], [37.62958518308548, 55.699150773457475], [37.62982968630945, 55.69915350204272]]]}}, {"type": "Feature", "properties": {"id": 202, "object_type": "restriction", "restriction_type": "oks"}, "geometry": {"type": "Polygon", "coordinates": [[[37.63002439175163, 55.698531566646245], [37.6300152496531, 55.69879290545244], [37.62950728667302, 55.69878723692702], [37.62951643215867, 55.69852589817603], [37.63002439175163, 55.698531566646245]]]}}, {"type": "Feature", "properties": {"id": 203, "object_type": "restriction", "restriction_type": "oks"}, "geometry": {"type": "Polygon", "coordinates": [[[37.63027103408836, 55.70050511458394], [37.630280115674, 55.70024547384942], [37.630023254376106, 55.70024260832447], [37.629852013536585, 55.700240697676094], [37.629842929114695, 55.700500338364385], [37.629836643135164, 55.70067999464092], [37.6300078858942, 55.70068190532058], [37.63001417108871, 55.70050224903125], [37.63027103408836, 55.70050511458394]]]}}, {"type": "Feature", "properties": {"id": 204, "object_type": "restriction", "restriction_type": "oks"}, "geometry": {"type": "Polygon", "coordinates": [[[37.630437380736936, 55.69974580506324], [37.630427546178716, 55.70002701052506], [37.62997933877002, 55.70002201053141], [37.62998917654426, 55.69974080512198], [37.630437380736936, 55.69974580506324]]]}}, {"type": "Feature", "properties": {"id": 205, "object_type": "restriction", "restriction_type": "oks"}, "geometry": {"type": "Polygon", "coordinates": [[[37.63044424399562, 55.701421138270405], [37.630452037192825, 55.701198312050415], [37.630067064936604, 55.701194017724106], [37.629810416823624, 55.701191154169635], [37.62980261997816, 55.701413980330166], [37.629796333598726, 55.701593636576774], [37.63005298434759, 55.70159650017421], [37.630059269550436, 55.70141684390844], [37.63044424399562, 55.701421138270405]]]}}, {"type": "Feature", "properties": {"id": 206, "object_type": "restriction", "restriction_type": "oks"}, "geometry": {"type": "Polygon", "coordinates": [[[37.62934396219549, 55.701474615917235], [37.629337191717994, 55.70166804173654], [37.628906252649564, 55.701663230691565], [37.628913025254086, 55.70146980490694], [37.62934396219549, 55.701474615917235]]]}}, {"type": "Feature", "properties": {"id": 207, "object_type": "restriction", "restriction_type": "oks"}, "geometry": {"type": "Polygon", "coordinates": [[[37.62985248819162, 55.70275491534145], [37.629860100428786, 55.70253736818868], [37.6295769032157, 55.7025342079627], [37.62938810510496, 55.702532100782676], [37.62938049024747, 55.702749647892745], [37.62937420161725, 55.70292930406831], [37.6295630016417, 55.70293141127954], [37.62956928940634, 55.70275175508986], [37.62985248819162, 55.70275491534145]]]}}, {"type": "Feature", "properties": {"id": 208, "object_type": "restriction", "restriction_type": "oks"}, "geometry": {"type": "Polygon", "coordinates": [[[37.629762429331834, 55.702218673908654], [37.629753651119415, 55.70246952786605], [37.62911640693748, 55.702462415316106], [37.629125189229164, 55.702211561425216], [37.629762429331834, 55.702218673908654]]]}}, {"type": "Feature", "properties": {"id": 209, "object_type": "restriction", "restriction_type": "oks"}, "geometry": {"type": "Polygon", "coordinates": [[[37.63257748925358, 55.686812989403315], [37.63258655940572, 55.68655310424125], [37.632225411930875, 55.68654908118144], [37.631984646998454, 55.68654639855156], [37.63197557285682, 55.68680628364869], [37.631969299876005, 55.68698594048843], [37.632210067507394, 55.68698862316225], [37.632216339385025, 55.68680896630455], [37.63257748925358, 55.686812989403315]]]}}, {"type": "Feature", "properties": {"id": 210, "object_type": "restriction", "restriction_type": "oks"}, "geometry": {"type": "Polygon", "coordinates": [[[37.63304839450527, 55.68799179722953], [37.633059081664896, 55.6876854878884], [37.63277119952847, 55.687682282223896], [37.63257927813646, 55.68768014473934], [37.632568587228434, 55.68798645401945], [37.63256231668934, 55.68816611086886], [37.63275424046013, 55.688168248392145], [37.63276051011981, 55.68798859152842], [37.63304839450527, 55.68799179722953]]]}}, {"type": "Feature", "properties": {"id": 211, "object_type": "restriction", "restriction_type": "oks"}, "geometry": {"type": "Polygon", "coordinates": [[[37.63217576452084, 55.68768566882739], [37.6321698345181, 55.68785552215107], [37.63156306852861, 55.687848760438236], [37.63156900115989, 55.68767890715737], [37.63217576452084, 55.68768566882739]]]}}, {"type": "Feature", "properties": {"id": 212, "object_type": "restriction", "restriction_type": "oks"}, "geometry": {"type": "Polygon", "coordinates": [[[37.63261908775195, 55.68886306675748], [37.632613154650926, 55.6890330564185], [37.63207728537342, 55.68902708695581], [37.63208322079781, 55.68885709733261], [37.63261908775195, 55.68886306675748]]]}}, {"type": "Feature", "properties": {"id": 213, "object_type": "restriction", "restriction_type": "oks"}, "geometry": {"type": "Polygon", "coordinates": [[[37.63186629248075, 55.689064256606], [37.63185915050867, 55.68926876730561], [37.631395943559106, 55.68926360459289], [37.63140308794739, 55.68905909393262], [37.63186629248075, 55.689064256606]]]}}, {"type": "Feature", "properties": {"id": 214, "object_type": "restriction", "restriction_type": "oks"}, "geometry": {"type": "Polygon", "coordinates": [[[37.63181100916478, 55.69013815677707], [37.63180167114828, 55.6904055291752], [37.63132230356095, 55.69040018617028], [37.631331644846654, 55.69013281382539], [37.63181100916478, 55.69013815677707]]]}}, {"type": "Feature", "properties": {"id": 215, "object_type": "restriction", "restriction_type": "oks"}, "geometry": {"type": "Polygon", "coordinates": [[[37.63269500471155, 55.69163972225257], [37.63268478275911, 55.69193257663123], [37.63205749587748, 55.69192558920862], [37.63206772251591, 55.69163273490622], [37.63269500471155, 55.69163972225257]]]}}, {"type": "Feature", "properties": {"id": 216, "object_type": "restriction", "restriction_type": "oks"}, "geometry": {"type": "Polygon", "coordinates": [[[37.63188902629682, 55.691469761570225], [37.631880378317184, 55.69171737825014], [37.63138324671607, 55.69171183763148], [37.63139189783572, 55.69146422100267], [37.63188902629682, 55.691469761570225]]]}}, {"type": "Feature", "properties": {"id": 217, "object_type": "restriction", "restriction_type": "oks"}, "geometry": {"type": "Polygon", "coordinates": [[[37.63228350485717, 55.692816859351666], [37.63227341449848, 55.69310584386474], [37.63186957348841, 55.6931013445189], [37.631879666824155, 55.69281236005428], [37.63228350485717, 55.692816859351666]]]}}, {"type": "Feature", "properties": {"id": 218, "object_type": "restriction", "restriction_type": "oks"}, "geometry": {"type": "Polygon", "coordinates": [[[37.63224277042229, 55.69239646995982], [37.632232454358835, 55.69269191438926], [37.63155719938013, 55.6926843901024], [37.63156752053266, 55.692388945755795], [37.63224277042229, 55.69239646995982]]]}}, {"type": "Feature", "properties": {"id": 219, "object_type": "restriction", "restriction_type": "oks"}, "geometry": {"type": "Polygon", "coordinates": [[[37.63236129794406, 55.693962766682894], [37.63237190265785, 55.69365904133092], [37.631984144907705, 55.693654721544284], [37.63172563979953, 55.69365184100645], [37.63171503007837, 55.693955566276905], [37.63170875422381, 55.69413522288658], [37.63196726251971, 55.69413810347631], [37.63197353718949, 55.69395844684736], [37.63236129794406, 55.693962766682894]]]}}, {"type": "Feature", "properties": {"id": 220, "object_type": "restriction", "restriction_type": "park"}, "geometry": {"type": "Polygon", "coordinates": [[[37.63278417383179, 55.694822014110294], [37.632752817347004, 55.695720297373924], [37.63116235718642, 55.69570257661492], [37.63119375011912, 55.694804293944564], [37.63278417383179, 55.694822014110294]]]}}, {"type": "Feature", "properties": {"id": 221, "object_type": "restriction", "restriction_type": "oks"}, "geometry": {"type": "Polygon", "coordinates": [[[37.631928811965935, 55.696459245452886], [37.631933873817, 55.69631433118528], [37.631627456235435, 55.69631091669573], [37.631423177884336, 55.696308639944675], [37.631418114145134, 55.69645355418155], [37.631411836341975, 55.696633210695396], [37.63161611638467, 55.696635487473976], [37.63162239325149, 55.696455830944885], [37.631928811965935, 55.696459245452886]]]}}, {"type": "Feature", "properties": {"id": 222, "object_type": "restriction", "restriction_type": "oks"}, "geometry": {"type": "Polygon", "coordinates": [[[37.63159371682923, 55.69770429145261], [37.631583174586254, 55.698006009958], [37.631133196583455, 55.69800099430594], [37.63114374229042, 55.697699275856955], [37.63159371682923, 55.69770429145261]]]}}, {"type": "Feature", "properties": {"id": 223, "object_type": "restriction", "restriction_type": "oks"}, "geometry": {"type": "Polygon", "coordinates": [[[37.63237933617814, 55.69776537614085], [37.632370601914126, 55.69801549385538], [37.63191151338467, 55.69801037958225], [37.63192025057839, 55.6977602619154], [37.63237933617814, 55.69776537614085]]]}}, {"type": "Feature", "properties": {"id": 224, "object_type": "restriction", "restriction_type": "oks"}, "geometry": {"type": "Polygon", "coordinates": [[[37.632476417920465, 55.699000558022696], [37.63248625933742, 55.69871872379585], [37.63212574496034, 55.69871470816799], [37.63188540209294, 55.69871203049492], [37.63187555635516, 55.69899386465146], [37.631869280053095, 55.6991735211248], [37.63210962575057, 55.69917619884392], [37.63211590095089, 55.69899654235267], [37.632476417920465, 55.699000558022696]]]}}, {"type": "Feature", "properties": {"id": 225, "object_type": "restriction", "restriction_type": "oks"}, "geometry": {"type": "Polygon", "coordinates": [[[37.63165277053789, 55.69898859858377], [37.631644620878795, 55.69922184075975], [37.631153334015124, 55.699216364916076], [37.631161486598, 55.69898312278768], [37.63165277053789, 55.69898859858377]]]}}, {"type": "Feature", "properties": {"id": 226, "object_type": "restriction", "restriction_type": "oks"}, "geometry": {"type": "Polygon", "coordinates": [[[37.631733174266024, 55.698406785008125], [37.631725792065936, 55.69861807979643], [37.631247489695845, 55.69861274897411], [37.63125487447453, 55.698401454227785], [37.631733174266024, 55.698406785008125]]]}}, {"type": "Feature", "properties": {"id": 227, "object_type": "restriction", "restriction_type": "oks"}, "geometry": {"type": "Polygon", "coordinates": [[[37.63186029475376, 55.69994121619081], [37.631851479866924, 55.700193526189565], [37.631339936646576, 55.700187825466436], [37.63134875482674, 55.69993551552129], [37.63186029475376, 55.69994121619081]]]}}, {"type": "Feature", "properties": {"id": 228, "object_type": "restriction", "restriction_type": "oks"}, "geometry": {"type": "Polygon", "coordinates": [[[37.63253535084198, 55.6997377631789], [37.63253010987136, 55.69988785208406], [37.6319341441758, 55.699881213604776], [37.63193938742879, 55.69973112473676], [37.63253535084198, 55.6997377631789]]]}}, {"type": "Feature", "properties": {"id": 229, "object_type": "restriction", "restriction_type": "oks"}, "geometry": {"type": "Polygon", "coordinates": [[[37.632135350484624, 55.70130257560422], [37.63212847769834, 55.7014993263761], [37.63156198418648, 55.70149301454299], [37.63156885981692, 55.701296263817376], [37.632135350484624, 55.70130257560422]]]}}, {"type": "Feature", "properties": {"id": 230, "object_type": "restriction", "restriction_type": "oks"}, "geometry": {"type": "Polygon", "coordinates": [[[37.63230160617605, 55.702173516411136], [37.63229406375582, 55.70238945619079], [37.63183731278786, 55.70238436798466], [37.63184485772499, 55.70216842824597], [37.63230160617605, 55.702173516411136]]]}}, {"type": "Feature", "properties": {"id": 231, "object_type": "restriction", "restriction_type": "oks"}, "geometry": {"type": "Polygon", "coordinates": [[[37.63210684173355, 55.70250567313963], [37.632098779977056, 55.702736445670595], [37.63157304366345, 55.70273058801152], [37.63158110851602, 55.70249981553094], [37.63210684173355, 55.70250567313963]]]}}, {"type": "Feature", "properties": {"id": 232, "object_type": "restriction", "restriction_type": "oks"}, "geometry": {"type": "Polygon", "coordinates": [[[37.635001518577084, 55.68693563576423], [37.63499122906346, 55.68723097625685], [37.63438111431318, 55.68722419118568], [37.634391408422395, 55.686928850767735], [37.635001518577084, 55.68693563576423]]]}}, {"type": "Feature", "properties": {"id": 233, "object_type": "restriction", "restriction_type": "oks"}, "geometry": {"type": "Polygon", "coordinates": [[[37.63436892486419, 55.687701487186374], [37.63436257187887, 55.68788374818579], [37.63378850971044, 55.68787736125557], [37.63379486536429, 55.68769510029953], [37.63436892486419, 55.687701487186374]]]}}, {"type": "Feature", "properties": {"id": 234, "object_type": "restriction", "restriction_type": "oks"}, "geometry": {"type": "Polygon", "coordinates": [[[37.63483409867824, 55.68891698265813], [37.63482564965561, 55.689159448024576], [37.634375746231406, 55.68915444447923], [37.63438419803637, 55.68891197915801], [37.63483409867824, 55.68891698265813]]]}}, {"type": "Feature", "properties": {"id": 235, "object_type": "restriction", "restriction_type": "oks"}, "geometry": {"type": "Polygon", "coordinates": [[[37.6351404094138, 55.689298298370055], [37.635133049920846, 55.68950954161417], [37.634587365518406, 55.68950347403561], [37.63459472795151, 55.68929223083925], [37.6351404094138, 55.689298298370055]]]}}, {"type": "Feature", "properties": {"id": 236, "object_type": "restriction", "restriction_type": "oks"}, "geometry": {"type": "Polygon", "coordinates": [[[37.63468039373413, 55.690690816214016], [37.63468526844048, 55.69055094798871], [37.634325338473374, 55.69054694486904], [37.634085385212366, 55.690544275536595], [37.63408050836582, 55.69068414372713], [37.63407424412601, 55.690863800610266], [37.63431419934271, 55.690866469974495], [37.6343204624829, 55.690686813073484], [37.63468039373413, 55.690690816214016]]]}}, {"type": "Feature", "properties": {"id": 237, "object_type": "restriction", "restriction_type": "oks"}, "geometry": {"type": "Polygon", "coordinates": [[[37.63424739508302, 55.691738262198875], [37.63423856933122, 55.69199140294871], [37.6338109458913, 55.69198664536629], [37.63381977440437, 55.69173350466133], [37.63424739508302, 55.691738262198875]]]}}, {"type": "Feature", "properties": {"id": 238, "object_type": "restriction", "restriction_type": "oks"}, "geometry": {"type": "Polygon", "coordinates": [[[37.63422765243109, 55.69148830412726], [37.63422262439457, 55.69163251834192], [37.6337450356745, 55.691627204678454], [37.6337500654679, 55.691482990492354], [37.63422765243109, 55.69148830412726]]]}}, {"type": "Feature", "properties": {"id": 239, "object_type": "restriction", "restriction_type": "oks"}, "geometry": {"type": "Polygon", "coordinates": [[[37.63446513341877, 55.693146587559575], [37.63445873446906, 55.69333014258446], [37.63390091426482, 55.69332393729952], [37.633907315826505, 55.693140382317075], [37.63446513341877, 55.693146587559575]]]}}, {"type": "Feature", "properties": {"id": 240, "object_type": "restriction", "restriction_type": "oks"}, "geometry": {"type": "Polygon", "coordinates": [[[37.634323075303485, 55.69262130593636], [37.63431341713688, 55.692898328008965], [37.63370763507938, 55.69289158831261], [37.63371729752684, 55.6926145663096], [37.634323075303485, 55.69262130593636]]]}}, {"type": "Feature", "properties": {"id": 241, "object_type": "restriction", "restriction_type": "oks"}, "geometry": {"type": "Polygon", "coordinates": [[[37.634512323928185, 55.694116494716475], [37.634519564124986, 55.69390880619554], [37.63417522070323, 55.693904976162635], [37.633945658468186, 55.69390242227106], [37.633938415230666, 55.6941101107426], [37.633932149535845, 55.694289767514206], [37.63416171403931, 55.694292321442646], [37.634167978681994, 55.694112664653936], [37.634512323928185, 55.694116494716475]]]}}, {"type": "Feature", "properties": {"id": 242, "object_type": "restriction", "restriction_type": "oks"}, "geometry": {"type": "Polygon", "coordinates": [[[37.634285209111574, 55.695339292980066], [37.63427633243251, 55.695593867000134], [37.63381112341518, 55.69558869158311], [37.63382000311563, 55.695334117612134], [37.634285209111574, 55.695339292980066]]]}}, {"type": "Feature", "properties": {"id": 243, "object_type": "restriction", "restriction_type": "oks"}, "geometry": {"type": "Polygon", "coordinates": [[[37.633820362583755, 55.69621867528154], [37.63381019839895, 55.6965100644473], [37.63340830406091, 55.69650559203537], [37.63341847123347, 55.696214202918185], [37.633820362583755, 55.69621867528154]]]}}, {"type": "Feature", "properties": {"id": 244, "object_type": "restriction", "restriction_type": "oks"}, "geometry": {"type": "Polygon", "coordinates": [[[37.6343564490768, 55.69666355927397], [37.63434820305854, 55.69690004729199], [37.633944088860964, 55.69689555196862], [37.63395233731747, 55.69665906399023], [37.6343564490768, 55.69666355927397]]]}}, {"type": "Feature", "properties": {"id": 245, "object_type": "restriction", "restriction_type": "oks"}, "geometry": {"type": "Polygon", "coordinates": [[[37.633903492634126, 55.69750339918721], [37.63389599475532, 55.6977183533053], [37.63320613519873, 55.69771067612271], [37.63321363686096, 55.69749572206612], [37.633903492634126, 55.69750339918721]]]}}, {"type": "Feature", "properties": {"id": 246, "object_type": "restriction", "restriction_type": "oks"}, "geometry": {"type": "Polygon", "coordinates": [[[37.63483288906444, 55.697535297861855], [37.634822319856355, 55.69783850802038], [37.63423637121892, 55.69783199190364], [37.634246944959976, 55.697528781818754], [37.63483288906444, 55.697535297861855]]]}}, {"type": "Feature", "properties": {"id": 247, "object_type": "restriction", "restriction_type": "oks"}, "geometry": {"type": "Polygon", "coordinates": [[[37.63418257636049, 55.69880299953421], [37.634188035883426, 55.698646456161384], [37.63390779239277, 55.698643338613394], [37.63372096342956, 55.69864125989286], [37.63371550204103, 55.69879780323537], [37.63370923422416, 55.69897745985225], [37.63389606479004, 55.698979538598834], [37.63390233175047, 55.69879988196803], [37.63418257636049, 55.69880299953421]]]}}, {"type": "Feature", "properties": {"id": 248, "object_type": "restriction", "restriction_type": "oks"}, "geometry": {"type": "Polygon", "coordinates": [[[37.63452367992316, 55.69909917904973], [37.634516158032476, 55.69931490658682], [37.633937498162936, 55.69930847023055], [37.6339450232388, 55.6990927427452], [37.63452367992316, 55.69909917904973]]]}}, {"type": "Feature", "properties": {"id": 249, "object_type": "restriction", "restriction_type": "oks"}, "geometry": {"type": "Polygon", "coordinates": [[[37.63449977899904, 55.699694253739274], [37.634489721453136, 55.699982691604404], [37.63386506256029, 55.699975743419515], [37.633875124703586, 55.69968730562909], [37.63449977899904, 55.699694253739274]]]}}, {"type": "Feature", "properties": {"id": 250, "object_type": "restriction", "restriction_type": "oks"}, "geometry": {"type": "Polygon", "coordinates": [[[37.63418814301752, 55.70026316403274], [37.634178999436855, 55.70052532526982], [37.633581350508734, 55.700518676123856], [37.63359049808736, 55.70025651495176], [37.63418814301752, 55.70026316403274]]]}}, {"type": "Feature", "properties": {"id": 251, "object_type": "restriction", "restriction_type": "oks"}, "geometry": {"type": "Polygon", "coordinates": [[[37.63454873426772, 55.70122672231438], [37.634538036232655, 55.70153352175633], [37.633949440025916, 55.70152697516089], [37.63396014266898, 55.7012201757938], [37.63454873426772, 55.70122672231438]]]}}, {"type": "Feature", "properties": {"id": 252, "object_type": "restriction", "restriction_type": "oks"}, "geometry": {"type": "Polygon", "coordinates": [[[37.63365396388245, 55.70143179243851], [37.633643204492834, 55.70174014687918], [37.633192566990935, 55.70173513169639], [37.6332033299264, 55.70142677731337], [37.63365396388245, 55.70143179243851]]]}}, {"type": "Feature", "properties": {"id": 253, "object_type": "restriction", "restriction_type": "oks"}, "geometry": {"type": "Polygon", "coordinates": [[[37.63398194925932, 55.70208469282642], [37.633973696273394, 55.70232126752886], [37.63332638890363, 55.702314064872425], [37.63333464579737, 55.70207749023349], [37.63398194925932, 55.70208469282642]]]}}, {"type": "Feature", "properties": {"id": 254, "object_type": "restriction", "restriction_type": "oks"}, "geometry": {"type": "Polygon", "coordinates": [[[37.6345034464136, 55.70242334839738], [37.63449262381583, 55.70273369576563], [37.633902194955226, 55.70272712867256], [37.63391302222902, 55.702416781380265], [37.6345034464136, 55.70242334839738]]]}}, {"type": "Feature", "properties": {"id": 255, "object_type": "restriction", "restriction_type": "oks"}, "geometry": {"type": "Polygon", "coordinates": [[[37.6367828281601, 55.686703567576444], [37.63677660155226, 55.68688252609746], [37.63606856373789, 55.686874662006566], [37.636074793577286, 55.68669570353799], [37.6367828281601, 55.686703567576444]]]}}, {"type": "Feature", "properties": {"id": 256, "object_type": "restriction", "restriction_type": "oks"}, "geometry": {"type": "Polygon", "coordinates": [[[37.63679924590371, 55.68694120443773], [37.63679309281237, 55.68711805058852], [37.63615022698352, 55.6871109106353], [37.63615638297436, 55.68693406453157], [37.63679924590371, 55.68694120443773]]]}}, {"type": "Feature", "properties": {"id": 257, "object_type": "restriction", "restriction_type": "oks"}, "geometry": {"type": "Polygon", "coordinates": [[[37.637176088544614, 55.68839681616882], [37.637170522297886, 55.688556831385746], [37.63668121926633, 55.68855139888779], [37.636686787510016, 55.68839138370325], [37.637176088544614, 55.68839681616882]]]}}, {"type": "Feature", "properties": {"id": 258, "object_type": "restriction", "restriction_type": "oks"}, "geometry": {"type": "Polygon", "coordinates": [[[37.63707309982829, 55.68796884249476], [37.637062316421705, 55.6882788176697], [37.63661802558176, 55.68827388459148], [37.63662881250087, 55.687963909473545], [37.63707309982829, 55.68796884249476]]]}}, {"type": "Feature", "properties": {"id": 259, "object_type": "restriction", "restriction_type": "oks"}, "geometry": {"type": "Polygon", "coordinates": [[[37.63675511688948, 55.689452905377834], [37.63674989633754, 55.68960293049156], [37.636242028309766, 55.68959729017751], [37.636247250805106, 55.6894472650953], [37.63675511688948, 55.689452905377834]]]}}, {"type": "Feature", "properties": {"id": 260, "object_type": "restriction", "restriction_type": "oks"}, "geometry": {"type": "Polygon", "coordinates": [[[37.63720150311763, 55.68898793478447], [37.63719212764151, 55.68925745361504], [37.636730832305346, 55.689252332256444], [37.63674021095257, 55.68898281347732], [37.63720150311763, 55.68898793478447]]]}}, {"type": "Feature", "properties": {"id": 261, "object_type": "restriction", "restriction_type": "oks"}, "geometry": {"type": "Polygon", "coordinates": [[[37.636302369283776, 55.690822359164834], [37.63630993486433, 55.69060502489341], [37.63592032257915, 55.69060069676252], [37.635660581114685, 55.690597810655305], [37.635653011934316, 55.690815144868274], [37.635646754874124, 55.69099480186514], [37.63590649896882, 55.690997688015074], [37.635912754838714, 55.69081803099889], [37.636302369283776, 55.690822359164834]]]}}, {"type": "Feature", "properties": {"id": 262, "object_type": "restriction", "restriction_type": "oks"}, "geometry": {"type": "Polygon", "coordinates": [[[37.63627812010469, 55.69138115580183], [37.636270263604324, 55.69160683533175], [37.635770594854336, 55.69160128429493], [37.63577845423114, 55.69137560481172], [37.63627812010469, 55.69138115580183]]]}}, {"type": "Feature", "properties": {"id": 263, "object_type": "restriction", "restriction_type": "oks"}, "geometry": {"type": "Polygon", "coordinates": [[[37.637035553083116, 55.6914012847028], [37.63702599150102, 55.69167609510111], [37.63651426795884, 55.69167041327366], [37.63652383312808, 55.69139560293355], [37.637035553083116, 55.6914012847028]]]}}, {"type": "Feature", "properties": {"id": 264, "object_type": "restriction", "restriction_type": "oks"}, "geometry": {"type": "Polygon", "coordinates": [[[37.63635971904302, 55.69279516674306], [37.63635129317853, 55.693037202866286], [37.635904036276656, 55.69303223458415], [37.635912464902624, 55.692790198505726], [37.63635971904302, 55.69279516674306]]]}}, {"type": "Feature", "properties": {"id": 265, "object_type": "restriction", "restriction_type": "oks"}, "geometry": {"type": "Polygon", "coordinates": [[[37.63712681348868, 55.69313143823359], [37.63712191546381, 55.69327221373037], [37.63671778158782, 55.69326772709655], [37.63672268106401, 55.693126951623306], [37.63712681348868, 55.69313143823359]]]}}, {"type": "Feature", "properties": {"id": 266, "object_type": "restriction", "restriction_type": "oks"}, "geometry": {"type": "Polygon", "coordinates": [[[37.63626279137332, 55.69370007322029], [37.636252311211116, 55.694001087610694], [37.635786776657135, 55.69399591595274], [37.6357972603942, 55.693694901620354], [37.63626279137332, 55.69370007322029]]]}}, {"type": "Feature", "properties": {"id": 267, "object_type": "restriction", "restriction_type": "oks"}, "geometry": {"type": "Polygon", "coordinates": [[[37.637105794279584, 55.693927368311655], [37.63709898777916, 55.69412298662475], [37.63643300936776, 55.69411559228379], [37.63643981919165, 55.6939199740246], [37.637105794279584, 55.693927368311655]]]}}, {"type": "Feature", "properties": {"id": 268, "object_type": "restriction", "restriction_type": "oks"}, "geometry": {"type": "Polygon", "coordinates": [[[37.63631487533067, 55.6941990277525], [37.63630996649278, 55.69434002433394], [37.6359036113361, 55.69433551041426], [37.63590852163562, 55.694194513856544], [37.63631487533067, 55.6941990277525]]]}}, {"type": "Feature", "properties": {"id": 269, "object_type": "restriction", "restriction_type": "oks"}, "geometry": {"type": "Polygon", "coordinates": [[[37.63698568609123, 55.69533447123836], [37.63697699676952, 55.69558416604325], [37.63630487870986, 55.69557670299937], [37.63631357231311, 55.69532700826393], [37.63698568609123, 55.69533447123836]]]}}, {"type": "Feature", "properties": {"id": 270, "object_type": "restriction", "restriction_type": "oks"}, "geometry": {"type": "Polygon", "coordinates": [[[37.63613514558473, 55.694907974045464], [37.63612845993406, 55.69509997528911], [37.63570223622441, 55.695095240048126], [37.63570892396283, 55.69490323883837], [37.63613514558473, 55.694907974045464]]]}}, {"type": "Feature", "properties": {"id": 271, "object_type": "restriction", "restriction_type": "oks"}, "geometry": {"type": "Polygon", "coordinates": [[[37.63606218021069, 55.696739249898165], [37.636054682681085, 55.696954540507306], [37.63553200246414, 55.696948733286995], [37.635539502864724, 55.69673344272444], [37.63606218021069, 55.696739249898165]]]}}, {"type": "Feature", "properties": {"id": 272, "object_type": "restriction", "restriction_type": "oks"}, "geometry": {"type": "Polygon", "coordinates": [[[37.63612563392385, 55.69623980911884], [37.63611955467411, 55.69641438562899], [37.635406468899745, 55.696406462679064], [37.63541255132553, 55.69623188622045], [37.63612563392385, 55.69623980911884]]]}}, {"type": "Feature", "properties": {"id": 273, "object_type": "restriction", "restriction_type": "oks"}, "geometry": {"type": "Polygon", "coordinates": [[[37.63690927943565, 55.69658782755364], [37.63689894530043, 55.69688475633952], [37.63638934217019, 55.696879097938755], [37.636399680165965, 55.69658216921548], [37.63690927943565, 55.69658782755364]]]}}, {"type": "Feature", "properties": {"id": 274, "object_type": "restriction", "restriction_type": "oks"}, "geometry": {"type": "Polygon", "coordinates": [[[37.63577273665047, 55.6973933758706], [37.63576605503485, 55.69758519231587], [37.63533627346696, 55.6975804164363], [37.63534295718594, 55.69738860002518], [37.63577273665047, 55.6973933758706]]]}}, {"type": "Feature", "properties": {"id": 275, "object_type": "restriction", "restriction_type": "oks"}, "geometry": {"type": "Polygon", "coordinates": [[[37.63641036355567, 55.697705403477904], [37.63640198291122, 55.697946105151736], [37.635766326686365, 55.69793904431798], [37.6357747112346, 55.69769834270749], [37.63641036355567, 55.697705403477904]]]}}, {"type": "Feature", "properties": {"id": 276, "object_type": "restriction", "restriction_type": "oks"}, "geometry": {"type": "Polygon", "coordinates": [[[37.63633937106322, 55.6985871415475], [37.636333902658514, 55.698744187400465], [37.6358544967088, 55.69873886228391], [37.635859967034506, 55.69858181646211], [37.63633937106322, 55.6985871415475]]]}}, {"type": "Feature", "properties": {"id": 277, "object_type": "restriction", "restriction_type": "oks"}, "geometry": {"type": "Polygon", "coordinates": [[[37.63593722585939, 55.69916102265894], [37.63593131167435, 55.69933081694932], [37.635305493811465, 55.69932386315759], [37.63531141070781, 55.699154068911206], [37.63593722585939, 55.69916102265894]]]}}, {"type": "Feature", "properties": {"id": 278, "object_type": "restriction", "restriction_type": "oks"}, "geometry": {"type": "Polygon", "coordinates": [[[37.63604739770511, 55.70023778259554], [37.63605765169683, 55.699943377711634], [37.63565361425676, 55.69993888905781], [37.63538425602683, 55.69993589588361], [37.63537399697641, 55.700230300685426], [37.6353677364307, 55.700409957384174], [37.63563709791893, 55.70041295061127], [37.63564335722982, 55.700233293892474], [37.63604739770511, 55.70023778259554]]]}}, {"type": "Feature", "properties": {"id": 279, "object_type": "restriction", "restriction_type": "oks"}, "geometry": {"type": "Polygon", "coordinates": [[[37.63670418851547, 55.700061962982], [37.63669368871392, 55.70036356698028], [37.63626517107603, 55.700358808569035], [37.63627567417541, 55.700057204624244], [37.63670418851547, 55.700061962982]]]}}, {"type": "Feature", "properties": {"id": 280, "object_type": "restriction", "restriction_type": "oks"}, "geometry": {"type": "Polygon", "coordinates": [[[37.63608733727403, 55.69970135787832], [37.63608175109501, 55.6998617496713], [37.635484251795134, 55.699855111391884], [37.63548984041947, 55.69969471963858], [37.63608733727403, 55.69970135787832]]]}}, {"type": "Feature", "properties": {"id": 281, "object_type": "restriction", "restriction_type": "oks"}, "geometry": {"type": "Polygon", "coordinates": [[[37.63603074644716, 55.70116250244431], [37.63602330615378, 55.70137610907896], [37.63534270706017, 55.701368547155575], [37.63535015106331, 55.701154940581155], [37.63603074644716, 55.70116250244431]]]}}, {"type": "Feature", "properties": {"id": 282, "object_type": "restriction", "restriction_type": "oks"}, "geometry": {"type": "Polygon", "coordinates": [[[37.635860531200265, 55.70255365291587], [37.635850609110015, 55.7028384594453], [37.63527477524251, 55.70283206110023], [37.6352847015179, 55.70254725463871], [37.635860531200265, 55.70255365291587]]]}}, {"type": "Feature", "properties": {"id": 283, "object_type": "restriction", "restriction_type": "oks"}, "geometry": {"type": "Polygon", "coordinates": [[[37.636121622805135, 55.70223851130253], [37.63611422595756, 55.702450876203585], [37.63540771630784, 55.702443026961234], [37.63541511698418, 55.70223066212228], [37.636121622805135, 55.70223851130253]]]}}, {"type": "Feature", "properties": {"id": 284, "object_type": "restriction", "restriction_type": "oks"}, "geometry": {"type": "Polygon", "coordinates": [[[37.63837917711403, 55.6871969179793], [37.638389455359466, 55.686901166203995], [37.63809571267427, 55.6868979079965], [37.63789988425095, 55.686895735467864], [37.63788960231272, 55.68719148718332], [37.63788335635512, 55.68737114445391], [37.638079187152854, 55.68737331702103], [37.63808543221316, 55.6871936597359], [37.63837917711403, 55.6871969179793]]]}}, {"type": "Feature", "properties": {"id": 285, "object_type": "restriction", "restriction_type": "oks"}, "geometry": {"type": "Polygon", "coordinates": [[[37.638778560746005, 55.687865041973204], [37.63877362612065, 55.688007069689604], [37.63826156573234, 55.68800139112591], [37.63826650221258, 55.687859363439564], [37.638778560746005, 55.687865041973204]]]}}, {"type": "Feature", "properties": {"id": 286, "object_type": "restriction", "restriction_type": "oks"}, "geometry": {"type": "Polygon", "coordinates": [[[37.638918582802894, 55.68939036033757], [37.63892380972439, 55.689239911549365], [37.6386701534238, 55.68923709921841], [37.63850104924836, 55.689235224040054], [37.638495820704556, 55.689385672801954], [37.63848957701347, 55.68956533005314], [37.63865868261274, 55.68956720525457], [37.63866492552892, 55.689387547990826], [37.638918582802894, 55.68939036033757]]]}}, {"type": "Feature", "properties": {"id": 287, "object_type": "restriction", "restriction_type": "oks"}, "geometry": {"type": "Polygon", "coordinates": [[[37.638621377776026, 55.688893725766974], [37.63861305625842, 55.68913319689431], [37.6379573913355, 55.68912592467974], [37.63796571685786, 55.68888645361731], [37.638621377776026, 55.688893725766974]]]}}, {"type": "Feature", "properties": {"id": 288, "object_type": "restriction", "restriction_type": "oks"}, "geometry": {"type": "Polygon", "coordinates": [[[37.63931181350956, 55.69012175545992], [37.639303144832176, 55.690371331947624], [37.63881596989415, 55.69036593168181], [37.63882464167287, 55.69011635524433], [37.63931181350956, 55.69012175545992]]]}}, {"type": "Feature", "properties": {"id": 289, "object_type": "restriction", "restriction_type": "oks"}, "geometry": {"type": "Polygon", "coordinates": [[[37.63838609832895, 55.69049061006272], [37.638376650565746, 55.690762427946396], [37.63784883686827, 55.69075657316524], [37.637858288291014, 55.69048475534087], [37.63838609832895, 55.69049061006272]]]}}, {"type": "Feature", "properties": {"id": 290, "object_type": "restriction", "restriction_type": "oks"}, "geometry": {"type": "Polygon", "coordinates": [[[37.638810796904984, 55.69161464680276], [37.63880608587246, 55.691750223227295], [37.63821929723844, 55.69174371626652], [37.63822401030029, 55.69160813987487], [37.638810796904984, 55.69161464680276]]]}}, {"type": "Feature", "properties": {"id": 291, "object_type": "restriction", "restriction_type": "oks"}, "geometry": {"type": "Polygon", "coordinates": [[[37.63900174550045, 55.691895945577045], [37.638996310182534, 55.69205238604163], [37.63843472972124, 55.69204615957095], [37.63844016728021, 55.69188971914268], [37.63900174550045, 55.691895945577045]]]}}, {"type": "Feature", "properties": {"id": 292, "object_type": "restriction", "restriction_type": "oks"}, "geometry": {"type": "Polygon", "coordinates": [[[37.638207731302806, 55.69261554516795], [37.63819802221404, 55.69289482256716], [37.63779227888473, 55.69289032159688], [37.6378019908641, 55.69261104424451], [37.638207731302806, 55.69261554516795]]]}}, {"type": "Feature", "properties": {"id": 293, "object_type": "restriction", "restriction_type": "oks"}, "geometry": {"type": "Polygon", "coordinates": [[[37.63821482215364, 55.69303785772191], [37.638204170754115, 55.69334423671887], [37.63762993337, 55.69333786629326], [37.63764058925758, 55.69303148736903], [37.63821482215364, 55.69303785772191]]]}}, {"type": "Feature", "properties": {"id": 294, "object_type": "restriction", "restriction_type": "oks"}, "geometry": {"type": "Polygon", "coordinates": [[[37.63911096279864, 55.6929454059891], [37.63910464982009, 55.693127114740015], [37.638472084723446, 55.693120101713134], [37.63847840063416, 55.69293839300972], [37.63911096279864, 55.6929454059891]]]}}, {"type": "Feature", "properties": {"id": 295, "object_type": "restriction", "restriction_type": "oks"}, "geometry": {"type": "Polygon", "coordinates": [[[37.63909771994604, 55.69423028089368], [37.63909239631586, 55.69438350411554], [37.63847129473586, 55.69437661826685], [37.63847662079384, 55.694223395084315], [37.63909771994604, 55.69423028089368]]]}}, {"type": "Feature", "properties": {"id": 296, "object_type": "restriction", "restriction_type": "oks"}, "geometry": {"type": "Polygon", "coordinates": [[[37.63863662546763, 55.695308567240616], [37.63864683144866, 55.69501492886557], [37.63838506924797, 55.69501202629466], [37.63821056114074, 55.69501009093746], [37.63820035189149, 55.69530372925956], [37.63819410546205, 55.69548338631442], [37.63836861567642, 55.69548532170576], [37.638374861306, 55.69530566463793], [37.63863662546763, 55.695308567240616]]]}}, {"type": "Feature", "properties": {"id": 297, "object_type": "restriction", "restriction_type": "oks"}, "geometry": {"type": "Polygon", "coordinates": [[[37.63859169599762, 55.696685664624496], [37.63858458457918, 55.6968902481384], [37.63788870981572, 55.696882530491585], [37.637895824866355, 55.696677947036534], [37.63859169599762, 55.696685664624496]]]}}, {"type": "Feature", "properties": {"id": 298, "object_type": "restriction", "restriction_type": "oks"}, "geometry": {"type": "Polygon", "coordinates": [[[37.638957956194986, 55.69765979741803], [37.63894880613499, 55.69792308994182], [37.6382844098567, 55.69791572357095], [37.63829356437992, 55.69765243111946], [37.638957956194986, 55.69765979741803]]]}}, {"type": "Feature", "properties": {"id": 299, "object_type": "restriction", "restriction_type": "oks"}, "geometry": {"type": "Polygon", "coordinates": [[[37.638360820609286, 55.698745240898496], [37.63835029938527, 55.69904784305604], [37.637647934880604, 55.6990400523068], [37.63765846152757, 55.6987374502371], [37.638360820609286, 55.698745240898496]]]}}, {"type": "Feature", "properties": {"id": 300, "object_type": "restriction", "restriction_type": "oks"}, "geometry": {"type": "Polygon", "coordinates": [[[37.63842774828024, 55.699984883169286], [37.63842165497334, 55.70016013463665], [37.637811120866836, 55.700153363173385], [37.63781721690392, 55.69997811175023], [37.63842774828024, 55.699984883169286]]]}}, {"type": "Feature", "properties": {"id": 301, "object_type": "restriction", "restriction_type": "oks"}, "geometry": {"type": "Polygon", "coordinates": [[[37.63812301146263, 55.70038404551018], [37.638115490574, 55.70060030414724], [37.63740048608828, 55.70059237195829], [37.637408010922485, 55.70037611338517], [37.63812301146263, 55.70038404551018]]]}}, {"type": "Feature", "properties": {"id": 302, "object_type": "restriction", "restriction_type": "oks"}, "geometry": {"type": "Polygon", "coordinates": [[[37.638303215990774, 55.701786077555305], [37.638311152085834, 55.70155785852459], [37.63802471486545, 55.70155468181713], [37.63783375675036, 55.701552563641094], [37.63782581787508, 55.701780782626756], [37.637819568212805, 55.701960439462944], [37.63801052831545, 55.701962557671195], [37.63801677710226, 55.701782900820824], [37.638303215990774, 55.701786077555305]]]}}, {"type": "Feature", "properties": {"id": 303, "object_type": "restriction", "restriction_type": "oks"}, "geometry": {"type": "Polygon", "coordinates": [[[37.63858717994621, 55.70097902298485], [37.63858058786106, 55.701168635004294], [37.638091444688065, 55.70116321084443], [37.63809803913989, 55.70097359886332], [37.63858717994621, 55.70097902298485]]]}}, {"type": "Feature", "properties": {"id": 304, "object_type": "restriction", "restriction_type": "oks"}, "geometry": {"type": "Polygon", "coordinates": [[[37.63853632912185, 55.7028241418208], [37.63853111646179, 55.70297406080935], [37.63784663794104, 55.70296646992379], [37.63785185321978, 55.70281655097763], [37.63853632912185, 55.7028241418208]]]}}, {"type": "Feature", "properties": {"id": 305, "object_type": "restriction", "restriction_type": "oks"}, "geometry": {"type": "Polygon", "coordinates": [[[37.63859801202208, 55.702252793239474], [37.638590490668875, 55.7024691255199], [37.63810144432908, 55.70246370257075], [37.63810896838208, 55.70224737033405], [37.63859801202208, 55.702252793239474]]]}}, {"type": "Feature", "properties": {"id": 306, "object_type": "restriction", "restriction_type": "oks"}, "geometry": {"type": "Polygon", "coordinates": [[[37.64115262493897, 55.686907120635034], [37.64114507999827, 55.68712466495098], [37.640521639554755, 55.68711776290308], [37.64052918795447, 55.68690021864308], [37.64115262493897, 55.686907120635034]]]}}, {"type": "Feature", "properties": {"id": 307, "object_type": "restriction", "restriction_type": "oks"}, "geometry": {"type": "Polygon", "coordinates": [[[37.64078893987453, 55.68662859886658], [37.640782330241805, 55.68681912646444], [37.64023566316296, 55.6868130728966], [37.640242275452046, 55.68662254534174], [37.64078893987453, 55.68662859886658]]]}}, {"type": "Feature", "properties": {"id": 308, "object_type": "restriction", "restriction_type": "oks"}, "geometry": {"type": "Polygon", "coordinates": [[[37.640669924718985, 55.687683175420425], [37.6406639024486, 55.687856749866285], [37.63998701750178, 55.68784925341374], [37.63999304276872, 55.68767567901638], [37.640669924718985, 55.687683175420425]]]}}, {"type": "Feature", "properties": {"id": 309, "object_type": "restriction", "restriction_type": "oks"}, "geometry": {"type": "Polygon", "coordinates": [[[37.64087123880277, 55.68812323244992], [37.640862787980744, 55.68836683436343], [37.64028996872992, 55.68836049164683], [37.640298423110934, 55.68811688979089], [37.64087123880277, 55.68812323244992]]]}}, {"type": "Feature", "properties": {"id": 310, "object_type": "restriction", "restriction_type": "oks"}, "geometry": {"type": "Polygon", "coordinates": [[[37.64086347110324, 55.68914500644101], [37.640857833422785, 55.689307510473334], [37.64022536497192, 55.68930050718417], [37.64023100527387, 55.68913800319425], [37.64086347110324, 55.68914500644101]]]}}, {"type": "Feature", "properties": {"id": 311, "object_type": "restriction", "restriction_type": "oks"}, "geometry": {"type": "Polygon", "coordinates": [[[37.641374194012954, 55.689444377784255], [37.64136568127407, 55.689689843170484], [37.64075333655542, 55.68968306533015], [37.64076185312817, 55.68943760000591], [37.641374194012954, 55.689444377784255]]]}}, {"type": "Feature", "properties": {"id": 312, "object_type": "restriction", "restriction_type": "oks"}, "geometry": {"type": "Polygon", "coordinates": [[[37.640967675859386, 55.690680319070005], [37.64097712242616, 55.690408016406934], [37.64073775970726, 55.69040536661266], [37.640578184583504, 55.69040359982399], [37.64056873524579, 55.69067590244223], [37.64056250075796, 55.6908555598099], [37.64072207772137, 55.69085732662833], [37.64072831147792, 55.69067766924884], [37.640967675859386, 55.690680319070005]]]}}, {"type": "Feature", "properties": {"id": 313, "object_type": "restriction", "restriction_type": "oks"}, "geometry": {"type": "Polygon", "coordinates": [[[37.64108480722072, 55.691469985635436], [37.64107482499251, 55.69175774022493], [37.64064193555587, 55.69175294814265], [37.64065192096157, 55.69146519360456], [37.64108480722072, 55.691469985635436]]]}}, {"type": "Feature", "properties": {"id": 314, "object_type": "restriction", "restriction_type": "oks"}, "geometry": {"type": "Polygon", "coordinates": [[[37.641172174172716, 55.692075022408595], [37.64116745800265, 55.69221098028016], [37.640563707093165, 55.69220429683995], [37.640568425357124, 55.69206833900227], [37.641172174172716, 55.692075022408595]]]}}, {"type": "Feature", "properties": {"id": 315, "object_type": "restriction", "restriction_type": "oks"}, "geometry": {"type": "Polygon", "coordinates": [[[37.64133046743059, 55.69274448193339], [37.64132524589502, 55.69289502218013], [37.64074267386498, 55.69288857404726], [37.64074789763776, 55.69273803383669], [37.64133046743059, 55.69274448193339]]]}}, {"type": "Feature", "properties": {"id": 316, "object_type": "restriction", "restriction_type": "oks"}, "geometry": {"type": "Polygon", "coordinates": [[[37.64031501810387, 55.69250951516494], [37.64030466259846, 55.692807849271915], [37.639771435849134, 55.692801942977816], [37.639781795412574, 55.692503608936505], [37.64031501810387, 55.69250951516494]]]}}, {"type": "Feature", "properties": {"id": 317, "object_type": "restriction", "restriction_type": "oks"}, "geometry": {"type": "Polygon", "coordinates": [[[37.640569622140255, 55.69412240480535], [37.640561600772166, 55.694353523991694], [37.64006863112981, 55.694348064835204], [37.640076655404485, 55.69411694569588], [37.640569622140255, 55.69412240480535]]]}}, {"type": "Feature", "properties": {"id": 318, "object_type": "restriction", "restriction_type": "oks"}, "geometry": {"type": "Polygon", "coordinates": [[[37.64064364625801, 55.69535738587154], [37.64064893970853, 55.69520486293333], [37.64031012751076, 55.69520111141766], [37.6400842527567, 55.69519860988799], [37.6400789571089, 55.695351132790634], [37.64007271928374, 55.69553078998413], [37.640298595952, 55.69553329154477], [37.64030483274186, 55.695353634334516], [37.64064364625801, 55.69535738587154]]]}}, {"type": "Feature", "properties": {"id": 319, "object_type": "restriction", "restriction_type": "oks"}, "geometry": {"type": "Polygon", "coordinates": [[[37.64118848366708, 55.6955691975822], [37.64118023109962, 55.69580707364745], [37.64060405519902, 55.695800695899614], [37.640612311263176, 55.69556281989091], [37.64118848366708, 55.6955691975822]]]}}, {"type": "Feature", "properties": {"id": 320, "object_type": "restriction", "restriction_type": "oks"}, "geometry": {"type": "Polygon", "coordinates": [[[37.64086652998255, 55.69653929234942], [37.64085624831515, 55.696835574606695], [37.64021453168858, 55.69682846961756], [37.64022481820681, 55.696532187438734], [37.64086652998255, 55.69653929234942]]]}}, {"type": "Feature", "properties": {"id": 321, "object_type": "restriction", "restriction_type": "oks"}, "geometry": {"type": "Polygon", "coordinates": [[[37.641126515916575, 55.69787946324326], [37.641137363780885, 55.697566815054266], [37.640742167447954, 55.6975624408466], [37.64047870328648, 55.69755952400178], [37.640467850168015, 55.69787217210582], [37.640461613537774, 55.69805182925404], [37.64072508100862, 55.698054746152394], [37.64073131643116, 55.69787508898463], [37.641126515916575, 55.69787946324326]]]}}, {"type": "Feature", "properties": {"id": 322, "object_type": "restriction", "restriction_type": "oks"}, "geometry": {"type": "Polygon", "coordinates": [[[37.640573972586175, 55.6991269798951], [37.64056903137807, 55.69926932468841], [37.63996889029097, 55.69926267893762], [37.63997383367881, 55.699120334179575], [37.640573972586175, 55.6991269798951]]]}}, {"type": "Feature", "properties": {"id": 323, "object_type": "restriction", "restriction_type": "oks"}, "geometry": {"type": "Polygon", "coordinates": [[[37.64005444777872, 55.69870298505854], [37.64004545964518, 55.698961816648826], [37.63955023024003, 55.698956330729], [37.63955922164415, 55.69869749919164], [37.64005444777872, 55.69870298505854]]]}}, {"type": "Feature", "properties": {"id": 324, "object_type": "restriction", "restriction_type": "oks"}, "geometry": {"type": "Polygon", "coordinates": [[[37.640883166324606, 55.6986430152608], [37.640874835225546, 55.698883073230746], [37.640209280252364, 55.69887570455118], [37.64021761542806, 55.698635646647176], [37.640883166324606, 55.6986430152608]]]}}, {"type": "Feature", "properties": {"id": 325, "object_type": "restriction", "restriction_type": "oks"}, "geometry": {"type": "Polygon", "coordinates": [[[37.64022694701315, 55.69981715552263], [37.64021970384199, 55.70002575543339], [37.63963928939775, 55.70001932659033], [37.63964653565829, 55.69981072672957], [37.64022694701315, 55.69981715552263]]]}}, {"type": "Feature", "properties": {"id": 326, "object_type": "restriction", "restriction_type": "oks"}, "geometry": {"type": "Polygon", "coordinates": [[[37.64013654101742, 55.700914699663464], [37.64012682957637, 55.70119435381261], [37.63953413792182, 55.701187788611215], [37.63954385359235, 55.70090813453051], [37.64013654101742, 55.700914699663464]]]}}, {"type": "Feature", "properties": {"id": 327, "object_type": "restriction", "restriction_type": "oks"}, "geometry": {"type": "Polygon", "coordinates": [[[37.64002578792839, 55.70158487015191], [37.64001944476403, 55.70176751127031], [37.63956786902626, 55.70176250910355], [37.63957421429526, 55.70157986801921], [37.64002578792839, 55.70158487015191]]]}}, {"type": "Feature", "properties": {"id": 328, "object_type": "restriction", "restriction_type": "oks"}, "geometry": {"type": "Polygon", "coordinates": [[[37.63991314818749, 55.70225952293523], [37.639904574117935, 55.702506372129946], [37.63944591484761, 55.702501291107225], [37.63945449180639, 55.70225444195927], [37.63991314818749, 55.70225952293523]]]}}, {"type": "Feature", "properties": {"id": 329, "object_type": "restriction", "restriction_type": "oks"}, "geometry": {"type": "Polygon", "coordinates": [[[37.64306520731353, 55.687163915284], [37.64307495054339, 55.68688258956692], [37.64266491848207, 55.68687805693165], [37.64239156383953, 55.68687503441425], [37.64238181570638, 55.68715636005213], [37.642375590352145, 55.68733601765836], [37.642648948208546, 55.68733904022767], [37.642655172310235, 55.6871593826012], [37.64306520731353, 55.687163915284]]]}}, {"type": "Feature", "properties": {"id": 330, "object_type": "restriction", "restriction_type": "metro"}, "geometry": {"type": "Polygon", "coordinates": [[[37.64289195408399, 55.68779901618589], [37.64287950768336, 55.688158331430614], [37.64224344350536, 55.68815129868338], [37.642255895735076, 55.68779198353283], [37.64289195408399, 55.68779901618589]]]}}, {"type": "Feature", "properties": {"id": 331, "object_type": "restriction", "restriction_type": "oks"}, "geometry": {"type": "Polygon", "coordinates": [[[37.64306105031382, 55.68820941778113], [37.6430538104767, 55.6884184485216], [37.642470274845216, 55.68841199754159], [37.642477517793395, 55.68820296685137], [37.64306105031382, 55.68820941778113]]]}}, {"type": "Feature", "properties": {"id": 332, "object_type": "restriction", "restriction_type": "oks"}, "geometry": {"type": "Polygon", "coordinates": [[[37.642578945056115, 55.68779710730888], [37.64256887229518, 55.6880878315008], [37.642164200584986, 55.68808335653504], [37.64217427634652, 55.6877926323916], [37.642578945056115, 55.68779710730888]]]}}, {"type": "Feature", "properties": {"id": 333, "object_type": "restriction", "restriction_type": "oks"}, "geometry": {"type": "Polygon", "coordinates": [[[37.64357795201098, 55.68801495363322], [37.64357323949546, 55.68815106796691], [37.64305516220018, 55.68814534293794], [37.64305987651426, 55.68800922863329], [37.64357795201098, 55.68801495363322]]]}}, {"type": "Feature", "properties": {"id": 334, "object_type": "restriction", "restriction_type": "oks"}, "geometry": {"type": "Polygon", "coordinates": [[[37.643171797637095, 55.68914468468593], [37.643161450122456, 55.689443454263156], [37.64262959484283, 55.689437575270354], [37.64263994641047, 55.68913880575858], [37.643171797637095, 55.68914468468593]]]}}, {"type": "Feature", "properties": {"id": 335, "object_type": "restriction", "restriction_type": "oks"}, "geometry": {"type": "Polygon", "coordinates": [[[37.642671211218186, 55.69067826573288], [37.64267668818646, 55.69052019134355], [37.642392006909624, 55.690517043758184], [37.642202219423076, 55.69051494500134], [37.6421967405417, 55.69067301935976], [37.64219051351934, 55.690852676848664], [37.642380302640866, 55.69085477563193], [37.64238652879349, 55.69067511812897], [37.642671211218186, 55.69067826573288]]]}}, {"type": "Feature", "properties": {"id": 336, "object_type": "restriction", "restriction_type": "oks"}, "geometry": {"type": "Polygon", "coordinates": [[[37.64285325594023, 55.692209962304254], [37.64286242098734, 55.69194542269186], [37.642556523646135, 55.69194204103344], [37.64235259212152, 55.69193978617125], [37.642343423634, 55.69220432572807], [37.64233719692731, 55.69238398318278], [37.6425411307627, 55.6923862380823], [37.64254735653478, 55.692206580612506], [37.64285325594023, 55.692209962304254]]]}}, {"type": "Feature", "properties": {"id": 337, "object_type": "restriction", "restriction_type": "oks"}, "geometry": {"type": "Polygon", "coordinates": [[[37.64300326206429, 55.691447836617655], [37.64299267622012, 55.69175342311418], [37.642528924089476, 55.69174829657033], [37.64253951354862, 55.69144271013219], [37.64300326206429, 55.691447836617655]]]}}, {"type": "Feature", "properties": {"id": 338, "object_type": "restriction", "restriction_type": "oks"}, "geometry": {"type": "Polygon", "coordinates": [[[37.64298244149815, 55.69286786478669], [37.642974445843286, 55.693098663761155], [37.64226197275763, 55.69309078705178], [37.642269972607274, 55.692859988145074], [37.64298244149815, 55.69286786478669]]]}}, {"type": "Feature", "properties": {"id": 339, "object_type": "restriction", "restriction_type": "oks"}, "geometry": {"type": "Polygon", "coordinates": [[[37.643323437960795, 55.69253178409043], [37.643314191997604, 55.69279874407804], [37.64264565456062, 55.692791355036746], [37.642654905076554, 55.692524395122646], [37.643323437960795, 55.69253178409043]]]}}, {"type": "Feature", "properties": {"id": 340, "object_type": "restriction", "restriction_type": "oks"}, "geometry": {"type": "Polygon", "coordinates": [[[37.642472406038564, 55.694089903960574], [37.6424636094603, 55.69434371474852], [37.64196389040998, 55.6943381885785], [37.64197269022391, 55.69408437784283], [37.642472406038564, 55.694089903960574]]]}}, {"type": "Feature", "properties": {"id": 341, "object_type": "restriction", "restriction_type": "oks"}, "geometry": {"type": "Polygon", "coordinates": [[[37.64271008565778, 55.69375678942452], [37.642702301637144, 55.69398142689333], [37.6421897224117, 55.693975759450055], [37.64219750936975, 55.69375112202871], [37.64271008565778, 55.69375678942452]]]}}, {"type": "Feature", "properties": {"id": 342, "object_type": "restriction", "restriction_type": "oks"}, "geometry": {"type": "Polygon", "coordinates": [[[37.64276445077319, 55.69514716208011], [37.64275469649645, 55.695428654827765], [37.64226529163214, 55.6954232439799], [37.6422750494235, 55.69514175128902], [37.64276445077319, 55.69514716208011]]]}}, {"type": "Feature", "properties": {"id": 343, "object_type": "restriction", "restriction_type": "oks"}, "geometry": {"type": "Polygon", "coordinates": [[[37.64317243388672, 55.696630532525525], [37.643165484347804, 55.696831134698435], [37.64271174495185, 55.69682611984858], [37.64271869681303, 55.69662551771318], [37.64317243388672, 55.696630532525525]]]}}, {"type": "Feature", "properties": {"id": 344, "object_type": "restriction", "restriction_type": "oks"}, "geometry": {"type": "Polygon", "coordinates": [[[37.64334017018616, 55.69619640139558], [37.643333010377326, 55.69640310201904], [37.64261730670499, 55.69639519203582], [37.642624470288126, 55.6961884914733], [37.64334017018616, 55.69619640139558]]]}}, {"type": "Feature", "properties": {"id": 345, "object_type": "restriction", "restriction_type": "oks"}, "geometry": {"type": "Polygon", "coordinates": [[[37.64310123806351, 55.69762056138152], [37.6431104754146, 55.69735394026934], [37.642697696333364, 55.69734937804069], [37.6424225103451, 55.697346335784275], [37.64241326831403, 55.697612956820876], [37.64240704066684, 55.69779261412152], [37.64268222978853, 55.69779565642853], [37.64268845617429, 55.69761599910753], [37.64310123806351, 55.69762056138152]]]}}, {"type": "Feature", "properties": {"id": 346, "object_type": "restriction", "restriction_type": "oks"}, "geometry": {"type": "Polygon", "coordinates": [[[37.642526842984864, 55.69908006340622], [37.64253597627513, 55.698816571914264], [37.642188559212656, 55.698812730641265], [37.64195694788436, 55.6988101692467], [37.641947810701204, 55.69907366067578], [37.64194158057855, 55.69925331789877], [37.64217319452574, 55.69925587933564], [37.64217942358665, 55.69907622209549], [37.642526842984864, 55.69908006340622]]]}}, {"type": "Feature", "properties": {"id": 347, "object_type": "restriction", "restriction_type": "oks"}, "geometry": {"type": "Polygon", "coordinates": [[[37.64288781301231, 55.700179976769704], [37.64287769491505, 55.700471939994586], [37.642193370335995, 55.70046437478756], [37.64220349353145, 55.700172411645], [37.64288781301231, 55.700179976769704]]]}}, {"type": "Feature", "properties": {"id": 348, "object_type": "restriction", "restriction_type": "oks"}, "geometry": {"type": "Polygon", "coordinates": [[[37.642753366050066, 55.70120077403903], [37.64274732094948, 55.701375185386254], [37.6421538852853, 55.701368624627186], [37.642159933027024, 55.70119421332261], [37.642753366050066, 55.70120077403903]]]}}, {"type": "Feature", "properties": {"id": 349, "object_type": "restriction", "restriction_type": "oks"}, "geometry": {"type": "Polygon", "coordinates": [[[37.64290123034967, 55.70158283425316], [37.6428952781685, 55.701754580983845], [37.64228234866364, 55.701747805435176], [37.64228830353107, 55.701576058747875], [37.64290123034967, 55.70158283425316]]]}}, {"type": "Feature", "properties": {"id": 350, "object_type": "restriction", "restriction_type": "oks"}, "geometry": {"type": "Polygon", "coordinates": [[[37.642898693939095, 55.70277932614379], [37.642893751927, 55.70292191848186], [37.642253654882175, 55.70291484264831], [37.642258599223496, 55.702772250347856], [37.642898693939095, 55.70277932614379]]]}}, {"type": "Feature", "properties": {"id": 351, "object_type": "restriction", "restriction_type": "oks"}, "geometry": {"type": "Polygon", "coordinates": [[[37.642193663007994, 55.70240357359312], [37.64218743516726, 55.70258317505394], [37.64161669738815, 55.70257686278717], [37.64162292784471, 55.702397261368596], [37.642193663007994, 55.70240357359312]]]}}, {"type": "Feature", "properties": {"id": 352, "object_type": "restriction", "restriction_type": "oks"}, "geometry": {"type": "Polygon", "coordinates": [[[37.6455512929582, 55.68689343594575], [37.64554578283302, 55.68705282666844], [37.64494582983966, 55.687046206212216], [37.64495134240372, 55.68688681552885], [37.6455512929582, 55.68689343594575]]]}}, {"type": "Feature", "properties": {"id": 353, "object_type": "restriction", "restriction_type": "oks"}, "geometry": {"type": "Polygon", "coordinates": [[[37.64478270698727, 55.68697327074271], [37.64477366129137, 55.687234784409874], [37.644222594807495, 55.687228700072204], [37.64423164417884, 55.68696718646433], [37.64478270698727, 55.68697327074271]]]}}, {"type": "Feature", "properties": {"id": 354, "object_type": "restriction", "restriction_type": "oks"}, "geometry": {"type": "Polygon", "coordinates": [[[37.6457112099827, 55.68801675720255], [37.64571772681341, 55.68782822925444], [37.64541213939479, 55.687824857940754], [37.64520841448508, 55.68782260997587], [37.64520189520538, 55.6880111378845], [37.645195682581445, 55.68819079567506], [37.64539940940427, 55.688193043670786], [37.64540562109469, 55.68801338586518], [37.6457112099827, 55.68801675720255]]]}}, {"type": "Feature", "properties": {"id": 355, "object_type": "restriction", "restriction_type": "oks"}, "geometry": {"type": "Polygon", "coordinates": [[[37.64568374244378, 55.68930945615285], [37.6456886699562, 55.68916691624243], [37.64535728263671, 55.68916326025215], [37.645136357799416, 55.68916082242856], [37.645131428278965, 55.68930336230661], [37.64512521503143, 55.68948302005388], [37.64534614168431, 55.68948545790675], [37.64535235391946, 55.68930580014315], [37.64568374244378, 55.68930945615285]]]}}, {"type": "Feature", "properties": {"id": 356, "object_type": "restriction", "restriction_type": "oks"}, "geometry": {"type": "Polygon", "coordinates": [[[37.64500631512404, 55.68930757056277], [37.644998117924146, 55.689544572473395], [37.6444590109143, 55.689538621382155], [37.64446721137314, 55.689301619524066], [37.64500631512404, 55.68930757056277]]]}}, {"type": "Feature", "properties": {"id": 357, "object_type": "restriction", "restriction_type": "oks"}, "geometry": {"type": "Polygon", "coordinates": [[[37.64488257777074, 55.69086800342719], [37.64489190253701, 55.690598436834094], [37.644464034322205, 55.69059371357722], [37.644178788916356, 55.690590563911194], [37.64416945924667, 55.6908601304252], [37.64416324122616, 55.691039788055186], [37.644448489900576, 55.691042937773936], [37.64445470661388, 55.690863280122855], [37.64488257777074, 55.69086800342719]]]}}, {"type": "Feature", "properties": {"id": 358, "object_type": "restriction", "restriction_type": "oks"}, "geometry": {"type": "Polygon", "coordinates": [[[37.64525899213351, 55.69013201225257], [37.64525315324052, 55.69030085613694], [37.64471748092943, 55.69029494414288], [37.64472332212942, 55.69012610029569], [37.64525899213351, 55.69013201225257]]]}}, {"type": "Feature", "properties": {"id": 359, "object_type": "restriction", "restriction_type": "oks"}, "geometry": {"type": "Polygon", "coordinates": [[[37.645397956670564, 55.69181359743663], [37.64538948665592, 55.69205853480518], [37.644900948762036, 55.69205314378127], [37.6449094218291, 55.69180820646193], [37.645397956670564, 55.69181359743663]]]}}, {"type": "Feature", "properties": {"id": 360, "object_type": "restriction", "restriction_type": "oks"}, "geometry": {"type": "Polygon", "coordinates": [[[37.645463012539764, 55.69135194631873], [37.64545786794065, 55.69150072891957], [37.64485257739828, 55.69149404952617], [37.644857724294596, 55.691345266962365], [37.645463012539764, 55.69135194631873]]]}}, {"type": "Feature", "properties": {"id": 361, "object_type": "restriction", "restriction_type": "oks"}, "geometry": {"type": "Polygon", "coordinates": [[[37.64483378488309, 55.693140919761746], [37.64482709281089, 55.69333435234412], [37.64419338589299, 55.69332735622187], [37.644200081092194, 55.693133923689956], [37.64483378488309, 55.693140919761746]]]}}, {"type": "Feature", "properties": {"id": 362, "object_type": "restriction", "restriction_type": "oks"}, "geometry": {"type": "Polygon", "coordinates": [[[37.64515931625199, 55.69280376921336], [37.645152365802474, 55.69300472091283], [37.64465294366987, 55.69299920886598], [37.644659896679535, 55.692798257207805], [37.64515931625199, 55.69280376921336]]]}}, {"type": "Feature", "properties": {"id": 363, "object_type": "restriction", "restriction_type": "oks"}, "geometry": {"type": "Polygon", "coordinates": [[[37.64474975686444, 55.694066982124504], [37.6447447805852, 55.694210806459836], [37.64421892118301, 55.69420500092234], [37.64422389939168, 55.69406117661813], [37.64474975686444, 55.694066982124504]]]}}, {"type": "Feature", "properties": {"id": 364, "object_type": "restriction", "restriction_type": "oks"}, "geometry": {"type": "Polygon", "coordinates": [[[37.645466403403724, 55.694039502825476], [37.645455661167546, 55.694350137755976], [37.64493038396571, 55.69434434170079], [37.644941130364494, 55.694033706837395], [37.645466403403724, 55.694039502825476]]]}}, {"type": "Feature", "properties": {"id": 365, "object_type": "restriction", "restriction_type": "oks"}, "geometry": {"type": "Polygon", "coordinates": [[[37.64539449986351, 55.695740171669094], [37.645404384358976, 55.69545436823267], [37.64516528075193, 55.69545173011583], [37.64500587836931, 55.69544997111269], [37.6449959909681, 55.695735774502275], [37.64498977560319, 55.69591543205005], [37.64514917987876, 55.69591719108371], [37.64515539451302, 55.69573753352416], [37.64539449986351, 55.695740171669094]]]}}, {"type": "Feature", "properties": {"id": 366, "object_type": "restriction", "restriction_type": "oks"}, "geometry": {"type": "Polygon", "coordinates": [[[37.64487696796227, 55.6965628987599], [37.6448704675308, 55.696750773866796], [37.64442052328204, 55.69674580721358], [37.64442702587023, 55.696557932141474], [37.64487696796227, 55.6965628987599]]]}}, {"type": "Feature", "properties": {"id": 367, "object_type": "restriction", "restriction_type": "oks"}, "geometry": {"type": "Polygon", "coordinates": [[[37.645001060142505, 55.69788791946128], [37.6450098146402, 55.69763488336176], [37.64470795271158, 55.69763155186212], [37.64450671146102, 55.69762933045025], [37.64449795371523, 55.69788236649739], [37.64449173556661, 55.69806202394499], [37.644692979038894, 55.6980642453927], [37.64469919626503, 55.697884587930226], [37.645001060142505, 55.69788791946128]]]}}, {"type": "Feature", "properties": {"id": 368, "object_type": "restriction", "restriction_type": "oks"}, "geometry": {"type": "Polygon", "coordinates": [[[37.64483397966133, 55.69874765819805], [37.64482782353911, 55.69892556189343], [37.64431565031218, 55.69891990819514], [37.64432180875931, 55.69874200453727], [37.64483397966133, 55.69874765819805]]]}}, {"type": "Feature", "properties": {"id": 369, "object_type": "restriction", "restriction_type": "oks"}, "geometry": {"type": "Polygon", "coordinates": [[[37.644518482326035, 55.69901582773074], [37.644507795913995, 55.69932457444449], [37.644037850464734, 55.699319385767744], [37.64404854057896, 55.69901063911373], [37.644518482326035, 55.69901582773074]]]}}, {"type": "Feature", "properties": {"id": 370, "object_type": "restriction", "restriction_type": "oks"}, "geometry": {"type": "Polygon", "coordinates": [[[37.644571760475365, 55.70015240795947], [37.64456365161583, 55.70038668500771], [37.64401033255839, 55.70038057595467], [37.64401844472567, 55.70014629895977], [37.644571760475365, 55.70015240795947]]]}}, {"type": "Feature", "properties": {"id": 371, "object_type": "restriction", "restriction_type": "oks"}, "geometry": {"type": "Polygon", "coordinates": [[[37.64493284503842, 55.69981214436764], [37.644924992310784, 55.70003908481774], [37.64449137703627, 55.700034298848315], [37.644499232274846, 55.6998073584387], [37.64493284503842, 55.69981214436764]]]}}, {"type": "Feature", "properties": {"id": 372, "object_type": "restriction", "restriction_type": "oks"}, "geometry": {"type": "Polygon", "coordinates": [[[37.645038855280234, 55.701351035064704], [37.64503133341444, 55.70156841825038], [37.64446976438773, 55.70156222033336], [37.64447728936865, 55.7013448371979], [37.645038855280234, 55.701351035064704]]]}}, {"type": "Feature", "properties": {"id": 373, "object_type": "restriction", "restriction_type": "oks"}, "geometry": {"type": "Polygon", "coordinates": [[[37.6448950940638, 55.70103039071646], [37.64488923980006, 55.701199564264044], [37.64418362171483, 55.70119177523786], [37.64418947902467, 55.70102260173938], [37.6448950940638, 55.70103039071646]]]}}, {"type": "Feature", "properties": {"id": 374, "object_type": "restriction", "restriction_type": "oks"}, "geometry": {"type": "Polygon", "coordinates": [[[37.644899655806086, 55.70301606675486], [37.64490984382185, 55.70272167531779], [37.64458991622688, 55.70271814439995], [37.644376631203095, 55.702715789991835], [37.64436643918145, 55.70301018136432], [37.64436021923571, 55.70318983865115], [37.64457350683972, 55.70319219310088], [37.64457972580759, 55.70301253579829], [37.644899655806086, 55.70301606675486]]]}}, {"type": "Feature", "properties": {"id": 375, "object_type": "restriction", "restriction_type": "oks"}, "geometry": {"type": "Polygon", "coordinates": [[[37.645210942080915, 55.70227343889229], [37.64520057699772, 55.70257301843407], [37.64462378501567, 55.70256665335225], [37.644634154508395, 55.70226707388154], [37.645210942080915, 55.70227343889229]]]}}, {"type": "Feature", "properties": {"id": 376, "object_type": "restriction", "restriction_type": "tram_tracks"}, "geometry": {"type": "Polygon", "coordinates": [[[37.62061960652344, 55.686041088403236], [37.62002159094685, 55.70301855565477], [37.6199261460137, 55.703017483005226], [37.6205242029195, 55.68604001643221], [37.62061960652344, 55.686041088403236]]]}}, {"type": "Feature", "properties": {"id": 377, "object_type": "restriction", "restriction_type": "gas_pipeline"}, "geometry": {"type": "LineString", "coordinates": [[37.61606820513349, 55.68970123109091], [37.646123409078996, 55.69003634138793]]}}, {"type": "Feature", "properties": {"id": 378, "object_type": "restriction", "restriction_type": "power_cable"}, "geometry": {"type": "LineString", "coordinates": [[37.61598569377929, 55.69203675286304], [37.64604268829597, 55.69237189232976]]}}, {"type": "Feature", "properties": {"id": 379, "object_type": "restriction", "restriction_type": "water"}, "geometry": {"type": "Polygon", "coordinates": [[[37.61578569890076, 55.684189408107756], [37.61505854859834, 55.704759947846945], [37.6136268146137, 55.70474379213355], [37.614354716048254, 55.684173264775616], [37.61578569890076, 55.684189408107756]]]}}, {"type": "Feature", "properties": {"id": 380, "object_type": "restriction", "restriction_type": "railway"}, "geometry": {"type": "Polygon", "coordinates": [[[37.64945655809596, 55.68564280011485], [37.64944417288953, 55.68600211646018], [37.61303185877258, 55.685596144925505], [37.61304457763886, 55.68523683401608], [37.64945655809596, 55.68564280011485]]]}}, {"type": "Feature", "properties": {"id": 381, "object_type": "source", "name": "ТЭЦ синт."}, "geometry": {"type": "Point", "coordinates": [37.643403027266594, 55.7038182673515]}}, {"type": "Feature", "properties": {"id": 382, "object_type": "heat_network", "diameter": 500}, "geometry": {"type": "LineString", "coordinates": [[37.643403027266594, 55.7038182673515], [37.643423879007976, 55.703216415718146]]}}, {"type": "Feature", "properties": {"id": 383, "object_type": "heat_chamber"}, "geometry": {"type": "Point", "coordinates": [37.643423879007976, 55.703216415718146]}}, {"type": "Feature", "properties": {"id": 384, "object_type": "heat_network", "diameter": 500}, "geometry": {"type": "LineString", "coordinates": [[37.643423879007976, 55.703216415718146], [37.64346558011997, 55.702012712257755]]}}, {"type": "Feature", "properties": {"id": 385, "object_type": "heat_network", "diameter": 500}, "geometry": {"type": "LineString", "coordinates": [[37.64346558011997, 55.702012712257755], [37.64350727807123, 55.700809008539125]]}}, {"type": "Feature", "properties": {"id": 386, "object_type": "heat_chamber"}, "geometry": {"type": "Point", "coordinates": [37.64350727807123, 55.700809008539125]}}, {"type": "Feature", "properties": {"id": 387, "object_type": "heat_network", "diameter": 500}, "geometry": {"type": "LineString", "coordinates": [[37.64350727807123, 55.700809008539125], [37.64354897286208, 55.699605304562276]]}}, {"type": "Feature", "properties": {"id": 388, "object_type": "heat_network", "diameter": 500}, "geometry": {"type": "LineString", "coordinates": [[37.64354897286208, 55.699605304562276], [37.643590664492834, 55.69840160032717]]}}, {"type": "Feature", "properties": {"id": 389, "object_type": "heat_chamber"}, "geometry": {"type": "Point", "coordinates": [37.643590664492834, 55.69840160032717]}}, {"type": "Feature", "properties": {"id": 390, "object_type": "heat_network", "diameter": 500}, "geometry": {"type": "LineString", "coordinates": [[37.643590664492834, 55.69840160032717], [37.64363235296384, 55.69719789583383]]}}, {"type": "Feature", "properties": {"id": 391, "object_type": "heat_network", "diameter": 500}, "geometry": {"type": "LineString", "coordinates": [[37.64363235296384, 55.69719789583383], [37.64367403827541, 55.69599419108225]]}}, {"type": "Feature", "properties": {"id": 392, "object_type": "heat_chamber"}, "geometry": {"type": "Point", "coordinates": [37.64367403827541, 55.69599419108225]}}, {"type": "Feature", "properties": {"id": 393, "object_type": "heat_network", "diameter": 400}, "geometry": {"type": "LineString", "coordinates": [[37.64367403827541, 55.69599419108225], [37.64371572042788, 55.694790486072435]]}}, {"type": "Feature", "properties": {"id": 394, "object_type": "heat_network", "diameter": 400}, "geometry": {"type": "LineString", "coordinates": [[37.64371572042788, 55.694790486072435], [37.643757399421574, 55.69358678080437]]}}, {"type": "Feature", "properties": {"id": 395, "object_type": "heat_chamber"}, "geometry": {"type": "Point", "coordinates": [37.643757399421574, 55.69358678080437]}}, {"type": "Feature", "properties": {"id": 396, "object_type": "heat_network", "diameter": 400}, "geometry": {"type": "LineString", "coordinates": [[37.643757399421574, 55.69358678080437], [37.64379907525683, 55.692383075278045]]}}, {"type": "Feature", "properties": {"id": 397, "object_type": "heat_network", "diameter": 400}, "geometry": {"type": "LineString", "coordinates": [[37.64379907525683, 55.692383075278045], [37.64384074793396, 55.69117936949348]]}}, {"type": "Feature", "properties": {"id": 398, "object_type": "heat_chamber"}, "geometry": {"type": "Point", "coordinates": [37.64384074793396, 55.69117936949348]}}, {"type": "Feature", "properties": {"id": 399, "object_type": "heat_network", "diameter": 400}, "geometry": {"type": "LineString", "coordinates": [[37.64384074793396, 55.69117936949348], [37.6438824174533, 55.68997566345067]]}}, {"type": "Feature", "properties": {"id": 400, "object_type": "heat_network", "diameter": 400}, "geometry": {"type": "LineString", "coordinates": [[37.6438824174533, 55.68997566345067], [37.64392408381517, 55.6887719571496]]}}, {"type": "Feature", "properties": {"id": 401, "object_type": "heat_chamber"}, "geometry": {"type": "Point", "coordinates": [37.64392408381517, 55.6887719571496]}}, {"type": "Feature", "properties": {"id": 402, "object_type": "heat_network", "diameter": 400}, "geometry": {"type": "LineString", "coordinates": [[37.64392408381517, 55.6887719571496], [37.64396574701991, 55.687568250590274]]}}, {"type": "Feature", "properties": {"id": 403, "object_type": "heat_network", "diameter": 400}, "geometry": {"type": "LineString", "coordinates": [[37.64396574701991, 55.687568250590274], [37.644007407067846, 55.68636454377269]]}}, {"type": "Feature", "properties": {"id": 404, "object_type": "heat_chamber"}, "geometry": {"type": "Point", "coordinates": [37.644007407067846, 55.68636454377269]}}, {"type": "Feature", "properties": {"id": 405, "object_type": "heat_network", "diameter": 300}, "geometry": {"type": "LineString", "coordinates": [[37.64371572042788, 55.694790486072435], [37.63732220390245, 55.6947196951451]]}}, {"type": "Feature", "properties": {"id": 406, "object_type": "heat_chamber"}, "geometry": {"type": "Point", "coordinates": [37.63732220390245, 55.6947196951451]}}, {"type": "Feature", "properties": {"id": 407, "object_type": "oks_connection_point", "flow_tph": 10.62}, "geometry": {"type": "Point", "coordinates": [37.629620295986676, 55.702643508279145]}}, {"type": "Feature", "properties": {"id": 408, "object_type": "oks_connection_point", "flow_tph": 63.98}, "geometry": {"type": "Point", "coordinates": [37.61766113931318, 55.68884349664067]}}, {"type": "Feature", "properties": {"id": 409, "object_type": "oks_connection_point", "flow_tph": 64.06}, "geometry": {"type": "Point", "coordinates": [37.6276708614611, 55.68816415543578]}}, {"type": "Feature", "properties": {"id": 410, "object_type": "oks_connection_point", "flow_tph": 21.33}, "geometry": {"type": "Point", "coordinates": [37.62123924954503, 55.692427360952586]}}, {"type": "Feature", "properties": {"id": 411, "object_type": "oks_connection_point", "flow_tph": 64.35}, "geometry": {"type": "Point", "coordinates": [37.62601430309342, 55.69872047776924]}}, {"type": "Feature", "properties": {"id": 412, "object_type": "oks_connection_point", "flow_tph": 13.87}, "geometry": {"type": "Point", "coordinates": [37.63218090891668, 55.6988562946104]}}, {"type": "Feature", "properties": {"id": 413, "object_type": "oks_connection_point", "flow_tph": 8.55}, "geometry": {"type": "Point", "coordinates": [37.638423592494114, 55.69515932927141]}}, {"type": "Feature", "properties": {"id": 414, "object_type": "oks_connection_point", "flow_tph": 77.15}, "geometry": {"type": "Point", "coordinates": [37.638068485669876, 55.70166932082002]}}, {"type": "Feature", "properties": {"id": 415, "object_type": "oks_connection_point", "flow_tph": 29.3}, "geometry": {"type": "Point", "coordinates": [37.632376251455085, 55.69178265615204]}}, {"type": "Feature", "properties": {"id": 416, "object_type": "oks_connection_point", "flow_tph": 30.92}, "geometry": {"type": "Point", "coordinates": [37.63813952976229, 55.68704632695452]}}, {"type": "Feature", "properties": {"id": 417, "object_type": "oks_connection_point", "flow_tph": 68.7}, "geometry": {"type": "Point", "coordinates": [37.61717648637583, 55.69989900460491]}}, {"type": "Feature", "properties": {"id": 418, "object_type": "oks_connection_point", "flow_tph": 21.88}, "geometry": {"type": "Point", "coordinates": [37.642978739356245, 55.69629579725318]}}, {"type": "Feature", "properties": {"id": 419, "object_type": "oks_connection_point", "flow_tph": 70.21}, "geometry": {"type": "Point", "coordinates": [37.63163111861665, 55.689163930828585]}}, {"type": "Feature", "properties": {"id": 420, "object_type": "oks_connection_point", "flow_tph": 58.11}, "geometry": {"type": "Point", "coordinates": [37.618708196963645, 55.699655092866465]}}, {"type": "Feature", "properties": {"id": 421, "object_type": "oks_connection_point", "flow_tph": 28.75}, "geometry": {"type": "Point", "coordinates": [37.644753884985185, 55.69775862520168]}}, {"type": "Feature", "properties": {"id": 422, "object_type": "oks_connection_point", "flow_tph": 57.23}, "geometry": {"type": "Point", "coordinates": [37.64103657118372, 55.69281652834527]}}, {"type": "Feature", "properties": {"id": 423, "object_type": "oks_connection_point", "flow_tph": 54.72}, "geometry": {"type": "Point", "coordinates": [37.62923508346095, 55.697804482325445]}}, {"type": "Feature", "properties": {"id": 424, "object_type": "oks_connection_point", "flow_tph": 71.04}, "geometry": {"type": "Point", "coordinates": [37.64294208999292, 55.69672832640684]}}, {"type": "Feature", "properties": {"id": 425, "object_type": "oks_connection_point", "flow_tph": 63.26}, "geometry": {"type": "Point", "coordinates": [37.62127568127696, 55.689448437257546]}}, {"type": "Feature", "properties": {"id": 426, "object_type": "oks_connection_point", "flow_tph": 41.79}, "geometry": {"type": "Point", "coordinates": [37.616711633470324, 55.69608837023249]}}, {"type": "Feature", "properties": {"id": 427, "object_type": "oks_connection_point", "flow_tph": 71.85}, "geometry": {"type": "Point", "coordinates": [37.62547268064126, 55.700317598389944]}}, {"type": "Feature", "properties": {"id": 428, "object_type": "oks_connection_point", "flow_tph": 65.31}, "geometry": {"type": "Point", "coordinates": [37.64453935861538, 55.70111108349674]}}, {"type": "Feature", "properties": {"id": 429, "object_type": "oks_connection_point", "flow_tph": 79.74}, "geometry": {"type": "Point", "coordinates": [37.63156665717966, 55.69026917172245]}}, {"type": "Feature", "properties": {"id": 430, "object_type": "oks_connection_point", "flow_tph": 14.61}, "geometry": {"type": "Point", "coordinates": [37.62270704597847, 55.701095223541046]}}, {"type": "Feature", "properties": {"id": 431, "object_type": "oks_connection_point", "flow_tph": 18.81}, "geometry": {"type": "Point", "coordinates": [37.63602435819075, 55.69149122031529]}}, {"type": "Feature", "properties": {"id": 432, "object_type": "oks_connection_point", "flow_tph": 71.43}, "geometry": {"type": "Point", "coordinates": [37.61750982929847, 55.691537419237434]}}, {"type": "Feature", "properties": {"id": 433, "object_type": "oks_connection_point", "flow_tph": 54.7}, "geometry": {"type": "Point", "coordinates": [37.6423715735795, 55.68794023210263]}}, {"type": "Feature", "properties": {"id": 434, "object_type": "oks_connection_point", "flow_tph": 34.18}, "geometry": {"type": "Point", "coordinates": [37.6364985730691, 55.68952509804856]}}, {"type": "Feature", "properties": {"id": 435, "object_type": "oks_connection_point", "flow_tph": 33.5}, "geometry": {"type": "Point", "coordinates": [37.62095456260021, 55.68903109654537]}}, {"type": "Feature", "properties": {"id": 436, "object_type": "oks_connection_point", "flow_tph": 62.47}, "geometry": {"type": "Point", "coordinates": [37.642576174962834, 55.702847084822835]}}, {"type": "Feature", "properties": {"id": 437, "object_type": "oks_connection_point", "flow_tph": 74.57}, "geometry": {"type": "Point", "coordinates": [37.635764670482395, 55.70234076965634]}}, {"type": "Feature", "properties": {"id": 438, "object_type": "oks_connection_point", "flow_tph": 48.18}, "geometry": {"type": "Point", "coordinates": [37.62129807983532, 55.68753741131492]}}, {"type": "Feature", "properties": {"id": 439, "object_type": "oks_connection_point", "flow_tph": 14.07}, "geometry": {"type": "Point", "coordinates": [37.61935119088776, 55.691169575901164]}}, {"type": "Feature", "properties": {"id": 440, "object_type": "oks_connection_point", "flow_tph": 58.43}, "geometry": {"type": "Point", "coordinates": [37.62786920033387, 55.688852733926716]}}, {"type": "Feature", "properties": {"id": 441, "object_type": "oks_connection_point", "flow_tph": 22.41}, "geometry": {"type": "Point", "coordinates": [37.62307690633817, 55.69905098653016]}}, {"type": "Feature", "properties": {"id": 442, "object_type": "oks_connection_point", "flow_tph": 47.04}, "geometry": {"type": "Point", "coordinates": [37.62382042748267, 55.68821648935501]}}, {"type": "Feature", "properties": {"id": 443, "object_type": "oks_connection_point", "flow_tph": 53.73}, "geometry": {"type": "Point", "coordinates": [37.64031912735509, 55.69423523508054]}}, {"type": "Feature", "properties": {"id": 444, "object_type": "oks_connection_point", "flow_tph": 77.37}, "geometry": {"type": "Point", "coordinates": [37.62771022337779, 55.699192301928804]}}, {"type": "Feature", "properties": {"id": 445, "object_type": "oks_connection_point", "flow_tph": 8.66}, "geometry": {"type": "Point", "coordinates": [37.632234748054536, 55.69980948876305]}}, {"type": "Feature", "properties": {"id": 446, "object_type": "oks_connection_point", "flow_tph": 17.65}, "geometry": {"type": "Point", "coordinates": [37.62127395093331, 55.70270145980358]}}, {"type": "Feature", "properties": {"id": 447, "object_type": "oks_connection_point", "flow_tph": 74.21}, "geometry": {"type": "Point", "coordinates": [37.62813084914246, 55.68686433833843]}}, {"type": "Feature", "properties": {"id": 448, "object_type": "oks_connection_point", "flow_tph": 48.04}, "geometry": {"type": "Point", "coordinates": [37.6405806046437, 55.68824186239805]}}, {"type": "Feature", "properties": {"id": 449, "object_type": "oks_connection_point", "flow_tph": 26.43}, "geometry": {"type": "Point", "coordinates": [37.62793236753118, 55.69296057205497]}}, {"type": "Feature", "properties": {"id": 450, "object_type": "oks_connection_point", "flow_tph": 30.22}, "geometry": {"type": "Point", "coordinates": [37.635981474275354, 55.69071008532565]}}, {"type": "Feature", "properties": {"id": 451, "object_type": "oks_connection_point", "flow_tph": 39.03}, "geometry": {"type": "Point", "coordinates": [37.61672823268765, 55.69014304815785]}}, {"type": "Feature", "properties": {"id": 452, "object_type": "oks_connection_point", "flow_tph": 77.73}, "geometry": {"type": "Point", "coordinates": [37.61730643991333, 55.693545092623715]}}, {"type": "Feature", "properties": {"id": 453, "object_type": "oks_connection_point", "flow_tph": 56.15}, "geometry": {"type": "Point", "coordinates": [37.62943941913613, 55.70234054504363]}}, {"type": "Feature", "properties": {"id": 454, "object_type": "oks_connection_point", "flow_tph": 58.53}, "geometry": {"type": "Point", "coordinates": [37.623923526473895, 55.687631475858325]}}, {"type": "Feature", "properties": {"id": 455, "object_type": "oks_connection_point", "flow_tph": 73.99}, "geometry": {"type": "Point", "coordinates": [37.642761873012525, 55.697483449047255]}}, {"type": "Feature", "properties": {"id": 456, "object_type": "oks_connection_point", "flow_tph": 67.57}, "geometry": {"type": "Point", "coordinates": [37.63851504755402, 55.69167918189371]}}, {"type": "Feature", "properties": {"id": 457, "object_type": "oks_connection_point", "flow_tph": 27.58}, "geometry": {"type": "Point", "coordinates": [37.6356867276531, 55.70126552528738]}}, {"type": "Feature", "properties": {"id": 458, "object_type": "oks_connection_point", "flow_tph": 16.49}, "geometry": {"type": "Point", "coordinates": [37.617274035257374, 55.695438603593274]}}, {"type": "Feature", "properties": {"id": 459, "object_type": "oks_connection_point", "flow_tph": 72.13}, "geometry": {"type": "Point", "coordinates": [37.61684669978584, 55.69634506153903]}}, {"type": "Feature", "properties": {"id": 460, "object_type": "oks_connection_point", "flow_tph": 45.08}, "geometry": {"type": "Point", "coordinates": [37.61956211378915, 55.6929883147471]}}, {"type": "Feature", "properties": {"id": 461, "object_type": "oks_connection_point", "flow_tph": 61.4}, "geometry": {"type": "Point", "coordinates": [37.62323192511395, 55.6986786155853]}}, {"type": "Feature", "properties": {"id": 462, "object_type": "oks_connection_point", "flow_tph": 51.24}, "geometry": {"type": "Point", "coordinates": [37.634604923148814, 55.689035713787305]}}, {"type": "Feature", "properties": {"id": 463, "object_type": "oks_connection_point", "flow_tph": 21.24}, "geometry": {"type": "Point", "coordinates": [37.6356213604869, 55.699242443318454]}}, {"type": "Feature", "properties": {"id": 464, "object_type": "oks_connection_point", "flow_tph": 4.55}, "geometry": {"type": "Point", "coordinates": [37.62324463764044, 55.691331092832634]}}, {"type": "Feature", "properties": {"id": 465, "object_type": "oks_connection_point", "flow_tph": 6.67}, "geometry": {"type": "Point", "coordinates": [37.636774911415564, 55.69153584927096]}}, {"type": "Feature", "properties": {"id": 466, "object_type": "oks_connection_point", "flow_tph": 37.49}, "geometry": {"type": "Point", "coordinates": [37.634863888187326, 55.68940088651882]}}, {"type": "Feature", "properties": {"id": 467, "object_type": "oks_connection_point", "flow_tph": 71.75}, "geometry": {"type": "Point", "coordinates": [37.625626070943234, 55.69648923507102]}}, {"type": "Feature", "properties": {"id": 468, "object_type": "oks_connection_point", "flow_tph": 24.76}, "geometry": {"type": "Point", "coordinates": [37.6386211841221, 55.6977877609633]}}, {"type": "Feature", "properties": {"id": 469, "object_type": "oks_connection_point", "flow_tph": 41.65}, "geometry": {"type": "Point", "coordinates": [37.64080260827689, 55.69771949404495]}}, {"type": "Feature", "properties": {"id": 470, "object_type": "oks_connection_point", "flow_tph": 10.67}, "geometry": {"type": "Point", "coordinates": [37.632076539925706, 55.69295910211523]}}, {"type": "Feature", "properties": {"id": 471, "object_type": "oks_connection_point", "flow_tph": 21.61}, "geometry": {"type": "Point", "coordinates": [37.62962958902992, 55.69904676521646]}}, {"type": "Feature", "properties": {"id": 472, "object_type": "oks_connection_point", "flow_tph": 7.37}, "geometry": {"type": "Point", "coordinates": [37.63819148415136, 55.70289530636014]}}, {"type": "Feature", "properties": {"id": 473, "object_type": "oks_connection_point", "flow_tph": 12.93}, "geometry": {"type": "Point", "coordinates": [37.62621539929153, 55.69186974805577]}}, {"type": "Feature", "properties": {"id": 474, "object_type": "oks_connection_point", "flow_tph": 6.74}, "geometry": {"type": "Point", "coordinates": [37.63004186626473, 55.69026963636657]}}, {"type": "Feature", "properties": {"id": 475, "object_type": "oks_connection_point", "flow_tph": 8.66}, "geometry": {"type": "Point", "coordinates": [37.621015472226, 55.697559274345586]}}, {"type": "Feature", "properties": {"id": 476, "object_type": "oks_connection_point", "flow_tph": 65.86}, "geometry": {"type": "Point", "coordinates": [37.64520018839841, 55.69559507154262]}}, {"type": "Feature", "properties": {"id": 477, "object_type": "oks_connection_point", "flow_tph": 47.31}, "geometry": {"type": "Point", "coordinates": [37.62602506449267, 55.69044782943362]}}, {"type": "Feature", "properties": {"id": 478, "object_type": "oks_connection_point", "flow_tph": 58.36}, "geometry": {"type": "Point", "coordinates": [37.62302715451378, 55.69412486925421]}}, {"type": "Feature", "properties": {"id": 479, "object_type": "oks_connection_point", "flow_tph": 3.39}, "geometry": {"type": "Point", "coordinates": [37.64106376622644, 55.68956372195568]}}, {"type": "Feature", "properties": {"id": 480, "object_type": "oks_connection_point", "flow_tph": 23.84}, "geometry": {"type": "Point", "coordinates": [37.63664931176952, 55.696733463028096]}}, {"type": "Feature", "properties": {"id": 481, "object_type": "oks_connection_point", "flow_tph": 52.47}, "geometry": {"type": "Point", "coordinates": [37.62976584005525, 55.69865940206452]}}, {"type": "Feature", "properties": {"id": 482, "object_type": "oks_connection_point", "flow_tph": 4.16}, "geometry": {"type": "Point", "coordinates": [37.63776174973001, 55.700488209271484]}}, {"type": "Feature", "properties": {"id": 483, "object_type": "oks_connection_point", "flow_tph": 27.86}, "geometry": {"type": "Point", "coordinates": [37.63469131758538, 55.687079913874435]}}, {"type": "Feature", "properties": {"id": 484, "object_type": "oks_connection_point", "flow_tph": 5.12}, "geometry": {"type": "Point", "coordinates": [37.64450265180848, 55.68710098573289]}}, {"type": "Feature", "properties": {"id": 485, "object_type": "oks_connection_point", "flow_tph": 27.76}, "geometry": {"type": "Point", "coordinates": [37.629704415610874, 55.690658354726]}}, {"type": "Feature", "properties": {"id": 486, "object_type": "oks_connection_point", "flow_tph": 69.82}, "geometry": {"type": "Point", "coordinates": [37.61783871154107, 55.68793194465656]}}, {"type": "Feature", "properties": {"id": 487, "object_type": "oks_connection_point", "flow_tph": 5.09}, "geometry": {"type": "Point", "coordinates": [37.63020836056161, 55.699883908016616]}}, {"type": "Feature", "properties": {"id": 488, "object_type": "oks_connection_point", "flow_tph": 40.45}, "geometry": {"type": "Point", "coordinates": [37.64054622428478, 55.698759360374545]}}, {"type": "Feature", "properties": {"id": 489, "object_type": "oks_connection_point", "flow_tph": 49.95}, "geometry": {"type": "Point", "coordinates": [37.63006152310588, 55.70037290630646]}}, {"type": "Feature", "properties": {"id": 490, "object_type": "oks_connection_point", "flow_tph": 64.63}, "geometry": {"type": "Point", "coordinates": [37.62560373519003, 55.69493779163355]}}, {"type": "Feature", "properties": {"id": 491, "object_type": "oks_connection_point", "flow_tph": 16.44}, "geometry": {"type": "Point", "coordinates": [37.64224189445115, 55.698945116653476]}}, {"type": "Feature", "properties": {"id": 492, "object_type": "oks_connection_point", "flow_tph": 69.47}, "geometry": {"type": "Point", "coordinates": [37.62488119968197, 55.70255360356523]}}, {"type": "Feature", "properties": {"id": 493, "object_type": "oks_connection_point", "flow_tph": 64.31}, "geometry": {"type": "Point", "coordinates": [37.640867941129706, 55.69213966000414]}}, {"type": "Feature", "properties": {"id": 494, "object_type": "oks_connection_point", "flow_tph": 9.71}, "geometry": {"type": "Point", "coordinates": [37.63684556359222, 55.688121363760416]}}, {"type": "Feature", "properties": {"id": 495, "object_type": "oks_connection_point", "flow_tph": 50.18}, "geometry": {"type": "Point", "coordinates": [37.63857725147126, 55.68947643905495]}}, {"type": "Feature", "properties": {"id": 496, "object_type": "oks_connection_point", "flow_tph": 62.75}, "geometry": {"type": "Point", "coordinates": [37.63069765939142, 55.68656821003748]}}, {"type": "Feature", "properties": {"id": 497, "object_type": "oks_connection_point", "flow_tph": 79.06}, "geometry": {"type": "Point", "coordinates": [37.617128463665026, 55.69290642480298]}}, {"type": "Feature", "properties": {"id": 498, "object_type": "oks_connection_point", "flow_tph": 33.77}, "geometry": {"type": "Point", "coordinates": [37.630436383058424, 55.691944135229555]}}, {"type": "Feature", "properties": {"id": 499, "object_type": "oks_connection_point", "flow_tph": 75.4}, "geometry": {"type": "Point", "coordinates": [37.64498823709106, 55.69021347849969]}}, {"type": "Feature", "properties": {"id": 500, "object_type": "oks_connection_point", "flow_tph": 70.25}, "geometry": {"type": "Point", "coordinates": [37.63204346760869, 55.69380730425141]}}, {"type": "Feature", "properties": {"id": 501, "object_type": "oks_connection_point", "flow_tph": 4.98}, "geometry": {"type": "Point", "coordinates": [37.6387915244682, 55.693032754270945]}}, {"type": "Feature", "properties": {"id": 502, "object_type": "oks_connection_point", "flow_tph": 27.4}, "geometry": {"type": "Point", "coordinates": [37.61921909960678, 55.69177321557078]}}, {"type": "Feature", "properties": {"id": 503, "object_type": "oks_connection_point", "flow_tph": 53.37}, "geometry": {"type": "Point", "coordinates": [37.62097812627242, 55.69854317851094]}}, {"type": "Feature", "properties": {"id": 504, "object_type": "oks_connection_point", "flow_tph": 27.13}, "geometry": {"type": "Point", "coordinates": [37.64524856198431, 55.686969821455726]}}, {"type": "Feature", "properties": {"id": 505, "object_type": "oks_connection_point", "flow_tph": 34.97}, "geometry": {"type": "Point", "coordinates": [37.63571582558541, 55.70008683968245]}}, {"type": "Feature", "properties": {"id": 506, "object_type": "oks_connection_point", "flow_tph": 57.68}, "geometry": {"type": "Point", "coordinates": [37.639802339823945, 55.69882965815807]}}, {"type": "Feature", "properties": {"id": 507, "object_type": "oks_connection_point", "flow_tph": 67.29}, "geometry": {"type": "Point", "coordinates": [37.64228852137952, 55.6907638975297]}}, {"type": "Feature", "properties": {"id": 508, "object_type": "oks_connection_point", "flow_tph": 15.06}, "geometry": {"type": "Point", "coordinates": [37.64083713309068, 55.6870124421797]}}, {"type": "Feature", "properties": {"id": 509, "object_type": "oks_connection_point", "flow_tph": 4.43}, "geometry": {"type": "Point", "coordinates": [37.62307207163522, 55.69792009404277]}}, {"type": "Feature", "properties": {"id": 510, "object_type": "oks_connection_point", "flow_tph": 19.21}, "geometry": {"type": "Point", "coordinates": [37.628040168609424, 55.69779412893916]}}, {"type": "Feature", "properties": {"id": 511, "object_type": "oks_connection_point", "flow_tph": 43.77}, "geometry": {"type": "Point", "coordinates": [37.627486432037976, 55.69736148639465]}}, {"type": "Feature", "properties": {"id": 512, "object_type": "oks_connection_point", "flow_tph": 67.73}, "geometry": {"type": "Point", "coordinates": [37.62807583745074, 55.69182425072496]}}, {"type": "Feature", "properties": {"id": 513, "object_type": "oks_connection_point", "flow_tph": 30.55}, "geometry": {"type": "Point", "coordinates": [37.627788805586185, 55.69984631948023]}}, {"type": "Feature", "properties": {"id": 514, "object_type": "oks_connection_point", "flow_tph": 30.85}, "geometry": {"type": "Point", "coordinates": [37.61887478974122, 55.69045489096065]}}, {"type": "Feature", "properties": {"id": 515, "object_type": "oks_connection_point", "flow_tph": 29.5}, "geometry": {"type": "Point", "coordinates": [37.6318694171575, 55.68776721501888]}}, {"type": "Feature", "properties": {"id": 516, "object_type": "oks_connection_point", "flow_tph": 55.37}, "geometry": {"type": "Point", "coordinates": [37.61768442218737, 55.69120405000361]}}, {"type": "Feature", "properties": {"id": 517, "object_type": "oks_connection_point", "flow_tph": 69.67}, "geometry": {"type": "Point", "coordinates": [37.62795009005539, 55.69608197669843]}}, {"type": "Feature", "properties": {"id": 518, "object_type": "oks_connection_point", "flow_tph": 14.81}, "geometry": {"type": "Point", "coordinates": [37.63183994346292, 55.70261813087061]}}, {"type": "Feature", "properties": {"id": 519, "object_type": "oks_connection_point", "flow_tph": 78.57}, "geometry": {"type": "Point", "coordinates": [37.61685950211055, 55.70149419327754]}}, {"type": "Feature", "properties": {"id": 520, "object_type": "oks_connection_point", "flow_tph": 47.27}, "geometry": {"type": "Point", "coordinates": [37.6369286543908, 55.68847410778064]}}, {"type": "Feature", "properties": {"id": 521, "object_type": "oks_connection_point", "flow_tph": 20.71}, "geometry": {"type": "Point", "coordinates": [37.64490613059029, 55.69290148930473]}}, {"type": "Feature", "properties": {"id": 522, "object_type": "oks_connection_point", "flow_tph": 50.64}, "geometry": {"type": "Point", "coordinates": [37.64086337218895, 55.69161146709446]}}, {"type": "Feature", "properties": {"id": 523, "object_type": "oks_connection_point", "flow_tph": 65.64}, "geometry": {"type": "Point", "coordinates": [37.62527615613107, 55.69122289980145]}}, {"type": "Feature", "properties": {"id": 524, "object_type": "oks_connection_point", "flow_tph": 39.77}, "geometry": {"type": "Point", "coordinates": [37.630009384751304, 55.692703344331576]}}, {"type": "Feature", "properties": {"id": 525, "object_type": "oks_connection_point", "flow_tph": 5.44}, "geometry": {"type": "Point", "coordinates": [37.635918691420734, 55.69500160724096]}}, {"type": "Feature", "properties": {"id": 526, "object_type": "oks_connection_point", "flow_tph": 52.84}, "geometry": {"type": "Point", "coordinates": [37.64259179015358, 55.70166532023796]}}]}