{"type": "FeatureCollection", "features": [{"type": "Feature", "properties": {"id": 1001, "object_type": "restriction", "restriction_type": "road"}, "geometry": {"type": "Polygon", "coordinates": [[[37.524814525855994, 55.6080036038165], [37.52502889100673, 55.60829865676403], [37.52511665664142, 55.60842010958664], [37.525433292917775, 55.6088581776547], [37.52624825224464, 55.61018401489417], [37.52629915260888, 55.61026681579601], [37.52630057945866, 55.61026898559631], [37.52663927836282, 55.61075204297197], [37.52673867935517, 55.61089619985918], [37.526949678736564, 55.611202199967636], [37.52695066114258, 55.611203568982646], [37.52714536065875, 55.61146456911838], [37.527150815992044, 55.611470745211236], [37.52737941567966, 55.61169274536192], [37.527381168740305, 55.61169438042351], [37.52752696857585, 55.61182508051775], [37.52752965472321, 55.61182735817999], [37.52778495451315, 55.61203235833988], [37.5277877534842, 55.61203449213409], [37.528146153283394, 55.61229409235095], [37.528153656853064, 55.61229890654016], [37.528520056841806, 55.612507506740656], [37.52852627164684, 55.61251074427691], [37.52887727174815, 55.61267794445195], [37.5288817784923, 55.61267996296785], [37.52924707866632, 55.612833663137074], [37.529256228074985, 55.612837068750686], [37.52986832855067, 55.61303736898984], [37.52987542556242, 55.613039471132915], [37.53008592576336, 55.61309557120328], [37.53016707413509, 55.61299802878237], [37.5299602009939, 55.61294289539129], [37.52935631974734, 55.61274528493538], [37.5289977285755, 55.61259440776308], [37.52865216256789, 55.61242979639149], [37.528292748483096, 55.61222517384221], [37.52793929235437, 55.61196915518299], [37.527686739352205, 55.61176636128398], [37.52754313330119, 55.61163762824994], [37.527318461702144, 55.61141944369271], [37.527126646546115, 55.611162311649935], [37.52691612058481, 55.610857000116], [37.52681662027854, 55.61071270014605], [37.52681642137843, 55.61071241410137], [37.52647837505028, 55.6102302905646], [37.5264281473942, 55.61014858458208], [37.5256123449839, 55.60882138561889], [37.525610541316226, 55.608818686280095], [37.52529294188571, 55.60837928843666], [37.52520514303879, 55.60825779041084], [37.525205074608, 55.60825769596972], [37.524990916651504, 55.60796293003367], [37.52492055113335, 55.60786226580696], [37.52474344877822, 55.60790193412851], [37.52481404858445, 55.608002934178096], [37.524814525855994, 55.6080036038165]]]}}, {"type": "Feature", "properties": {"id": 1002, "object_type": "restriction", "restriction_type": "road"}, "geometry": {"type": "Polygon", "coordinates": [[[37.52492038440776, 55.607862028929326], [37.52483718418407, 55.60774462898768], [37.52466041572657, 55.60778477094804], [37.524743615502906, 55.607902171006366], [37.52492038440776, 55.607862028929326]]]}}, {"type": "Feature", "properties": {"id": 1003, "object_type": "restriction", "restriction_type": "road"}, "geometry": {"type": "Polygon", "coordinates": [[[37.53681596838079, 55.612571057391015], [37.53668955854984, 55.612384043463784], [37.536612762264184, 55.61227034934517], [37.536304660154435, 55.61181434775529], [37.53615216198351, 55.611588551223086], [37.53615211697221, 55.61158848470845], [37.53613823943803, 55.61156801791006], [37.535970161380725, 55.611319151236835], [37.5357838548746, 55.61104354253144], [37.53554785860058, 55.61069414922288], [37.535352957137064, 55.61040564802642], [37.53516985793307, 55.61013455011683], [37.53504915364592, 55.60995594437024], [37.534858956259576, 55.60967434918694], [37.53471335033774, 55.6094589411449], [37.534189353330866, 55.60868324818408], [37.53412735429203, 55.60859144991598], [37.53401605406836, 55.60842665013908], [37.53392465082745, 55.608291345795955], [37.533740349319395, 55.60801854448086], [37.533059647312015, 55.607010944897056], [37.53288175260178, 55.60704945503787], [37.53356245063729, 55.6080570555176], [37.53374674963397, 55.60832985494966], [37.53383814733296, 55.60846515199838], [37.53394944552408, 55.60862994987428], [37.53401144555509, 55.60872175022895], [37.53453544608822, 55.60949745362694], [37.53468104814428, 55.60971285739575], [37.53487124310506, 55.60999445088202], [37.53499194553548, 55.610173055081326], [37.53517504145201, 55.610444149947135], [37.53536994242073, 55.61073265235172], [37.53560594063179, 55.61108205087837], [37.535792243719065, 55.61135765637689], [37.5359603380476, 55.611606548816575], [37.53596038298124, 55.611606615216736], [37.53597426039761, 55.611627081978504], [37.536126737489866, 55.611852848819304], [37.536434839397415, 55.612308853177346], [37.536511637427836, 55.61242255064387], [37.536638038228794, 55.61260955246152], [37.53672033129521, 55.612731442601905], [37.53681783986897, 55.612875755781516], [37.536995760044796, 55.61283724415342], [37.53689826419569, 55.61269295078197], [37.53681596838079, 55.612571057391015]]]}}, {"type": "Feature", "properties": {"id": 1004, "object_type": "restriction", "restriction_type": "road"}, "geometry": {"type": "Polygon", "coordinates": [[[37.53900522422388, 55.61247984133377], [37.5391421232818, 55.61288854143233], [37.53914234869539, 55.61288919246263], [37.53920506469439, 55.61306459933276], [37.53925816689014, 55.61324005603229], [37.539452129690105, 55.613242366107954], [37.53939257666783, 55.61304559823117], [37.53939205165818, 55.613044007420605], [37.5393291675022, 55.61286813258846], [37.53919334728049, 55.6124626590631], [37.53917915318067, 55.61235980224476], [37.53898924680031, 55.61236819768161], [37.53900384654578, 55.612473997691424], [37.53900522422388, 55.61247984133377]]]}}, {"type": "Feature", "properties": {"id": 1005, "object_type": "restriction", "restriction_type": "road"}, "geometry": {"type": "Polygon", "coordinates": [[[37.53231140776844, 55.60547724401181], [37.533802201826504, 55.605171845210535], [37.534140896784244, 55.60510244623958], [37.53425618915756, 55.605078847799206], [37.53422381086307, 55.60502815219867], [37.53410851092825, 55.605051752183904], [37.53376979690185, 55.60512115505205], [37.5322789990366, 55.60542655459628], [37.53215999365072, 55.60545095569783], [37.5319437019024, 55.60549525400513], [37.53197609811824, 55.605545945992716], [37.53219239824049, 55.60550164596501], [37.53231140776844, 55.60547724401181]]]}}, {"type": "Feature", "properties": {"id": 1006, "object_type": "restriction", "restriction_type": "road"}, "geometry": {"type": "Polygon", "coordinates": [[[37.536131736545975, 55.60810077961644], [37.53409973820508, 55.60855357919485], [37.53401223483404, 55.60857307994384], [37.53406456521553, 55.60864832005064], [37.53415206351382, 55.60862882042764], [37.53618402752534, 55.60817602839562], [37.53631679162681, 55.60814653636668], [37.53626460842265, 55.60807126362779], [37.53613180853124, 55.608100763600326], [37.536131736545975, 55.60810077961644]]]}}, {"type": "Feature", "properties": {"id": 1007, "object_type": "restriction", "restriction_type": "oks"}, "geometry": {"type": "Polygon", "coordinates": [[[37.5358688, 55.60358049999999], [37.535577, 55.603640199999994], [37.5356041, 55.60368259999999], [37.5355273, 55.6036983], [37.5354304, 55.603547], [37.5352026, 55.60359360000001], [37.5352732, 55.60370369999999], [37.535316, 55.603694999999995], [37.5353405, 55.6037332], [37.5352174, 55.603758299999996], [37.5352579, 55.603821499999995], [37.5353479, 55.60380310000001], [37.5355101, 55.6040562], [37.5357336, 55.604010499999994], [37.5356091, 55.603816099999996], [37.5359721, 55.60374180000001], [37.5358688, 55.60358049999999]]]}}, {"type": "Feature", "properties": {"id": 1008, "object_type": "restriction", "restriction_type": "oks"}, "geometry": {"type": "Polygon", "coordinates": [[[37.5403384, 55.6038402], [37.5403776, 55.6038137], [37.5404187, 55.60382409999999], [37.5404349, 55.60380349999999], [37.5404607, 55.60380999999999], [37.5405319, 55.60371949999999], [37.5405949, 55.60363949999999], [37.540565, 55.60363199999999], [37.54058200000001, 55.6036105], [37.540602, 55.60358509999997], [37.5406318, 55.60359269999999], [37.5407021, 55.60350340000001], [37.5407685, 55.60341910000001], [37.5407428, 55.60341269999999], [37.5407571, 55.60339449999999], [37.5407109, 55.60338279999999], [37.5407207, 55.60335289999998], [37.540715, 55.603318], [37.5407569, 55.603308799999986], [37.5407425, 55.60328779999998], [37.5407688, 55.603282], [37.540713800000006, 55.60320189999999], [37.5406494, 55.6031081], [37.540619, 55.60311479999999], [37.5405861, 55.60306690000001], [37.5406166, 55.60306029999998], [37.5405595, 55.602977], [37.5404951, 55.60288309999999], [37.5404689, 55.60288890000002], [37.5404561, 55.6028703], [37.5403094, 55.602902500000006], [37.5403221, 55.602920999999995], [37.5402889, 55.602928299999995], [37.540410400000006, 55.603105400000004], [37.5404419, 55.60309849999999], [37.5404747, 55.6031464], [37.5404432, 55.60315329999999], [37.5405625, 55.6033272], [37.5405957, 55.603319899999995], [37.5406101, 55.60334089999999], [37.5406133, 55.60335829999999], [37.540599, 55.603376499999996], [37.5405665, 55.6033683], [37.5404298, 55.6035419], [37.5404606, 55.6035496], [37.5404408, 55.603574800000004], [37.5404237, 55.60359650000001], [37.5403928, 55.6035888], [37.5402586, 55.60375919999999], [37.5402911, 55.60376730000001], [37.5402749, 55.60378789999999], [37.5402427, 55.6037995], [37.5402041, 55.60380799999999], [37.5401907, 55.6037884], [37.5398901, 55.603854399999996], [37.5399036, 55.60387399999998], [37.5398083, 55.6038949], [37.5397955, 55.6038763], [37.5394949, 55.60394230000001], [37.5395077, 55.60396089999999], [37.5394265, 55.603978700000006], [37.539414, 55.6039606], [37.5391135, 55.60402659999999], [37.5391259, 55.6040447], [37.5390372, 55.604064199999996], [37.5390251, 55.60404659999999], [37.5387245, 55.6041126], [37.5387366, 55.6041302], [37.5386949, 55.6041394], [37.538666, 55.6041372], [37.5386295, 55.60412809999999], [37.5386408, 55.6041135], [37.5383386, 55.60403839999999], [37.5383254, 55.6040553], [37.5382868, 55.6040458], [37.5382423, 55.6040347], [37.5382554, 55.60401769999999], [37.5379477, 55.6039413], [37.5379363, 55.603955799999994], [37.5379041, 55.603947799999986], [37.5378853, 55.60393859999999], [37.5378709, 55.6039176], [37.5378971, 55.6039118], [37.5377778, 55.6037379], [37.5377473, 55.603744600000006], [37.5377145, 55.6036967], [37.537745, 55.60369], [37.5376235, 55.603512900000005], [37.5375972, 55.6035187], [37.5375845, 55.6035001], [37.5374377, 55.6035322], [37.5374505, 55.603550799999994], [37.5374173, 55.6035581], [37.5374815, 55.60365159999999], [37.5375388, 55.603735199999996], [37.5375703, 55.60372830000001], [37.5376031, 55.6037761], [37.5375716, 55.603783], [37.5376325, 55.60387179999999], [37.5376909, 55.60395700000001], [37.5377241, 55.603949699999994], [37.5377385, 55.603970699999984], [37.5377869, 55.60396009999999], [37.537814, 55.60398799999999], [37.537858, 55.604007], [37.5378407, 55.60402919999999], [37.53787290000001, 55.60403719999999], [37.5378586, 55.6040556], [37.5380002, 55.604090799999994], [37.5381664, 55.604132099999994], [37.53818, 55.604114599999996], [37.5382245, 55.60412579999999], [37.53826310000001, 55.6041353], [37.5382495, 55.604152799999994], [37.5384051, 55.60419149999999], [37.5385518, 55.6042279], [37.5385661, 55.6042095], [37.5386026, 55.604218499999995], [37.5386237, 55.6041914], [37.5386794, 55.60419989999998], [37.538733, 55.604194699999994], [37.5387501, 55.60421959999999], [37.5387918, 55.60421039999999], [37.5388045, 55.6042289], [37.5389482, 55.60419729999998], [37.5391051, 55.6041629], [37.5390924, 55.6041444], [37.5391811, 55.6041249], [37.5391935, 55.6041429], [37.5393417, 55.60411040000001], [37.5394941, 55.6040769], [37.5394817, 55.604058899999984], [37.5395629, 55.6040411], [37.5395749, 55.6040586], [37.539712, 55.604028499999984], [37.5398755, 55.60399259999999], [37.5398635, 55.60397509999999], [37.5399588, 55.60395419999998], [37.5399701, 55.60397069999998], [37.5401187, 55.6039381], [37.5402707, 55.6039047], [37.5402593, 55.60388819999999], [37.5402979, 55.60387969999999], [37.54028, 55.60385370000001], [37.5403384, 55.6038402]]]}}, {"type": "Feature", "properties": {"id": 1009, "object_type": "restriction", "restriction_type": "road"}, "geometry": {"type": "Polygon", "coordinates": [[[37.54694267184562, 55.6030586335015], [37.54694200229113, 55.60305877751428], [37.54631823303865, 55.60319497078619], [37.545973377951704, 55.60327006099852], [37.54559079268679, 55.60335325778525], [37.54559024441005, 55.60335337848147], [37.54496159956355, 55.603493454766515], [37.544653158027096, 55.60355883637926], [37.544652506948694, 55.603558976443104], [37.54407070742835, 55.60368597632462], [37.54412209262045, 55.603761423670036], [37.5447035681636, 55.60363449448232], [37.54501224227876, 55.603569063554396], [37.545013355125846, 55.60356882164353], [37.54564228193906, 55.60342868250057], [37.54602460767784, 55.6033455421318], [37.54636953678318, 55.60327043579026], [37.546993063616846, 55.60313429543752], [37.54781203996873, 55.602960795983314], [37.54781525518835, 55.60287377724642], [37.54694267184562, 55.6030586335015]]]}}, {"type": "Feature", "properties": {"id": 1010, "object_type": "restriction", "restriction_type": "oks"}, "geometry": {"type": "Polygon", "coordinates": [[[37.5439903, 55.6004591], [37.5441805, 55.60041770000001], [37.5439354, 55.600058], [37.5437477, 55.60009879999999], [37.5436897, 55.60001369999999], [37.5429611, 55.6001722], [37.5421013, 55.600359199999986], [37.5421747, 55.60046699999999], [37.5419823, 55.6005088], [37.5422135, 55.60084809999999], [37.5415862, 55.6009846], [37.5416589, 55.60109129999999], [37.5414204, 55.601143199999996], [37.5415669, 55.60135809999999], [37.542008, 55.602005399999996], [37.5422076, 55.60196189999999], [37.5422997, 55.60209699999999], [37.542949, 55.60195579999999], [37.5428535, 55.6018157], [37.5422597, 55.601944899999985], [37.5418158, 55.60129339999999], [37.5416867, 55.60110400000001], [37.5423488, 55.60096], [37.5422864, 55.600868399999996], [37.542425300000005, 55.6008381], [37.5421846, 55.60048489999999], [37.5430474, 55.60029719999999], [37.5437725, 55.6001395], [37.5439903, 55.6004591]]]}}, {"type": "Feature", "properties": {"id": 1011, "object_type": "restriction", "restriction_type": "oks"}, "geometry": {"type": "Polygon", "coordinates": [[[37.5459133, 55.60261289999999], [37.5459525, 55.60258639999999], [37.5459936, 55.60259669999999], [37.5460098, 55.6025761], [37.5460356, 55.6025826], [37.5461698, 55.6024122], [37.5461399, 55.6024047], [37.5461769, 55.6023578], [37.5462067, 55.602365299999995], [37.5463435, 55.6021918], [37.5463177, 55.60218529999999], [37.546332, 55.6021671], [37.5462858, 55.602155499999995], [37.5462956, 55.60212550000001], [37.5462899, 55.6020906], [37.5463318, 55.6020814], [37.5463174, 55.6020604], [37.5463437, 55.6020547], [37.5462244, 55.60188070000001], [37.546193900000006, 55.6018874], [37.546161, 55.601839600000005], [37.5461915, 55.60183289999999], [37.54607, 55.6016558], [37.5460438, 55.6016615], [37.546031, 55.601642999999996], [37.5458843, 55.60167510000001], [37.545897, 55.60169359999998], [37.5458638, 55.60170089999999], [37.5459853, 55.601878], [37.5460168, 55.6018711], [37.5460496, 55.601918999999995], [37.5460181, 55.60192589999999], [37.5461375, 55.60209979999999], [37.5461706, 55.602092600000006], [37.546185, 55.60211359999999], [37.5461882, 55.6021309], [37.5461739, 55.602149100000005], [37.5461414, 55.602140999999996], [37.5460047, 55.6023145], [37.5460355, 55.6023223], [37.5459986, 55.60236909999999], [37.5459678, 55.60236140000001], [37.5458335, 55.602531799999994], [37.545866, 55.60254], [37.5458498, 55.6025606], [37.5458176, 55.6025721], [37.54577900000001, 55.6025806], [37.5457656, 55.60256100000001], [37.545465, 55.602627], [37.5454785, 55.60264659999999], [37.5453832, 55.602667499999995], [37.5453704, 55.6026489], [37.5450698, 55.6027149], [37.5450826, 55.60273349999999], [37.5450014, 55.6027514], [37.5449889, 55.602733300000004], [37.5446884, 55.60279929999999], [37.5447008, 55.60281739999999], [37.5446121, 55.6028369], [37.5446, 55.6028193], [37.5442994, 55.60288529999999], [37.5443115, 55.6029029], [37.5442698, 55.602912], [37.5442409, 55.60290979999999], [37.5442044, 55.60290079999999], [37.5442157, 55.60288620000001], [37.5439135, 55.6028111], [37.543900300000004, 55.602827999999995], [37.5438172, 55.602807299999995], [37.5438303, 55.60279040000001], [37.5435226, 55.6027139], [37.5435112, 55.6027285], [37.543479, 55.602720500000004], [37.5434602, 55.6027112], [37.5434458, 55.6026902], [37.543472, 55.60268450000001], [37.5433527, 55.6025105], [37.5433222, 55.6025172], [37.5432894, 55.60246930000001], [37.5433199, 55.602462700000004], [37.5431984, 55.602285599999995], [37.5431721, 55.60229129999999], [37.5431594, 55.602272699999986], [37.5430126, 55.60230490000001], [37.5430254, 55.6023234], [37.5429922, 55.6023307], [37.5431137, 55.6025078], [37.5431452, 55.602500899999995], [37.543178, 55.6025488], [37.5431465, 55.6025557], [37.5432658, 55.6027296], [37.543299, 55.60272230000001], [37.5433134, 55.6027433], [37.5433618, 55.602732700000004], [37.5433889, 55.60276060000001], [37.5434329, 55.6027797], [37.5434156, 55.602801799999995], [37.5434478, 55.60280989999998], [37.5434335, 55.6028283], [37.5437413, 55.60290479999999], [37.5437549, 55.6028873], [37.543838, 55.60290799999999], [37.5438244, 55.602925400000004], [37.5441267, 55.60300049999999], [37.544141, 55.60298209999999], [37.5441775, 55.60299119999999], [37.5441986, 55.602964099999994], [37.5442543, 55.6029726], [37.5443079, 55.6029673], [37.544325, 55.60299219999999], [37.5443667, 55.602983099999996], [37.5443794, 55.603001600000006], [37.54468, 55.602935599999995], [37.5446673, 55.60291709999999], [37.544756, 55.6028976], [37.5447684, 55.6029155], [37.545069, 55.60284949999999], [37.5450566, 55.602831599999995], [37.5451378, 55.602813800000014], [37.5451498, 55.6028312], [37.5454504, 55.60276519999999], [37.5454384, 55.6027478], [37.5455337, 55.602726799999985], [37.545545, 55.60274330000001], [37.5458456, 55.602677299999996], [37.5458342, 55.6026608], [37.5458728, 55.6026524], [37.5458549, 55.60262629999998], [37.5459133, 55.60261289999999]]]}}, {"type": "Feature", "properties": {"id": 1012, "object_type": "restriction", "restriction_type": "oks"}, "geometry": {"type": "Polygon", "coordinates": [[[37.5431247, 55.60323019999999], [37.542981, 55.6030179], [37.5429254, 55.60302990000001], [37.5427692, 55.6027994], [37.5428287, 55.6027866], [37.5427906, 55.602730300000005], [37.5427311, 55.602743199999985], [37.5425631, 55.6024952], [37.5425824, 55.60249100000001], [37.5425472, 55.602439], [37.5424557, 55.602458799999994], [37.5424093, 55.60239039999998], [37.5423653, 55.6023999], [37.5423288, 55.6023461], [37.5422539, 55.60236230000001], [37.5423757, 55.6025422], [37.542266, 55.602565899999995], [37.54276810000001, 55.6033073], [37.5431247, 55.60323019999999]]]}}, {"type": "Feature", "properties": {"id": 1013, "object_type": "restriction", "restriction_type": "oks"}, "geometry": {"type": "Polygon", "coordinates": [[[37.5386577, 55.60010679999999], [37.5386365, 55.60007499999999], [37.538488, 55.60010659999999], [37.5385145, 55.600146299999984], [37.5381417, 55.60022549999999], [37.5382839, 55.60043889999999], [37.538237, 55.600448799999995], [37.5382845, 55.60052009999999], [37.5383295, 55.6005105], [37.5384197, 55.60064590000001], [37.53869, 55.6005884], [37.5387178, 55.60063], [37.5387996, 55.60061259999998], [37.538825, 55.600650699999996], [37.538963, 55.60062129999999], [37.5389339, 55.60057769999999], [37.5396428, 55.600426899999995], [37.5395435, 55.6002779], [37.539639, 55.6002576], [37.5395354, 55.600102199999995], [37.5394705, 55.600116], [37.5393643, 55.59995659999999], [37.5386577, 55.60010679999999]]]}}, {"type": "Feature", "properties": {"id": 1014, "object_type": "restriction", "restriction_type": "oks"}, "geometry": {"type": "Polygon", "coordinates": [[[37.5226833, 55.60785869999999], [37.5227712, 55.60774809999999], [37.5228744, 55.6076183], [37.52294, 55.607535799999994], [37.5230364, 55.6074145], [37.5229629, 55.60739589999999], [37.5229912, 55.60736279999999], [37.52297170000001, 55.6073315], [37.5230405, 55.60731599999998], [37.5229858, 55.6072382], [37.5228291, 55.607015399999995], [37.5227389, 55.606887199999996], [37.5225306, 55.606933999999995], [37.5228323, 55.60736279999999], [37.5226703, 55.60756649999999], [37.5224792, 55.60780689999999], [37.52223028840169, 55.60786017160737], [37.52222497760624, 55.6080013900566], [37.5224207, 55.60795949999998], [37.5225613, 55.60792939999999], [37.5225288, 55.60788099999999], [37.522579, 55.607867799999994], [37.5226081, 55.6078397], [37.5226833, 55.60785869999999]]]}}, {"type": "Feature", "properties": {"id": 1015, "object_type": "restriction", "restriction_type": "oks"}, "geometry": {"type": "Polygon", "coordinates": [[[37.5296462, 55.6062802], [37.5303179, 55.606127400000005], [37.5303702, 55.60606299999999], [37.5301428, 55.60570729999999], [37.5300296, 55.6056676], [37.5293127, 55.6058206], [37.5292673, 55.60587919999999], [37.5295073, 55.6062447], [37.5296462, 55.6062802]]]}}, {"type": "Feature", "properties": {"id": 1016, "object_type": "restriction", "restriction_type": "oks"}, "geometry": {"type": "Polygon", "coordinates": [[[37.5262865, 55.60687529999999], [37.5263483, 55.60685949999999], [37.5263768, 55.606900399999994], [37.5265983, 55.60685120000001], [37.526994, 55.6067634], [37.527389, 55.606675700000004], [37.5277718, 55.60659079999999], [37.5279583, 55.606549399999984], [37.5279265, 55.60650369999999], [37.5279872, 55.6064959], [37.5280087, 55.6064645], [37.528085, 55.6064834], [37.5281612, 55.606385200000005], [37.5282327, 55.606292999999994], [37.5283251, 55.6061739], [37.5284169, 55.6060556], [37.52835, 55.606039100000004], [37.5283769, 55.606007], [37.5283537, 55.6059714], [37.5284201, 55.605956500000005], [37.5283576, 55.60586769999999], [37.5282055, 55.6056515], [37.5281155, 55.60552349999999], [37.5279037, 55.605571000000005], [37.5282081, 55.6060043], [37.5280242, 55.6062413], [37.5279045, 55.606403199999995], [37.526289, 55.6067616], [37.5259415, 55.6066764], [37.5255706, 55.6065854], [37.5252779, 55.6061416], [37.5250277, 55.606194299999984], [37.5251076, 55.60631539999999], [37.5252488, 55.606529599999995], [37.5253204, 55.60663819999999], [37.5254019, 55.606621], [37.5254169, 55.606650800000004], [37.5254748, 55.606663299999994], [37.5254334, 55.60671730000001], [37.5256381, 55.6067675], [37.5258043, 55.6068083], [37.5260437, 55.60686700000001], [37.5262006, 55.606905499999996], [37.5262381, 55.606856699999994], [37.5262865, 55.60687529999999]]]}}, {"type": "Feature", "properties": {"id": 1017, "object_type": "restriction", "restriction_type": "road"}, "geometry": {"type": "Polygon", "coordinates": [[[37.53739025247919, 55.61310127569009], [37.537062213806806, 55.61288092172419], [37.5369815543518, 55.61282309609025], [37.536832045521386, 55.6128899038633], [37.53691364547772, 55.61294840391249], [37.53691556414076, 55.612949735241315], [37.53724455571155, 55.613170729857096], [37.537313214036274, 55.61321687488547], [37.53756674992127, 55.61321989843191], [37.53739025247919, 55.61310127569009]]]}}, {"type": "Feature", "properties": {"id": 1018, "object_type": "restriction", "restriction_type": "road"}, "geometry": {"type": "Polygon", "coordinates": [[[37.5318706939102, 55.60553946243597], [37.532275092702726, 55.6061523627216], [37.532453507212615, 55.60611463721295], [37.53204910600515, 55.605501737498564], [37.5318706939102, 55.60553946243597]]]}}, {"type": "Feature", "properties": {"id": 1019, "object_type": "restriction", "restriction_type": "road"}, "geometry": {"type": "Polygon", "coordinates": [[[37.534969960750914, 55.60602921879248], [37.53477706017087, 55.605735418928795], [37.53459853974479, 55.60577298100571], [37.53479143916475, 55.606066781142005], [37.534969960750914, 55.60602921879248]]]}}, {"type": "Feature", "properties": {"id": 1020, "object_type": "restriction", "restriction_type": "road"}, "geometry": {"type": "Polygon", "coordinates": [[[37.53477711150183, 55.60573549729572], [37.53470791129234, 55.60562959734462], [37.534529288623645, 55.60566700258978], [37.53459848841414, 55.60577290263872], [37.53477711150183, 55.60573549729572]]]}}, {"type": "Feature", "properties": {"id": 1021, "object_type": "restriction", "restriction_type": "road"}, "geometry": {"type": "Polygon", "coordinates": [[[37.53227534239741, 55.60615273690756], [37.53234444219769, 55.60625513695626], [37.53252235771619, 55.60621666297865], [37.53245325751646, 55.60611426302735], [37.53227534239741, 55.60615273690756]]]}}, {"type": "Feature", "properties": {"id": 1022, "object_type": "restriction", "restriction_type": "oks"}, "geometry": {"type": "Polygon", "coordinates": [[[37.5306552, 55.605255799999995], [37.530815, 55.60549279999999], [37.5308643, 55.605482200000004], [37.5308789, 55.6055039], [37.5310903, 55.60545840000001], [37.5310775, 55.60543930000001], [37.5311298, 55.605428], [37.5307787, 55.60490719999999], [37.5307279, 55.60491809999999], [37.5307111, 55.60489309999999], [37.5304973, 55.60493910000001], [37.5305138, 55.60496350000001], [37.5304652, 55.60497389999998], [37.5306552, 55.605255799999995]]]}}, {"type": "Feature", "properties": {"id": 1023, "object_type": "restriction", "restriction_type": "road"}, "geometry": {"type": "Polygon", "coordinates": [[[37.534529010016996, 55.60566657056746], [37.534708189900705, 55.60563002936655], [37.53464378969829, 55.605528829412194], [37.534329585568415, 55.60503522469695], [37.534150414349256, 55.6050717752371], [37.53446461180158, 55.60556537300813], [37.534529010016996, 55.60566657056746]]]}}, {"type": "Feature", "properties": {"id": 1024, "object_type": "restriction", "restriction_type": "road"}, "geometry": {"type": "Polygon", "coordinates": [[[37.54003761706108, 55.61221437344261], [37.5402970343735, 55.61215836969948], [37.540673989066605, 55.61207703051163], [37.5408107462006, 55.61204898286277], [37.5408169883803, 55.61204755950963], [37.54151208908719, 55.61187265929561], [37.54152048073708, 55.611870260358366], [37.54207628119302, 55.611691360148825], [37.54208580777816, 55.61168785216773], [37.54219503391202, 55.61164215954019], [37.54271184230543, 55.611437252586576], [37.54271611484299, 55.61143545578073], [37.54289451491907, 55.61135595569595], [37.54289756494891, 55.611354537589676], [37.54300046497924, 55.611304637538154], [37.543003400365734, 55.61130315343924], [37.543466000436055, 55.611059353196325], [37.543471488365896, 55.61105621371304], [37.543875988297806, 55.610805013481894], [37.54388248533804, 55.6108005136809], [37.54426528507634, 55.61050411344092], [37.544270388988714, 55.6104997280314], [37.544414685878095, 55.61036153073712], [37.54451578278052, 55.6102647335115], [37.54452051996494, 55.61025958330923], [37.54475341946182, 55.60996918314274], [37.54475398459813, 55.60996846459237], [37.54494768415122, 55.609717264452854], [37.54494909719678, 55.60971533035815], [37.54508199683221, 55.609522930260574], [37.5450828010582, 55.60952172360393], [37.54515180084767, 55.609414323552706], [37.544972799237236, 55.60937747638239], [37.544904188391385, 55.609484270280525], [37.54477237624795, 55.60967509476683], [37.54457969343744, 55.60992497490428], [37.54434920337068, 55.6102123692228], [37.54425071720555, 55.61030666636631], [37.54410877417688, 55.61044260877094], [37.54373174874563, 55.61073453711932], [37.54333334203058, 55.61098195283256], [37.54287504036209, 55.61122348730954], [37.542775134229935, 55.61127193543704], [37.54260037717956, 55.61134981198846], [37.542084758121334, 55.611554247161855], [37.542082792289456, 55.61155504785678], [37.541977170408956, 55.61159923266945], [37.54143041047368, 55.61177522280318], [37.540742688349596, 55.61194826635276], [37.540608354037474, 55.611975817093416], [37.540606872568674, 55.61197612882324], [37.540229172986166, 55.612057628721715], [37.53996977084769, 55.612113629174786], [37.53926788380092, 55.61226502635948], [37.53926684053679, 55.61226525536942], [37.53904924077344, 55.612313855309104], [37.53911915931486, 55.61241414468104], [37.539336239107044, 55.61236566086029], [37.54003761706108, 55.61221437344261]]]}}, {"type": "Feature", "properties": {"id": 1025, "object_type": "restriction", "restriction_type": "oks"}, "geometry": {"type": "Polygon", "coordinates": [[[37.5365594, 55.604757299999996], [37.53659700000001, 55.60477689999999], [37.5366471, 55.60478880000001], [37.5366959, 55.60479699999999], [37.5367412, 55.6047994], [37.5367876, 55.6047991], [37.5368327, 55.6047928], [37.53687750000001, 55.60478419999998], [37.5369164, 55.604769799999985], [37.5369556, 55.604752], [37.5369937, 55.6047284], [37.5370342, 55.604697], [37.5371677, 55.60469549999999], [37.5368737, 55.604253299999996], [37.5361462, 55.60440609999999], [37.5364066, 55.60479900000001], [37.5365567, 55.6047572], [37.5365595, 55.604756800000004], [37.5365594, 55.604757299999996]]]}}, {"type": "Feature", "properties": {"id": 1026, "object_type": "restriction", "restriction_type": "oks"}, "geometry": {"type": "Polygon", "coordinates": [[[37.5267999, 55.6013433], [37.5269793, 55.6016097], [37.5266913, 55.6016716], [37.5265519, 55.6014646], [37.5263648, 55.601504799999994], [37.5266686, 55.60195600000001], [37.5268557, 55.60191579999999], [37.5267288, 55.60172729999998], [37.5270168, 55.60166540000001], [37.527181, 55.6019092], [37.5274166, 55.60185859999999], [37.5272234, 55.601571699999994], [37.5270355, 55.6012927], [37.5267999, 55.6013433]]]}}, {"type": "Feature", "properties": {"id": 1027, "object_type": "restriction", "restriction_type": "oks"}, "geometry": {"type": "Polygon", "coordinates": [[[37.526313, 55.6003477], [37.5264195, 55.60050489999999], [37.5263811, 55.600513199999995], [37.5263598, 55.600481800000004], [37.5261214, 55.600533300000016], [37.5262232, 55.600683499999995], [37.5264556, 55.600633200000004], [37.5264363, 55.6006047], [37.5264819, 55.600594900000004], [37.5265888, 55.600752499999984], [37.5268431, 55.600697499999995], [37.5267303, 55.6005311], [37.5268411, 55.6005071], [37.5267879, 55.60042860000001], [37.5266783, 55.60045229999999], [37.5265698, 55.60029219999999], [37.526313, 55.6003477]]]}}, {"type": "Feature", "properties": {"id": 1028, "object_type": "restriction", "restriction_type": "oks"}, "geometry": {"type": "Polygon", "coordinates": [[[37.5283648, 55.6035909], [37.5285329, 55.60384369999999], [37.5282463, 55.6039045], [37.5281104, 55.603700199999984], [37.5279069, 55.603743400000006], [37.5282232, 55.604219099999995], [37.5284267, 55.60417599999999], [37.5282825, 55.60395900000001], [37.5285655, 55.603899], [37.5287436, 55.6041669], [37.5289817, 55.604116299999994], [37.5287867, 55.603823], [37.5285993, 55.603541199999995], [37.5283648, 55.6035909]]]}}, {"type": "Feature", "properties": {"id": 1029, "object_type": "restriction", "restriction_type": "oks"}, "geometry": {"type": "Polygon", "coordinates": [[[37.5277952, 55.602609199999996], [37.5281113, 55.6030715], [37.5283912, 55.603010499999996], [37.5280751, 55.6025482], [37.5277952, 55.602609199999996]]]}}, {"type": "Feature", "properties": {"id": 1030, "object_type": "restriction", "restriction_type": "oks"}, "geometry": {"type": "Polygon", "coordinates": [[[37.5359165, 55.612407499999996], [37.5361175, 55.61236180000001], [37.536048, 55.6122643], [37.5358947, 55.6120491], [37.535809, 55.611928899999995], [37.535608, 55.6119745], [37.5359165, 55.612407499999996]]]}}, {"type": "Feature", "properties": {"id": 1031, "object_type": "restriction", "restriction_type": "oks"}, "geometry": {"type": "Polygon", "coordinates": [[[37.5347272, 55.61088339999999], [37.5349425, 55.6108379], [37.5346385, 55.61037910000001], [37.5344232, 55.6104246], [37.5347272, 55.61088339999999]]]}}, {"type": "Feature", "properties": {"id": 1032, "object_type": "restriction", "restriction_type": "oks"}, "geometry": {"type": "Polygon", "coordinates": [[[37.5329595, 55.6111442], [37.5331688, 55.6110987], [37.5331125, 55.61101609999999], [37.5331723, 55.61100319999999], [37.5331819, 55.6110173], [37.5334153, 55.61096669999999], [37.5334057, 55.61095259999999], [37.5334789, 55.6109367], [37.5335328, 55.61101579999999], [37.533725, 55.61097399999999], [37.5336598, 55.6108783], [37.5337932, 55.610849399999985], [37.53383, 55.61090359999999], [37.5340068, 55.61086519999999], [37.5339684, 55.6108088], [37.5339353, 55.6107602], [37.5337584, 55.61079869999999], [37.533778, 55.61082739999999], [37.5337439, 55.61083479999999], [37.5337339, 55.6108202], [37.5336692, 55.6108343], [37.5336791, 55.61084889999999], [37.5336496, 55.61085529999999], [37.5335741, 55.61074430000001], [37.5333747, 55.610787599999995], [37.5334293, 55.6108677], [37.5333618, 55.61088229999999], [37.5333495, 55.610864299999996], [37.5331142, 55.61091530000001], [37.533127, 55.610934], [37.5330698, 55.6109465], [37.5330099, 55.610858500000006], [37.5327966, 55.61090479999999], [37.5329595, 55.6111442]]]}}, {"type": "Feature", "properties": {"id": 1033, "object_type": "restriction", "restriction_type": "oks"}, "geometry": {"type": "Polygon", "coordinates": [[[37.5282611, 55.60871100000001], [37.5283055, 55.6087814], [37.5282976, 55.608783], [37.5283651, 55.60889019999999], [37.5285039, 55.6088623], [37.5284115, 55.60871559999999], [37.5286779, 55.608661999999995], [37.5287082, 55.60871019999999], [37.5286851, 55.608714799999994], [37.5287515, 55.6088202], [37.5289016, 55.608790000000006], [37.5288101, 55.6086449], [37.528929, 55.60862100000001], [37.5289414, 55.6086408], [37.529116, 55.60860569999999], [37.5290566, 55.6085113], [37.5288117, 55.6085605], [37.5287658, 55.60848769999998], [37.5287852, 55.6084838], [37.5287206, 55.6083812], [37.5285847, 55.60840850000001], [37.5286792, 55.6085584], [37.5283996, 55.6086146], [37.5283689, 55.608565799999994], [37.5284005, 55.60855949999999], [37.5283331, 55.608452500000006], [37.5281838, 55.608482599999995], [37.5282789, 55.60863349999999], [37.5282215, 55.6086451], [37.5281564, 55.608658199999994], [37.5281487, 55.6086459], [37.5279823, 55.6086794], [37.5280313, 55.6087572], [37.5282611, 55.60871100000001]]]}}, {"type": "Feature", "properties": {"id": 1034, "object_type": "restriction", "restriction_type": "oks"}, "geometry": {"type": "Polygon", "coordinates": [[[37.5281194, 55.610255599999995], [37.5286379, 55.6101391], [37.5287511, 55.61029979999999], [37.528347, 55.6103906], [37.5284203, 55.610494799999984], [37.5292192, 55.6103153], [37.5291459, 55.6102112], [37.5288031, 55.61028819999999], [37.528692, 55.610130399999996], [37.5291288, 55.6100323], [37.5290328, 55.609896], [37.5285358, 55.6100077], [37.5280255, 55.61012229999998], [37.5281194, 55.610255599999995]]]}}, {"type": "Feature", "properties": {"id": 1035, "object_type": "restriction", "restriction_type": "oks"}, "geometry": {"type": "Polygon", "coordinates": [[[37.5270312, 55.6100858], [37.5273276, 55.6105248], [37.527538, 55.61047949999999], [37.5274605, 55.61036469999999], [37.5273171, 55.61015239999999], [37.5272416, 55.6100405], [37.5271762, 55.60994360000001], [37.5270251, 55.6097199], [37.5269359, 55.6095878], [37.5267255, 55.609633099999996], [37.5270312, 55.6100858]]]}}, {"type": "Feature", "properties": {"id": 1036, "object_type": "restriction", "restriction_type": "oks"}, "geometry": {"type": "Polygon", "coordinates": [[[37.5294852, 55.6106864], [37.5299978, 55.61057359999999], [37.5301206, 55.61075159999999], [37.5297215, 55.610839399999996], [37.5297882, 55.61093619999999], [37.5305842, 55.61076099999998], [37.5305174, 55.61066419999999], [37.5301892, 55.61073649999999], [37.5300664, 55.61055849999999], [37.5305069, 55.610461499999985], [37.530419, 55.6103342], [37.5299087, 55.6104465], [37.5293973, 55.6105591], [37.5294852, 55.6106864]]]}}, {"type": "Feature", "properties": {"id": 1037, "object_type": "restriction", "restriction_type": "oks"}, "geometry": {"type": "Polygon", "coordinates": [[[37.5302727, 55.60852729999999], [37.5299785, 55.608586700000004], [37.5300389, 55.6086821], [37.5302618, 55.60863709999999], [37.5303388, 55.608758699999996], [37.5301007, 55.60880689999999], [37.5301464, 55.60887910000002], [37.5303754, 55.6088329], [37.5304867, 55.6090087], [37.5306078, 55.6089842], [37.5305204, 55.6088462], [37.53059590000001, 55.608830899999994], [37.5308322, 55.6087832], [37.5307875, 55.6087126], [37.5305361, 55.608763399999994], [37.5304445, 55.608618699999994], [37.5307018, 55.608566700000004], [37.530655, 55.60849290000001], [37.5304322, 55.60853790000001], [37.5303235, 55.60836619999999], [37.5301881, 55.60839359999999], [37.5302727, 55.60852729999999]]]}}, {"type": "Feature", "properties": {"id": 1038, "object_type": "restriction", "restriction_type": "oks"}, "geometry": {"type": "Polygon", "coordinates": [[[37.5275695, 55.605831099999996], [37.5275186, 55.605758299999984], [37.5274008, 55.6057846], [37.5271099, 55.605369100000004], [37.5270718, 55.6053146], [37.5271896, 55.60528819999999], [37.5271325, 55.6052067], [37.52660970000001, 55.605323500000004], [37.5266668, 55.605405], [37.5269267, 55.605346999999995], [37.52706, 55.605537399999996], [37.5268001, 55.605595400000006], [37.5268515, 55.60566889999998], [37.5271114, 55.605610899999995], [37.5272557, 55.605816999999995], [37.5269958, 55.60587509999999], [37.5270467, 55.60594780000001], [37.5275695, 55.605831099999996]]]}}, {"type": "Feature", "properties": {"id": 1039, "object_type": "restriction", "restriction_type": "oks"}, "geometry": {"type": "Polygon", "coordinates": [[[37.5253444, 55.60569499999999], [37.5254933, 55.6056622], [37.5255478, 55.605741099999996], [37.5258207, 55.606136499999984], [37.5256717, 55.606169300000005], [37.5257289, 55.6062521], [37.5262702, 55.6061329], [37.5262131, 55.60605009999999], [37.5259395, 55.6061103], [37.52580660000001, 55.6059178], [37.5260802, 55.60585749999999], [37.5260189, 55.60576879999999], [37.5257453, 55.60582900000001], [37.5256121, 55.6056361], [37.5258857, 55.6055758], [37.5258294, 55.605494199999995], [37.5252881, 55.6056134], [37.5253444, 55.60569499999999]]]}}, {"type": "Feature", "properties": {"id": 1040, "object_type": "restriction", "restriction_type": "oks"}, "geometry": {"type": "Polygon", "coordinates": [[[37.5237098, 55.6039223], [37.5236582, 55.60384289999999], [37.5233874, 55.603426500000005], [37.5233634, 55.603389599999986], [37.5224045, 55.6035886], [37.5227509, 55.6041213], [37.5237098, 55.6039223]]]}}, {"type": "Feature", "properties": {"id": 1041, "object_type": "restriction", "restriction_type": "oks"}, "geometry": {"type": "Polygon", "coordinates": [[[37.5239043, 55.6013088], [37.5241811, 55.60124729999998], [37.5243173, 55.601442999999996], [37.5240405, 55.6015045], [37.5240929, 55.60157970000001], [37.5243697, 55.6015182], [37.5244985, 55.6017033], [37.5242217, 55.6017648], [37.5242767, 55.60184389999999], [37.524796, 55.60172849999999], [37.524741, 55.6016495], [37.5246289, 55.6016744], [37.5245675, 55.60158609999999], [37.5243116, 55.601218300000006], [37.524423600000006, 55.6011934], [37.5243731, 55.60112079999998], [37.5238538, 55.601236099999994], [37.5239043, 55.6013088]]]}}, {"type": "Feature", "properties": {"id": 1042, "object_type": "restriction", "restriction_type": "oks"}, "geometry": {"type": "Polygon", "coordinates": [[[37.5226109, 55.601589], [37.5227629, 55.6015566], [37.5228017, 55.601614700000006], [37.5230851, 55.6020391], [37.5229331, 55.602071499999994], [37.5229813, 55.6021438], [37.5235226, 55.60202849999999], [37.5234743, 55.60195619999999], [37.5232202, 55.60201039999999], [37.5230825, 55.601804099999995], [37.5233366, 55.60175], [37.5232835, 55.6016705], [37.5230294, 55.60172459999999], [37.522898, 55.60152779999999], [37.5231521, 55.60147370000001], [37.523096, 55.601389700000006], [37.5225548, 55.601504999999996], [37.5226109, 55.601589]]]}}, {"type": "Feature", "properties": {"id": 1043, "object_type": "restriction", "restriction_type": "oks"}, "geometry": {"type": "Polygon", "coordinates": [[[37.5347526, 55.5990199], [37.5348758, 55.598992599999995], [37.5351522, 55.59939020000001], [37.5351902, 55.59944479999999], [37.5350553, 55.5994747], [37.5351091, 55.59955209999999], [37.5356432, 55.59943359999998], [37.535591, 55.599358599999995], [37.5353299, 55.59941649999998], [37.5351969, 55.5992253], [37.5354555, 55.5991679], [37.5354056, 55.599096200000005], [37.5351428, 55.59915449999999], [37.5350076, 55.59896], [37.5352841, 55.5988986], [37.5352333, 55.59882559999999], [37.5346999, 55.59894400000001], [37.5347526, 55.5990199]]]}}, {"type": "Feature", "properties": {"id": 1044, "object_type": "restriction", "restriction_type": "oks"}, "geometry": {"type": "Polygon", "coordinates": [[[37.53614050000001, 55.59886629999999], [37.5361931, 55.598944], [37.5364534, 55.5988877], [37.5365931, 55.5990939], [37.536337800000005, 55.599149099999984], [37.5363894, 55.5992253], [37.5369171, 55.59911120000001], [37.5368655, 55.59903499999999], [37.536731, 55.5990641], [37.536572092427434, 55.59882950059408], [37.53632438102889, 55.5988265439226], [37.53614050000001, 55.59886629999999]]]}}, {"type": "Feature", "properties": {"id": 1045, "object_type": "restriction", "restriction_type": "oks"}, "geometry": {"type": "Polygon", "coordinates": [[[37.5372334, 55.59982349999999], [37.5372726, 55.59979699999999], [37.537313700000006, 55.5998074], [37.5373299, 55.59978679999999], [37.537355700000006, 55.59979330000001], [37.5374246, 55.5997057], [37.5374899, 55.5996228], [37.53746, 55.5996153], [37.5374749, 55.59958880000001], [37.537497, 55.5995684], [37.53752690000001, 55.5995759], [37.537594000000006, 55.59949079999998], [37.5376636, 55.599402399999995], [37.537637800000006, 55.599395900000005], [37.5376522, 55.59937769999999], [37.5376059, 55.59936609999998], [37.5376157, 55.5993361], [37.53761, 55.59930119999999], [37.5376519, 55.59929209999999], [37.5376375, 55.5992711], [37.5376638, 55.59926529999999], [37.5376026, 55.5991761], [37.5375445, 55.599091399999985], [37.537514, 55.599098], [37.5374811, 55.59905019999999], [37.5375116, 55.59904349999999], [37.537453, 55.59895809999999], [37.5373901, 55.59886639999999], [37.5373639, 55.598872099999994], [37.5373511, 55.5988535], [37.53720440000001, 55.59888569999999], [37.5372171, 55.5989042], [37.5371839, 55.5989115], [37.5373054, 55.599088599999995], [37.5373369, 55.5990818], [37.5373697, 55.59912959999999], [37.5373382, 55.5991365], [37.5374576, 55.5993105], [37.5374907, 55.599303199999994], [37.5375052, 55.5993242], [37.5375084, 55.59934159999999], [37.537494, 55.5993598], [37.5374615, 55.5993516], [37.5373248, 55.59952510000001], [37.5373556, 55.59953290000001], [37.5373383, 55.5995562], [37.5373187, 55.59957980000001], [37.5372879, 55.599572], [37.5371536, 55.5997425], [37.5371861, 55.5997506], [37.5371699, 55.5997712], [37.53713770000001, 55.59978279999999], [37.5370992, 55.59979130000001], [37.5370857, 55.59977169999999], [37.5367851, 55.599837699999995], [37.5367986, 55.59985729999999], [37.5367033, 55.59987819999999], [37.5366905, 55.59985960000001], [37.5363899, 55.599925599999985], [37.5364027, 55.599944199999996], [37.5363215, 55.599962100000006], [37.5363091, 55.59994389999998], [37.5360085, 55.60000990000001], [37.536021, 55.6000281], [37.5359322, 55.600047599999996], [37.5359201, 55.600029899999996], [37.53561950000001, 55.6000959], [37.5356316, 55.6001136], [37.5355899, 55.60012269999999], [37.535561, 55.6001205], [37.5355245, 55.6001114], [37.5355358, 55.600096900000004], [37.5352336, 55.60002169999999], [37.5352204, 55.600038700000006], [37.5351712, 55.600025299999984], [37.5351373, 55.600018], [37.5351505, 55.60000110000001], [37.534842700000006, 55.599924599999994], [37.5348313, 55.5999391], [37.53479910000001, 55.599931099999985], [37.5347803, 55.599921900000005], [37.5347659, 55.59990090000001], [37.5347921, 55.59989509999999], [37.5346728, 55.5997212], [37.5346423, 55.5997279], [37.5346095, 55.599680000000006], [37.53464, 55.59967329999999], [37.5345185, 55.59949619999999], [37.5344922, 55.5995019], [37.5344795, 55.59948339999999], [37.5343327, 55.59951549999999], [37.5343455, 55.59953409999999], [37.5343123, 55.5995413], [37.5343776, 55.5996366], [37.5344338, 55.5997185], [37.5344653, 55.59971159999999], [37.5344981, 55.59975940000001], [37.5344666, 55.599766299999985], [37.5345275, 55.59985509999999], [37.5345859, 55.59994029999999], [37.5346191, 55.599933], [37.5346335, 55.599954], [37.5346819, 55.599943399999994], [37.534709, 55.59997129999999], [37.534753, 55.599990299999995], [37.5347357, 55.60001249999999], [37.534768, 55.6000205], [37.5347536, 55.60003889999999], [37.5349115, 55.6000781], [37.5350614, 55.6001154], [37.535075, 55.600098], [37.5351097, 55.60010549999999], [37.5351581, 55.600118699999996], [37.53514450000001, 55.6001361], [37.5353037, 55.60017559999999], [37.5354468, 55.6002112], [37.5354611, 55.6001928], [37.5354976, 55.60020189999999], [37.5355187, 55.6001748], [37.5355744, 55.60018329999999], [37.535628, 55.60017799999998], [37.5356451, 55.60020289999999], [37.53568680000001, 55.6001938], [37.5356995, 55.60021219999999], [37.5358587, 55.6001773], [37.5360001, 55.60014619999999], [37.53598740000001, 55.600127799999996], [37.5360761, 55.600108299999995], [37.5360885, 55.6001262], [37.5362433, 55.60009219999999], [37.5363891, 55.6000602], [37.5363767, 55.60004229999999], [37.5364579, 55.600024399999995], [37.5364699, 55.6000419], [37.5366312, 55.6000065], [37.5367705, 55.59997589999999], [37.5367585, 55.59995839999999], [37.5368538, 55.599937499999996], [37.5368651, 55.599954], [37.5370223, 55.59991949999999], [37.5371657, 55.599888], [37.5371543, 55.59987149999999], [37.5371929, 55.59986299999999], [37.537175, 55.599837], [37.5372334, 55.59982349999999]]]}}, {"type": "Feature", "properties": {"id": 1046, "object_type": "restriction", "restriction_type": "oks"}, "geometry": {"type": "Polygon", "coordinates": [[[37.5370188, 55.600404199999986], [37.5371941, 55.60066810000001], [37.5369034, 55.60072970000001], [37.5367672, 55.600524799999995], [37.536577300000005, 55.6005651], [37.5368907, 55.6010368], [37.5370753, 55.6009977], [37.536933, 55.6007836], [37.5372339, 55.6007197], [37.5374115, 55.6009869], [37.5376452, 55.6009373], [37.5374496, 55.600643], [37.5372573, 55.6003536], [37.5370188, 55.600404199999986]]]}}, {"type": "Feature", "properties": {"id": 1047, "object_type": "restriction", "restriction_type": "oks"}, "geometry": {"type": "Polygon", "coordinates": [[[37.5380043, 55.5989979], [37.5380713, 55.5989834], [37.5384354, 55.59952069999999], [37.5386515, 55.599473999999994], [37.5386165, 55.5994224], [37.5387064, 55.599402999999995], [37.53833199557576, 55.59885049229714], [37.5379009707718, 55.59884535347376], [37.5380043, 55.5989979]]]}}, {"type": "Feature", "properties": {"id": 1048, "object_type": "restriction", "restriction_type": "oks"}, "geometry": {"type": "Polygon", "coordinates": [[[37.52848, 55.6116013], [37.5283916, 55.6115048], [37.5281979, 55.61129329999999], [37.5280993, 55.61118569999999], [37.5280063, 55.611084099999985], [37.5278105, 55.6108703], [37.5277103, 55.61076090000001], [37.527513, 55.61081849999999], [37.5279019, 55.611243299999984], [37.5282826, 55.611659], [37.52848, 55.6116013]]]}}, {"type": "Feature", "properties": {"id": 1049, "object_type": "restriction", "restriction_type": "oks"}, "geometry": {"type": "Polygon", "coordinates": [[[37.527112, 55.6105978], [37.5272851, 55.6108373], [37.5277675, 55.610726099999994], [37.5275943, 55.61048649999999], [37.527112, 55.6105978]]]}}, {"type": "Feature", "properties": {"id": 1050, "object_type": "restriction", "restriction_type": "road"}, "geometry": {"type": "Polygon", "coordinates": [[[37.525355943871155, 55.60769210978065], [37.52675469984692, 55.607392519168535], [37.52772959882044, 55.60718371935977], [37.52945479334824, 55.60681422048117], [37.53017688774358, 55.60665962165993], [37.5301095123419, 55.606558778330914], [37.52938741314285, 55.60671337813824], [37.52766220223007, 55.60708288042438], [37.52668730166448, 55.60729168051688], [37.52528850042552, 55.60759128074118], [37.52501985189111, 55.607648991131015], [37.52471509183152, 55.60771428256522], [37.524782508254, 55.607815117425595], [37.525087308592, 55.607749817344235], [37.525355943871155, 55.60769210978065]]]}}, {"type": "Feature", "properties": {"id": 1051, "object_type": "restriction", "restriction_type": "road"}, "geometry": {"type": "Polygon", "coordinates": [[[37.52416218018733, 55.608002295905706], [37.524158598251795, 55.608003310643404], [37.52376139860501, 55.608121810502446], [37.52375728948784, 55.608123110852425], [37.52314578996532, 55.608328010614684], [37.52314225948177, 55.60832925327673], [37.522598059848974, 55.60853025304926], [37.522593532340096, 55.6085320330961], [37.52225714130234, 55.60867262926993], [37.522198817366835, 55.60869699414763], [37.52219369695639, 55.60883314294413], [37.52219430362985, 55.60883287605426], [37.52237025006359, 55.60875937436328], [37.5227044495523, 55.60861969400587], [37.52324459935738, 55.608420189849866], [37.52385228446237, 55.608216568059774], [37.52424562973778, 55.60809921803603], [37.52457111487158, 55.6080118054138], [37.52487280984517, 55.6079308067439], [37.52479119025518, 55.607833393242686], [37.524489490548554, 55.607914393144554], [37.52416218018733, 55.608002295905706]]]}}, {"type": "Feature", "properties": {"id": 1052, "object_type": "restriction", "restriction_type": "road"}, "geometry": {"type": "Polygon", "coordinates": [[[37.52322523553358, 55.60560815741384], [37.523281438551074, 55.605691862122754], [37.52350203602789, 55.60602055919804], [37.523611433590204, 55.60618355598006], [37.5237532307358, 55.6063949522619], [37.52391863654264, 55.6066413615417], [37.52393913757081, 55.60667186315905], [37.52409872751909, 55.606909848774634], [37.52433763287301, 55.607265857660444], [37.524471167078765, 55.607237142302886], [37.52423226949555, 55.606881146808746], [37.524072672083506, 55.60664315127308], [37.524052158014634, 55.60661263038546], [37.5238867661351, 55.6063662431084], [37.523744968905866, 55.606154847776416], [37.52363556369603, 55.60599184042583], [37.523414963441816, 55.60566314088196], [37.523358761832746, 55.60557943869659], [37.52249336351265, 55.60428974447645], [37.52237138231869, 55.60410790725838], [37.5223632735013, 55.60432357790849], [37.52322523553358, 55.60560815741384]]]}}, {"type": "Feature", "properties": {"id": 1053, "object_type": "restriction", "restriction_type": "oks"}, "geometry": {"type": "Polygon", "coordinates": [[[37.5452426, 55.612792299999995], [37.5451071, 55.6127031], [37.5448213, 55.61284160000001], [37.5446219, 55.61271030000001], [37.5449907, 55.6125316], [37.5448201, 55.61241929999999], [37.544465, 55.61259140000001], [37.5443904, 55.61254230000001], [37.5443502, 55.612561799999995], [37.5443115, 55.612580499999986], [37.5443827, 55.61262740000001], [37.5439884, 55.612818399999995], [37.5441578, 55.612929900000005], [37.5445237, 55.6127526], [37.5447262, 55.612885899999995], [37.5444431, 55.61302309999999], [37.5445802, 55.613113299999995], [37.5452426, 55.612792299999995]]]}}, {"type": "Feature", "properties": {"id": 1054, "object_type": "restriction", "restriction_type": "oks"}, "geometry": {"type": "Polygon", "coordinates": [[[37.5455682, 55.60522670000001], [37.545244, 55.6053014], [37.5453396, 55.605433899999994], [37.5456638, 55.605359199999995], [37.5455682, 55.60522670000001]]]}}, {"type": "Feature", "properties": {"id": 1055, "object_type": "restriction", "restriction_type": "oks"}, "geometry": {"type": "Polygon", "coordinates": [[[37.5461152, 55.61117369999999], [37.5458064, 55.611069099999995], [37.5456609, 55.6112062], [37.5459697, 55.6113108], [37.5461152, 55.61117369999999]]]}}, {"type": "Feature", "properties": {"id": 1056, "object_type": "restriction", "restriction_type": "oks"}, "geometry": {"type": "Polygon", "coordinates": [[[37.5473106, 55.612040799999995], [37.5472264, 55.612110200000004], [37.54747039263036, 55.612204637661954], [37.547474110400515, 55.61210407612829], [37.5473106, 55.612040799999995]]]}}, {"type": "Feature", "properties": {"id": 1057, "object_type": "restriction", "restriction_type": "oks"}, "geometry": {"type": "Polygon", "coordinates": [[[37.5469171, 55.611579500000005], [37.5467173, 55.6114988], [37.5468547, 55.61139029999999], [37.546647, 55.6113064], [37.5465098, 55.6114148], [37.5465905, 55.6114474], [37.5465391, 55.6114881], [37.546497900000006, 55.6114715], [37.5464695, 55.6114939], [37.5465094, 55.611509999999996], [37.5463978, 55.6115982], [37.5465313, 55.61165209999998], [37.54658210000001, 55.61161190000001], [37.5467767, 55.61169039999999], [37.5469171, 55.611579500000005]]]}}, {"type": "Feature", "properties": {"id": 1058, "object_type": "restriction", "restriction_type": "oks"}, "geometry": {"type": "Polygon", "coordinates": [[[37.5417042, 55.613152400000004], [37.5415791, 55.612975199999994], [37.541315, 55.61303469999999], [37.54144, 55.61321190000001], [37.5417042, 55.613152400000004]]]}}, {"type": "Feature", "properties": {"id": 1059, "object_type": "restriction", "restriction_type": "oks"}, "geometry": {"type": "Polygon", "coordinates": [[[37.5343169, 55.612953999999995], [37.5345391, 55.612904], [37.5349299, 55.61281609999999], [37.5351056, 55.6127766], [37.5353151, 55.61272949999999], [37.5357083, 55.61264109999998], [37.5359087, 55.612596], [37.5358274, 55.6124807], [37.5350243, 55.6126613], [37.5342356, 55.6128386], [37.5343169, 55.612953999999995]]]}}, {"type": "Feature", "properties": {"id": 1060, "object_type": "restriction", "restriction_type": "oks"}, "geometry": {"type": "Polygon", "coordinates": [[[37.535932, 55.610248299999995], [37.5360708, 55.6104488], [37.5362033, 55.61064679999999], [37.5371513, 55.61044219999999], [37.5370629, 55.61031150000001], [37.536861, 55.6100132], [37.5367402, 55.60983469999999], [37.5365296, 55.609880200000006], [37.5357922, 55.610039400000005], [37.535932, 55.610248299999995]]]}}, {"type": "Feature", "properties": {"id": 1061, "object_type": "restriction", "restriction_type": "oks"}, "geometry": {"type": "Polygon", "coordinates": [[[37.5391828, 55.610919900000006], [37.5398688, 55.6107769], [37.5397818, 55.6106439], [37.5390958, 55.61078690000001], [37.5391828, 55.610919900000006]]]}}, {"type": "Feature", "properties": {"id": 1062, "object_type": "restriction", "restriction_type": "oks"}, "geometry": {"type": "Polygon", "coordinates": [[[37.5411824, 55.61135970000001], [37.5404132, 55.6115257], [37.5396217, 55.6116965], [37.539717, 55.61183739999999], [37.5405071, 55.6116669], [37.5412777, 55.61150059999999], [37.5411824, 55.61135970000001]]]}}, {"type": "Feature", "properties": {"id": 1063, "object_type": "restriction", "restriction_type": "oks"}, "geometry": {"type": "Polygon", "coordinates": [[[37.5392637, 55.6117125], [37.5394819, 55.611665099999996], [37.5391709, 55.6112077], [37.5389527, 55.61125500000001], [37.5392637, 55.6117125]]]}}, {"type": "Feature", "properties": {"id": 1064, "object_type": "restriction", "restriction_type": "oks"}, "geometry": {"type": "Polygon", "coordinates": [[[37.5417693, 55.6113285], [37.541916, 55.61126019999998], [37.5421838, 55.6111354], [37.5424197, 55.611025500000004], [37.5425412, 55.610969000000004], [37.5428603, 55.61082029999999], [37.5430688, 55.6107232], [37.542924400000004, 55.61062429999999], [37.5422825, 55.6109233], [37.5416249, 55.61122960000001], [37.5417693, 55.6113285]]]}}, {"type": "Feature", "properties": {"id": 1065, "object_type": "restriction", "restriction_type": "oks"}, "geometry": {"type": "Polygon", "coordinates": [[[37.5469492, 55.61288789999999], [37.546162, 55.61250509999999], [37.5466031, 55.6122157], [37.5464473, 55.61213999999999], [37.5465726, 55.6120578], [37.5460614, 55.611809199999996], [37.5459383, 55.61189000000001], [37.546446, 55.612136899999996], [37.5460041, 55.6124268], [37.5461601, 55.6125027], [37.5460244, 55.612591800000004], [37.5468131, 55.6129753], [37.54743079676733, 55.61327562203154], [37.54743637372701, 55.613124781438195], [37.5469492, 55.61288789999999]]]}}, {"type": "Feature", "properties": {"id": 1066, "object_type": "restriction", "restriction_type": "oks"}, "geometry": {"type": "MultiPolygon", "coordinates": [[[[37.5473933, 55.604648100000006], [37.5476559, 55.6045959], [37.54774626072732, 55.60474098225016], [37.54775558584037, 55.604488628485726], [37.5476103, 55.60451749999999], [37.5473448, 55.6045703], [37.5473933, 55.604648100000006]]], [[[37.547515, 55.6048435], [37.5475792, 55.6049465], [37.547739846258565, 55.604914566592704], [37.547744155672014, 55.60479794814999], [37.547515, 55.6048435]]], [[[37.5476842, 55.605115100000006], [37.54772973203271, 55.60518826759138], [37.54773279279921, 55.6051054407076], [37.5476842, 55.605115100000006]]]]}}, {"type": "Feature", "properties": {"id": 1067, "object_type": "restriction", "restriction_type": "oks"}, "geometry": {"type": "Polygon", "coordinates": [[[37.5475949, 55.606524], [37.54767305222952, 55.606721992032], [37.54768076868233, 55.60651319775944], [37.5475949, 55.606524]]]}}, {"type": "Feature", "properties": {"id": 1068, "object_type": "restriction", "restriction_type": "oks"}, "geometry": {"type": "Polygon", "coordinates": [[[37.5466982, 55.60519279999999], [37.5466444, 55.60511619999999], [37.5468684, 55.60506610000001], [37.5467757, 55.604934099999994], [37.546558, 55.60498279999999], [37.5464576, 55.6048398], [37.5462488, 55.60488659999999], [37.5464955, 55.605238199999995], [37.5466982, 55.60519279999999]]]}}, {"type": "Feature", "properties": {"id": 1069, "object_type": "restriction", "restriction_type": "oks"}, "geometry": {"type": "Polygon", "coordinates": [[[37.539658, 55.60953959999999], [37.539697, 55.60960759999999], [37.5396791, 55.60961089999999], [37.5397386, 55.60971459999999], [37.5398719, 55.60969020000001], [37.5397851, 55.60953899999999], [37.5400559, 55.6094894], [37.5400777, 55.609527299999996], [37.5400595, 55.6095307], [37.5401235, 55.6096423], [37.5402671, 55.60961600000001], [37.5401789, 55.609462199999996], [37.54029890000001, 55.6094403], [37.5403063, 55.6094532], [37.5404888, 55.60941979999999], [37.5404481, 55.60934889999999], [37.5401874, 55.6093966], [37.5401411, 55.60931579999998], [37.54016, 55.6093124], [37.5400927, 55.6092116], [37.5399598, 55.609238], [37.5400539, 55.6093854], [37.5397952, 55.6094327], [37.5397138, 55.609290699999995], [37.53958440000001, 55.6093144], [37.5396672, 55.6094588], [37.5396089, 55.609469499999996], [37.5395466, 55.6094808], [37.5395421, 55.6094729], [37.5393576, 55.6095066], [37.5394032, 55.60958629999999], [37.539658, 55.60953959999999]]]}}, {"type": "Feature", "properties": {"id": 1070, "object_type": "restriction", "restriction_type": "oks"}, "geometry": {"type": "Polygon", "coordinates": [[[37.5401403, 55.6061746], [37.5401786, 55.6062415], [37.5401601, 55.6062449], [37.5402202, 55.606349800000004], [37.5403507, 55.60632599999999], [37.5402639, 55.6061746], [37.5405445, 55.6061233], [37.5405574, 55.60614590000001], [37.5405718, 55.60617089999999], [37.540558, 55.60617349999999], [37.5406164, 55.6062753], [37.5407456, 55.6062517], [37.5406647, 55.606110599999994], [37.540784, 55.606088699999994], [37.5407887, 55.6060969], [37.5409752, 55.6060628], [37.5409311, 55.6059859], [37.5406688, 55.60603389999999], [37.5406285, 55.6059636], [37.5406469, 55.60596030000001], [37.5405867, 55.6058553], [37.540455200000004, 55.6058794], [37.54053780000001, 55.6060236], [37.5402762, 55.6060715], [37.5401929, 55.605926200000006], [37.5400639, 55.605949700000004], [37.5401442, 55.60608969999999], [37.5398278, 55.60614759999999], [37.5398714, 55.606223799999995], [37.5401403, 55.6061746]]]}}, {"type": "Feature", "properties": {"id": 1071, "object_type": "restriction", "restriction_type": "oks"}, "geometry": {"type": "Polygon", "coordinates": [[[37.5428064, 55.60739629999999], [37.5427383, 55.60729179999999], [37.5423911, 55.60736399999999], [37.5422746, 55.607185099999995], [37.5426218, 55.607112999999984], [37.5427481, 55.6070867], [37.5426566, 55.60694629999999], [37.5421285, 55.607056099999994], [37.54161, 55.607163799999995], [37.5417014, 55.6073042], [37.5418229, 55.60727899999999], [37.5421703, 55.60720680000001], [37.5422868, 55.6073857], [37.5419394, 55.6074579], [37.5420074, 55.60756229999999], [37.5428064, 55.60739629999999]]]}}, {"type": "Feature", "properties": {"id": 1072, "object_type": "restriction", "restriction_type": "oks"}, "geometry": {"type": "Polygon", "coordinates": [[[37.5372083, 55.607743299999996], [37.5372859, 55.607727100000005], [37.5373284, 55.60769499999999], [37.5373622, 55.6077128], [37.5378052, 55.607444399999984], [37.5377601, 55.6074206], [37.53780900000001, 55.60738500000001], [37.5378195, 55.607341], [37.5378884, 55.6073514], [37.5380564, 55.6069957], [37.537993, 55.60698609999999], [37.538007900000004, 55.6069371], [37.5379891, 55.606898], [37.5380462, 55.6068902], [37.5379733, 55.60672559999998], [37.5378901, 55.606523899999985], [37.5378781, 55.6064991], [37.5378918, 55.606475], [37.5380649, 55.6061184], [37.5380759, 55.60609070000001], [37.5380979, 55.6060778], [37.5385375, 55.60580550000001], [37.5385814, 55.605777999999994], [37.5385962, 55.6057751], [37.5389003, 55.605709299999994], [37.5404123, 55.605380999999994], [37.5403445, 55.605281299999994], [37.5388358, 55.6056077], [37.5385283, 55.6056754], [37.5385515, 55.60570950000001], [37.5384967, 55.60573719999999], [37.5384553, 55.6057632], [37.5383891, 55.6057291], [37.5379495, 55.6060014], [37.5380131, 55.60603419999999], [37.537952, 55.60606039999999], [37.5379368, 55.60609849999999], [37.5378686, 55.60608800000001], [37.5376954, 55.6064446], [37.5377778, 55.6064574], [37.5377584, 55.60649179999999], [37.5377528, 55.60654259999999], [37.5376936, 55.60655069999999], [37.5377798, 55.6067515], [37.537864, 55.6069467], [37.5376861, 55.60732089999999], [37.5376673, 55.607371799999996], [37.5371621, 55.6076769], [37.5365408, 55.607814999999995], [37.5366119, 55.60791699999999], [37.5372332, 55.60777900000001], [37.5372083, 55.607743299999996]]]}}, {"type": "Feature", "properties": {"id": 1073, "object_type": "restriction", "restriction_type": "oks"}, "geometry": {"type": "Polygon", "coordinates": [[[37.5441527, 55.607735000000005], [37.5443355, 55.6081783], [37.5445337, 55.6081502], [37.5443756, 55.60776489999999], [37.5443501, 55.6077106], [37.544134, 55.60725159999999], [37.5439358, 55.60727970000001], [37.5441527, 55.607735000000005]]]}}, {"type": "Feature", "properties": {"id": 1074, "object_type": "restriction", "restriction_type": "oks"}, "geometry": {"type": "Polygon", "coordinates": [[[37.5392746, 55.6069583], [37.539574, 55.6068949], [37.5395129, 55.6068027], [37.539249, 55.606858499999994], [37.5391713, 55.6067413], [37.5394319, 55.606686199999984], [37.53937, 55.606592899999995], [37.5391019, 55.6066496], [37.5390047, 55.6065031], [37.5388751, 55.60653049999999], [37.5389593, 55.6066576], [37.5386862, 55.60671539999999], [37.5387454, 55.6068047], [37.5389744, 55.60675619999999], [37.5390505, 55.606871], [37.5388196, 55.60691979999999], [37.5388926, 55.6070298], [37.5391219, 55.6069813], [37.5392195, 55.607128499999995], [37.53936680000001, 55.6070973], [37.5392746, 55.6069583]]]}}, {"type": "Feature", "properties": {"id": 1075, "object_type": "restriction", "restriction_type": "oks"}, "geometry": {"type": "Polygon", "coordinates": [[[37.5356682, 55.60636850000001], [37.5359869, 55.6068706], [37.5358937, 55.60689079999999], [37.535955, 55.60698799999999], [37.536006, 55.6070631], [37.5361986, 55.60733949999999], [37.5367432, 55.60722140000001], [37.5367067, 55.60716759999998], [37.5369218, 55.607121], [37.5363441, 55.6061242], [37.5357555, 55.60624299999999], [37.535672, 55.606299], [37.5356682, 55.60636850000001]]]}}, {"type": "Feature", "properties": {"id": 1076, "object_type": "restriction", "restriction_type": "oks"}, "geometry": {"type": "Polygon", "coordinates": [[[37.53844, 55.6099962], [37.5381591, 55.60953839999999], [37.5378926, 55.6095906], [37.5381735, 55.61004839999999], [37.53844, 55.6099962]]]}}, {"type": "Feature", "properties": {"id": 1077, "object_type": "restriction", "restriction_type": "oks"}, "geometry": {"type": "Polygon", "coordinates": [[[37.5393275, 55.6088628], [37.5393917, 55.608848699999996], [37.5394388, 55.60881800000001], [37.5395084, 55.6088532], [37.5401538, 55.608445999999994], [37.5400092, 55.6083728], [37.5393638, 55.608779999999996], [37.5393719, 55.6087841], [37.5393371, 55.608806099999995], [37.539295, 55.6088153], [37.5392898, 55.6088077], [37.5374803, 55.609202999999994], [37.5375515, 55.609307099999995], [37.5393611, 55.608911799999994], [37.5393275, 55.6088628]]]}}, {"type": "Feature", "properties": {"id": 1078, "object_type": "restriction", "restriction_type": "oks"}, "geometry": {"type": "Polygon", "coordinates": [[[37.5442519, 55.60718719999999], [37.5441321, 55.60696769999999], [37.5436471, 55.60705219999999], [37.54376690000001, 55.60727169999999], [37.5442519, 55.60718719999999]]]}}, {"type": "Feature", "properties": {"id": 1079, "object_type": "restriction", "restriction_type": "oks"}, "geometry": {"type": "Polygon", "coordinates": [[[37.5435316, 55.60606810000001], [37.5434118, 55.605848599999995], [37.5429268, 55.60593310000001], [37.5430466, 55.60615259999999], [37.5435316, 55.60606810000001]]]}}, {"type": "Feature", "properties": {"id": 1080, "object_type": "restriction", "restriction_type": "oks"}, "geometry": {"type": "Polygon", "coordinates": [[[37.5433955, 55.606622699999996], [37.5435976, 55.606972799999994], [37.5438877, 55.60692190000001], [37.5436761, 55.60658029999999], [37.5433963, 55.60615410000001], [37.5431308, 55.6062008], [37.5433955, 55.606622699999996]]]}}, {"type": "Feature", "properties": {"id": 1081, "object_type": "restriction", "restriction_type": "oks"}, "geometry": {"type": "Polygon", "coordinates": [[[37.5431506, 55.60586570000001], [37.5431774, 55.60584990000001], [37.5430632, 55.60569209999999], [37.5430251, 55.60563769999999], [37.5429121, 55.605462], [37.5428647, 55.60545259999999], [37.5428205, 55.6054579], [37.5427601, 55.6054223], [37.542764, 55.6053971], [37.5427582, 55.605368299999995], [37.5423656, 55.60527040000001], [37.5420841, 55.605200199999985], [37.5420165, 55.6052035], [37.5419884, 55.605226699999996], [37.5418888, 55.605227], [37.5418706, 55.605207], [37.5418109, 55.60518569999999], [37.541106, 55.605325], [37.5410664, 55.6053566], [37.5411096, 55.6054195], [37.5411911, 55.6054314], [37.5418894, 55.605299499999994], [37.5419346, 55.605277099999995], [37.5420025, 55.60530609999998], [37.5422818, 55.60538029999999], [37.5426505, 55.605478199999986], [37.5427161, 55.605478899999994], [37.5427037, 55.60550899999999], [37.5429516, 55.60588439999999], [37.5429849, 55.6058952], [37.5431506, 55.60586570000001]]]}}, {"type": "Feature", "properties": {"id": 1082, "object_type": "restriction", "restriction_type": "oks"}, "geometry": {"type": "Polygon", "coordinates": [[[37.5434112, 55.6104698], [37.5438267, 55.61003899999999], [37.5442268, 55.60962419999999], [37.5440437, 55.609567899999995], [37.5432281, 55.61041349999999], [37.5434112, 55.6104698]]]}}, {"type": "Feature", "properties": {"id": 1083, "object_type": "restriction", "restriction_type": "oks"}, "geometry": {"type": "Polygon", "coordinates": [[[37.54233790000001, 55.60823939999999], [37.5422705, 55.60813529999999], [37.5419375, 55.60820399999999], [37.5418183, 55.608019899999995], [37.5422732, 55.607926], [37.5421888, 55.6077956], [37.5416695, 55.6079029], [37.5411553, 55.60800909999998], [37.5412397, 55.60813939999999], [37.5417153, 55.6080412], [37.5418345, 55.6082253], [37.5414814, 55.60829820000001], [37.5415488, 55.60840230000001], [37.54233790000001, 55.60823939999999]]]}}, {"type": "Feature", "properties": {"id": 1084, "object_type": "restriction", "restriction_type": "oks"}, "geometry": {"type": "Polygon", "coordinates": [[[37.5363578, 55.60196239999999], [37.5361516, 55.6016435], [37.5357372, 55.601728999999985], [37.5359434, 55.60204800000001], [37.5363578, 55.60196239999999]]]}}, {"type": "Feature", "properties": {"id": 1085, "object_type": "restriction", "restriction_type": "oks"}, "geometry": {"type": "Polygon", "coordinates": [[[37.5400567, 55.60185], [37.5399655, 55.60170779999999], [37.5397887, 55.601744], [37.5398799, 55.6018862], [37.5400567, 55.60185]]]}}, {"type": "Feature", "properties": {"id": 1086, "object_type": "restriction", "restriction_type": "oks"}, "geometry": {"type": "Polygon", "coordinates": [[[37.5442376, 55.60213959999999], [37.5439705, 55.6021961], [37.5438401, 55.601999599999985], [37.5441072, 55.60194309999999], [37.5440598, 55.60187169999999], [37.5437927, 55.6019282], [37.5436583, 55.6017257], [37.5439255, 55.60166909999999], [37.5438714, 55.60158760000001], [37.5433347, 55.601701299999995], [37.5433888, 55.6017827], [37.54352740000001, 55.60175340000001], [37.5435916, 55.6018501], [37.5438396, 55.60222389999999], [37.5437009, 55.6022532], [37.5437602, 55.60234259999999], [37.5442969, 55.60222889999999], [37.5442376, 55.60213959999999]]]}}, {"type": "Feature", "properties": {"id": 1087, "object_type": "restriction", "restriction_type": "oks"}, "geometry": {"type": "Polygon", "coordinates": [[[37.5446458, 55.601560199999994], [37.54489290000001, 55.60150819999999], [37.5449932, 55.601660100000004], [37.5447045, 55.60172089999999], [37.5447616, 55.6018073], [37.5450504, 55.60174649999999], [37.5451699, 55.6019276], [37.5449405, 55.6019759], [37.5449994, 55.6020653], [37.5455324, 55.601952999999995], [37.545479400000005, 55.601872699999994], [37.5453585, 55.6018982], [37.5450832, 55.601481099999994], [37.5452216, 55.601452], [37.5451588, 55.601356799999984], [37.5445905, 55.6014765], [37.5446458, 55.601560199999994]]]}}, {"type": "Feature", "properties": {"id": 1088, "object_type": "restriction", "restriction_type": "oks"}, "geometry": {"type": "Polygon", "coordinates": [[[37.5439091, 55.5997641], [37.5439199, 55.599703599999984], [37.5440368, 55.59971319999999], [37.5441465, 55.59936079999999], [37.5444198, 55.5993738], [37.544386, 55.599336599999994], [37.5444697, 55.5992823], [37.544352200000006, 55.5991228], [37.5442508, 55.59911389999999], [37.5442208, 55.599070399999995], [37.54404900000001, 55.599197800000006], [37.5435524, 55.598974899999995], [37.543468, 55.5990333], [37.5433666, 55.59898329999999], [37.5432592, 55.59905959999999], [37.5437834, 55.5993059], [37.5437327, 55.599339799999996], [37.5437608, 55.5993801], [37.5438332, 55.5993875], [37.5437449, 55.59974939999999], [37.5439091, 55.5997641]]]}}, {"type": "Feature", "properties": {"id": 1089, "object_type": "restriction", "restriction_type": "oks"}, "geometry": {"type": "Polygon", "coordinates": [[[37.5409967, 55.60021329999999], [37.5412558, 55.6001529], [37.5408691, 55.59962329999999], [37.5406099, 55.5996837], [37.5409967, 55.60021329999999]]]}}, {"type": "Feature", "properties": {"id": 1090, "object_type": "restriction", "restriction_type": "oks"}, "geometry": {"type": "Polygon", "coordinates": [[[37.5391543, 55.6027494], [37.53942, 55.60269339999999], [37.53954340000001, 55.6028804], [37.5392751, 55.60293690000001], [37.5393272, 55.60301590000001], [37.5395976, 55.6029589], [37.5397244, 55.60315109999999], [37.5394569, 55.60320740000001], [37.5395033, 55.603277699999985], [37.5400487, 55.6031628], [37.5400004, 55.60308969999999], [37.5398565, 55.60311999999998], [37.5398032, 55.6030393], [37.5395555, 55.60266409999999], [37.5396862, 55.60263649999999], [37.5396353, 55.602559400000004], [37.539103, 55.602671599999994], [37.5391543, 55.6027494]]]}}, {"type": "Feature", "properties": {"id": 1091, "object_type": "restriction", "restriction_type": "oks"}, "geometry": {"type": "Polygon", "coordinates": [[[37.5387026, 55.60338599999999], [37.5384386, 55.603442699999995], [37.5383068, 55.60324690000001], [37.5385708, 55.60319009999999], [37.5385222, 55.6031181], [37.5382512, 55.60317630000001], [37.5381097, 55.60296619999999], [37.5383808, 55.602908], [37.5383316, 55.6028349], [37.5377989, 55.602949300000006], [37.5378478, 55.603021899999995], [37.537983200000006, 55.602992799999996], [37.5382799, 55.6034335], [37.5383054, 55.603471299999995], [37.5381699, 55.603500399999994], [37.538222700000006, 55.6035788], [37.5387553, 55.60346429999999], [37.5387026, 55.60338599999999]]]}}, {"type": "Feature", "properties": {"id": 1092, "object_type": "restriction", "restriction_type": "oks"}, "geometry": {"type": "Polygon", "coordinates": [[[37.53739, 55.603100000000005], [37.5372596, 55.60290530000001], [37.537079, 55.6029439], [37.5372093, 55.60313860000001], [37.53739, 55.603100000000005]]]}}, {"type": "Feature", "properties": {"id": 1093, "object_type": "restriction", "restriction_type": "oks"}, "geometry": {"type": "Polygon", "coordinates": [[[37.5400465, 55.602153499999986], [37.5402285, 55.602111099999995], [37.5401001, 55.601935499999996], [37.5399182, 55.6019779], [37.5400465, 55.602153499999986]]]}}, {"type": "Feature", "properties": {"id": 1094, "object_type": "restriction", "restriction_type": "oks"}, "geometry": {"type": "Polygon", "coordinates": [[[37.5333938, 55.60926369999999], [37.5334092, 55.60931250000001], [37.5334432, 55.60937390000001], [37.5334382, 55.6093917], [37.5334428, 55.609408699999996], [37.533462, 55.609423099999994], [37.5334887, 55.6094335], [37.5335292, 55.6094909], [37.5335705, 55.6095271], [37.53362810000001, 55.60956889999999], [37.5337242, 55.6095492], [37.5337417, 55.6095762], [37.5339007, 55.60954349999999], [37.533883, 55.60951609999998], [37.5340007, 55.6094919], [37.533995, 55.6094387], [37.5339836, 55.609396899999986], [37.5339515, 55.60933390000001], [37.5339599, 55.6093165], [37.5339551, 55.609300299999994], [37.5339365, 55.609284599999995], [37.53390960000001, 55.60927499999998], [37.5338729, 55.60921689999999], [37.5338211, 55.6091674], [37.5337653, 55.609126700000004], [37.5336449, 55.609151499999996], [37.5336102, 55.6090977], [37.5334412, 55.60913249999999], [37.5334758, 55.6091861], [37.5333924, 55.60920320000001], [37.5333938, 55.60926369999999]]]}}, {"type": "Feature", "properties": {"id": 1095, "object_type": "restriction", "restriction_type": "oks"}, "geometry": {"type": "Polygon", "coordinates": [[[37.5358471, 55.61244349999999], [37.5360329, 55.6127261], [37.5364265, 55.6126435], [37.5362406, 55.612361], [37.5358471, 55.61244349999999]]]}}, {"type": "Feature", "properties": {"id": 1096, "object_type": "restriction", "restriction_type": "oks"}, "geometry": {"type": "Polygon", "coordinates": [[[37.5413133, 55.60273829999999], [37.5410111, 55.602802700000005], [37.5409778, 55.6027528], [37.5408786, 55.6027739], [37.5410258, 55.60299439999999], [37.5410689, 55.6029852], [37.541475, 55.60359379999999], [37.5416768, 55.6035509], [37.5416374, 55.603491899999995], [37.54179400000001, 55.6034586], [37.5413133, 55.60273829999999]]]}}, {"type": "Feature", "properties": {"id": 1097, "object_type": "restriction", "restriction_type": "road"}, "geometry": {"type": "Polygon", "coordinates": [[[37.534441561679344, 55.60611328800868], [37.533736443295965, 55.606264391935284], [37.533770156725424, 55.6063148080624], [37.53447524774132, 55.60616370997732], [37.534613538418725, 55.606134111970576], [37.534897566576134, 55.60607320593415], [37.53486383344526, 55.60602279406354], [37.53457984759672, 55.606083691024786], [37.534441561679344, 55.60611328800868]]]}}, {"type": "Feature", "properties": {"id": 1098, "object_type": "restriction", "restriction_type": "oks"}, "geometry": {"type": "Polygon", "coordinates": [[[37.5246907, 55.6064701], [37.524502, 55.6065098], [37.524487, 55.606487], [37.5243587, 55.606514000000004], [37.5248613, 55.6072769], [37.5249997, 55.607247799999996], [37.5249879, 55.60722989999999], [37.5251666, 55.607192399999995], [37.5246907, 55.6064701]]]}}, {"type": "Feature", "properties": {"id": 1099, "object_type": "restriction", "restriction_type": "road"}, "geometry": {"type": "Polygon", "coordinates": [[[37.53332778650726, 55.60610302185289], [37.53472148805304, 55.60580462148102], [37.534654112032435, 55.60570377850981], [37.53326041357822, 55.606002178137935], [37.53332778650726, 55.60610302185289]]]}}, {"type": "Feature", "properties": {"id": 1100, "object_type": "restriction", "restriction_type": "road"}, "geometry": {"type": "Polygon", "coordinates": [[[37.543636656100325, 55.603748139379334], [37.54461032999695, 55.603540530216414], [37.54494008630624, 55.60347302104386], [37.54494151942681, 55.603472717780576], [37.54557719186754, 55.60333378935575], [37.54596284627237, 55.603251962673966], [37.54628662991878, 55.60318336613173], [37.546286997689975, 55.60318328756146], [37.54781598967631, 55.60285389853291], [37.54781921203266, 55.60276668605502], [37.546236386051454, 55.60310767286199], [37.545912770399475, 55.60317623379901], [37.54552673749507, 55.60325814076704], [37.545526080098, 55.60325828234374], [37.54489079431216, 55.60339712623705], [37.544561314020136, 55.60346457888791], [37.5445604282403, 55.60346476398468], [37.54358633651678, 55.60367246219884], [37.54282884457898, 55.60383386046461], [37.54251272829843, 55.603901263927845], [37.54256307174949, 55.60397693606701], [37.542879163731214, 55.60390953776985], [37.543636656100325, 55.603748139379334]]]}}, {"type": "Feature", "properties": {"id": 1101, "object_type": "restriction", "restriction_type": "road"}, "geometry": {"type": "Polygon", "coordinates": [[[37.53547595948106, 55.60706741262516], [37.53547600381595, 55.60706747751778], [37.53559230054578, 55.60723737330326], [37.535851396378156, 55.607616068466996], [37.536167195019154, 55.60807766801062], [37.53620189783385, 55.60812837229246], [37.53648489335247, 55.6085419671138], [37.53684769028762, 55.609072364391665], [37.53715429158596, 55.60952036777568], [37.53726638761396, 55.60968426251171], [37.537649190173475, 55.61024376810837], [37.537919091246614, 55.61063807098437], [37.538178987201476, 55.611017966331], [37.538384390485874, 55.61131807212584], [37.53842318771108, 55.61137476825887], [37.538925542213164, 55.61210905007508], [37.53897188391238, 55.61222532630301], [37.53898918203163, 55.612367698476994], [37.53917921795176, 55.61236030144928], [37.53916141759866, 55.61221380146102], [37.53916063887379, 55.612209696575654], [37.53915930741995, 55.61220563745909], [37.53910980713989, 55.612081437494794], [37.53910800907574, 55.61207759272209], [37.53910571508753, 55.61207383344737], [37.53860081365669, 55.61133583380279], [37.5385620106396, 55.611279129581234], [37.538356610177, 55.61097902989951], [37.53809671197496, 55.61059913378709], [37.5378268071656, 55.61020482806486], [37.537444010493694, 55.60964533478386], [37.53733191198125, 55.60948143750231], [37.53702530671253, 55.60903343128512], [37.53666250859713, 55.60850303579886], [37.536379503709156, 55.60808943002499], [37.536344802634595, 55.608038728622276], [37.536029003999104, 55.60757713214679], [37.53576990231414, 55.60719843093918], [37.53565361830084, 55.607028554854494], [37.53517713907566, 55.606329787645414], [37.53517701400869, 55.60632960521482], [37.53496941342701, 55.606028405360824], [37.53479198648548, 55.60606759457443], [37.53499952307822, 55.606368703569345], [37.53547595948106, 55.60706741262516]]]}}, {"type": "Feature", "properties": {"id": 1102, "object_type": "restriction", "restriction_type": "road"}, "geometry": {"type": "Polygon", "coordinates": [[[37.53383985444913, 55.60575821233787], [37.53233045611923, 55.60608311193317], [37.53239814396658, 55.606183888057565], [37.533907545636694, 55.60585898765289], [37.53383985444913, 55.60575821233787]]]}}, {"type": "Feature", "properties": {"id": 1103, "object_type": "restriction", "restriction_type": "road"}, "geometry": {"type": "Polygon", "coordinates": [[[37.5323445554808, 55.60625530399961], [37.53254465491075, 55.60654890414052], [37.53272234500248, 55.60651009579456], [37.53252224443243, 55.60621649593545], [37.5323445554808, 55.60625530399961]]]}}, {"type": "Feature", "properties": {"id": 1104, "object_type": "restriction", "restriction_type": "road"}, "geometry": {"type": "Polygon", "coordinates": [[[37.54244885133497, 55.60395819421116], [37.542524051114924, 55.6040705942642], [37.54270214879951, 55.60403240567057], [37.542626948579475, 55.60392000572364], [37.54244885133497, 55.60395819421116]]]}}, {"type": "Feature", "properties": {"id": 1105, "object_type": "restriction", "restriction_type": "oks"}, "geometry": {"type": "Polygon", "coordinates": [[[37.5388015, 55.6015212], [37.538720600000005, 55.601407699999996], [37.5385316, 55.601450699999994], [37.538612500000006, 55.601564199999984], [37.5388015, 55.6015212]]]}}, {"type": "Feature", "properties": {"id": 1106, "object_type": "restriction", "restriction_type": "oks"}, "geometry": {"type": "Polygon", "coordinates": [[[37.5424163, 55.599273199999985], [37.5426037, 55.599558099999996], [37.5423167, 55.599618299999996], [37.5421827, 55.599414499999995], [37.5419976, 55.599453399999994], [37.542307, 55.599923999999994], [37.5424921, 55.599885199999996], [37.542368, 55.59969639999999], [37.542655, 55.5996362], [37.542815, 55.599879399999985], [37.543056, 55.5998289], [37.5428732, 55.59955089999999], [37.5426574, 55.5992226], [37.5424163, 55.599273199999985]]]}}, {"type": "Feature", "properties": {"id": 1107, "object_type": "restriction", "restriction_type": "oks"}, "geometry": {"type": "Polygon", "coordinates": [[[37.547756, 55.6016026], [37.5475418, 55.6013098], [37.5473064, 55.60136469999999], [37.5475206, 55.601657599999996], [37.547756, 55.6016026]]]}}, {"type": "Feature", "properties": {"id": 1108, "object_type": "restriction", "restriction_type": "oks"}, "geometry": {"type": "Polygon", "coordinates": [[[37.5476631, 55.60106059999999], [37.5471598, 55.6011538], [37.5469903, 55.60086169999999], [37.5475213, 55.6007634], [37.5474415, 55.60062580000001], [37.5466787, 55.60076709999999], [37.5470053, 55.6013301], [37.5477426, 55.6011975], [37.5476631, 55.60106059999999]]]}}, {"type": "Feature", "properties": {"id": 1109, "object_type": "restriction", "restriction_type": "oks"}, "geometry": {"type": "Polygon", "coordinates": [[[37.5328405, 55.609746699999995], [37.5326079, 55.60936709999999], [37.5323, 55.60942729999999], [37.5325327, 55.609806899999995], [37.5328405, 55.609746699999995]]]}}, {"type": "Feature", "properties": {"id": 1110, "object_type": "restriction", "restriction_type": "road"}, "geometry": {"type": "Polygon", "coordinates": [[[37.53575141385329, 55.605471414247276], [37.53581818623152, 55.6055723857437], [37.53611828656587, 55.60550878566437], [37.53611841205096, 55.605508759013176], [37.53675221275576, 55.60537385884498], [37.53668518732933, 55.605272941145955], [37.53605145076381, 55.60540782762636], [37.53575141385329, 55.605471414247276]]]}}, {"type": "Feature", "properties": {"id": 1111, "object_type": "restriction", "restriction_type": "road"}, "geometry": {"type": "Polygon", "coordinates": [[[37.53937541868374, 55.599110831466774], [37.539280518485036, 55.598996131532], [37.53927892682832, 55.598994298972436], [37.53919552668151, 55.59890269902882], [37.53919260055009, 55.59889972035534], [37.53915088903265, 55.59886025124508], [37.53892615417355, 55.598857573571216], [37.53902765307538, 55.59895361645201], [37.539108846582316, 55.599042793223916], [37.53920234922553, 55.599155804622036], [37.539453859146406, 55.599486330125956], [37.53962874075959, 55.59944366981107], [37.53937664015315, 55.59911236998637], [37.53937541868374, 55.599110831466774]]]}}, {"type": "Feature", "properties": {"id": 1112, "object_type": "restriction", "restriction_type": "oks"}, "geometry": {"type": "Polygon", "coordinates": [[[37.5253548, 55.5995666], [37.5254775, 55.59975119999999], [37.5259748, 55.59964559999999], [37.52572240000001, 55.5992661], [37.52522510000001, 55.59937169999999], [37.5253548, 55.5995666]]]}}, {"type": "Feature", "properties": {"id": 1113, "object_type": "restriction", "restriction_type": "oks"}, "geometry": {"type": "Polygon", "coordinates": [[[37.5310133, 55.61216039999999], [37.5315319, 55.61201179999999], [37.5314273, 55.61189530000001], [37.5309087, 55.61204390000001], [37.5310133, 55.61216039999999]]]}}, {"type": "Feature", "properties": {"id": 1114, "object_type": "restriction", "restriction_type": "oks"}, "geometry": {"type": "Polygon", "coordinates": [[[37.534986, 55.61239129999999], [37.5353312, 55.612318], [37.5352633, 55.6122159], [37.534918, 55.6122892], [37.534986, 55.61239129999999]]]}}, {"type": "Feature", "properties": {"id": 1115, "object_type": "restriction", "restriction_type": "oks"}, "geometry": {"type": "Polygon", "coordinates": [[[37.5297648, 55.612347500000006], [37.5298762, 55.6124766], [37.5302965, 55.61236079999999], [37.5301851, 55.612231799999996], [37.5297648, 55.612347500000006]]]}}, {"type": "Feature", "properties": {"id": 1116, "object_type": "restriction", "restriction_type": "oks"}, "geometry": {"type": "Polygon", "coordinates": [[[37.5346494, 55.6123553], [37.5347135, 55.61245460000001], [37.5348207, 55.61243249999998], [37.5347566, 55.612333199999995], [37.5346494, 55.6123553]]]}}, {"type": "Feature", "properties": {"id": 1117, "object_type": "restriction", "restriction_type": "oks"}, "geometry": {"type": "Polygon", "coordinates": [[[37.5369141, 55.61161409999999], [37.5372433, 55.611544], [37.5372525, 55.61155769999999], [37.5375078, 55.6115034], [37.5374981, 55.6114887], [37.5378346, 55.6114171], [37.5377587, 55.6113025], [37.5374183, 55.61137279999999], [37.5374349, 55.61139759999999], [37.5371805, 55.6114517], [37.5371644, 55.6114276], [37.5368364, 55.6114975], [37.5369141, 55.61161409999999]]]}}, {"type": "Feature", "properties": {"id": 1118, "object_type": "restriction", "restriction_type": "oks"}, "geometry": {"type": "Polygon", "coordinates": [[[37.536329, 55.61153230000001], [37.5365821, 55.61147869999999], [37.5365706, 55.611461299999995], [37.5366099, 55.611453000000004], [37.5365844, 55.6114145], [37.5366348, 55.61140379999999], [37.5365678, 55.611302], [37.5365211, 55.6113124], [37.5363388, 55.611353], [37.5362599, 55.6113706], [37.5362268, 55.61137800000001], [37.536329, 55.61153230000001]]]}}, {"type": "Feature", "properties": {"id": 1119, "object_type": "restriction", "restriction_type": "oks"}, "geometry": {"type": "Polygon", "coordinates": [[[37.5398737, 55.607609800000006], [37.5397546, 55.60739669999999], [37.5395543, 55.607432499999994], [37.5396734, 55.6076455], [37.5398737, 55.607609800000006]]]}}, {"type": "Feature", "properties": {"id": 1120, "object_type": "restriction", "restriction_type": "oks"}, "geometry": {"type": "Polygon", "coordinates": [[[37.5394002, 55.60773100000001], [37.5392513, 55.60745059999999], [37.5390664, 55.6074819], [37.5392153, 55.6077623], [37.5394002, 55.60773100000001]]]}}, {"type": "Feature", "properties": {"id": 1121, "object_type": "restriction", "restriction_type": "road"}, "geometry": {"type": "Polygon", "coordinates": [[[37.5382260159886, 55.61261636458167], [37.538908414266835, 55.61246216494627], [37.53890866752371, 55.61246210747938], [37.53911976775098, 55.6124140074198], [37.53904863233863, 55.61231399256999], [37.538837659121235, 55.61236206367442], [37.538155386560064, 55.61251623485248], [37.537138982846756, 55.61274593565517], [37.53687145868163, 55.61280644110877], [37.53694214140749, 55.61290655888118], [37.537209629451205, 55.61284606157568], [37.5382260159886, 55.61261636458167]]]}}, {"type": "Feature", "properties": {"id": 1122, "object_type": "restriction", "restriction_type": "oks"}, "geometry": {"type": "Polygon", "coordinates": [[[37.5414942, 55.610849099999996], [37.5416127, 55.6109392], [37.54190270000001, 55.6108176], [37.5417842, 55.6107275], [37.5414942, 55.610849099999996]]]}}, {"type": "Feature", "properties": {"id": 1123, "object_type": "restriction", "restriction_type": "oks"}, "geometry": {"type": "Polygon", "coordinates": [[[37.5396767, 55.61112589999998], [37.5397292, 55.611193400000005], [37.5398469, 55.6111642], [37.5397945, 55.6110967], [37.5396767, 55.61112589999998]]]}}, {"type": "Feature", "properties": {"id": 1124, "object_type": "restriction", "restriction_type": "oks"}, "geometry": {"type": "Polygon", "coordinates": [[[37.5344078, 55.611159499999985], [37.5344558, 55.611149], [37.5347526, 55.611084], [37.5346856, 55.6109863], [37.5343408, 55.61106169999999], [37.5344078, 55.611159499999985]]]}}, {"type": "Feature", "properties": {"id": 1125, "object_type": "restriction", "restriction_type": "oks"}, "geometry": {"type": "Polygon", "coordinates": [[[37.5397881, 55.6113128], [37.5398541, 55.61140849999999], [37.539952, 55.61138689999999], [37.539886, 55.6112912], [37.5397881, 55.6113128]]]}}, {"type": "Feature", "properties": {"id": 1126, "object_type": "restriction", "restriction_type": "oks"}, "geometry": {"type": "Polygon", "coordinates": [[[37.5342233, 55.6106854], [37.5342853, 55.6107756], [37.5344009, 55.6107502], [37.5343389, 55.610660100000004], [37.5342233, 55.6106854]]]}}, {"type": "Feature", "properties": {"id": 1127, "object_type": "restriction", "restriction_type": "oks"}, "geometry": {"type": "Polygon", "coordinates": [[[37.5430874, 55.60971639999999], [37.5432225, 55.609740899999984], [37.5432576, 55.609679299999996], [37.5431225, 55.6096547], [37.5430874, 55.60971639999999]]]}}, {"type": "Feature", "properties": {"id": 1128, "object_type": "restriction", "restriction_type": "road"}, "geometry": {"type": "Polygon", "coordinates": [[[37.541008247025005, 55.60433058714122], [37.54100837265208, 55.60433056003787], [37.54148085546812, 55.60422840698022], [37.54231943828986, 55.60404975322326], [37.54232292001963, 55.60404896681985], [37.54257492028403, 55.60398876674571], [37.542500879808635, 55.603889433243246], [37.54225060726035, 55.603949220565724], [37.54141356272759, 55.604127546544845], [37.541413126912104, 55.60412764008006], [37.54094049023105, 55.604229826375956], [37.53906716333374, 55.60463311058191], [37.53891797163368, 55.604665208791715], [37.5389856284521, 55.604765991199024], [37.53913482861722, 55.604733891159036], [37.541008247025005, 55.60433058714122]]]}}, {"type": "Feature", "properties": {"id": 1129, "object_type": "restriction", "restriction_type": "road"}, "geometry": {"type": "Polygon", "coordinates": [[[37.527558377029656, 55.60723385043053], [37.52676248422828, 55.6074061488478], [37.526830515857924, 55.60750685114286], [37.52762641673635, 55.607334550928364], [37.5278037264411, 55.607296148821646], [37.53005032585259, 55.60680964888032], [37.529982274233625, 55.606708951110335], [37.52773567671275, 55.60719545050473], [37.527558377029656, 55.60723385043053]]]}}, {"type": "Feature", "properties": {"id": 1130, "object_type": "restriction", "restriction_type": "road"}, "geometry": {"type": "Polygon", "coordinates": [[[37.54496808220908, 55.603460238486555], [37.54498235276399, 55.603465548461855], [37.54499183412241, 55.60347352035704], [37.54499524651047, 55.60348299924407], [37.544991999210055, 55.60349236461468], [37.54498252557176, 55.60350045766562], [37.54496054351803, 55.60350886690425], [37.54501385651215, 55.60355353309006], [37.54504365652158, 55.603542133083664], [37.54504738189778, 55.60354055241558], [37.545050816772594, 55.6035387733202], [37.54505392830294, 55.603536812808585], [37.54505668673749, 55.60353468962652], [37.54507658672809, 55.60351768962008], [37.54507896643035, 55.60351542327703], [37.54508094363488, 55.603513036152755], [37.54508249942356, 55.60351055108763], [37.54508361891045, 55.603507991859104], [37.545090518887804, 55.60348809185637], [37.54509119529269, 55.603485459724205], [37.54509141016032, 55.60348280266543], [37.54509116139838, 55.6034801465546], [37.54509045142944, 55.60347751725701], [37.54508325140659, 55.603457517259585], [37.545082098867056, 55.603454961880466], [37.54508051071401, 55.603452482502306], [37.54507850215274, 55.60345010286307], [37.54507609241364, 55.60344784574579], [37.54505599240414, 55.60343094575218], [37.54505316517814, 55.60342880581471], [37.54504997755233, 55.60342683488741], [37.5450464608595, 55.60342505234349], [37.54504264966695, 55.60342347570444], [37.54501254967652, 55.60341227571086], [37.545008565854474, 55.60341094554983], [37.54500437285417, 55.603409840502565], [37.54500001024482, 55.60340897099733], [37.54499551919617, 55.60340834523961], [37.544960219218936, 55.603404445242354], [37.54495556685111, 55.60340406508667], [37.54495087094213, 55.60340394650778], [37.54494617726593, 55.60340409066155], [37.54494153157466, 55.60340449614281], [37.544906231597466, 55.6034085961402], [37.5449253684151, 55.603461403859], [37.544951333600885, 55.60345838807366], [37.54496808220908, 55.603460238486555]]]}}, {"type": "Feature", "properties": {"id": 1131, "object_type": "restriction", "restriction_type": "oks"}, "geometry": {"type": "Polygon", "coordinates": [[[37.5268575, 55.60958380000001], [37.5270109, 55.60955109999999], [37.5268545, 55.6093169], [37.5263463, 55.6094251], [37.5265028, 55.60965929999998], [37.5268575, 55.60958380000001]]]}}, {"type": "Feature", "properties": {"id": 1132, "object_type": "restriction", "restriction_type": "oks"}, "geometry": {"type": "Polygon", "coordinates": [[[37.5284172, 55.612045900000005], [37.5294442, 55.61255649999998], [37.5295059, 55.612516899999996], [37.5284789, 55.61200629999999], [37.5284172, 55.612045900000005]]]}}, {"type": "Feature", "properties": {"id": 1133, "object_type": "restriction", "restriction_type": "oks"}, "geometry": {"type": "Polygon", "coordinates": [[[37.5293884, 55.612403], [37.529445, 55.6123676], [37.5294199, 55.6122793], [37.5286963, 55.61190379999999], [37.5285511, 55.6119728], [37.5293884, 55.612403]]]}}, {"type": "Feature", "properties": {"id": 1134, "object_type": "restriction", "restriction_type": "oks"}, "geometry": {"type": "Polygon", "coordinates": [[[37.5294629, 55.61224889999999], [37.5295624, 55.6123846], [37.5294793, 55.6124236], [37.529580800000005, 55.612485500000005], [37.529721, 55.6124121], [37.5296542, 55.612363099999996], [37.5295548, 55.6122274], [37.529481, 55.61198730000001], [37.529428300000006, 55.611952], [37.5293983, 55.6119364], [37.5290412, 55.611737899999994], [37.5289648, 55.61177500000001], [37.5293834, 55.61199630000001], [37.5294629, 55.61224889999999]]]}}, {"type": "Feature", "properties": {"id": 1135, "object_type": "restriction", "restriction_type": "oks"}, "geometry": {"type": "Polygon", "coordinates": [[[37.5292889, 55.612165000000005], [37.5293481, 55.61213039999999], [37.52931840000001, 55.61203239999999], [37.52890510000001, 55.6118032], [37.5287582, 55.6118733], [37.5292889, 55.612165000000005]]]}}, {"type": "Feature", "properties": {"id": 1136, "object_type": "restriction", "restriction_type": "road"}, "geometry": {"type": "Polygon", "coordinates": [[[37.545239221775425, 55.6080068824996], [37.54513012110141, 55.60771108257828], [37.5449436788475, 55.60773311735053], [37.54505146348646, 55.60802535295593], [37.54509270676339, 55.60835392080844], [37.545282693219406, 55.60834627911787], [37.54524099241928, 55.608014079145526], [37.545239221775425, 55.6080068824996]]]}}, {"type": "Feature", "properties": {"id": 1137, "object_type": "restriction", "restriction_type": "oks"}, "geometry": {"type": "Polygon", "coordinates": [[[37.5398394, 55.610044], [37.5401876, 55.609980199999995], [37.5401279, 55.60987630000001], [37.5397797, 55.609940099999996], [37.5398394, 55.610044]]]}}, {"type": "Feature", "properties": {"id": 1138, "object_type": "restriction", "restriction_type": "oks"}, "geometry": {"type": "Polygon", "coordinates": [[[37.5387483, 55.60957440000001], [37.5386766, 55.60946349999999], [37.5383291, 55.609535099999995], [37.5384007, 55.609646], [37.5387483, 55.60957440000001]]]}}, {"type": "Feature", "properties": {"id": 1139, "object_type": "restriction", "restriction_type": "oks"}, "geometry": {"type": "Polygon", "coordinates": [[[37.5390076, 55.6100362], [37.5391674, 55.610000799999995], [37.5391039, 55.6099092], [37.5389441, 55.6099445], [37.5390076, 55.6100362]]]}}, {"type": "Feature", "properties": {"id": 1140, "object_type": "restriction", "restriction_type": "oks"}, "geometry": {"type": "Polygon", "coordinates": [[[37.5403018, 55.60984059999999], [37.5403691, 55.609940099999996], [37.5404801, 55.60991619999999], [37.5404128, 55.609816699999996], [37.5403018, 55.60984059999999]]]}}, {"type": "Feature", "properties": {"id": 1141, "object_type": "restriction", "restriction_type": "oks"}, "geometry": {"type": "Polygon", "coordinates": [[[37.5382534, 55.608727], [37.5381925, 55.6086339], [37.5379652, 55.6086813], [37.53802600000001, 55.60877440000001], [37.5382534, 55.608727]]]}}, {"type": "Feature", "properties": {"id": 1142, "object_type": "restriction", "restriction_type": "road"}, "geometry": {"type": "Polygon", "coordinates": [[[37.526652192518966, 55.59874872980331], [37.52597849572067, 55.59889132911144], [37.52597723677834, 55.59889160328418], [37.525329745648, 55.59903660128116], [37.52482687538913, 55.599149127483535], [37.52289940863163, 55.599568254971935], [37.52270701815454, 55.59961005289854], [37.522706602144964, 55.59961014412367], [37.52254620896859, 55.59964564260948], [37.522539071147875, 55.599647221417065], [37.522535780727566, 55.59973476185466], [37.52259818434612, 55.59972095887464], [37.52275839015063, 55.59968550185142], [37.52295058205302, 55.59964374705715], [37.524878402423305, 55.59922454258469], [37.524879045684095, 55.59922440067701], [37.525382246094054, 55.599111800572274], [37.52602913608592, 55.598966937163254], [37.52670220489014, 55.59882447075012], [37.527128701522, 55.598734171454424], [37.527208056848764, 55.598717383576464], [37.52682214271538, 55.5987127476145], [37.526652192518966, 55.59874872980331]]]}}, {"type": "Feature", "properties": {"id": 1143, "object_type": "restriction", "restriction_type": "oks"}, "geometry": {"type": "Polygon", "coordinates": [[[37.5307708, 55.6058417], [37.5307391, 55.60584870000001], [37.5307663, 55.60588789999999], [37.530803, 55.605879800000004], [37.5309028, 55.606023699999994], [37.5314174, 55.60590979999998], [37.5314542, 55.6058973], [37.5314792, 55.60587819999999], [37.5314898, 55.60585780000001], [37.5314869, 55.6058344], [37.5315248, 55.60582600000001], [37.5315344, 55.605839899999985], [37.5316184, 55.605821199999994], [37.5314406, 55.60556499999999], [37.5306936, 55.6057304], [37.5307708, 55.6058417]]]}}, {"type": "Feature", "properties": {"id": 1144, "object_type": "restriction", "restriction_type": "oks"}, "geometry": {"type": "Polygon", "coordinates": [[[37.5295103, 55.598776], [37.529602100000005, 55.5989072], [37.5297067, 55.598883799999996], [37.5297248, 55.5989097], [37.5298036, 55.59889209999999], [37.529702251774644, 55.59874731686894], [37.52964215008078, 55.598746596174394], [37.5295103, 55.598776]]]}}, {"type": "Feature", "properties": {"id": 1145, "object_type": "restriction", "restriction_type": "oks"}, "geometry": {"type": "Polygon", "coordinates": [[[37.529385500000004, 55.60482989999999], [37.5295497, 55.60508219999999], [37.5294644, 55.60509939999999], [37.5294023, 55.60511179999999], [37.5293734, 55.605065599999996], [37.5291442, 55.6051112], [37.529247, 55.60527600000001], [37.5296273, 55.6052003], [37.5296904, 55.605296300000006], [37.529926200000006, 55.6052473], [37.5298515, 55.60513259999999], [37.5297974, 55.60514379999999], [37.5297748, 55.6051092], [37.5298925, 55.60508469999999], [37.52985, 55.6050194], [37.529784, 55.6050332], [37.52962000000001, 55.60478119999999], [37.529385500000004, 55.60482989999999]]]}}, {"type": "Feature", "properties": {"id": 1146, "object_type": "restriction", "restriction_type": "road"}, "geometry": {"type": "Polygon", "coordinates": [[[37.529343615135026, 55.60147766433502], [37.5289424247819, 55.600879680738515], [37.52891473980299, 55.60083830332937], [37.52887111144661, 55.6007732612223], [37.52869308846768, 55.60081153871255], [37.528736674209135, 55.60087651767569], [37.528764360030436, 55.600917896624956], [37.52916558694492, 55.601515938828975], [37.52928878442008, 55.601699635686664], [37.52935728835218, 55.60180174189453], [37.529535311562086, 55.60176345804031], [37.5294668134227, 55.60166136115938], [37.529343615135026, 55.60147766433502]]]}}, {"type": "Feature", "properties": {"id": 1147, "object_type": "restriction", "restriction_type": "road"}, "geometry": {"type": "Polygon", "coordinates": [[[37.530614441468224, 55.59974721401163], [37.53077385426844, 55.599983533794216], [37.531064954182675, 55.60041503511946], [37.53113505188237, 55.60051893205974], [37.531266948509206, 55.60071452771618], [37.531309760787494, 55.600777946127494], [37.53148763912637, 55.60073945380743], [37.53144484520924, 55.60067606303127], [37.53131295102327, 55.6004804723117], [37.53124284526827, 55.600376564129206], [37.53095174529076, 55.59994506561487], [37.530792351818036, 55.599708776086544], [37.530751258326774, 55.599647785952236], [37.53071593835852, 55.59959545651776], [37.53053806155538, 55.599633943417174], [37.53057335151392, 55.59968622871579], [37.530614441468224, 55.59974721401163]]]}}, {"type": "Feature", "properties": {"id": 1148, "object_type": "restriction", "restriction_type": "road"}, "geometry": {"type": "Polygon", "coordinates": [[[37.54174914721676, 55.60260606141938], [37.54157288395906, 55.6023316752587], [37.54157231341607, 55.60233081023452], [37.541051484667534, 55.6015613180873], [37.54096395634882, 55.601430325809055], [37.54096384489394, 55.601430159834884], [37.54088684467148, 55.60131605988915], [37.540886793258295, 55.60131598387635], [37.540671548816825, 55.60099846689718], [37.54050950403966, 55.60075704998599], [37.540416108149216, 55.60061815653979], [37.54029703237377, 55.60044029332767], [37.53997793050922, 55.599963792159755], [37.539828532641025, 55.59974059610243], [37.53982847905797, 55.59974051624144], [37.53963027848258, 55.59944581638117], [37.53945232143154, 55.59948418355371], [37.53965049400826, 55.59977884377397], [37.53979986683668, 55.60000200393777], [37.540118969305475, 55.60047850924329], [37.54023806719256, 55.600656406691144], [37.540238116430736, 55.60065648007698], [37.540331506009814, 55.600795365048704], [37.54049359540261, 55.60103685006316], [37.540493707273214, 55.60103701590698], [37.54070898089866, 55.60135457806393], [37.540785899051315, 55.6014685571647], [37.54087344330896, 55.601599574187524], [37.54087358799609, 55.601599789333406], [37.541394194684734, 55.60236895857111], [37.541570315411036, 55.60264312480037], [37.54157059316807, 55.60264355156657], [37.54169329280142, 55.60282965165324], [37.54169371392503, 55.602830278445886], [37.54176031373655, 55.602927578492775], [37.54193788617639, 55.602888621442396], [37.54187149999416, 55.602791634143806], [37.54174914721676, 55.60260606141938]]]}}, {"type": "Feature", "properties": {"id": 1149, "object_type": "restriction", "restriction_type": "oks"}, "geometry": {"type": "Polygon", "coordinates": [[[37.5413952, 55.59982769999999], [37.5413537, 55.59977239999999], [37.5412604, 55.5997948], [37.5413019, 55.5998501], [37.5413952, 55.59982769999999]]]}}, {"type": "Feature", "properties": {"id": 1150, "object_type": "restriction", "restriction_type": "school"}, "geometry": {"type": "Polygon", "coordinates": [[[37.5431792, 55.59946310000001], [37.542902500000004, 55.59904610000001], [37.5428461, 55.59905800000001], [37.5412625, 55.59939150000001], [37.5418661, 55.6002358], [37.5418889, 55.600251099999994], [37.5419289, 55.6002665], [37.5419877, 55.60027459999999], [37.5435111, 55.599927799999996], [37.5431792, 55.59946310000001]]]}}, {"type": "Feature", "properties": {"id": 1151, "object_type": "restriction", "restriction_type": "oks"}, "geometry": {"type": "Polygon", "coordinates": [[[37.5309081, 55.60929689999999], [37.5306974, 55.6093394], [37.5308201, 55.60953359999999], [37.5310308, 55.609491199999994], [37.5309081, 55.60929689999999]]]}}, {"type": "Feature", "properties": {"id": 1152, "object_type": "restriction", "restriction_type": "oks"}, "geometry": {"type": "Polygon", "coordinates": [[[37.5315495, 55.6094129], [37.5314947, 55.60933260000001], [37.5312384, 55.6093884], [37.5312928, 55.60946809999999], [37.53137590000001, 55.609449999999995], [37.5313887, 55.6094688], [37.5314796, 55.60944909999999], [37.5314672, 55.6094308], [37.5315495, 55.6094129]]]}}, {"type": "Feature", "properties": {"id": 1153, "object_type": "restriction", "restriction_type": "oks"}, "geometry": {"type": "Polygon", "coordinates": [[[37.5273872, 55.6064048], [37.5273154, 55.6062887], [37.526960700000004, 55.606358799999995], [37.5270325, 55.6064749], [37.5273872, 55.6064048]]]}}, {"type": "Feature", "properties": {"id": 1154, "object_type": "restriction", "restriction_type": "oks"}, "geometry": {"type": "Polygon", "coordinates": [[[37.5244551, 55.605357700000006], [37.5242825, 55.6053947], [37.5243665, 55.60551989999999], [37.5245392, 55.6054829], [37.5244551, 55.605357700000006]]]}}, {"type": "Feature", "properties": {"id": 1155, "object_type": "restriction", "restriction_type": "oks"}, "geometry": {"type": "Polygon", "coordinates": [[[37.5242709, 55.6050753], [37.5240947, 55.6051147], [37.5242222, 55.605296700000004], [37.5243984, 55.60525719999999], [37.5242709, 55.6050753]]]}}, {"type": "Feature", "properties": {"id": 1156, "object_type": "restriction", "restriction_type": "oks"}, "geometry": {"type": "Polygon", "coordinates": [[[37.5237448, 55.604599099999994], [37.5236768, 55.604487099999986], [37.5233577, 55.6045468], [37.5231934, 55.604538299999994], [37.5231386, 55.604566], [37.5231629, 55.60460189999999], [37.5232611, 55.60461], [37.5233004, 55.60467479999999], [37.5232341, 55.60470870000001], [37.5232557, 55.60473139999999], [37.5233275, 55.604733499999995], [37.5234143, 55.6046674], [37.5237448, 55.604599099999994]]]}}, {"type": "Feature", "properties": {"id": 1157, "object_type": "restriction", "restriction_type": "kindergarten"}, "geometry": {"type": "Polygon", "coordinates": [[[37.5282225, 55.60835569999998], [37.5274382, 55.608528899999996], [37.5278539, 55.6091295], [37.528715, 55.60893479999999], [37.5296776, 55.6087267], [37.529320600000005, 55.6082117], [37.5292583, 55.60818519999999], [37.5291851, 55.608167400000006], [37.529109, 55.608160199999986], [37.5282225, 55.60835569999998]]]}}, {"type": "Feature", "properties": {"id": 1158, "object_type": "restriction", "restriction_type": "oks"}, "geometry": {"type": "Polygon", "coordinates": [[[37.53205238348899, 55.613154018410206], [37.53299213195631, 55.61316526310429], [37.5329922, 55.6131634], [37.5324228, 55.61314299999999], [37.5317471, 55.6130577], [37.5317245, 55.6131117], [37.53205238348899, 55.613154018410206]]]}}, {"type": "Feature", "properties": {"id": 1159, "object_type": "restriction", "restriction_type": "oks"}, "geometry": {"type": "Polygon", "coordinates": [[[37.5324345, 55.6131], [37.5329268, 55.61311729999999], [37.5329272, 55.61309249999999], [37.533019, 55.613090099999994], [37.5330234, 55.613054799999986], [37.5332771, 55.6130045], [37.5336099, 55.6129816], [37.5335995, 55.6129283], [37.5332663, 55.6129527], [37.5328275, 55.61303139999999], [37.5328257, 55.613055799999984], [37.5324448, 55.61304899999999], [37.5317921, 55.6129621], [37.5317693, 55.61301269999999], [37.5324345, 55.6131]]]}}, {"type": "Feature", "properties": {"id": 1160, "object_type": "restriction", "restriction_type": "oks"}, "geometry": {"type": "Polygon", "coordinates": [[[37.5341663, 55.6131686], [37.5341458, 55.6131124], [37.5337211, 55.61315789999999], [37.5331073, 55.6131637], [37.533107300000026, 55.613166640668254], [37.53407050424912, 55.61317815764288], [37.5341663, 55.6131686]]]}}, {"type": "Feature", "properties": {"id": 1161, "object_type": "restriction", "restriction_type": "oks"}, "geometry": {"type": "Polygon", "coordinates": [[[37.5336457, 55.6131135], [37.5341305, 55.613071299999994], [37.5340982, 55.612976299999985], [37.5337894, 55.61299919999999], [37.5337973, 55.61305240000001], [37.5336415, 55.613062699999986], [37.5331827, 55.6130655], [37.5331788, 55.61311449999999], [37.5336457, 55.6131135]]]}}, {"type": "Feature", "properties": {"id": 1162, "object_type": "restriction", "restriction_type": "oks"}, "geometry": {"type": "Polygon", "coordinates": [[[37.5339767, 55.61273919999999], [37.5338818, 55.612753699999985], [37.5339862, 55.6129407], [37.5340762, 55.61292559999998], [37.5339767, 55.61273919999999]]]}}, {"type": "Feature", "properties": {"id": 1163, "object_type": "restriction", "restriction_type": "kindergarten"}, "geometry": {"type": "Polygon", "coordinates": [[[37.5323529, 55.610774199999994], [37.5328152, 55.61145239999999], [37.532876, 55.61147179999999], [37.5335792, 55.61131739999999], [37.5340661, 55.61121310000001], [37.5339709, 55.6110734], [37.5341252, 55.6110398], [37.5341026, 55.61100669999999], [37.5341439, 55.6109978], [37.5342591, 55.6109727], [37.5338952, 55.6104388], [37.5323529, 55.610774199999994]]]}}, {"type": "Feature", "properties": {"id": 1164, "object_type": "restriction", "restriction_type": "oks"}, "geometry": {"type": "Polygon", "coordinates": [[[37.5302114, 55.607968], [37.5300341, 55.60800329999999], [37.5300679, 55.6080574], [37.5302452, 55.608022], [37.5302114, 55.607968]]]}}, {"type": "Feature", "properties": {"id": 1165, "object_type": "restriction", "restriction_type": "kindergarten"}, "geometry": {"type": "Polygon", "coordinates": [[[37.5309941, 55.6091303], [37.531323, 55.60906370000001], [37.5314151, 55.60904440000001], [37.531443, 55.609035], [37.5314607, 55.60901770000001], [37.5314611, 55.6089988], [37.531392, 55.608930999999984], [37.5309211, 55.60846889999999], [37.5304495, 55.6081703], [37.5298655, 55.60830010000001], [37.5296392, 55.6083461], [37.5298037, 55.6085943], [37.5302014, 55.609194599999995], [37.5302312, 55.60922450000001], [37.5303087, 55.6092559], [37.5303785, 55.6092546], [37.5309941, 55.6091303]]]}}, {"type": "Feature", "properties": {"id": 1166, "object_type": "restriction", "restriction_type": "oks"}, "geometry": {"type": "Polygon", "coordinates": [[[37.5314383, 55.60924489999999], [37.5313816, 55.6091685], [37.5312966, 55.6091885], [37.5312806, 55.609166899999984], [37.5312026, 55.60918539999999], [37.531216, 55.6092034], [37.5311279, 55.60922419999999], [37.5311872, 55.60930429999999], [37.5314383, 55.60924489999999]]]}}, {"type": "Feature", "properties": {"id": 1167, "object_type": "restriction", "restriction_type": "oks"}, "geometry": {"type": "Polygon", "coordinates": [[[37.5306441, 55.61087009999999], [37.5306221, 55.61083680000001], [37.5304267, 55.6108781], [37.5304488, 55.6109113], [37.5306441, 55.61087009999999]]]}}, {"type": "Feature", "properties": {"id": 1168, "object_type": "restriction", "restriction_type": "oks"}, "geometry": {"type": "Polygon", "coordinates": [[[37.5293511, 55.61028139999999], [37.5294059, 55.61026809999999], [37.5293335, 55.61017249999999], [37.5292787, 55.610185699999995], [37.5293511, 55.61028139999999]]]}}, {"type": "Feature", "properties": {"id": 1169, "object_type": "restriction", "restriction_type": "oks"}, "geometry": {"type": "Polygon", "coordinates": [[[37.527955500000004, 55.6105861], [37.5280653, 55.61056589999999], [37.5280209, 55.6104887], [37.5279111, 55.610508800000005], [37.527955500000004, 55.6105861]]]}}, {"type": "Feature", "properties": {"id": 1170, "object_type": "restriction", "restriction_type": "oks"}, "geometry": {"type": "Polygon", "coordinates": [[[37.5287391, 55.60964620000001], [37.5286711, 55.60954569999999], [37.5283407, 55.6096171], [37.5284087, 55.6097176], [37.5287391, 55.60964620000001]]]}}, {"type": "Feature", "properties": {"id": 1171, "object_type": "restriction", "restriction_type": "oks"}, "geometry": {"type": "Polygon", "coordinates": [[[37.5289444, 55.609489100000005], [37.5288408, 55.609508600000005], [37.528887000000005, 55.60958689999999], [37.5289905, 55.6095674], [37.5289444, 55.609489100000005]]]}}, {"type": "Feature", "properties": {"id": 1172, "object_type": "restriction", "restriction_type": "oks"}, "geometry": {"type": "Polygon", "coordinates": [[[37.5330279, 55.60782509999999], [37.5328489, 55.607555899999994], [37.5326751, 55.6072946], [37.5326433, 55.6072467], [37.5325056, 55.60727589999998], [37.5323369, 55.6070221], [37.5318829, 55.6071184], [37.5315414, 55.60719079999999], [37.5314151, 55.6072176], [37.5315584, 55.6073692], [37.5314994, 55.607387], [37.5315602, 55.607451299999994], [37.5316051, 55.6074378], [37.5318177, 55.6076628], [37.5317647, 55.6076788], [37.5318309, 55.607749], [37.5318701, 55.60773720000001], [37.5320982, 55.607978499999994], [37.5320499, 55.607993099999995], [37.5321138, 55.6080607], [37.532154, 55.60804859999999], [37.5323559, 55.60826219999999], [37.5325291, 55.608323199999994], [37.5327963, 55.6082426], [37.5327552, 55.60819909999999], [37.5327131, 55.608154500000005], [37.5331788, 55.608052099999995], [37.5330279, 55.60782509999999]]]}}, {"type": "Feature", "properties": {"id": 1173, "object_type": "restriction", "restriction_type": "oks"}, "geometry": {"type": "Polygon", "coordinates": [[[37.5336772, 55.60968549999999], [37.5336427, 55.6096259], [37.5335004, 55.60965209999999], [37.5335348, 55.6097117], [37.5336772, 55.60968549999999]]]}}, {"type": "Feature", "properties": {"id": 1174, "object_type": "restriction", "restriction_type": "oks"}, "geometry": {"type": "Polygon", "coordinates": [[[37.5455148, 55.611604199999995], [37.5455986, 55.611637], [37.5456612, 55.61158589999999], [37.5455774, 55.611553099999995], [37.5455148, 55.611604199999995]]]}}, {"type": "Feature", "properties": {"id": 1175, "object_type": "restriction", "restriction_type": "oks"}, "geometry": {"type": "Polygon", "coordinates": [[[37.5453573, 55.61274330000001], [37.5454166, 55.612713299999996], [37.5453115, 55.612647], [37.5452522, 55.6126769], [37.5453573, 55.61274330000001]]]}}, {"type": "Feature", "properties": {"id": 1176, "object_type": "restriction", "restriction_type": "oks"}, "geometry": {"type": "Polygon", "coordinates": [[[37.5467786, 55.612573499999996], [37.5470602, 55.61270510000001], [37.5471867, 55.612618700000006], [37.5469052, 55.612487099999996], [37.5467786, 55.612573499999996]]]}}, {"type": "Feature", "properties": {"id": 1177, "object_type": "restriction", "restriction_type": "oks"}, "geometry": {"type": "Polygon", "coordinates": [[[37.5472089, 55.6127765], [37.5472989, 55.6128225], [37.5474239, 55.612744600000006], [37.5473338, 55.61269859999999], [37.5472089, 55.6127765]]]}}, {"type": "Feature", "properties": {"id": 1178, "object_type": "restriction", "restriction_type": "road"}, "geometry": {"type": "Polygon", "coordinates": [[[37.54533776708169, 55.609380128917664], [37.54533069171646, 55.60937927774915], [37.54507359197015, 55.6093559777741], [37.54505100800621, 55.60943582222449], [37.54530093821158, 55.60945847246269], [37.545787246274166, 55.60956251930979], [37.54583775367667, 55.60948688068451], [37.54534465407994, 55.609381380787674], [37.54533776708169, 55.609380128917664]]]}}, {"type": "Feature", "properties": {"id": 1179, "object_type": "restriction", "restriction_type": "oks"}, "geometry": {"type": "Polygon", "coordinates": [[[37.5475643, 55.5997395], [37.5475895, 55.59982610000001], [37.54792901393268, 55.59979463155543], [37.54793231061533, 55.59970539024525], [37.5475643, 55.5997395]]]}}, {"type": "Feature", "properties": {"id": 1180, "object_type": "restriction", "restriction_type": "kindergarten"}, "geometry": {"type": "Polygon", "coordinates": [[[37.5224914, 55.6074004], [37.5225063, 55.607381200000006], [37.5225129, 55.60735770000001], [37.5225085, 55.60733489999999], [37.5224523, 55.6072525], [37.52226354891255, 55.6069757184968], [37.522245146700556, 55.60746507045875], [37.5224705, 55.60741599999999], [37.5224914, 55.6074004]]]}}, {"type": "Feature", "properties": {"id": 1181, "object_type": "restriction", "restriction_type": "oks"}, "geometry": {"type": "Polygon", "coordinates": [[[37.5345852, 55.6089211], [37.53505, 55.60963869999999], [37.5353726, 55.60957199999999], [37.534907800000006, 55.60885439999999], [37.5349676, 55.60884239999998], [37.5350668, 55.60899729999999], [37.5360794, 55.608790099999986], [37.5359802, 55.60863530000001], [37.53607660000001, 55.60861709999999], [37.536534, 55.609354199999984], [37.536815600000004, 55.6092984], [37.5363582, 55.60856129999999], [37.5362268, 55.608370099999995], [37.5344735, 55.60874389999999], [37.5345852, 55.6089211]]]}}, {"type": "Feature", "properties": {"id": 1182, "object_type": "restriction", "restriction_type": "oks"}, "geometry": {"type": "Polygon", "coordinates": [[[37.5303005, 55.60413880000001], [37.5302498, 55.604149699999994], [37.5302329, 55.60412469999999], [37.5300192, 55.6041707], [37.5300357, 55.60419509999999], [37.529987, 55.60420560000001], [37.53018540000001, 55.604499799999985], [37.5303368, 55.60472439999999], [37.5303862, 55.60471379999999], [37.53040080000001, 55.60473549999999], [37.5306122, 55.60468999999999], [37.5305993, 55.6046709], [37.5306517, 55.6046597], [37.5303005, 55.60413880000001]]]}}, {"type": "Feature", "properties": {"id": 1183, "object_type": "restriction", "restriction_type": "oks"}, "geometry": {"type": "Polygon", "coordinates": [[[37.5291777, 55.6030057], [37.5292278, 55.60299479999999], [37.5292558, 55.6030362], [37.5292802, 55.60307219999999], [37.5292294, 55.60308319999999], [37.5293768, 55.603300899999994], [37.5294275, 55.603289999999994], [37.5294414, 55.6033104], [37.5296483, 55.6032657], [37.5296345, 55.6032453], [37.5296898, 55.603233299999985], [37.5295424, 55.6030156], [37.5294871, 55.6030275], [37.5294347, 55.6029501], [37.5294907, 55.602938099999996], [37.5293387, 55.6027135], [37.5292828, 55.60272559999999], [37.5292661, 55.6027009], [37.5290591, 55.60274559999999], [37.5290759, 55.6027703], [37.5290258, 55.6027811], [37.5291777, 55.6030057]]]}}, {"type": "Feature", "properties": {"id": 1184, "object_type": "restriction", "restriction_type": "oks"}, "geometry": {"type": "Polygon", "coordinates": [[[37.5285954, 55.602241299999996], [37.5287587, 55.6024836], [37.528808, 55.602472999999996], [37.5288226, 55.602494699999994], [37.5290341, 55.6024492], [37.5290212, 55.60243010000001], [37.5290735, 55.6024188], [37.52881990000001, 55.60204269999999], [37.5287224, 55.601898000000006], [37.5286717, 55.6019089], [37.5286548, 55.60188389999998], [37.5284411, 55.6019298], [37.5284575, 55.6019543], [37.5284089, 55.601964699999996], [37.5285954, 55.602241299999996]]]}}, {"type": "Feature", "properties": {"id": 1185, "object_type": "restriction", "restriction_type": "oks"}, "geometry": {"type": "Polygon", "coordinates": [[[37.5278223, 55.6004496], [37.5277716, 55.6004606], [37.5277547, 55.6004355], [37.527541, 55.6004815], [37.5275575, 55.60050590000001], [37.5275088, 55.60051639999999], [37.527696, 55.600793999999986], [37.5278586, 55.60103529999999], [37.527908, 55.6010247], [37.5279226, 55.6010464], [37.528134, 55.6010009], [37.5281211, 55.6009818], [37.5281735, 55.6009705], [37.5278223, 55.6004496]]]}}, {"type": "Feature", "properties": {"id": 1186, "object_type": "restriction", "restriction_type": "oks"}, "geometry": {"type": "Polygon", "coordinates": [[[37.5271965, 55.60004579999999], [37.5273594, 55.6002874], [37.5274087, 55.600276799999996], [37.5274233, 55.6002985], [37.5276348, 55.600253], [37.5276219, 55.60023389999999], [37.5276742, 55.6002227], [37.5273231, 55.599701700000004], [37.5272723, 55.5997127], [37.5272555, 55.5996876], [37.5270418, 55.5997336], [37.5270582, 55.599757999999994], [37.5270096, 55.599768499999996], [37.5271965, 55.60004579999999]]]}}, {"type": "Feature", "properties": {"id": 1187, "object_type": "restriction", "restriction_type": "oks"}, "geometry": {"type": "Polygon", "coordinates": [[[37.5251068, 55.60237679999999], [37.5251675, 55.602368999999996], [37.525189, 55.60233759999999], [37.5252654, 55.60235649999999], [37.5253474, 55.6022508], [37.5254435, 55.60212679999998], [37.5255096, 55.60204160000001], [37.5255972, 55.601928699999995], [37.5255303, 55.6019122], [37.5255572, 55.60188010000001], [37.5255341, 55.6018444], [37.5256004, 55.601829499999994], [37.5255451, 55.60175099999999], [37.5253886, 55.6015284], [37.5252958, 55.60139650000001], [37.525084, 55.601443999999994], [37.5253886, 55.60187709999999], [37.5252348, 55.60207539999999], [37.5250568, 55.60230489999999], [37.5234753, 55.6026559], [37.5231062, 55.602565399999996], [37.5227081, 55.602467700000005], [37.522447878456084, 55.602073191154965], [37.52243514506199, 55.6024119040264], [37.5225007, 55.6025113], [37.5225822, 55.602494099999994], [37.5225973, 55.602523899999994], [37.5226552, 55.6025365], [37.5226137, 55.60259039999999], [37.5228291, 55.60264320000001], [37.5230118, 55.602688], [37.5232208, 55.602739299999996], [37.5233809, 55.60277859999999], [37.5234184, 55.60272990000001], [37.5234668, 55.60274849999999], [37.5235287, 55.602732599999996], [37.5235571, 55.6027735], [37.5238068, 55.6027181], [37.5241898, 55.602633099999984], [37.5245786, 55.60254679999999], [37.524969, 55.6024601], [37.5251386, 55.60242250000001], [37.5251068, 55.60237679999999]]]}}, {"type": "Feature", "properties": {"id": 1188, "object_type": "restriction", "restriction_type": "oks"}, "geometry": {"type": "Polygon", "coordinates": [[[37.5278235, 55.6003531], [37.5278021, 55.60032129999999], [37.5277135, 55.60034040000001], [37.5277349, 55.600372099999994], [37.5278235, 55.6003531]]]}}, {"type": "Feature", "properties": {"id": 1189, "object_type": "restriction", "restriction_type": "oks"}, "geometry": {"type": "Polygon", "coordinates": [[[37.5276509, 55.60286729999999], [37.5277552, 55.602846400000004], [37.5277053, 55.60276669999999], [37.5276009, 55.602787599999985], [37.5276509, 55.60286729999999]]]}}, {"type": "Feature", "properties": {"id": 1190, "object_type": "restriction", "restriction_type": "oks"}, "geometry": {"type": "Polygon", "coordinates": [[[37.5245125, 55.6022283], [37.5244373, 55.6021263], [37.5241166, 55.602201699999995], [37.5241918, 55.60230379999999], [37.5245125, 55.6022283]]]}}, {"type": "Feature", "properties": {"id": 1191, "object_type": "restriction", "restriction_type": "oks"}, "geometry": {"type": "Polygon", "coordinates": [[[37.5244637, 55.606455499999996], [37.5245635, 55.60643429999999], [37.5245273, 55.606379999999994], [37.5244275, 55.60640129999999], [37.5244637, 55.606455499999996]]]}}, {"type": "Feature", "properties": {"id": 1192, "object_type": "restriction", "restriction_type": "oks"}, "geometry": {"type": "Polygon", "coordinates": [[[37.5247052, 55.600371], [37.5246696, 55.6003089], [37.5245036, 55.600339299999995], [37.5245392, 55.600401299999994], [37.5247052, 55.600371]]]}}, {"type": "Feature", "properties": {"id": 1193, "object_type": "restriction", "restriction_type": "oks"}, "geometry": {"type": "Polygon", "coordinates": [[[37.5268462, 55.6020407], [37.5268172, 55.60199399999999], [37.5266287, 55.60203129999999], [37.5266577, 55.6020781], [37.5268462, 55.6020407]]]}}, {"type": "Feature", "properties": {"id": 1194, "object_type": "restriction", "restriction_type": "oks"}, "geometry": {"type": "Polygon", "coordinates": [[[37.5263153, 55.600845899999996], [37.5264266, 55.6008218], [37.52637300000001, 55.60074279999999], [37.5262616, 55.600767], [37.5263153, 55.600845899999996]]]}}, {"type": "Feature", "properties": {"id": 1195, "object_type": "restriction", "restriction_type": "oks"}, "geometry": {"type": "Polygon", "coordinates": [[[37.5287985, 55.6050887], [37.5288827, 55.60507100000001], [37.5288303, 55.604991399999996], [37.5287461, 55.60500909999998], [37.5287985, 55.6050887]]]}}, {"type": "Feature", "properties": {"id": 1196, "object_type": "restriction", "restriction_type": "oks"}, "geometry": {"type": "Polygon", "coordinates": [[[37.5284623, 55.604313399999995], [37.5284351, 55.6042735], [37.5282727, 55.60430889999999], [37.5283, 55.604348800000004], [37.5284623, 55.604313399999995]]]}}, {"type": "Feature", "properties": {"id": 1197, "object_type": "restriction", "restriction_type": "oks"}, "geometry": {"type": "Polygon", "coordinates": [[[37.5274872, 55.6049992], [37.52756, 55.6051128], [37.5277497, 55.605073999999995], [37.5276769, 55.6049604], [37.5274872, 55.6049992]]]}}, {"type": "Feature", "properties": {"id": 1198, "object_type": "restriction", "restriction_type": "oks"}, "geometry": {"type": "Polygon", "coordinates": [[[37.5308015, 55.60478569999999], [37.5307803, 55.60475579999999], [37.5307009, 55.60477379999999], [37.5307221, 55.6048037], [37.5308015, 55.60478569999999]]]}}, {"type": "Feature", "properties": {"id": 1199, "object_type": "restriction", "restriction_type": "oks"}, "geometry": {"type": "Polygon", "coordinates": [[[37.5293327, 55.6026028], [37.5293091, 55.6025697], [37.52920850000001, 55.602592599999994], [37.5292321, 55.60262569999999], [37.5293327, 55.6026028]]]}}, {"type": "Feature", "properties": {"id": 1200, "object_type": "restriction", "restriction_type": "oks"}, "geometry": {"type": "Polygon", "coordinates": [[[37.5238997, 55.60238059999999], [37.5240084, 55.60235279999999], [37.5239348, 55.60226109999999], [37.5238261, 55.602289], [37.5238997, 55.60238059999999]]]}}, {"type": "Feature", "properties": {"id": 1201, "object_type": "restriction", "restriction_type": "oks"}, "geometry": {"type": "Polygon", "coordinates": [[[37.530119, 55.605508999999984], [37.5300845, 55.605455400000004], [37.5297014, 55.6055342], [37.5297359, 55.605587699999994], [37.530119, 55.605508999999984]]]}}, {"type": "Feature", "properties": {"id": 1202, "object_type": "restriction", "restriction_type": "oks"}, "geometry": {"type": "Polygon", "coordinates": [[[37.52775820000001, 55.60302309999999], [37.527863, 55.60300209999999], [37.5278156, 55.6029266], [37.5277108, 55.6029477], [37.52775820000001, 55.60302309999999]]]}}, {"type": "Feature", "properties": {"id": 1203, "object_type": "restriction", "restriction_type": "oks"}, "geometry": {"type": "Polygon", "coordinates": [[[37.5260161, 55.60040779999999], [37.5261456, 55.600383400000005], [37.5261057, 55.60031569999999], [37.5259761, 55.6003401], [37.5260161, 55.60040779999999]]]}}, {"type": "Feature", "properties": {"id": 1204, "object_type": "restriction", "restriction_type": "oks"}, "geometry": {"type": "Polygon", "coordinates": [[[37.5258111, 55.60085300000001], [37.525883, 55.6009485], [37.5260372, 55.6009133], [37.5261089, 55.60089419999999], [37.526037, 55.60079869999999], [37.5258111, 55.60085300000001]]]}}, {"type": "Feature", "properties": {"id": 1205, "object_type": "restriction", "restriction_type": "oks"}, "geometry": {"type": "Polygon", "coordinates": [[[37.5247414, 55.60069539999999], [37.5249269, 55.6006552], [37.5247996, 55.6004676], [37.5246141, 55.60050780000001], [37.5247414, 55.60069539999999]]]}}, {"type": "Feature", "properties": {"id": 1206, "object_type": "restriction", "restriction_type": "oks"}, "geometry": {"type": "Polygon", "coordinates": [[[37.5294388, 55.605572400000014], [37.5296163, 55.605539], [37.5295501, 55.60542689999999], [37.5293726, 55.6054603], [37.5294388, 55.605572400000014]]]}}, {"type": "Feature", "properties": {"id": 1207, "object_type": "restriction", "restriction_type": "oks"}, "geometry": {"type": "Polygon", "coordinates": [[[37.5292491, 55.60496750000001], [37.5292099, 55.60490599999999], [37.5289465, 55.60495960000001], [37.5289857, 55.60502099999999], [37.5292491, 55.60496750000001]]]}}, {"type": "Feature", "properties": {"id": 1208, "object_type": "restriction", "restriction_type": "oks"}, "geometry": {"type": "Polygon", "coordinates": [[[37.52669770000001, 55.6022339], [37.5267853, 55.60220879999999], [37.5267467, 55.6021657], [37.526659, 55.6021909], [37.52669770000001, 55.6022339]]]}}, {"type": "Feature", "properties": {"id": 1209, "object_type": "restriction", "restriction_type": "oks"}, "geometry": {"type": "Polygon", "coordinates": [[[37.526675, 55.606416700000004], [37.5266106, 55.60643069999998], [37.526679200000004, 55.6065315], [37.5267967, 55.606505999999996], [37.5267444, 55.60642920000001], [37.5267298, 55.60640579999999], [37.526675, 55.606416700000004]]]}}, {"type": "Feature", "properties": {"id": 1210, "object_type": "restriction", "restriction_type": "oks"}, "geometry": {"type": "Polygon", "coordinates": [[[37.5273836, 55.604832800000004], [37.5274059, 55.604866799999996], [37.5274402, 55.6048596], [37.5274591, 55.604888599999995], [37.527594, 55.6048604], [37.5275528, 55.6047975], [37.5273836, 55.604832800000004]]]}}, {"type": "Feature", "properties": {"id": 1211, "object_type": "restriction", "restriction_type": "kindergarten"}, "geometry": {"type": "Polygon", "coordinates": [[[37.5261863, 55.60520039999999], [37.5261667, 55.60523270000001], [37.5267969, 55.606112], [37.5269451, 55.6061425], [37.5270492, 55.6061464], [37.5278343, 55.605966099999996], [37.527868700000006, 55.6059494], [37.5278828, 55.60592429999999], [37.5276844, 55.60563609999999], [37.5276172, 55.60561109999999], [37.5272255, 55.605060800000004], [37.5271386, 55.6050162], [37.527028, 55.6050095], [37.5262299, 55.6051747], [37.5261863, 55.60520039999999]]]}}, {"type": "Feature", "properties": {"id": 1212, "object_type": "restriction", "restriction_type": "kindergarten"}, "geometry": {"type": "Polygon", "coordinates": [[[37.5254356, 55.60608100000001], [37.5256487, 55.60638999999998], [37.5257675, 55.6064224], [37.5259008, 55.6064254], [37.5266924, 55.60623169999999], [37.5267402, 55.60617420000001], [37.5267315, 55.60612859999999], [37.5260992, 55.605245700000005], [37.5260266, 55.6052268], [37.5250593, 55.60544629999999], [37.5250285, 55.605490499999995], [37.5254356, 55.60608100000001]]]}}, {"type": "Feature", "properties": {"id": 1213, "object_type": "restriction", "restriction_type": "oks"}, "geometry": {"type": "Polygon", "coordinates": [[[37.5309756, 55.60470219999999], [37.5310858, 55.6046784], [37.5306295, 55.60400599999999], [37.5305193, 55.604029799999985], [37.5309756, 55.60470219999999]]]}}, {"type": "Feature", "properties": {"id": 1214, "object_type": "restriction", "restriction_type": "oks"}, "geometry": {"type": "Polygon", "coordinates": [[[37.5314459, 55.60541380000001], [37.531552, 55.6053911], [37.5311351, 55.60477139999998], [37.531029, 55.6047941], [37.5314459, 55.60541380000001]]]}}, {"type": "Feature", "properties": {"id": 1215, "object_type": "restriction", "restriction_type": "school"}, "geometry": {"type": "Polygon", "coordinates": [[[37.5290773, 55.6037432], [37.5288515, 55.6034253], [37.5287959, 55.60341530000001], [37.5276889, 55.60364659999999], [37.5276523, 55.6036595], [37.527646, 55.6036752], [37.5280743, 55.6043435], [37.5283048, 55.60470589999999], [37.5283511, 55.6047289], [37.5284121, 55.604731099999995], [37.5295737, 55.60448180000001], [37.5295895, 55.6044647], [37.5290773, 55.6037432]]]}}, {"type": "Feature", "properties": {"id": 1216, "object_type": "restriction", "restriction_type": "oks"}, "geometry": {"type": "Polygon", "coordinates": [[[37.5295472, 55.6025799], [37.52971, 55.60283259999999], [37.5299087, 55.60312319999999], [37.5300112, 55.6031007], [37.5296345, 55.6025569], [37.5295472, 55.6025799]]]}}, {"type": "Feature", "properties": {"id": 1217, "object_type": "restriction", "restriction_type": "oks"}, "geometry": {"type": "Polygon", "coordinates": [[[37.5291952, 55.60180549999999], [37.5291591, 55.60175439999999], [37.5289823, 55.60179419999999], [37.5294346, 55.602435], [37.5295335, 55.602412799999996], [37.5291174, 55.601823], [37.5291952, 55.60180549999999]]]}}, {"type": "Feature", "properties": {"id": 1218, "object_type": "restriction", "restriction_type": "school"}, "geometry": {"type": "Polygon", "coordinates": [[[37.5259562, 55.60143889999999], [37.5260196, 55.601614599999984], [37.5260528, 55.601894299999984], [37.5265962, 55.60211259999999], [37.5275612, 55.6019069], [37.5276317, 55.6018491], [37.5276673, 55.60181990000001], [37.5277152, 55.601780700000006], [37.527328600000004, 55.601173100000004], [37.5271606, 55.60090910000001], [37.5266176, 55.6010253], [37.5265463, 55.60091899999999], [37.5261558, 55.60100260000001], [37.525971, 55.60106789999999], [37.5258453, 55.6011182], [37.5258194, 55.6011575], [37.5258073, 55.60119199999999], [37.5259562, 55.60143889999999]]]}}, {"type": "Feature", "properties": {"id": 1219, "object_type": "restriction", "restriction_type": "oks"}, "geometry": {"type": "Polygon", "coordinates": [[[37.5254036, 55.60360879999999], [37.5254442, 55.6036654], [37.5257495, 55.60359540000001], [37.5257088, 55.603538799999995], [37.5256639, 55.60354909999999], [37.5255954, 55.60345629999999], [37.5250583, 55.603575], [37.5241971, 55.60376859999999], [37.5242338, 55.603821], [37.5255354, 55.6035302], [37.5255659, 55.60357160000001], [37.5254036, 55.60360879999999]]]}}, {"type": "Feature", "properties": {"id": 1220, "object_type": "restriction", "restriction_type": "oks"}, "geometry": {"type": "Polygon", "coordinates": [[[37.5267006, 55.5991361], [37.5266265, 55.59915589999999], [37.5266154, 55.5991397], [37.5263456, 55.59919889999999], [37.5264213, 55.599309], [37.526498, 55.599292099999985], [37.52652, 55.5993241], [37.526568100000006, 55.59931350000001], [37.5266339, 55.5992991], [37.5266124, 55.5992679], [37.5266888, 55.5992511], [37.526744, 55.5992434], [37.5267394, 55.59925909999999], [37.5267252, 55.599276999999994], [37.5267809, 55.599291099999995], [37.5268366, 55.59930529999999], [37.5268587, 55.5992774], [37.5268724, 55.5992681], [37.5268995, 55.599294099999995], [37.5269349, 55.5993447], [37.5268787, 55.599357199999986], [37.5269037, 55.59939299999999], [37.5269254, 55.59942399999999], [37.526982000000004, 55.5994113], [37.5270282, 55.59947739999999], [37.5272299, 55.59943239999999], [37.5271013, 55.5992486], [37.5270255, 55.5992655], [37.5270133, 55.599230399999996], [37.526964, 55.59920649999999], [37.527015, 55.59917219999999], [37.5269622, 55.59914710000001], [37.526850800000005, 55.59911889999999], [37.5267823, 55.5991125], [37.5267757, 55.59913519999999], [37.5267006, 55.5991361]]]}}, {"type": "Feature", "properties": {"id": 1221, "object_type": "restriction", "restriction_type": "oks"}, "geometry": {"type": "Polygon", "coordinates": [[[37.52582850000001, 55.6036919], [37.525919900000005, 55.603671799999994], [37.5258527, 55.60357410000001], [37.5257612, 55.603594199999996], [37.52582850000001, 55.6036919]]]}}, {"type": "Feature", "properties": {"id": 1222, "object_type": "restriction", "restriction_type": "oks"}, "geometry": {"type": "Polygon", "coordinates": [[[37.5253887, 55.6036774], [37.5253492, 55.603620499999984], [37.5239935, 55.60392079999998], [37.5240331, 55.6039777], [37.5253887, 55.6036774]]]}}, {"type": "Feature", "properties": {"id": 1223, "object_type": "restriction", "restriction_type": "oks"}, "geometry": {"type": "Polygon", "coordinates": [[[37.5243199, 55.6031211], [37.5244072, 55.603097], [37.5243469, 55.60302709999999], [37.5242595, 55.6030512], [37.5243199, 55.6031211]]]}}, {"type": "Feature", "properties": {"id": 1224, "object_type": "restriction", "restriction_type": "oks"}, "geometry": {"type": "Polygon", "coordinates": [[[37.5257551, 55.60372250000001], [37.525717, 55.6036671], [37.524101, 55.604020999999996], [37.524139, 55.604076500000005], [37.5257551, 55.60372250000001]]]}}, {"type": "Feature", "properties": {"id": 1225, "object_type": "restriction", "restriction_type": "oks"}, "geometry": {"type": "Polygon", "coordinates": [[[37.5280726, 55.60024189999999], [37.5279775, 55.600262199999996], [37.5283874, 55.600873699999994], [37.5284825, 55.6008533], [37.5280726, 55.60024189999999]]]}}, {"type": "Feature", "properties": {"id": 1226, "object_type": "restriction", "restriction_type": "oks"}, "geometry": {"type": "Polygon", "coordinates": [[[37.5276507, 55.5995834], [37.5275445, 55.599603899999984], [37.5279411, 55.600206500000006], [37.5280406, 55.60018519999999], [37.5276507, 55.5995834]]]}}, {"type": "Feature", "properties": {"id": 1227, "object_type": "restriction", "restriction_type": "kindergarten"}, "geometry": {"type": "Polygon", "coordinates": [[[37.5232916, 55.601149], [37.5232422, 55.6011317], [37.5231747, 55.601129], [37.522477567706225, 55.601283418326254], [37.52246430688429, 55.60163617836498], [37.522668, 55.60193189999999], [37.5228898, 55.6022539], [37.5229641, 55.602288], [37.5230624, 55.60228939999999], [37.5238881, 55.6021103], [37.523909, 55.602096299999985], [37.5239163, 55.602074800000004], [37.5232916, 55.601149]]]}}, {"type": "Feature", "properties": {"id": 1228, "object_type": "restriction", "restriction_type": "kindergarten"}, "geometry": {"type": "Polygon", "coordinates": [[[37.5240538, 55.602068599999996], [37.5241015, 55.602067700000006], [37.52487690000001, 55.6019099], [37.5249328, 55.6018886], [37.52498460000001, 55.6018363], [37.52499, 55.601805199999994], [37.5247703, 55.6014643], [37.5244186, 55.60091849999999], [37.5243668, 55.600890899999996], [37.52429300000001, 55.6008901], [37.5234203, 55.6010834], [37.5233866, 55.60110240000001], [37.5233882, 55.60113079999999], [37.5240112, 55.602054], [37.5240538, 55.602068599999996]]]}}, {"type": "Feature", "properties": {"id": 1229, "object_type": "restriction", "restriction_type": "oks"}, "geometry": {"type": "Polygon", "coordinates": [[[37.5265382, 55.6087733], [37.5266459, 55.608636299999986], [37.52671, 55.60855469999999], [37.5267992, 55.60844109999999], [37.5269956, 55.6083978], [37.5273817, 55.60831269999999], [37.5275904, 55.608266699999994], [37.527509, 55.6081489], [37.5271448, 55.608229800000004], [37.5267178, 55.6083233], [37.5267457, 55.6083637], [37.5266917, 55.60837759999998], [37.5266689, 55.6084085], [37.5265826, 55.6083869], [37.5265575, 55.608418499999985], [37.5264292, 55.608582], [37.526234, 55.6088306], [37.526311, 55.608849899999996], [37.5262891, 55.6088756], [37.5263088, 55.6089166], [37.5262321, 55.6089338], [37.5265391, 55.6093719], [37.5267576, 55.609323], [37.5266914, 55.60922850000001], [37.5265391, 55.60901119999999], [37.5264506, 55.6088849], [37.5265382, 55.6087733]]]}}, {"type": "Feature", "properties": {"id": 1230, "object_type": "restriction", "restriction_type": "oks"}, "geometry": {"type": "Polygon", "coordinates": [[[37.5332036, 55.61164870000001], [37.5319126, 55.61156149999999], [37.5318887, 55.61167429999999], [37.5320897, 55.61168790000001], [37.5323959, 55.61170859999999], [37.5327176, 55.61173039999999], [37.533034, 55.6117518], [37.5331796, 55.61176160000001], [37.5331875, 55.6117244], [37.5333165, 55.611724499999994], [37.5333375, 55.61175569999999], [37.5335239, 55.6117156], [37.5338187, 55.6116523], [37.5341241, 55.61158669999999], [37.5342317, 55.61156359999999], [37.5344185, 55.6115234], [37.5347144, 55.6114598], [37.5350164, 55.61139490000001], [37.5353135, 55.611331099999994], [37.5354492, 55.6113019], [37.5353762, 55.61119360000001], [37.5345458, 55.61137149999999], [37.5341582, 55.61145489999999], [37.5332645, 55.611647299999994], [37.533271, 55.61165690000001], [37.5332008, 55.6116617], [37.5332036, 55.61164870000001]]]}}, {"type": "Feature", "properties": {"id": 1231, "object_type": "restriction", "restriction_type": "oks"}, "geometry": {"type": "Polygon", "coordinates": [[[37.5320794, 55.60853049999999], [37.53209040000001, 55.608522], [37.5315629, 55.60830539999999], [37.5315469, 55.60831779999999], [37.5314843, 55.608278], [37.5314993, 55.6082736], [37.5313499, 55.608111499999985], [37.5311939, 55.60794229999999], [37.5311419, 55.6079576], [37.5310414, 55.6078941], [37.5310802, 55.607861899999996], [37.5305406, 55.6076541], [37.5305057, 55.607683], [37.5303665, 55.607650899999996], [37.530373, 55.60762319999999], [37.5297171, 55.607574199999995], [37.5297106, 55.607602], [37.52955390000001, 55.607619199999995], [37.52953320000001, 55.6075881], [37.5292061, 55.6076575], [37.52803750000001, 55.60790569999999], [37.5281107, 55.6080157], [37.5282799, 55.6079798], [37.5285688, 55.60791839999999], [37.5288712, 55.60785429999999], [37.5291674, 55.6077914], [37.5292794, 55.607767599999995], [37.5294655, 55.60772809999999], [37.5296064, 55.6076982], [37.5295973, 55.60768449999999], [37.5296942, 55.6076721], [37.5296911, 55.60768519999999], [37.5298819, 55.6076995], [37.5302059, 55.607723699999994], [37.530347, 55.6077342], [37.5303513, 55.6077156], [37.53044, 55.607737400000005], [37.5304285, 55.607746899999995], [37.5305907, 55.60780939999999], [37.5308564, 55.6079116], [37.530968200000004, 55.60795470000001], [37.5309766, 55.607947800000005], [37.5310402, 55.60798749999999], [37.5310185, 55.6079939], [37.5311105, 55.6080937], [37.531171, 55.608159300000004], [37.5312571, 55.608252699999994], [37.5313239, 55.6083252], [37.5313908, 55.60830549999999], [37.5314841, 55.60836659999998], [37.5314453, 55.6083967], [37.5316123, 55.608465299999985], [37.5318665, 55.6085697], [37.5319728, 55.60861329999999], [37.5320174, 55.60857870000001], [37.5321451, 55.6086167], [37.5321377, 55.6086496], [37.5323472, 55.6086646], [37.5326608, 55.6086871], [37.5328074, 55.608697599999985], [37.5328168, 55.608655999999996], [37.5329378, 55.60864629999998], [37.5329619, 55.60868289999999], [37.5331496, 55.60864360000001], [37.5334562, 55.6085793], [37.533588300000005, 55.6085516], [37.5335193, 55.60844659999999], [37.53289290000001, 55.608578], [37.5329015, 55.608591000000004], [37.532830000000004, 55.6085974], [37.5328328, 55.60858470000001], [37.532163, 55.608536699999995], [37.5321602, 55.608549399999994], [37.5320794, 55.60853049999999]]]}}, {"type": "Feature", "properties": {"id": 1232, "object_type": "restriction", "restriction_type": "oks"}, "geometry": {"type": "Polygon", "coordinates": [[[37.5288091, 55.609257], [37.5288947, 55.60924800000001], [37.5288929, 55.6092564], [37.5291049, 55.6092711], [37.5294128, 55.60929230000001], [37.5295453, 55.60930149999999], [37.5295488, 55.6092857], [37.5296348, 55.609305499999984], [37.5296217, 55.60931619999999], [37.5298074, 55.609389199999995], [37.5298974, 55.609424600000004], [37.5300669, 55.6094911], [37.5301682, 55.609530899999996], [37.5301815, 55.60952009999999], [37.5302454, 55.6095547], [37.5302294, 55.609559399999995], [37.530332, 55.6096709], [37.5304744, 55.6098259], [37.5305313, 55.609887699999994], [37.5305921, 55.6098699], [37.5306977, 55.60993409999999], [37.5306607, 55.609964399999996], [37.5308283, 55.6100297], [37.5310978, 55.6101348], [37.531209, 55.6101781], [37.5313182, 55.610088699999984], [37.5307699, 55.609875], [37.5307624, 55.60988110000001], [37.5306939, 55.60983999999999], [37.5307075, 55.609835999999994], [37.5304056, 55.6095077], [37.5303518, 55.609523499999995], [37.5302431, 55.60947], [37.5302824, 55.60943809999999], [37.5300122, 55.609331999999995], [37.5297358, 55.609223499999985], [37.529709200000006, 55.609245099999995], [37.5295645, 55.609212899999996], [37.5295692, 55.6091911], [37.5289168, 55.6091461], [37.5289106, 55.60917459999999], [37.5287591, 55.609185399999994], [37.5287398, 55.609157799999984], [37.5278254, 55.609361699999994], [37.5279002, 55.609468699999994], [37.5280821, 55.6094281], [37.5283808, 55.609361500000006], [37.5286686, 55.6092974], [37.5288146, 55.609264799999984], [37.5288091, 55.609257]]]}}, {"type": "Feature", "properties": {"id": 1233, "object_type": "restriction", "restriction_type": "oks"}, "geometry": {"type": "Polygon", "coordinates": [[[37.5325498, 55.6102883], [37.5326139, 55.6102926], [37.5326807, 55.610276999999996], [37.5327077, 55.610317699999996], [37.5328969, 55.610277599999996], [37.5331959, 55.6102143], [37.5333129, 55.610189500000004], [37.5334927, 55.6101514], [37.5337865, 55.6100892], [37.53409, 55.6100249], [37.5343933, 55.609960599999994], [37.5345261, 55.60993249999999], [37.534454, 55.6098238], [37.5333677, 55.61005459999999], [37.5332413, 55.61008150000001], [37.5325974, 55.6102184], [37.5316019, 55.6101515], [37.5315781, 55.61026470000001], [37.5317763, 55.610278], [37.532092600000006, 55.610299299999994], [37.5324072, 55.610320400000006], [37.5325411, 55.610329400000005], [37.5325498, 55.6102883]]]}}, {"type": "Feature", "properties": {"id": 1234, "object_type": "restriction", "restriction_type": "oks"}, "geometry": {"type": "Polygon", "coordinates": [[[37.5317889, 55.609672399999994], [37.5317702, 55.60964719999999], [37.53163510000001, 55.6096792], [37.5316538, 55.60970439999999], [37.5317889, 55.609672399999994]]]}}, {"type": "Feature", "properties": {"id": 1235, "object_type": "restriction", "restriction_type": "oks"}, "geometry": {"type": "Polygon", "coordinates": [[[37.5273627, 55.609197699999996], [37.5272703, 55.6092146], [37.5273436, 55.609342000000005], [37.527436, 55.60932509999999], [37.5273627, 55.609197699999996]]]}}, {"type": "Feature", "properties": {"id": 1236, "object_type": "restriction", "restriction_type": "oks"}, "geometry": {"type": "Polygon", "coordinates": [[[37.5271151, 55.6093696], [37.527163, 55.6094445], [37.52726, 55.6094247], [37.5272121, 55.6093498], [37.5271151, 55.6093696]]]}}, {"type": "Feature", "properties": {"id": 1237, "object_type": "restriction", "restriction_type": "oks"}, "geometry": {"type": "Polygon", "coordinates": [[[37.5309087, 55.61204390000001], [37.5308709, 55.612001799999994], [37.5305528, 55.612092999999994], [37.5305906, 55.612135099999996], [37.5309087, 55.61204390000001]]]}}, {"type": "Feature", "properties": {"id": 1238, "object_type": "restriction", "restriction_type": "oks"}, "geometry": {"type": "Polygon", "coordinates": [[[37.5341223, 55.6112358], [37.5342177, 55.61121490000001], [37.5341564, 55.6111256], [37.534061, 55.61114649999999], [37.5341223, 55.6112358]]]}}, {"type": "Feature", "properties": {"id": 1239, "object_type": "restriction", "restriction_type": "oks"}, "geometry": {"type": "Polygon", "coordinates": [[[37.532028700000005, 55.608988], [37.5319994, 55.6089294], [37.5319113, 55.60894349999998], [37.53194070000001, 55.60900209999999], [37.532028700000005, 55.608988]]]}}, {"type": "Feature", "properties": {"id": 1240, "object_type": "restriction", "restriction_type": "oks"}, "geometry": {"type": "Polygon", "coordinates": [[[37.5363388, 55.611353], [37.5365211, 55.6113124], [37.536246, 55.6109223], [37.5360631, 55.61096359999999], [37.5363388, 55.611353]]]}}, {"type": "Feature", "properties": {"id": 1241, "object_type": "restriction", "restriction_type": "oks"}, "geometry": {"type": "Polygon", "coordinates": [[[37.5362618, 55.6108217], [37.53620620000001, 55.61074210000001], [37.5359626, 55.6107964], [37.536011, 55.610873], [37.5362618, 55.6108217]]]}}, {"type": "Feature", "properties": {"id": 1242, "object_type": "restriction", "restriction_type": "oks"}, "geometry": {"type": "Polygon", "coordinates": [[[37.5361595, 55.61139299999999], [37.5362268, 55.61137800000001], [37.5362599, 55.6113706], [37.5358889, 55.61086259999999], [37.5358028, 55.6108827], [37.5361595, 55.61139299999999]]]}}, {"type": "Feature", "properties": {"id": 1243, "object_type": "restriction", "restriction_type": "oks"}, "geometry": {"type": "Polygon", "coordinates": [[[37.5358458, 55.6108091], [37.5358237, 55.61077919999999], [37.5357431, 55.61079720000001], [37.535791, 55.61086569999999], [37.5358291, 55.6108566], [37.5358017, 55.6108195], [37.5358458, 55.6108091]]]}}, {"type": "Feature", "properties": {"id": 1244, "object_type": "restriction", "restriction_type": "oks"}, "geometry": {"type": "Polygon", "coordinates": [[[37.5473321, 55.61006119999999], [37.5461033, 55.609806], [37.5461569, 55.6098814], [37.5473039, 55.6101183], [37.5473321, 55.61006119999999]]]}}, {"type": "Feature", "properties": {"id": 1245, "object_type": "restriction", "restriction_type": "oks"}, "geometry": {"type": "Polygon", "coordinates": [[[37.5471093, 55.610237299999994], [37.5471435, 55.6101785], [37.5462454, 55.60999579999999], [37.5462506, 55.610061599999995], [37.5471093, 55.610237299999994]]]}}, {"type": "Feature", "properties": {"id": 1246, "object_type": "restriction", "restriction_type": "oks"}, "geometry": {"type": "Polygon", "coordinates": [[[37.546255, 55.61011760000002], [37.5462617, 55.6101845], [37.5471786, 55.610372899999994], [37.5472072, 55.610314800000005], [37.546255, 55.61011760000002]]]}}, {"type": "Feature", "properties": {"id": 1247, "object_type": "restriction", "restriction_type": "oks"}, "geometry": {"type": "Polygon", "coordinates": [[[37.5470607, 55.611557600000005], [37.5472019, 55.611434300000006], [37.5471091, 55.6114004], [37.546968, 55.6115237], [37.5470607, 55.611557600000005]]]}}, {"type": "Feature", "properties": {"id": 1248, "object_type": "restriction", "restriction_type": "oks"}, "geometry": {"type": "Polygon", "coordinates": [[[37.546741, 55.61182699999999], [37.5468425, 55.6117448], [37.5468041, 55.611729699999984], [37.5467791, 55.61175], [37.5467412, 55.61173509999999], [37.5467174, 55.6117543], [37.5466375, 55.611722799999995], [37.5465848, 55.61176549999999], [37.546741, 55.61182699999999]]]}}, {"type": "Feature", "properties": {"id": 1249, "object_type": "restriction", "restriction_type": "park"}, "geometry": {"type": "Polygon", "coordinates": [[[37.5398027, 55.59929979999999], [37.539952, 55.599322999999984], [37.54186519280551, 55.598892559115875], [37.53941738218567, 55.59886342592705], [37.5398027, 55.59929979999999]]]}}, {"type": "Feature", "properties": {"id": 1250, "object_type": "restriction", "restriction_type": "oks"}, "geometry": {"type": "Polygon", "coordinates": [[[37.5454925, 55.60430959999999], [37.5457923, 55.6042505], [37.5457355, 55.604158399999996], [37.5454356, 55.6042176], [37.5454925, 55.60430959999999]]]}}, {"type": "Feature", "properties": {"id": 1251, "object_type": "restriction", "restriction_type": "oks"}, "geometry": {"type": "Polygon", "coordinates": [[[37.5391667, 55.5996466], [37.5391499, 55.599642200000005], [37.5391371, 55.5996556], [37.539146, 55.59965840000001], [37.5392151, 55.59974939999999], [37.5392438, 55.599741], [37.5392705, 55.59976220000001], [37.5393011, 55.599759999999996], [37.5393407, 55.59974710000001], [37.5393397, 55.59972419999999], [37.5393288, 55.5997069], [37.5392912, 55.599698599999996], [37.5392468, 55.599628199999984], [37.539228, 55.599623199999996], [37.5392033, 55.599624299999995], [37.5391667, 55.5996466]]]}}, {"type": "Feature", "properties": {"id": 1252, "object_type": "restriction", "restriction_type": "oks"}, "geometry": {"type": "Polygon", "coordinates": [[[37.5342372, 55.598972999999994], [37.534054, 55.59901469999999], [37.5341895, 55.599204799999995], [37.5343728, 55.59916309999999], [37.5342372, 55.598972999999994]]]}}, {"type": "Feature", "properties": {"id": 1253, "object_type": "restriction", "restriction_type": "oks"}, "geometry": {"type": "Polygon", "coordinates": [[[37.54218, 55.60143010000001], [37.5423155, 55.60161859999999], [37.5425037, 55.6015754], [37.5423682, 55.6013869], [37.54218, 55.60143010000001]]]}}, {"type": "Feature", "properties": {"id": 1254, "object_type": "restriction", "restriction_type": "oks"}, "geometry": {"type": "Polygon", "coordinates": [[[37.5339681, 55.60179509999999], [37.534009, 55.60185700000001], [37.5341078, 55.6018361], [37.5340669, 55.601774299999995], [37.5339681, 55.60179509999999]]]}}, {"type": "Feature", "properties": {"id": 1255, "object_type": "restriction", "restriction_type": "oks"}, "geometry": {"type": "Polygon", "coordinates": [[[37.5396503, 55.603715599999994], [37.5395829, 55.6036111], [37.539241600000004, 55.6036813], [37.539309, 55.60378579999999], [37.5396503, 55.603715599999994]]]}}, {"type": "Feature", "properties": {"id": 1256, "object_type": "restriction", "restriction_type": "oks"}, "geometry": {"type": "Polygon", "coordinates": [[[37.53915, 55.6038772], [37.539089700000005, 55.6037865], [37.5389832, 55.603809099999985], [37.5390434, 55.6038998], [37.53915, 55.6038772]]]}}, {"type": "Feature", "properties": {"id": 1257, "object_type": "restriction", "restriction_type": "oks"}, "geometry": {"type": "Polygon", "coordinates": [[[37.5455823, 55.6009567], [37.5455446, 55.600899999999996], [37.5453743, 55.600936], [37.545412, 55.6009928], [37.5455823, 55.6009567]]]}}, {"type": "Feature", "properties": {"id": 1258, "object_type": "restriction", "restriction_type": "oks"}, "geometry": {"type": "Polygon", "coordinates": [[[37.5451707, 55.6023936], [37.5450646, 55.60241499999999], [37.5451275, 55.6025145], [37.5452336, 55.602492999999996], [37.5451707, 55.6023936]]]}}, {"type": "Feature", "properties": {"id": 1259, "object_type": "restriction", "restriction_type": "oks"}, "geometry": {"type": "Polygon", "coordinates": [[[37.5456822, 55.601035999999986], [37.5455018, 55.601075699999996], [37.5456402, 55.601276199999994], [37.5458206, 55.601236400000005], [37.5456822, 55.601035999999986]]]}}, {"type": "Feature", "properties": {"id": 1260, "object_type": "restriction", "restriction_type": "oks"}, "geometry": {"type": "Polygon", "coordinates": [[[37.5475066, 55.60867689999999], [37.5475021, 55.608613399999996], [37.5473891, 55.6086159], [37.5473936, 55.60867939999999], [37.5475066, 55.60867689999999]]]}}, {"type": "Feature", "properties": {"id": 1261, "object_type": "restriction", "restriction_type": "oks"}, "geometry": {"type": "Polygon", "coordinates": [[[37.5360603, 55.5998238], [37.53601, 55.5997597], [37.5359064, 55.5997856], [37.5359567, 55.59984970000001], [37.5360603, 55.5998238]]]}}, {"type": "Feature", "properties": {"id": 1262, "object_type": "restriction", "restriction_type": "oks"}, "geometry": {"type": "Polygon", "coordinates": [[[37.5366102, 55.59969319999999], [37.5365345, 55.599583499999994], [37.5361915, 55.599659199999984], [37.5362673, 55.5997688], [37.5366102, 55.59969319999999]]]}}, {"type": "Feature", "properties": {"id": 1263, "object_type": "restriction", "restriction_type": "oks"}, "geometry": {"type": "Polygon", "coordinates": [[[37.5446063, 55.60262269999999], [37.5449416, 55.60255249999999], [37.5448758, 55.602452], [37.5445404, 55.60252220000001], [37.5446063, 55.60262269999999]]]}}, {"type": "Feature", "properties": {"id": 1264, "object_type": "restriction", "restriction_type": "road"}, "geometry": {"type": "Polygon", "coordinates": [[[37.527434513397836, 55.59894201014988], [37.52780001237532, 55.59947191040687], [37.527977387537135, 55.59943268952843], [37.527611886514634, 55.59890278978541], [37.527434513397836, 55.59894201014988]]]}}, {"type": "Feature", "properties": {"id": 1265, "object_type": "restriction", "restriction_type": "oks"}, "geometry": {"type": "Polygon", "coordinates": [[[37.5383886, 55.612132599999995], [37.5382952, 55.61199160000001], [37.5381895, 55.6120139], [37.5381464, 55.61194879999999], [37.53826, 55.61192479999999], [37.5382056, 55.6118428], [37.5380958, 55.611866], [37.5378927, 55.611559400000004], [37.5370644, 55.6117368], [37.5374631, 55.6123308], [37.5383886, 55.612132599999995]]]}}, {"type": "Feature", "properties": {"id": 1266, "object_type": "restriction", "restriction_type": "oks"}, "geometry": {"type": "Polygon", "coordinates": [[[37.5348659, 55.60471590000001], [37.5349152, 55.6047053], [37.5349298, 55.60472699999999], [37.5351412, 55.604681500000005], [37.5351284, 55.6046624], [37.5351807, 55.60465109999999], [37.5350053, 55.60439089999999], [37.5348296, 55.6041303], [37.534778800000005, 55.6041412], [37.534762, 55.6041162], [37.5345482, 55.6041622], [37.5345647, 55.6041866], [37.5345161, 55.60419699999999], [37.5348659, 55.60471590000001]]]}}, {"type": "Feature", "properties": {"id": 1267, "object_type": "restriction", "restriction_type": "oks"}, "geometry": {"type": "Polygon", "coordinates": [[[37.5344711, 55.603633099999996], [37.53429940000001, 55.60337839999999], [37.5342486, 55.603389299999996], [37.5342318, 55.6033643], [37.534018, 55.6034103], [37.5340345, 55.60343469999999], [37.5339859, 55.6034451], [37.5343357, 55.60396399999999], [37.534385, 55.603953399999995], [37.5343996, 55.60397510000001], [37.534611, 55.6039296], [37.5345982, 55.60391049999999], [37.5346505, 55.6038992], [37.5344711, 55.603633099999996]]]}}, {"type": "Feature", "properties": {"id": 1268, "object_type": "restriction", "restriction_type": "oks"}, "geometry": {"type": "Polygon", "coordinates": [[[37.5347949, 55.60402010000001], [37.5347781, 55.603995299999994], [37.5346841, 55.604015499999996], [37.5347009, 55.60404040000001], [37.5347949, 55.60402010000001]]]}}, {"type": "Feature", "properties": {"id": 1269, "object_type": "restriction", "restriction_type": "oks"}, "geometry": {"type": "Polygon", "coordinates": [[[37.5358171, 55.603505199999994], [37.5357774, 55.603446100000006], [37.5356356, 55.60347649999999], [37.5356753, 55.6035356], [37.5358171, 55.603505199999994]]]}}, {"type": "Feature", "properties": {"id": 1270, "object_type": "restriction", "restriction_type": "oks"}, "geometry": {"type": "Polygon", "coordinates": [[[37.5344559, 55.6048044], [37.5345694, 55.6047791], [37.5341542, 55.6042079], [37.5340583, 55.60423120000001], [37.5344559, 55.6048044]]]}}, {"type": "Feature", "properties": {"id": 1271, "object_type": "restriction", "restriction_type": "oks"}, "geometry": {"type": "Polygon", "coordinates": [[[37.5339651, 55.6040935], [37.5340543, 55.604074999999995], [37.5336581, 55.6034961], [37.5335733, 55.603514399999995], [37.5339651, 55.6040935]]]}}, {"type": "Feature", "properties": {"id": 1272, "object_type": "restriction", "restriction_type": "oks"}, "geometry": {"type": "Polygon", "coordinates": [[[37.53586000000001, 55.60416839999999], [37.5359083, 55.604247599999994], [37.5360599, 55.6042181], [37.5360117, 55.604138999999996], [37.53586000000001, 55.60416839999999]]]}}, {"type": "Feature", "properties": {"id": 1273, "object_type": "restriction", "restriction_type": "oks"}, "geometry": {"type": "Polygon", "coordinates": [[[37.5361628, 55.603992899999994], [37.5361218, 55.6039264], [37.5359441, 55.6039614], [37.5359851, 55.6040279], [37.5361628, 55.603992899999994]]]}}, {"type": "Feature", "properties": {"id": 1274, "object_type": "restriction", "restriction_type": "oks"}, "geometry": {"type": "Polygon", "coordinates": [[[37.536214, 55.6049653], [37.5362329, 55.60494789999999], [37.5361864, 55.604859399999995], [37.5360537, 55.6048133], [37.5359086, 55.60483140000001], [37.5358867, 55.60485159999999], [37.536214, 55.6049653]]]}}, {"type": "Feature", "properties": {"id": 1275, "object_type": "restriction", "restriction_type": "oks"}, "geometry": {"type": "Polygon", "coordinates": [[[37.5360944, 55.6041556], [37.5361281, 55.6041491], [37.5361438, 55.6041754], [37.53624760000001, 55.604155599999984], [37.5362126, 55.6040969], [37.5360751, 55.604123099999995], [37.5360944, 55.6041556]]]}}, {"type": "Feature", "properties": {"id": 1276, "object_type": "restriction", "restriction_type": "oks"}, "geometry": {"type": "Polygon", "coordinates": [[[37.5334611, 55.60213869999999], [37.5332839, 55.601875799999995], [37.5332331, 55.60188670000001], [37.5332163, 55.6018616], [37.5330025, 55.6019077], [37.533019, 55.6019321], [37.5329704, 55.6019425], [37.5333202, 55.602461399999996], [37.533369500000006, 55.6024508], [37.5333841, 55.6024725], [37.5335955, 55.602427], [37.5335827, 55.602407899999996], [37.533635, 55.60239659999999], [37.5334611, 55.60213869999999]]]}}, {"type": "Feature", "properties": {"id": 1277, "object_type": "restriction", "restriction_type": "oks"}, "geometry": {"type": "Polygon", "coordinates": [[[37.532962, 55.601373099999975], [37.5327857, 55.6011115], [37.5327349, 55.601122399999994], [37.5327181, 55.6010974], [37.53250430000001, 55.601143400000005], [37.5325208, 55.60116779999999], [37.5324722, 55.60117819999999], [37.532822, 55.601697200000004], [37.5328713, 55.60168659999999], [37.5328859, 55.60170829999999], [37.5330973, 55.6016628], [37.5330845, 55.601643700000004], [37.5331368, 55.60163240000001], [37.532962, 55.601373099999975]]]}}, {"type": "Feature", "properties": {"id": 1278, "object_type": "restriction", "restriction_type": "oks"}, "geometry": {"type": "Polygon", "coordinates": [[[37.5321713, 55.6005791], [37.5321314, 55.6005173], [37.5318676, 55.60057160000001], [37.5319077, 55.6006338], [37.5318805, 55.60063950000001], [37.5320765, 55.60094079999999], [37.5324209, 55.6008693], [37.5322249, 55.600568], [37.5321713, 55.6005791]]]}}, {"type": "Feature", "properties": {"id": 1279, "object_type": "restriction", "restriction_type": "oks"}, "geometry": {"type": "Polygon", "coordinates": [[[37.5353975, 55.6022466], [37.5353079, 55.602114099999994], [37.5342878, 55.60233429999999], [37.5343783, 55.60246810000001], [37.5348212, 55.6023725], [37.5349372, 55.60254400000001], [37.5345941, 55.602617999999985], [37.5346613, 55.602717399999996], [37.5354664, 55.6025436], [37.5354001, 55.60244539999999], [37.5350284, 55.6025256], [37.5349107, 55.60235159999999], [37.5353975, 55.6022466]]]}}, {"type": "Feature", "properties": {"id": 1280, "object_type": "restriction", "restriction_type": "oks"}, "geometry": {"type": "Polygon", "coordinates": [[[37.5332767, 55.60175460000001], [37.5332578, 55.601726500000005], [37.533175400000005, 55.60174429999999], [37.5331943, 55.60177229999999], [37.5332767, 55.60175460000001]]]}}, {"type": "Feature", "properties": {"id": 1281, "object_type": "restriction", "restriction_type": "oks"}, "geometry": {"type": "Polygon", "coordinates": [[[37.5325381, 55.60193799999999], [37.5329662, 55.60256689999999], [37.5330479, 55.602548999999996], [37.5326467, 55.60191509999999], [37.5325381, 55.60193799999999]]]}}, {"type": "Feature", "properties": {"id": 1282, "object_type": "restriction", "restriction_type": "oks"}, "geometry": {"type": "Polygon", "coordinates": [[[37.5321091, 55.60117699999999], [37.532025, 55.6011955], [37.5324417, 55.6018004], [37.5325258, 55.6017819], [37.5321091, 55.60117699999999]]]}}, {"type": "Feature", "properties": {"id": 1283, "object_type": "restriction", "restriction_type": "oks"}, "geometry": {"type": "Polygon", "coordinates": [[[37.5314316, 55.5991018], [37.5312606, 55.5988481], [37.5312098, 55.598859], [37.531193, 55.598834000000004], [37.5309792, 55.598879999999994], [37.5309957, 55.598904399999995], [37.5309471, 55.598914799999996], [37.5312969, 55.59943379999999], [37.5313462, 55.5994232], [37.5313608, 55.599444899999995], [37.53157220000001, 55.5993994], [37.5315594, 55.59938029999999], [37.5316117, 55.59936900000001], [37.5314316, 55.5991018]]]}}, {"type": "Feature", "properties": {"id": 1284, "object_type": "restriction", "restriction_type": "oks"}, "geometry": {"type": "Polygon", "coordinates": [[[37.5319361, 55.5998556], [37.5317595, 55.5995936], [37.5317087, 55.59960449999999], [37.5316919, 55.5995795], [37.5314781, 55.5996255], [37.5314946, 55.5996499], [37.531446, 55.5996603], [37.5317958, 55.6001793], [37.5318451, 55.6001687], [37.5318597, 55.6001904], [37.5320711, 55.60014489999999], [37.5320583, 55.600125799999994], [37.5321106, 55.60011449999999], [37.5319361, 55.5998556]]]}}, {"type": "Feature", "properties": {"id": 1285, "object_type": "restriction", "restriction_type": "oks"}, "geometry": {"type": "Polygon", "coordinates": [[[37.5326161, 55.5992056], [37.5326489, 55.59925319999999], [37.5325942, 55.599265200000005], [37.5324732, 55.5990898], [37.532288, 55.5991305], [37.5322351, 55.599142199999996], [37.5323415, 55.5992964], [37.5322444, 55.59931769999999], [37.5323118, 55.5994155], [37.5324112, 55.5993936], [37.5325128, 55.5995408], [37.5327493, 55.5994887], [37.5326279, 55.5993127], [37.5326832, 55.59930059999999], [37.5327173, 55.59935010000001], [37.5329516, 55.5992985], [37.5328517, 55.599153699999995], [37.5326161, 55.5992056]]]}}, {"type": "Feature", "properties": {"id": 1286, "object_type": "restriction", "restriction_type": "oks"}, "geometry": {"type": "Polygon", "coordinates": [[[37.5333456, 55.6005447], [37.5335097, 55.60029029999999], [37.5338116, 55.6003524], [37.5336786, 55.600558699999986], [37.53386600000001, 55.60059729999999], [37.5341664, 55.6001315], [37.533979, 55.60009290000001], [37.5338433, 55.600303199999985], [37.5335414, 55.600241099999984], [37.533719, 55.59996569999999], [37.5334749, 55.5999154], [37.5332907, 55.6002012], [37.5331015, 55.6004944], [37.5333456, 55.6005447]]]}}, {"type": "Feature", "properties": {"id": 1287, "object_type": "restriction", "restriction_type": "school"}, "geometry": {"type": "Polygon", "coordinates": [[[37.533263600000005, 55.6008965], [37.5333625, 55.60092679999999], [37.5335277, 55.6009362], [37.5346288, 55.60068959999999], [37.5346796, 55.60067609999999], [37.5347209, 55.6006555], [37.5347381, 55.60063310000001], [37.5349486, 55.60027689999998], [37.5343747, 55.6001618], [37.5336455, 55.5997017], [37.5336155, 55.59966229999999], [37.5335223, 55.59954309999999], [37.5328079, 55.599703899999994], [37.5327156, 55.599741], [37.5326459, 55.599778400000005], [37.532573, 55.5998303], [37.5325254, 55.59987640000001], [37.5327726, 55.6002416], [37.5331813, 55.6008457], [37.533263600000005, 55.6008965]]]}}, {"type": "Feature", "properties": {"id": 1288, "object_type": "restriction", "restriction_type": "oks"}, "geometry": {"type": "Polygon", "coordinates": [[[37.5317539, 55.59949509999999], [37.5317295, 55.5994585], [37.5316437, 55.5994768], [37.5316681, 55.599513300000005], [37.5317539, 55.59949509999999]]]}}, {"type": "Feature", "properties": {"id": 1289, "object_type": "restriction", "restriction_type": "oks"}, "geometry": {"type": "Polygon", "coordinates": [[[37.5309796, 55.59963570000001], [37.5314199, 55.6002737], [37.5315208, 55.60025149999999], [37.5310805, 55.5996135], [37.5309796, 55.59963570000001]]]}}, {"type": "Feature", "properties": {"id": 1290, "object_type": "restriction", "restriction_type": "oks"}, "geometry": {"type": "Polygon", "coordinates": [[[37.5305058, 55.5989267], [37.5309373, 55.59957159999999], [37.5310425, 55.59954909999999], [37.530611, 55.59890419999999], [37.5305058, 55.5989267]]]}}, {"type": "Feature", "properties": {"id": 1291, "object_type": "restriction", "restriction_type": "oks"}, "geometry": {"type": "Polygon", "coordinates": [[[37.5330791, 55.59949769999999], [37.5330462, 55.59943679999999], [37.5329151, 55.599459499999995], [37.532948, 55.599520299999995], [37.5330791, 55.59949769999999]]]}}, {"type": "Feature", "properties": {"id": 1292, "object_type": "restriction", "restriction_type": "school"}, "geometry": {"type": "Polygon", "coordinates": [[[37.5379329, 55.6001193], [37.5379132, 55.60009], [37.5363522, 55.60042649999999], [37.5369524, 55.6013151], [37.5380244, 55.601084], [37.5385134, 55.6009786], [37.5379329, 55.6001193]]]}}, {"type": "Feature", "properties": {"id": 1293, "object_type": "restriction", "restriction_type": "kindergarten"}, "geometry": {"type": "Polygon", "coordinates": [[[37.5344123, 55.59884129999999], [37.5347397, 55.59932750000001], [37.5350028, 55.59971819999999], [37.5350458, 55.5997515], [37.5351161, 55.59977559999999], [37.5352043, 55.5997811], [37.5359483, 55.5996198], [37.5360151, 55.59958069999999], [37.5360346, 55.59953339999999], [37.5360108, 55.599486399999996], [37.5356967, 55.59902129999999], [37.535559062674885, 55.598817405955586], [37.534420407792965, 55.59880380147192], [37.5344123, 55.59884129999999]]]}}, {"type": "Feature", "properties": {"id": 1294, "object_type": "restriction", "restriction_type": "kindergarten"}, "geometry": {"type": "Polygon", "coordinates": [[[37.5358111, 55.59899539999999], [37.536136, 55.599498999999994], [37.5361591, 55.59952279999999], [37.536223, 55.599544099999996], [37.5362953, 55.5995394], [37.5370897, 55.599376299999996], [37.5371274, 55.59935839999999], [37.537142, 55.59933389999999], [37.5371311, 55.5993067], [37.5368852, 55.59892459999998], [37.536825934099575, 55.5988325299167], [37.53569750138709, 55.59881905927985], [37.5358111, 55.59899539999999]]]}}, {"type": "Feature", "properties": {"id": 1295, "object_type": "restriction", "restriction_type": "oks"}, "geometry": {"type": "Polygon", "coordinates": [[[37.5438138, 55.60912100000001], [37.5439095, 55.6091252], [37.5440099, 55.608384099999995], [37.5439142, 55.60838], [37.5438626, 55.608761], [37.5434161, 55.608895], [37.543453, 55.60893399999999], [37.5435045, 55.608918499999994], [37.5435582, 55.608975199999996], [37.5438453, 55.6088885], [37.5438138, 55.60912100000001]]]}}, {"type": "Feature", "properties": {"id": 1296, "object_type": "restriction", "restriction_type": "oks"}, "geometry": {"type": "Polygon", "coordinates": [[[37.5472141, 55.6070229], [37.5468136, 55.6063441], [37.5467103, 55.6063635], [37.5471108, 55.607042299999996], [37.5472141, 55.6070229]]]}}, {"type": "Feature", "properties": {"id": 1297, "object_type": "restriction", "restriction_type": "oks"}, "geometry": {"type": "Polygon", "coordinates": [[[37.5437499, 55.6091042], [37.5437856, 55.6090587], [37.5433296, 55.6089446], [37.5432939, 55.6089902], [37.5437499, 55.6091042]]]}}, {"type": "Feature", "properties": {"id": 1298, "object_type": "restriction", "restriction_type": "oks"}, "geometry": {"type": "Polygon", "coordinates": [[[37.546612, 55.606939499999996], [37.5465564, 55.6068317], [37.5456915, 55.60697399999999], [37.5457471, 55.6070818], [37.546612, 55.606939499999996]]]}}, {"type": "Feature", "properties": {"id": 1299, "object_type": "restriction", "restriction_type": "oks"}, "geometry": {"type": "Polygon", "coordinates": [[[37.5464392, 55.60664510000001], [37.5463836, 55.60653729999999], [37.5455187, 55.6066797], [37.5455743, 55.6067875], [37.5464392, 55.60664510000001]]]}}, {"type": "Feature", "properties": {"id": 1300, "object_type": "restriction", "restriction_type": "oks"}, "geometry": {"type": "Polygon", "coordinates": [[[37.5465204, 55.60679479999999], [37.5464648, 55.60668690000001], [37.5455999, 55.60682929999999], [37.5456555, 55.6069371], [37.5465204, 55.60679479999999]]]}}, {"type": "Feature", "properties": {"id": 1301, "object_type": "restriction", "restriction_type": "oks"}, "geometry": {"type": "Polygon", "coordinates": [[[37.5438454, 55.60870200000001], [37.5437881, 55.60864589999999], [37.543097, 55.608871099999995], [37.5431542, 55.6089272], [37.5438454, 55.60870200000001]]]}}, {"type": "Feature", "properties": {"id": 1302, "object_type": "restriction", "restriction_type": "oks"}, "geometry": {"type": "Polygon", "coordinates": [[[37.54637, 55.60650090000001], [37.5463423, 55.60644719999999], [37.5454775, 55.60658949999999], [37.5455052, 55.6066433], [37.54637, 55.60650090000001]]]}}, {"type": "Feature", "properties": {"id": 1303, "object_type": "restriction", "restriction_type": "oks"}, "geometry": {"type": "Polygon", "coordinates": [[[37.5468624, 55.60700430000001], [37.5468331, 55.6069453], [37.5457804, 55.607112199999996], [37.5458097, 55.607171099999995], [37.5468624, 55.60700430000001]]]}}, {"type": "Feature", "properties": {"id": 1304, "object_type": "restriction", "restriction_type": "oks"}, "geometry": {"type": "Polygon", "coordinates": [[[37.5467747, 55.606877399999995], [37.5465328, 55.60642929999999], [37.5464203, 55.60644869999999], [37.5466622, 55.60689680000001], [37.5467747, 55.606877399999995]]]}}, {"type": "Feature", "properties": {"id": 1305, "object_type": "restriction", "restriction_type": "oks"}, "geometry": {"type": "Polygon", "coordinates": [[[37.5442705, 55.60900079999999], [37.5442977, 55.6083784], [37.5441276, 55.608376], [37.5441004, 55.6089984], [37.5442705, 55.60900079999999]]]}}, {"type": "Feature", "properties": {"id": 1306, "object_type": "restriction", "restriction_type": "oks"}, "geometry": {"type": "Polygon", "coordinates": [[[37.5445593, 55.609103700000006], [37.5446055, 55.608348], [37.5444396, 55.608344699999996], [37.5443934, 55.6091004], [37.5445593, 55.609103700000006]]]}}, {"type": "Feature", "properties": {"id": 1307, "object_type": "restriction", "restriction_type": "oks"}, "geometry": {"type": "Polygon", "coordinates": [[[37.5445402, 55.6092465], [37.5445719, 55.6091894], [37.5442167, 55.6091264], [37.544185, 55.6091836], [37.5445402, 55.6092465]]]}}, {"type": "Feature", "properties": {"id": 1308, "object_type": "restriction", "restriction_type": "oks"}, "geometry": {"type": "Polygon", "coordinates": [[[37.5474015, 55.6070035], [37.5473864, 55.606977500000006], [37.5474721, 55.60696159999999], [37.5471323, 55.60637539999999], [37.5469414, 55.6064107], [37.5472962, 55.6070229], [37.5474015, 55.6070035]]]}}, {"type": "Feature", "properties": {"id": 1309, "object_type": "restriction", "restriction_type": "oks"}, "geometry": {"type": "Polygon", "coordinates": [[[37.5447982, 55.60833649999999], [37.5447075, 55.60832700000001], [37.5447026, 55.6085841], [37.5446259, 55.6092703], [37.5447141, 55.60927350000001], [37.5447912, 55.608584199999996], [37.5447982, 55.60833649999999]]]}}, {"type": "Feature", "properties": {"id": 1310, "object_type": "restriction", "restriction_type": "oks"}, "geometry": {"type": "Polygon", "coordinates": [[[37.5476384, 55.60633259999999], [37.5476616, 55.6063959], [37.54768520548608, 55.60639314404678], [37.547687655506394, 55.6063268495298], [37.5476384, 55.60633259999999]]]}}, {"type": "Feature", "properties": {"id": 1311, "object_type": "restriction", "restriction_type": "kindergarten"}, "geometry": {"type": "Polygon", "coordinates": [[[37.5399643, 55.6029477], [37.53956250000001, 55.60235389999999], [37.53954, 55.6023393], [37.5394967, 55.6023275], [37.5394493, 55.60232829999999], [37.5385845, 55.60252520000001], [37.5385624, 55.6025411], [37.5385568, 55.6025649], [37.538565, 55.6025796], [37.5392277, 55.603590199999985], [37.5392408, 55.6036011], [37.5392621, 55.603608699999995], [37.539298, 55.60360979999999], [37.5401555, 55.6034208], [37.5401811, 55.6034084], [37.540202, 55.60339319999999], [37.54021310000001, 55.603381600000006], [37.5402199, 55.6033714], [37.5402264, 55.603355300000004], [37.5402278, 55.603337], [37.5399643, 55.6029477]]]}}, {"type": "Feature", "properties": {"id": 1312, "object_type": "restriction", "restriction_type": "school"}, "geometry": {"type": "Polygon", "coordinates": [[[37.538479, 55.60257639999999], [37.5384385, 55.602567099999995], [37.538397, 55.60256909999999], [37.5375027, 55.6027678], [37.5374852, 55.602785499999996], [37.5374756, 55.6028065], [37.537483, 55.6028431], [37.5378431, 55.6033874], [37.5380641, 55.60371390000002], [37.5380906, 55.60374079999999], [37.5381423, 55.6037737], [37.5382063, 55.603797899999996], [37.5382765, 55.60381189999999], [37.5391258, 55.60365159999999], [37.5391373, 55.6036195], [37.5391453, 55.60358579999999], [37.5391388, 55.60355419999998], [37.5391234, 55.60352939999999], [37.5385843, 55.6027136], [37.5385034, 55.6025913], [37.538479, 55.60257639999999]]]}}, {"type": "Feature", "properties": {"id": 1313, "object_type": "restriction", "restriction_type": "oks"}, "geometry": {"type": "Polygon", "coordinates": [[[37.5398358, 55.60060440000001], [37.5396876, 55.600634799999995], [37.5397141, 55.6006759], [37.5393744, 55.6007456], [37.5394058, 55.6007945], [37.5398936, 55.600694399999995], [37.5398358, 55.60060440000001]]]}}, {"type": "Feature", "properties": {"id": 1314, "object_type": "restriction", "restriction_type": "oks"}, "geometry": {"type": "Polygon", "coordinates": [[[37.5444922, 55.60034720000001], [37.5444507, 55.600291899999995], [37.5443574, 55.6003143], [37.5443989, 55.60036960000001], [37.5444922, 55.60034720000001]]]}}, {"type": "Feature", "properties": {"id": 1315, "object_type": "restriction", "restriction_type": "oks"}, "geometry": {"type": "Polygon", "coordinates": [[[37.5385013, 55.61100230000001], [37.5384699, 55.6110111], [37.5385068, 55.6110533], [37.5385382, 55.6110445], [37.5385013, 55.61100230000001]]]}}, {"type": "Feature", "properties": {"id": 1316, "object_type": "restriction", "restriction_type": "oks"}, "geometry": {"type": "Polygon", "coordinates": [[[37.5408023, 55.61006909999998], [37.5398825, 55.610270299999996], [37.5399522, 55.610371999999984], [37.540872, 55.61017079999999], [37.5408387, 55.610122299999986], [37.5408959, 55.610112], [37.5409378, 55.61008049999999], [37.5410066, 55.610115399999984], [37.5420861, 55.60943749999999], [37.5420143, 55.60940099999999], [37.5420683, 55.609372099999995], [37.5420822, 55.60933000000001], [37.542166300000005, 55.60934089999999], [37.542317000000004, 55.6089702], [37.5421276, 55.60894559999999], [37.541977, 55.6093163], [37.5419399, 55.60936319999999], [37.5408603, 55.61004109999999], [37.5408023, 55.61006909999998]]]}}, {"type": "Feature", "properties": {"id": 1317, "object_type": "restriction", "restriction_type": "road"}, "geometry": {"type": "Polygon", "coordinates": [[[37.54363529402851, 55.60539954993899], [37.54331461405807, 55.60494646871272], [37.54320046077287, 55.604764003105586], [37.54302093914592, 55.604799996828184], [37.54313573877645, 55.60498349690966], [37.543137106747686, 55.60498554977127], [37.5434581525195, 55.605439150741745], [37.54358311645511, 55.605626447683406], [37.54376128345951, 55.60558835225134], [37.54363598309137, 55.605400552339745], [37.54363529402851, 55.60539954993899]]]}}, {"type": "Feature", "properties": {"id": 1318, "object_type": "restriction", "restriction_type": "park"}, "geometry": {"type": "Polygon", "coordinates": [[[37.54703700000001, 55.600544899999996], [37.5465277, 55.60064269999999], [37.5463774, 55.6004564], [37.5462643, 55.600478900000006], [37.5461379, 55.60028590000001], [37.5460471, 55.600287], [37.5464104, 55.600943499999985], [37.5463413, 55.601105800000006], [37.5464203, 55.6011236], [37.5466335, 55.6014917], [37.5470416, 55.601402400000005], [37.5470053, 55.6013301], [37.5466787, 55.60076709999999], [37.5474415, 55.60062580000001], [37.54703700000001, 55.600544899999996]]]}}, {"type": "Feature", "properties": {"id": 1319, "object_type": "restriction", "restriction_type": "park"}, "geometry": {"type": "Polygon", "coordinates": [[[37.5476944, 55.60246619999999], [37.5475342, 55.6023562], [37.5472042, 55.6018512], [37.5471566, 55.6017783], [37.5472619, 55.60175340000001], [37.5472508, 55.60173800000001], [37.5471131, 55.60153720000001], [37.5470356, 55.601425699999986], [37.5463286, 55.601608299999995], [37.5466357, 55.60209799999999], [37.5466187, 55.6021616], [37.5461162, 55.602817599999995], [37.5461969, 55.60283509999999], [37.54759, 55.602550999999984], [37.54782897865471, 55.60250235131034], [37.54783127981089, 55.602440069613706], [37.5476944, 55.60246619999999]]]}}, {"type": "Feature", "properties": {"id": 1320, "object_type": "restriction", "restriction_type": "oks"}, "geometry": {"type": "Polygon", "coordinates": [[[37.5403181, 55.607355099999985], [37.5403316, 55.60735699999999], [37.540388500000006, 55.6072224], [37.5404834, 55.606998000000004], [37.5404697, 55.6069961], [37.5404822, 55.6069683], [37.5405098, 55.60694949999999], [37.5405201, 55.6069547], [37.540964, 55.606671799999994], [37.540953300000005, 55.606666399999995], [37.5409761, 55.60665049999999], [37.5410125, 55.60663839999999], [37.5410179, 55.60664639999999], [37.5422491, 55.6063817], [37.5421764, 55.60627379999999], [37.5409452, 55.6065385], [37.5409614, 55.6065625], [37.5408939, 55.60658209999998], [37.5408459, 55.60661269999999], [37.5408219, 55.606600699999994], [37.540378, 55.606883599999996], [37.5404249, 55.60690699999999], [37.5403761, 55.6069417], [37.5403539, 55.6069805], [37.5402945, 55.6069725], [37.5402023, 55.60719079999999], [37.5401428, 55.607331499999994], [37.5402129, 55.6073409], [37.5401846, 55.60738660000001], [37.5401989, 55.607436799999995], [37.5401511, 55.607443599999996], [37.5403124, 55.6078047], [37.5403311, 55.607801999999985], [37.5403438, 55.60782829999999], [37.5403322, 55.60785189999999], [37.5403188, 55.60784999999999], [37.5401595, 55.6082133], [37.5403439, 55.60823909999999], [37.5405032, 55.6078758], [37.5404444, 55.6078676], [37.5404617, 55.60782160000001], [37.5404444, 55.607785899999996], [37.5405051, 55.60777729999999], [37.5403439, 55.607416099999995], [37.5403257, 55.60741869999999], [37.5403077, 55.60738429999999], [37.5403181, 55.607355099999985]]]}}, {"type": "Feature", "properties": {"id": 1321, "object_type": "restriction", "restriction_type": "oks"}, "geometry": {"type": "Polygon", "coordinates": [[[37.5455513, 55.60360429999999], [37.545536, 55.6035641], [37.5454572, 55.60357359999999], [37.5454724, 55.6036139], [37.5455513, 55.60360429999999]]]}}, {"type": "Feature", "properties": {"id": 1322, "object_type": "restriction", "restriction_type": "oks"}, "geometry": {"type": "Polygon", "coordinates": [[[37.5341888, 55.5989036], [37.5341435, 55.59882629999999], [37.533973, 55.598858199999995], [37.5340183, 55.598935499999996], [37.5341888, 55.5989036]]]}}, {"type": "Feature", "properties": {"id": 1323, "object_type": "restriction", "restriction_type": "oks"}, "geometry": {"type": "Polygon", "coordinates": [[[37.5356971, 55.60253660000001], [37.5356081, 55.6024271], [37.535533, 55.60244720000001], [37.535616, 55.60255779999999], [37.5356971, 55.60253660000001]]]}}, {"type": "Feature", "properties": {"id": 1324, "object_type": "restriction", "restriction_type": "road"}, "geometry": {"type": "Polygon", "coordinates": [[[37.53307425847639, 55.60640628867176], [37.53288157683065, 55.606447484744734], [37.53261663436744, 55.606504293832685], [37.532650365653964, 55.60655470616502], [37.53291524449806, 55.6064979106974], [37.533107923297635, 55.60645671522729], [37.53365474964819, 55.60633950958112], [37.533770139287206, 55.60631481179707], [37.53373646073416, 55.606264388200614], [37.53362106079817, 55.60628908818522], [37.53307425847639, 55.60640628867176]]]}}, {"type": "Feature", "properties": {"id": 1325, "object_type": "restriction", "restriction_type": "oks"}, "geometry": {"type": "Polygon", "coordinates": [[[37.5414285, 55.606791799999996], [37.5414988, 55.60689609999999], [37.5418368, 55.6068234], [37.5417665, 55.6067191], [37.5414285, 55.606791799999996]]]}}, {"type": "Feature", "properties": {"id": 1326, "object_type": "restriction", "restriction_type": "oks"}, "geometry": {"type": "Polygon", "coordinates": [[[37.5377326, 55.6086742], [37.5375377, 55.6083818], [37.5370161, 55.6084928], [37.5372109, 55.608785099999984], [37.5377326, 55.6086742]]]}}, {"type": "Feature", "properties": {"id": 1327, "object_type": "restriction", "restriction_type": "oks"}, "geometry": {"type": "Polygon", "coordinates": [[[37.5300635, 55.5994734], [37.5300903, 55.59946819999999], [37.5301166, 55.59945609999999], [37.5301263, 55.5994399], [37.53011750000001, 55.5994268], [37.530097, 55.5994144], [37.5300694, 55.599409699999995], [37.5300707, 55.59938], [37.5299038, 55.5993778], [37.5299028, 55.5993885], [37.5298131, 55.59938909999999], [37.5298126, 55.599401199999996], [37.5297585, 55.59940100000001], [37.5297563, 55.5994674], [37.5298081, 55.5994673], [37.5298085, 55.59947999999999], [37.5298944, 55.5994808], [37.5298941, 55.5994944], [37.5300622, 55.599495299999994], [37.5300635, 55.5994734]]]}}, {"type": "Feature", "properties": {"id": 1328, "object_type": "restriction", "restriction_type": "oks"}, "geometry": {"type": "Polygon", "coordinates": [[[37.5238427, 55.60380449999999], [37.523603, 55.6034359], [37.5235452, 55.6034479], [37.5235142, 55.60340009999999], [37.5233874, 55.603426500000005], [37.5236582, 55.60384289999999], [37.5238427, 55.60380449999999]]]}}, {"type": "Feature", "properties": {"id": 1329, "object_type": "restriction", "restriction_type": "oks"}, "geometry": {"type": "Polygon", "coordinates": [[[37.5223375, 55.6060182], [37.52230158231084, 55.60596428584238], [37.52229924916738, 55.60602633362584], [37.5223375, 55.6060182]]]}}, {"type": "Feature", "properties": {"id": 1330, "object_type": "restriction", "restriction_type": "oks"}, "geometry": {"type": "Polygon", "coordinates": [[[37.5272888, 55.6028408], [37.52732360000001, 55.60280490000001], [37.5273037, 55.6027976], [37.5272672, 55.6028339], [37.5272888, 55.6028408]]]}}, {"type": "Feature", "properties": {"id": 1331, "object_type": "restriction", "restriction_type": "oks"}, "geometry": {"type": "Polygon", "coordinates": [[[37.52753, 55.603051099999995], [37.527457600000005, 55.602942399999996], [37.5270533, 55.6030294], [37.5271245, 55.603136899999996], [37.52753, 55.603051099999995]]]}}, {"type": "Feature", "properties": {"id": 1332, "object_type": "restriction", "restriction_type": "road"}, "geometry": {"type": "Polygon", "coordinates": [[[37.52225205905463, 55.60869402470212], [37.522230450022974, 55.608688360797274], [37.52222431993318, 55.60868511350799], [37.52222104734968, 55.60868110741988], [37.52222109764525, 55.60867139810221], [37.522229119785734, 55.60865498238618], [37.52224191039061, 55.608639545428055], [37.52220138259858, 55.60862878565772], [37.52219723528232, 55.608739060998325], [37.5222185922696, 55.60874465884026], [37.52222301831556, 55.608745669735264], [37.52222760090491, 55.60874642474562], [37.522232293998115, 55.60874691628605], [37.52226799402188, 55.60874961628801], [37.52227312843388, 55.608749845534504], [37.52227827655231, 55.60874975953927], [37.52228337814814, 55.60874935930842], [37.52228837353659, 55.60874864952436], [37.5223277735601, 55.60874174952001], [37.52229962645807, 55.608690250478375], [37.522270228463945, 55.6086953988593], [37.52225205905463, 55.60869402470212]]]}}, {"type": "Feature", "properties": {"id": 1333, "object_type": "restriction", "restriction_type": "kindergarten"}, "geometry": {"type": "Polygon", "coordinates": [[[37.5405083, 55.60640939999999], [37.5414994, 55.60621129999999], [37.54116870000001, 55.6056833], [37.540998, 55.605663799999995], [37.5402949, 55.60579880000002], [37.5393216, 55.6059857], [37.5396895, 55.606573], [37.5405083, 55.60640939999999]]]}}, {"type": "Feature", "properties": {"id": 1334, "object_type": "restriction", "restriction_type": "oks"}, "geometry": {"type": "Polygon", "coordinates": [[[37.5266785, 55.599931399999996], [37.5268159, 55.59989279999999], [37.5267029, 55.59976280000001], [37.5265641, 55.5998019], [37.5266785, 55.599931399999996]]]}}, {"type": "Feature", "properties": {"id": 1335, "object_type": "restriction", "restriction_type": "oks"}, "geometry": {"type": "Polygon", "coordinates": [[[37.5290588, 55.605886299999995], [37.5290325, 55.6058504], [37.528954, 55.60586920000001], [37.5289805, 55.6059048], [37.5290588, 55.605886299999995]]]}}, {"type": "Feature", "properties": {"id": 1336, "object_type": "restriction", "restriction_type": "school"}, "geometry": {"type": "Polygon", "coordinates": [[[37.5464607, 55.6131212], [37.5451961, 55.6125042], [37.5448502, 55.61233549999999], [37.5447965, 55.61232969999999], [37.5447303, 55.6123279], [37.5446642, 55.6123318], [37.5446161, 55.61233829999999], [37.5442394, 55.6125227], [37.543732, 55.6127711], [37.54435683264306, 55.61330067855998], [37.546048890826306, 55.61332075005361], [37.5464607, 55.6131212]]]}}, {"type": "Feature", "properties": {"id": 1337, "object_type": "restriction", "restriction_type": "school"}, "geometry": {"type": "Polygon", "coordinates": [[[37.5444579, 55.601897], [37.5440716, 55.60132060000001], [37.5430356, 55.6015444], [37.5434363, 55.60213650000001], [37.5437082, 55.60253809999998], [37.5437184, 55.602549499999995], [37.5437386, 55.60255799999999], [37.5437747, 55.602558900000005], [37.544637, 55.6023779], [37.5446632, 55.6023662], [37.5446856, 55.60235190000001], [37.54469840000001, 55.6023408], [37.5447071, 55.60233109999999], [37.5447171, 55.6023152], [37.5447234, 55.602292399999996], [37.5444579, 55.601897]]]}}, {"type": "Feature", "properties": {"id": 1338, "object_type": "restriction", "restriction_type": "kindergarten"}, "geometry": {"type": "Polygon", "coordinates": [[[37.540986, 55.60955549999999], [37.5410085, 55.609474899999995], [37.5406518, 55.6090033], [37.5396696, 55.6091956], [37.5388323, 55.6093627], [37.5392007, 55.60995779999999], [37.540756, 55.6096507], [37.5408901, 55.60962139999999], [37.540986, 55.60955549999999]]]}}, {"type": "Feature", "properties": {"id": 1339, "object_type": "restriction", "restriction_type": "road"}, "geometry": {"type": "Polygon", "coordinates": [[[37.54695265665443, 55.609818289815884], [37.54715435681398, 55.60986438986046], [37.54720784313447, 55.60978941013319], [37.547006143294006, 55.6097433101778], [37.54695265665443, 55.609818289815884]]]}}, {"type": "Feature", "properties": {"id": 1340, "object_type": "restriction", "restriction_type": "road"}, "geometry": {"type": "Polygon", "coordinates": [[[37.54729694639128, 55.609809710874], [37.54729687039789, 55.609809693531496], [37.54720777046849, 55.60978939355116], [37.547154429480074, 55.609864406442526], [37.54724349154987, 55.60988469780432], [37.54742325369938, 55.60992578915942], [37.547553538129876, 55.60995549243082], [37.547556733576045, 55.609869046965166], [37.547476716167736, 55.609850803958075], [37.54729694639128, 55.609809710874]]]}}, {"type": "Feature", "properties": {"id": 1341, "object_type": "restriction", "restriction_type": "road"}, "geometry": {"type": "Polygon", "coordinates": [[[37.54578667825769, 55.60956239621562], [37.54695357920034, 55.60981849646509], [37.547005220749575, 55.60974310352899], [37.54583832169223, 55.60948700377844], [37.54578667825769, 55.60956239621562]]]}}, {"type": "Feature", "properties": {"id": 1342, "object_type": "restriction", "restriction_type": "road"}, "geometry": {"type": "Polygon", "coordinates": [[[37.545200814633, 55.60930800249028], [37.54520183269655, 55.6093029122214], [37.545213632450505, 55.60920061221096], [37.54521364136464, 55.60920053405491], [37.54525674044514, 55.60881833401659], [37.54506665957275, 55.608811465909845], [37.54502356306036, 55.60919362679166], [37.54501235898358, 55.609290758418666], [37.54497015228773, 55.60938228482221], [37.545154447777236, 55.60940951510887], [37.54519894756752, 55.609313015074456], [37.545200814633, 55.60930800249028]]]}}, {"type": "Feature", "properties": {"id": 1343, "object_type": "restriction", "restriction_type": "road"}, "geometry": {"type": "Polygon", "coordinates": [[[37.544740475303605, 55.60737263447236], [37.54480127511684, 55.60746663451538], [37.54498012479981, 55.60742956541884], [37.544919324613026, 55.60733556546188], [37.544740475303605, 55.60737263447236]]]}}, {"type": "Feature", "properties": {"id": 1344, "object_type": "restriction", "restriction_type": "road"}, "geometry": {"type": "Polygon", "coordinates": [[[37.54508355601769, 55.607605373329314], [37.54498105565871, 55.60743107340235], [37.54480034426404, 55.607465126530556], [37.54490166806151, 55.607637427097366], [37.54494447133305, 55.607735081763195], [37.545129328607025, 55.60770911816675], [37.54508562838581, 55.60760941819828], [37.54508355601769, 55.607605373329314]]]}}, {"type": "Feature", "properties": {"id": 1345, "object_type": "restriction", "restriction_type": "road"}, "geometry": {"type": "Polygon", "coordinates": [[[37.545267668421985, 55.60871009421225], [37.54528656772353, 55.60842109419379], [37.54528658905928, 55.60841746440584], [37.54528288889218, 55.60834846440776], [37.545092511101174, 55.60835173551829], [37.54509611360702, 55.60841892042273], [37.54507736713342, 55.60870556222792], [37.54506662178433, 55.60881181924867], [37.54525677823187, 55.6088179806777], [37.545267577974585, 55.60871118066794], [37.545267668421985, 55.60871009421225]]]}}, {"type": "Feature", "properties": {"id": 1346, "object_type": "restriction", "restriction_type": "road"}, "geometry": {"type": "Polygon", "coordinates": [[[37.54484936636059, 55.60721608652657], [37.54478836616957, 55.607120486569805], [37.54460923374794, 55.60715711336427], [37.54466980473825, 55.60725204135654], [37.54473950729084, 55.607371063157714], [37.544920292632156, 55.60733713677516], [37.54485019238528, 55.60721743682515], [37.54484936636059, 55.60721608652657]]]}}, {"type": "Feature", "properties": {"id": 1347, "object_type": "restriction", "restriction_type": "road"}, "geometry": {"type": "Polygon", "coordinates": [[[37.54438898260214, 55.6068261009705], [37.54460968195106, 55.60715780112629], [37.54478791796373, 55.60711979880839], [37.54456721731265, 55.60678809896419], [37.54438898260214, 55.6068261009705]]]}}, {"type": "Feature", "properties": {"id": 1348, "object_type": "restriction", "restriction_type": "road"}, "geometry": {"type": "Polygon", "coordinates": [[[37.54434104990869, 55.606429879654605], [37.544340366749246, 55.606428824364464], [37.54427346655316, 55.606328724411675], [37.54409533336134, 55.606366875523086], [37.544161881870515, 55.60646644994058], [37.5443323494614, 55.606738520400384], [37.54433267435452, 55.60673903076822], [37.54438867418244, 55.606825630807855], [37.5445675257342, 55.606788569126415], [37.54451169027799, 55.60670222388707], [37.54434104990869, 55.606429879654605]]]}}, {"type": "Feature", "properties": {"id": 1349, "object_type": "restriction", "restriction_type": "road"}, "geometry": {"type": "Polygon", "coordinates": [[[37.54411225128784, 55.606092528807295], [37.543911450743394, 55.605807528948226], [37.543734549167645, 55.60584747098741], [37.54393515794925, 55.60613220050172], [37.54409557199751, 55.60636722883739], [37.54427322791562, 55.6063283710977], [37.54411262745911, 55.606093071210786], [37.54411225128784, 55.606092528807295]]]}}, {"type": "Feature", "properties": {"id": 1350, "object_type": "restriction", "restriction_type": "road"}, "geometry": {"type": "Polygon", "coordinates": [[[37.543857938882105, 55.6057276983377], [37.54376083861258, 55.60558769840595], [37.5435835612995, 55.60562710152942], [37.543680462449075, 55.60576681528139], [37.54373396949624, 55.60584662773906], [37.54391203041806, 55.60580837219577], [37.543858330261386, 55.60572827223365], [37.543857938882105, 55.6057276983377]]]}}, {"type": "Feature", "properties": {"id": 1351, "object_type": "restriction", "restriction_type": "road"}, "geometry": {"type": "Polygon", "coordinates": [[[37.54265196405781, 55.60426730106926], [37.54298236314069, 55.60474370130151], [37.543159636771385, 55.60470429863385], [37.54282923585427, 55.60422789886612], [37.54265196405781, 55.60426730106926]]]}}, {"type": "Feature", "properties": {"id": 1352, "object_type": "restriction", "restriction_type": "road"}, "geometry": {"type": "Polygon", "coordinates": [[[37.54298220906113, 55.60474347767585], [37.54302190894877, 55.60480147770379], [37.54319949096417, 55.604762522231354], [37.54315979085181, 55.604704522259304], [37.54298220906113, 55.60474347767585]]]}}, {"type": "Feature", "properties": {"id": 1353, "object_type": "restriction", "restriction_type": "road"}, "geometry": {"type": "Polygon", "coordinates": [[[37.54280780775709, 55.604194096743356], [37.54270240743804, 55.60403279681788], [37.54252379247793, 55.60407020311654], [37.54262904040057, 55.60423127094632], [37.54265099234789, 55.604265837937874], [37.54283020756994, 55.604229361996126], [37.54280810750029, 55.60419456201178], [37.54280780775709, 55.604194096743356]]]}}, {"type": "Feature", "properties": {"id": 1354, "object_type": "restriction", "restriction_type": "road"}, "geometry": {"type": "Polygon", "coordinates": [[[37.54288744969256, 55.603947632873364], [37.542587186160205, 55.60401382482679], [37.542639013888945, 55.604089175167786], [37.542939314135374, 55.604022975106076], [37.542939386565344, 55.60402295911334], [37.543389284258154, 55.603923459612425], [37.54412238235882, 55.603761360014175], [37.54407041769045, 55.60368603998037], [37.543337318291165, 55.60384813982932], [37.54288744969256, 55.603947632873364]]]}}, {"type": "Feature", "properties": {"id": 1355, "object_type": "restriction", "restriction_type": "road"}, "geometry": {"type": "Polygon", "coordinates": [[[37.541794860227256, 55.60417425450252], [37.54179447853055, 55.60417433774614], [37.54018338029707, 55.604527937306514], [37.54025221979002, 55.60462846268391], [37.541863130866524, 55.60427490409807], [37.54237564042451, 55.60416384534981], [37.542377221515835, 55.60416349354331], [37.542648721807744, 55.60410149346654], [37.54257747828195, 55.60400150652321], [37.54230676634636, 55.60406332655114], [37.541794860227256, 55.60417425450252]]]}}, {"type": "Feature", "properties": {"id": 1356, "object_type": "restriction", "restriction_type": "road"}, "geometry": {"type": "Polygon", "coordinates": [[[37.53987092346526, 55.60470965647532], [37.54025132388817, 55.604628656374324], [37.54018427619694, 55.60452774361658], [37.53980387661986, 55.604608743515584], [37.53987092346526, 55.60470965647532]]]}}, {"type": "Feature", "properties": {"id": 1357, "object_type": "restriction", "restriction_type": "road"}, "geometry": {"type": "Polygon", "coordinates": [[[37.53957233193027, 55.60477325468119], [37.539870932262204, 55.6047096546019], [37.539803867822926, 55.604608745389015], [37.53950526815485, 55.60467234530971], [37.53957233193027, 55.60477325468119]]]}}, {"type": "Feature", "properties": {"id": 1358, "object_type": "restriction", "restriction_type": "road"}, "geometry": {"type": "Polygon", "coordinates": [[[37.53905773015226, 55.604882855074734], [37.53957233072432, 55.60477325493805], [37.53950526936081, 55.604672345052855], [37.53899066993287, 55.604781944916205], [37.53905773015226, 55.604882855074734]]]}}, {"type": "Feature", "properties": {"id": 1359, "object_type": "restriction", "restriction_type": "road"}, "geometry": {"type": "Polygon", "coordinates": [[[37.538634947208024, 55.60497295145334], [37.53905774767792, 55.60488285134101], [37.53899065240725, 55.604781948649894], [37.53856785287714, 55.60487204853755], [37.538634947208024, 55.60497295145334]]]}}, {"type": "Feature", "properties": {"id": 1360, "object_type": "restriction", "restriction_type": "road"}, "geometry": {"type": "Polygon", "coordinates": [[[37.536621050129376, 55.605274886604796], [37.53719114029813, 55.60515218870363], [37.5373615939077, 55.6051154986841], [37.53744824466648, 55.60509690924538], [37.537380755419115, 55.60499609074544], [37.53729405551519, 55.60501469072224], [37.537293956857205, 55.60501471192297], [37.53712345856902, 55.60505141154939], [37.536553360418495, 55.60517411113427], [37.536060251334256, 55.60528031307446], [37.53538926341726, 55.60542471045406], [37.535456936668545, 55.605525489536696], [37.536127937411045, 55.60538108935682], [37.536621050129376, 55.605274886604796]]]}}, {"type": "Feature", "properties": {"id": 1361, "object_type": "restriction", "restriction_type": "road"}, "geometry": {"type": "Polygon", "coordinates": [[[37.53891795666516, 55.60466521201296], [37.53738065836605, 55.604996111600805], [37.53744834171976, 55.60509688838996], [37.53898564342066, 55.60476598797777], [37.53891795666516, 55.60466521201296]]]}}, {"type": "Feature", "properties": {"id": 1362, "object_type": "restriction", "restriction_type": "road"}, "geometry": {"type": "Polygon", "coordinates": [[[37.542561377145816, 55.60381839963498], [37.54225947627053, 55.603369999847835], [37.54208152364349, 55.60340840008707], [37.54238318706389, 55.60385645022077], [37.54244845977529, 55.60395759836708], [37.5426273401415, 55.60392060156715], [37.54256183993968, 55.60381910161351], [37.542561377145816, 55.60381839963498]]]}}, {"type": "Feature", "properties": {"id": 1363, "object_type": "restriction", "restriction_type": "road"}, "geometry": {"type": "Polygon", "coordinates": [[[37.54193817276335, 55.60288904542227], [37.54176002715125, 55.6029271545125], [37.541818226980375, 55.603014354553565], [37.542081438719265, 55.603408273472866], [37.54225956119525, 55.60337012646191], [37.54199636668215, 55.60297623601386], [37.54193817276335, 55.60288904542227]]]}}, {"type": "Feature", "properties": {"id": 1364, "object_type": "restriction", "restriction_type": "road"}, "geometry": {"type": "Polygon", "coordinates": [[[37.53785831998827, 55.60502309185437], [37.5379248800963, 55.605124108136664], [37.53843348066382, 55.605016708002644], [37.53843430987527, 55.60501653040389], [37.53863551009697, 55.6049728303495], [37.53856728998944, 55.60487216964109], [37.53836650408524, 55.604915779695006], [37.53785831998827, 55.60502309185437]]]}}, {"type": "Feature", "properties": {"id": 1365, "object_type": "restriction", "restriction_type": "road"}, "geometry": {"type": "Polygon", "coordinates": [[[37.53719948229927, 55.60516344223145], [37.536685178838304, 55.6052729429535], [37.53675222124681, 55.60537385703743], [37.5372665198371, 55.605264357322774], [37.5374450179843, 55.60522635771208], [37.537925144996976, 55.60512405194496], [37.53785805508818, 55.605023148045944], [37.53737796885279, 55.605125445099155], [37.53719948229927, 55.60516344223145]]]}}, {"type": "Feature", "properties": {"id": 1366, "object_type": "restriction", "restriction_type": "road"}, "geometry": {"type": "Polygon", "coordinates": [[[37.534584762735605, 55.60559791057664], [37.5338398635599, 55.60575821037698], [37.53390753652591, 55.605858989613765], [37.5346524373502, 55.60569868941408], [37.534584762735605, 55.60559791057664]]]}}, {"type": "Feature", "properties": {"id": 1367, "object_type": "restriction", "restriction_type": "road"}, "geometry": {"type": "Polygon", "coordinates": [[[37.5323998842975, 55.606185441668174], [37.532466915787595, 55.60628635832274], [37.5327624161162, 55.606223458244294], [37.53332763851814, 55.606103053457716], [37.533260561567005, 55.606002146533186], [37.53269537310735, 55.606122544058586], [37.5323998842975, 55.606185441668174]]]}}, {"type": "Feature", "properties": {"id": 1368, "object_type": "restriction", "restriction_type": "road"}, "geometry": {"type": "Polygon", "coordinates": [[[37.53166265873283, 55.605231558002025], [37.53187095813187, 55.6055398581488], [37.53204884178192, 55.60550134178611], [37.53184054118097, 55.60519304193292], [37.53166265873283, 55.605231558002025]]]}}, {"type": "Feature", "properties": {"id": 1369, "object_type": "restriction", "restriction_type": "road"}, "geometry": {"type": "Polygon", "coordinates": [[[37.531565101418764, 55.605085123029895], [37.531662501131976, 55.60523132309863], [37.53184069878274, 55.60519327683609], [37.53174329849595, 55.605047076904825], [37.531565101418764, 55.605085123029895]]]}}, {"type": "Feature", "properties": {"id": 1370, "object_type": "restriction", "restriction_type": "road"}, "geometry": {"type": "Polygon", "coordinates": [[[37.53167655640789, 55.60498623198118], [37.53154304354384, 55.60501496798217], [37.531561243504115, 55.60504206799181], [37.53156137853292, 55.60504226746357], [37.53158757847704, 55.605080667477395], [37.53172082147411, 55.60505153248611], [37.531694689398265, 55.60501323213467], [37.53167655640789, 55.60498623198118]]]}}, {"type": "Feature", "properties": {"id": 1371, "object_type": "restriction", "restriction_type": "road"}, "geometry": {"type": "Polygon", "coordinates": [[[37.5313859984939, 55.60481916721086], [37.531520798101916, 55.60501976730591], [37.531698801812226, 55.604981432628946], [37.53156400142025, 55.60478083272398], [37.5313859984939, 55.60481916721086]]]}}, {"type": "Feature", "properties": {"id": 1372, "object_type": "restriction", "restriction_type": "road"}, "geometry": {"type": "Polygon", "coordinates": [[[37.5310725863496, 55.6043523475481], [37.531235885873954, 55.60459564766326], [37.531413914040286, 55.60455735227159], [37.53125061356462, 55.604314052386734], [37.5310725863496, 55.6043523475481]]]}}, {"type": "Feature", "properties": {"id": 1373, "object_type": "restriction", "restriction_type": "road"}, "geometry": {"type": "Polygon", "coordinates": [[[37.53084020593627, 55.60399596961826], [37.53101870538962, 55.604271369744524], [37.531197494526886, 55.60423423018977], [37.53101899398024, 55.603958830316024], [37.53084020593627, 55.60399596961826]]]}}, {"type": "Feature", "properties": {"id": 1374, "object_type": "restriction", "restriction_type": "road"}, "geometry": {"type": "Polygon", "coordinates": [[[37.5308201099962, 55.60396497577193], [37.530840209934674, 55.60399597578613], [37.531018989981824, 55.60395882414816], [37.5309988899203, 55.603927824162376], [37.5308201099962, 55.60396497577193]]]}}, {"type": "Feature", "properties": {"id": 1375, "object_type": "restriction", "restriction_type": "road"}, "geometry": {"type": "Polygon", "coordinates": [[[37.530670516345886, 55.60373438475102], [37.53082011588835, 55.60396498485685], [37.5309988840281, 55.603927815077476], [37.53084928357056, 55.603697215183296], [37.530670516345886, 55.60373438475102]]]}}, {"type": "Feature", "properties": {"id": 1376, "object_type": "restriction", "restriction_type": "road"}, "geometry": {"type": "Polygon", "coordinates": [[[37.53063180960064, 55.60337895431936], [37.53045400192889, 55.603118843956075], [37.530347701191985, 55.60296334339386], [37.53017009872106, 55.60300225654129], [37.53027639814638, 55.60315775621636], [37.53045419389081, 55.60341785085372], [37.53059908990117, 55.60362994571775], [37.53067109962053, 55.6037352602878], [37.53084870029249, 55.603696339647335], [37.53077670505464, 55.60359104696116], [37.53063180960064, 55.60337895431936]]]}}, {"type": "Feature", "properties": {"id": 1377, "object_type": "restriction", "restriction_type": "road"}, "geometry": {"type": "Polygon", "coordinates": [[[37.5300177969517, 55.60248093879149], [37.52984020296134, 55.60251986114364], [37.53001600246305, 55.60277696126738], [37.53017010519784, 55.60300226601319], [37.530347694715175, 55.60296333392195], [37.53019359586461, 55.60273803634925], [37.5300177969517, 55.60248093879149]]]}}, {"type": "Feature", "properties": {"id": 1378, "object_type": "restriction", "restriction_type": "road"}, "geometry": {"type": "Polygon", "coordinates": [[[37.529936724132625, 55.60236408829327], [37.529882111437644, 55.60228547026465], [37.529704888474335, 55.60232492967077], [37.529759482046806, 55.602403520673924], [37.529818872383196, 55.602489107027], [37.52984036908357, 55.602520102370526], [37.53001763082853, 55.60248069756485], [37.52999613076886, 55.60244969757995], [37.529936724132625, 55.60236408829327]]]}}, {"type": "Feature", "properties": {"id": 1379, "object_type": "restriction", "restriction_type": "road"}, "geometry": {"type": "Polygon", "coordinates": [[[37.52953542119561, 55.60176362225428], [37.52935717871931, 55.6018015776804], [37.52956697809918, 55.60211737782847], [37.52970437862722, 55.602324179331454], [37.529882621287676, 55.60228622060324], [37.52974522134015, 55.60207942139038], [37.52953542119561, 55.60176362225428]]]}}, {"type": "Feature", "properties": {"id": 1380, "object_type": "restriction", "restriction_type": "road"}, "geometry": {"type": "Polygon", "coordinates": [[[37.52782971056159, 55.59951486097332], [37.52785821047426, 55.599558860993476], [37.52803698944232, 55.59952173894081], [37.52800848935498, 55.599477738960964], [37.52782971056159, 55.59951486097332]]]}}, {"type": "Feature", "properties": {"id": 1381, "object_type": "restriction", "restriction_type": "road"}, "geometry": {"type": "Polygon", "coordinates": [[[37.528036975945014, 55.599521718116215], [37.52785822397148, 55.59955888181808], [37.52807192331782, 55.59988838196924], [37.52807248844101, 55.59988923115877], [37.528195888090366, 55.60007003124561], [37.52837351182279, 55.6000311686895], [37.52825040034766, 55.59985079202413], [37.528036975945014, 55.599521718116215]]]}}, {"type": "Feature", "properties": {"id": 1382, "object_type": "restriction", "restriction_type": "road"}, "geometry": {"type": "Polygon", "coordinates": [[[37.52853392055398, 55.6002703765106], [37.52837371287424, 55.60003146586427], [37.52819568704007, 55.60006973407056], [37.52835588296461, 55.60030862880255], [37.52855457878046, 55.60060512356435], [37.528693092864124, 55.60081154526562], [37.52887110705015, 55.600773254669235], [37.52873261389164, 55.60056686556373], [37.52853392055398, 55.6002703765106]]]}}, {"type": "Feature", "properties": {"id": 1383, "object_type": "restriction", "restriction_type": "road"}, "geometry": {"type": "Polygon", "coordinates": [[[37.52780003187747, 55.5994719386572], [37.52783043179263, 55.59951593867855], [37.52800776811973, 55.599476661256745], [37.52797736803488, 55.59943266127813], [37.52780003187747, 55.5994719386572]]]}}, {"type": "Feature", "properties": {"id": 1384, "object_type": "restriction", "restriction_type": "road"}, "geometry": {"type": "Polygon", "coordinates": [[[37.52749305604875, 55.59872080647352], [37.52729162477833, 55.598718387312616], [37.52734427682625, 55.59881092937932], [37.527346215401835, 55.59881401263496], [37.52743451515486, 55.59894201269704], [37.527611884757604, 55.59890278723826], [37.52752463649401, 55.59877631225947], [37.52749305604875, 55.59872080647352]]]}}, {"type": "Feature", "properties": {"id": 1385, "object_type": "restriction", "restriction_type": "road"}, "geometry": {"type": "Polygon", "coordinates": [[[37.53254429160271, 55.60265790004773], [37.53285509279233, 55.603125003432886], [37.53294789429746, 55.603264406172116], [37.53335418921191, 55.603875100616314], [37.5336123883632, 55.60426320066776], [37.53385318883907, 55.60462510262047], [37.5341508881008, 55.605072503040724], [37.53432911181399, 55.605034496893985], [37.53403141093591, 55.60458709710407], [37.533790610986024, 55.60422519841681], [37.533532410789896, 55.60383709944915], [37.53312610913261, 55.60322639904639], [37.53303330447736, 55.60308699252653], [37.532722507269334, 55.60261989831948], [37.532535707761035, 55.60233910001878], [37.53248800701928, 55.60226739914901], [37.53230979289553, 55.60230540078572], [37.532357492466, 55.6023771003852], [37.53254429160271, 55.60265790004773]]]}}, {"type": "Feature", "properties": {"id": 1386, "object_type": "restriction", "restriction_type": "road"}, "geometry": {"type": "Polygon", "coordinates": [[[37.53248846931732, 55.602268109115315], [37.532323968801265, 55.60200990923183], [37.53214483111637, 55.602046490702214], [37.532309330600306, 55.602304690818755], [37.53248846931732, 55.602268109115315]]]}}, {"type": "Feature", "properties": {"id": 1387, "object_type": "restriction", "restriction_type": "road"}, "geometry": {"type": "Polygon", "coordinates": [[[37.53205277073671, 55.60190651475966], [37.532145167265746, 55.602047009968445], [37.53232363264983, 55.60200938996607], [37.532231232372716, 55.60186889003135], [37.53202553264624, 55.601556291526364], [37.53197723976244, 55.60148280261011], [37.53179876015319, 55.60152039732443], [37.53184706000817, 55.60159389735853], [37.53205277073671, 55.60190651475966]]]}}, {"type": "Feature", "properties": {"id": 1388, "object_type": "restriction", "restriction_type": "road"}, "geometry": {"type": "Polygon", "coordinates": [[[37.53197727263028, 55.601482852702254], [37.53181427213877, 55.60123405281744], [37.53163572777706, 55.60127154711702], [37.531798727285555, 55.60152034723223], [37.53197727263028, 55.601482852702254]]]}}, {"type": "Feature", "properties": {"id": 1389, "object_type": "restriction", "restriction_type": "road"}, "geometry": {"type": "Polygon", "coordinates": [[[37.53157964775532, 55.60118617728716], [37.531635756969116, 55.60127159161555], [37.53181424294654, 55.60123400831894], [37.53175814747064, 55.601148615502055], [37.5317348520903, 55.6011131226638], [37.53160134622347, 55.60090981443278], [37.53142285369222, 55.60094738550174], [37.53155635055651, 55.601150681431854], [37.53157964775532, 55.60118617728716]]]}}, {"type": "Feature", "properties": {"id": 1390, "object_type": "restriction", "restriction_type": "road"}, "geometry": {"type": "Polygon", "coordinates": [[[37.53160116716751, 55.60090954397789], [37.5314877668346, 55.600739644057875], [37.531309633080014, 55.60077775587687], [37.53142303274711, 55.60094765595688], [37.53160116716751, 55.60090954397789]]]}}, {"type": "Feature", "properties": {"id": 1391, "object_type": "restriction", "restriction_type": "road"}, "geometry": {"type": "Polygon", "coordinates": [[[37.53030494876514, 55.599282917367475], [37.530351247500846, 55.59935041574723], [37.530528752411975, 55.599311384187956], [37.53048245228139, 55.59924388422054], [37.530221752325396, 55.59886388553938], [37.53014546671749, 55.5987526306606], [37.52993950835159, 55.598750161584384], [37.530044244509, 55.59890290990621], [37.53030494876514, 55.599282917367475]]]}}, {"type": "Feature", "properties": {"id": 1392, "object_type": "restriction", "restriction_type": "road"}, "geometry": {"type": "Polygon", "coordinates": [[[37.53071620555088, 55.599595857150625], [37.53052920499169, 55.59931205728269], [37.53035079492377, 55.59934974265186], [37.530537794364584, 55.599633542783934], [37.53071620555088, 55.599595857150625]]]}}, {"type": "Feature", "properties": {"id": 1393, "object_type": "restriction", "restriction_type": "road"}, "geometry": {"type": "Polygon", "coordinates": [[[37.531413928740456, 55.60455737418745], [37.53123587117387, 55.60459562574738], [37.53128487103086, 55.60466872578192], [37.5313860023415, 55.60481917293567], [37.531563997572626, 55.60478082699918], [37.531462913101855, 55.60463045060945], [37.531413928740456, 55.60455737418745]]]}}, {"type": "Feature", "properties": {"id": 1394, "object_type": "restriction", "restriction_type": "road"}, "geometry": {"type": "Polygon", "coordinates": [[[37.53119745353286, 55.60423416706431], [37.531018746383396, 55.604271432870036], [37.53103364633802, 55.60429433288058], [37.53103398850276, 55.60429485056114], [37.53107258839035, 55.604352350588364], [37.53125061152386, 55.604314049346485], [37.53121218483901, 55.60425680771737], [37.53119745353286, 55.60423416706431]]]}}, {"type": "Feature", "properties": {"id": 1395, "object_type": "restriction", "restriction_type": "oks"}, "geometry": {"type": "Polygon", "coordinates": [[[37.5354716, 55.601564999999994], [37.5353101, 55.6013296], [37.5351998, 55.60135379999999], [37.5353612, 55.60158909999999], [37.5354716, 55.601564999999994]]]}}, {"type": "Feature", "properties": {"id": 1396, "object_type": "restriction", "restriction_type": "oks"}, "geometry": {"type": "Polygon", "coordinates": [[[37.535214, 55.6012634], [37.5350377, 55.6010019], [37.5349551, 55.60101960000001], [37.5351314, 55.60128120000001], [37.535214, 55.6012634]]]}}, {"type": "Feature", "properties": {"id": 1397, "object_type": "restriction", "restriction_type": "oks"}, "geometry": {"type": "Polygon", "coordinates": [[[37.5349866, 55.600915199999996], [37.5348775, 55.60075170000001], [37.5348044, 55.600767299999994], [37.5349135, 55.6009308], [37.5349866, 55.600915199999996]]]}}, {"type": "Feature", "properties": {"id": 1398, "object_type": "restriction", "restriction_type": "oks"}, "geometry": {"type": "Polygon", "coordinates": [[[37.5345928, 55.60090850000001], [37.534693600000004, 55.6008862], [37.5346362, 55.60080399999999], [37.5345392, 55.600824900000006], [37.5345928, 55.60090850000001]]]}}, {"type": "Feature", "properties": {"id": 1399, "object_type": "restriction", "restriction_type": "oks"}, "geometry": {"type": "Polygon", "coordinates": [[[37.5349551, 55.60101960000001], [37.534669, 55.60108119999999], [37.5348453, 55.6013427], [37.5351314, 55.60128120000001], [37.5349551, 55.60101960000001]]]}}, {"type": "Feature", "properties": {"id": 1400, "object_type": "restriction", "restriction_type": "road"}, "geometry": {"type": "Polygon", "coordinates": [[[37.53465512522392, 55.60570356528482], [37.534720474859284, 55.60580483470655], [37.53489987506126, 55.605767734660155], [37.53490069648391, 55.60576756236044], [37.53581829750455, 55.60557236211702], [37.535751302580515, 55.605471437873895], [37.53483411361194, 55.60566655041135], [37.53465512522392, 55.60570356528482]]]}}, {"type": "Feature", "properties": {"id": 1401, "object_type": "restriction", "restriction_type": "road"}, "geometry": {"type": "Polygon", "coordinates": [[[37.532722480071044, 55.6065102951486], [37.532544519842965, 55.606548704786285], [37.53276711744021, 55.606879202333765], [37.532881715368624, 55.60704939983145], [37.533059684545385, 55.60701100010342], [37.53294508421306, 55.60684080018421], [37.532722480071044, 55.6065102951486]]]}}, {"type": "Feature", "properties": {"id": 1402, "object_type": "restriction", "restriction_type": "road"}, "geometry": {"type": "Polygon", "coordinates": [[[37.52998227709783, 55.6067089504901], [37.53005032298839, 55.60680964950055], [37.53091342229285, 55.606622749624755], [37.53246742293674, 55.606286249437744], [37.532399377149474, 55.60618555055289], [37.53084537886431, 55.60652205013401], [37.52998227709783, 55.6067089504901]]]}}, {"type": "Feature", "properties": {"id": 1403, "object_type": "restriction", "restriction_type": "road"}, "geometry": {"type": "Polygon", "coordinates": [[[37.53101020312873, 55.60648111834092], [37.53239799492, 55.60618392005802], [37.53233060516549, 55.606083079932795], [37.53094280670462, 55.60638027956244], [37.530776193685455, 55.60641598234599], [37.53010950075127, 55.60655878081297], [37.53017689933423, 55.60665961917786], [37.53084360007358, 55.60651681899991], [37.53101020312873, 55.60648111834092]]]}}, {"type": "Feature", "properties": {"id": 1404, "object_type": "restriction", "restriction_type": "road"}, "geometry": {"type": "Polygon", "coordinates": [[[37.53482544851897, 55.60566282209245], [37.53545724921475, 55.60552542192148], [37.53538895087175, 55.60542477806911], [37.5347578517865, 55.60556202562114], [37.5345858563508, 55.60559767956277], [37.53465134373258, 55.60569892042854], [37.53482404392681, 55.605663120383795], [37.53482544851897, 55.60566282209245]]]}}, {"type": "Feature", "properties": {"id": 1405, "object_type": "restriction", "restriction_type": "road"}, "geometry": {"type": "MultiPolygon", "coordinates": [[[[37.535803039396605, 55.61316415937694], [37.536504430910185, 55.61300556127068], [37.53666102638007, 55.61297016228913], [37.536942153364166, 55.61290655617643], [37.53687144672499, 55.6128064438135], [37.536590360369345, 55.612870040716295], [37.53643377387832, 55.6129054376569], [37.535732365177935, 55.61306403959875], [37.53538196539176, 55.61314329314852], [37.535116515823255, 55.613190656165514], [37.53565733604245, 55.61319711478573], [37.535803039396605, 55.61316415937694]]], [[[37.530406388260275, 55.61306178692446], [37.53016706350593, 55.61299802595008], [37.53008593639254, 55.61309557403558], [37.530223068098174, 55.61313210881071], [37.530790607781206, 55.61313890912059], [37.530406388260275, 55.61306178692446]]]]}}, {"type": "Feature", "properties": {"id": 1406, "object_type": "restriction", "restriction_type": "road"}, "geometry": {"type": "Polygon", "coordinates": [[[37.54556716790002, 55.60336488590889], [37.545553929481756, 55.603359627444604], [37.545545292157364, 55.60335190899161], [37.54554254437772, 55.60334293294651], [37.545546130962286, 55.603334058422874], [37.545555459777155, 55.60332653070993], [37.545577129121014, 55.603318822819574], [37.54552647090826, 55.60327317717527], [37.54549667091894, 55.60328377716922], [37.54549279131899, 55.603285314630625], [37.5454892007008, 55.603287062683194], [37.54548593458886, 55.603289004032256], [37.545483025297145, 55.60329111947069], [37.545462825289164, 55.60330741946425], [37.54546036692424, 55.60330962251323], [37.54545829582058, 55.60331194966263], [37.54545663133621, 55.603314379161375], [37.54545538902856, 55.603316888301705], [37.54544758900707, 55.60333618829867], [37.54544676591286, 55.6033388182429], [37.54544640662086, 55.603341481393464], [37.54544651465913, 55.60334415160028], [37.545447088966924, 55.60334680264397], [37.54545308894415, 55.603366402646124], [37.545454113005725, 55.60336898627108], [37.54545557990454, 55.60337150054429], [37.545457475484206, 55.60337392120147], [37.545459781451314, 55.60337622488184], [37.54547858144081, 55.60339302488791], [37.545481284065666, 55.60339519553554], [37.54548435088606, 55.60339720507794], [37.5454877521301, 55.603399034007005], [37.54549145477938, 55.60340066456787], [37.54552015478733, 55.60341206457427], [37.54552406813422, 55.60341346343492], [37.54552820290103, 55.60341464057762], [37.54553252001621, 55.60341558487895], [37.5455369786851, 55.6034162874157], [37.54557127870676, 55.603420687418726], [37.545575904119865, 55.603421146334966], [37.54558058688977, 55.603421345055594], [37.54558528146116, 55.60342128164744], [37.54558994216392, 55.603420956727305], [37.54562454218667, 55.603417556725155], [37.545608257824036, 55.60336444327425], [37.545583037119734, 55.60336692161044], [37.54556716790002, 55.60336488590889]]]}}, {"type": "Feature", "properties": {"id": 1407, "object_type": "restriction", "restriction_type": "oks"}, "geometry": {"type": "Polygon", "coordinates": [[[37.535473, 55.6098668], [37.5354123, 55.6097772], [37.5352484, 55.60981259999999], [37.535309, 55.6099022], [37.535473, 55.6098668]]]}}, {"type": "Feature", "properties": {"id": 1408, "object_type": "restriction", "restriction_type": "oks"}, "geometry": {"type": "Polygon", "coordinates": [[[37.5409579, 55.6027053], [37.5409216, 55.60265089999999], [37.5408249, 55.60267149999999], [37.5408612, 55.60272590000001], [37.5409579, 55.6027053]]]}}, {"type": "Feature", "properties": {"id": 1409, "object_type": "restriction", "restriction_type": "oks"}, "geometry": {"type": "Polygon", "coordinates": [[[37.5313587, 55.604059], [37.532093200000006, 55.6051352], [37.5336034, 55.60480629999999], [37.5328689, 55.6037301], [37.5313587, 55.604059]]]}}, {"type": "Feature", "properties": {"id": 1410, "object_type": "restriction", "restriction_type": "oks"}, "geometry": {"type": "Polygon", "coordinates": [[[37.5313675, 55.6024322], [37.5313346, 55.6024122], [37.5313003, 55.6024002], [37.5312601, 55.602394800000006], [37.5312211, 55.60239429999999], [37.5311723, 55.60239820000001], [37.5311209, 55.6024123], [37.5310856, 55.6024301], [37.5310634, 55.60245129999999], [37.5310545, 55.6024697], [37.531052, 55.60249269999999], [37.5310627, 55.60252139999999], [37.5313886, 55.602452299999996], [37.5313675, 55.6024322]]]}}, {"type": "Feature", "properties": {"id": 1411, "object_type": "restriction", "restriction_type": "oks"}, "geometry": {"type": "Polygon", "coordinates": [[[37.5304448, 55.6019457], [37.5305156, 55.60189649999999], [37.5306081, 55.6018525], [37.5306913, 55.601823799999984], [37.5307929, 55.6018012], [37.5309154, 55.601787699999996], [37.5310294, 55.60178810000001], [37.5311372, 55.60179949999999], [37.5311496, 55.6017681], [37.531054000000005, 55.601759], [37.5309591, 55.601758], [37.5308615, 55.6017633], [37.5307752, 55.6017751], [37.5306674, 55.601798599999995], [37.5305703, 55.6018317], [37.5304686, 55.601883], [37.5304039, 55.60192829999999], [37.5304448, 55.6019457]]]}}, {"type": "Feature", "properties": {"id": 1412, "object_type": "restriction", "restriction_type": "oks"}, "geometry": {"type": "Polygon", "coordinates": [[[37.5316834, 55.6018518], [37.5317088, 55.601892600000006], [37.5317488, 55.60188469999999], [37.5317234, 55.6018438], [37.5316834, 55.6018518]]]}}, {"type": "Feature", "properties": {"id": 1413, "object_type": "restriction", "restriction_type": "oks"}, "geometry": {"type": "Polygon", "coordinates": [[[37.5427168, 55.606155999999984], [37.5426578, 55.6060651], [37.5425577, 55.6060858], [37.5426167, 55.6061767], [37.5427168, 55.606155999999984]]]}}, {"type": "Feature", "properties": {"id": 1414, "object_type": "restriction", "restriction_type": "oks"}, "geometry": {"type": "Polygon", "coordinates": [[[37.5369023, 55.6014871], [37.5368645, 55.60142890000001], [37.5367492, 55.6014528], [37.5367869, 55.601510999999995], [37.5369023, 55.6014871]]]}}, {"type": "Feature", "properties": {"id": 1415, "object_type": "restriction", "restriction_type": "oks"}, "geometry": {"type": "Polygon", "coordinates": [[[37.5369476, 55.601236400000005], [37.5370694, 55.6012089], [37.5370455, 55.60117520000001], [37.5371263, 55.60115689999999], [37.5370934, 55.6011106], [37.5368909, 55.6011564], [37.5369476, 55.601236400000005]]]}}, {"type": "Feature", "properties": {"id": 1416, "object_type": "restriction", "restriction_type": "road"}, "geometry": {"type": "Polygon", "coordinates": [[[37.52510053489365, 55.60776583783856], [37.52510029572101, 55.60776588973406], [37.52479779605392, 55.607831789652074], [37.52486620403271, 55.60793241033846], [37.525168584836564, 55.60786653629623], [37.52575196583695, 55.60774046199511], [37.52683053265733, 55.60750684750508], [37.52676246742892, 55.60740615248555], [37.525684001428836, 55.60763974508843], [37.52510053489365, 55.60776583783856]]]}}, {"type": "Feature", "properties": {"id": 1417, "object_type": "restriction", "restriction_type": "road"}, "geometry": {"type": "Polygon", "coordinates": [[[37.52375187331657, 55.60811415215409], [37.52417364432678, 55.60798834509221], [37.5244838848873, 55.607900289002835], [37.524791521197386, 55.60781287866767], [37.52470607890659, 55.60771652131766], [37.524398497187185, 55.60780391609988], [37.52408741550601, 55.60789221087653], [37.5240857049327, 55.607892708687494], [37.5236606053108, 55.60801950853666], [37.523655729340206, 55.60802106831801], [37.523041229806644, 55.60823136807525], [37.52303944685695, 55.608231993525166], [37.52290814694961, 55.60827919347136], [37.52301025316809, 55.60837020650771], [37.52314066786918, 55.608323324737334], [37.52375187331657, 55.60811415215409]]]}}, {"type": "Feature", "properties": {"id": 1418, "object_type": "restriction", "restriction_type": "road"}, "geometry": {"type": "Polygon", "coordinates": [[[37.522253169906705, 55.6086723585111], [37.52261071651738, 55.60853144007979], [37.52261156171277, 55.60853110309337], [37.523014461940804, 55.60836860291421], [37.52290393818227, 55.608280797061276], [37.52250145939203, 55.608443127090766], [37.52220395518643, 55.60856038127775], [37.52219894109475, 55.60869370427856], [37.522253169906705, 55.6086723585111]]]}}, {"type": "Feature", "properties": {"id": 1419, "object_type": "restriction", "restriction_type": "road"}, "geometry": {"type": "Polygon", "coordinates": [[[37.524682028899704, 55.607779053042684], [37.52481557105206, 55.60775034692064], [37.52465987071157, 55.607518247002986], [37.52447116441347, 55.60723713833184], [37.52433763553828, 55.6072658616315], [37.524526332182965, 55.60754695734712], [37.524682028899704, 55.607779053042684]]]}}, {"type": "Feature", "properties": {"id": 1420, "object_type": "restriction", "restriction_type": "oks"}, "geometry": {"type": "Polygon", "coordinates": [[[37.5321911, 55.6052563], [37.5321108, 55.6051451], [37.5320029, 55.6051699], [37.5320832, 55.60528119999999], [37.5321911, 55.6052563]]]}}, {"type": "Feature", "properties": {"id": 1421, "object_type": "restriction", "restriction_type": "oks"}, "geometry": {"type": "MultiPolygon", "coordinates": [[[[37.5420526, 55.612559600000004], [37.542102, 55.612572099999994], [37.5420927, 55.612583699999995], [37.5421512, 55.61259849999999], [37.5422097, 55.61261330000001], [37.5422187, 55.6126019], [37.5422615, 55.61261269999999], [37.5422766, 55.61259369999999], [37.542433, 55.612633299999985], [37.5424177, 55.61265259999999], [37.5424715, 55.612666199999985], [37.5424621, 55.6126781], [37.5425176, 55.6126921], [37.542573, 55.61270609999999], [37.5425823, 55.61269439999999], [37.5426296, 55.61270639999999], [37.5426454, 55.612686499999995], [37.5427404, 55.6127105], [37.5428159, 55.612615199999986], [37.5420868, 55.6124309], [37.5420102, 55.6125275], [37.5420668, 55.61254180000001], [37.5420526, 55.612559600000004]]], [[[37.5404971, 55.6128482], [37.5405577, 55.6128348], [37.5405684, 55.61285109999999], [37.5406209, 55.61283999999999], [37.5406301, 55.6128539], [37.5406892, 55.6128415], [37.5407483, 55.61282910000001], [37.5407391, 55.61281499999999], [37.5407865, 55.6128051], [37.5407765, 55.612789899999996], [37.5409296, 55.6127577], [37.5409395, 55.612772699999994], [37.5409892, 55.61276219999999], [37.5409983, 55.61277609999999], [37.5410579, 55.6127636], [37.5411176, 55.6127511], [37.5411083, 55.61273700000001], [37.5411606, 55.612725999999995], [37.5411502, 55.6127103], [37.541299300000006, 55.612679], [37.5413095, 55.6126945], [37.5413669, 55.612682500000005], [37.541376, 55.6126963], [37.5414378, 55.61268329999999], [37.5414996, 55.612670299999984], [37.5414903, 55.6126563], [37.5415361, 55.61264669999999], [37.5415254, 55.61263040000001], [37.5416804, 55.6125979], [37.5416909, 55.6126139], [37.5417449, 55.61260260000001], [37.541754000000005, 55.61261639999999], [37.5418119, 55.6126043], [37.5418697, 55.6125921], [37.5418604, 55.61257809999999], [37.5419109, 55.612567500000004], [37.5418998, 55.61255069999999], [37.5420102, 55.6125275], [37.5419392, 55.612421899999994], [37.5404224, 55.6127403], [37.5404971, 55.6128482]]], [[[37.54007925994914, 55.613249833059754], [37.54020041303185, 55.613251275203986], [37.5402036, 55.613246999999994], [37.540222714705, 55.613251540658624], [37.54023086563991, 55.6132516376774], [37.5402488, 55.613227599999995], [37.540273, 55.61323329999999], [37.540299, 55.613198499999996], [37.540325, 55.6131636], [37.5403026, 55.6131582], [37.5403244, 55.61312890000001], [37.5402966, 55.61312219999999], [37.5403618, 55.613034799999994], [37.5403916, 55.6130419], [37.5404113, 55.613015499999996], [37.540433, 55.61302069999999], [37.5404597, 55.612984899999994], [37.5404864, 55.612949099999994], [37.5404664, 55.612944299999995], [37.5404881, 55.6129153], [37.5404533, 55.61290699999999], [37.5404971, 55.6128482], [37.5403175, 55.6128055], [37.5400004, 55.61323109999999], [37.54007925994914, 55.613249833059754]]]]}}, {"type": "Feature", "properties": {"id": 1422, "object_type": "restriction", "restriction_type": "oks"}, "geometry": {"type": "MultiPolygon", "coordinates": [[[[37.5468621, 55.607388099999994], [37.5463347, 55.60773069999999], [37.5464877, 55.6078061], [37.5470152, 55.6074633], [37.5468621, 55.607388099999994]]], [[[37.5465908, 55.608709700000006], [37.5464877, 55.6078061], [37.5462857, 55.60781349999999], [37.546389000000005, 55.608717199999994], [37.5465908, 55.608709700000006]]], [[[37.5471908, 55.6090068], [37.5465908, 55.608709700000006], [37.5464565, 55.60879619999999], [37.5470565, 55.609093299999984], [37.5471908, 55.6090068]]]]}}, {"type": "Feature", "properties": {"id": 1423, "object_type": "restriction", "restriction_type": "oks"}, "geometry": {"type": "MultiPolygon", "coordinates": [[[[37.5464934, 55.61039830000001], [37.5457227, 55.610473999999996], [37.54576110000001, 55.6105988], [37.5465319, 55.61052309999999], [37.5464934, 55.61039830000001]]], [[[37.5446819, 55.61128269999999], [37.54487220000001, 55.61135399999999], [37.54576110000001, 55.6105988], [37.5455685, 55.61052839999999], [37.5446819, 55.61128269999999]]], [[[37.5450026, 55.6117956], [37.54487220000001, 55.61135399999999], [37.5446508, 55.611372900000006], [37.5447833, 55.6118165], [37.5450026, 55.6117956]]]]}}, {"type": "Feature", "properties": {"id": 1424, "object_type": "restriction", "restriction_type": "oks"}, "geometry": {"type": "MultiPolygon", "coordinates": [[[[37.5447855, 55.60458289999999], [37.5444702, 55.60499039999999], [37.5446597, 55.60503719999999], [37.544975, 55.60462969999999], [37.5447855, 55.60458289999999]]], [[[37.5452805, 55.6058712], [37.5446597, 55.60503719999999], [37.5444608, 55.605083799999996], [37.5450891, 55.6059172], [37.5452805, 55.6058712]]], [[[37.5459642, 55.60605219999999], [37.5452805, 55.6058712], [37.5451889, 55.605987599999985], [37.5458683, 55.60616769999999], [37.5459642, 55.60605219999999]]]]}}, {"type": "Feature", "properties": {"id": 1425, "object_type": "restriction", "restriction_type": "oks"}, "geometry": {"type": "MultiPolygon", "coordinates": [[[[37.546403, 55.603918699999994], [37.5464813, 55.6040345], [37.5474575, 55.603823899999995], [37.54778274177932, 55.60375371872819], [37.547787683967705, 55.603619966701736], [37.5473802, 55.603707899999996], [37.546403, 55.603918699999994]]], [[[37.5464813, 55.6040345], [37.54625800000001, 55.6040827], [37.5465084, 55.60445299999999], [37.5467317, 55.60440479999999], [37.5464813, 55.6040345]]], [[[37.5465084, 55.60445299999999], [37.5459092, 55.6045823], [37.5459772, 55.60468299999999], [37.5465765, 55.604553700000004], [37.5465084, 55.60445299999999]]]]}}, {"type": "Feature", "properties": {"id": 1426, "object_type": "restriction", "restriction_type": "oks"}, "geometry": {"type": "MultiPolygon", "coordinates": [[[[37.5247317, 55.6042187], [37.5248424, 55.60419479999999], [37.5250271, 55.60415499999999], [37.5253215, 55.60409159999999], [37.5256241, 55.60402639999999], [37.5257677, 55.603995499999996], [37.5256954, 55.6038922], [37.5247706, 55.60409219999999], [37.5241346, 55.6042297], [37.5242041, 55.60433230000001], [37.5244339, 55.60428279999999], [37.5247317, 55.6042187]]], [[[37.52601, 55.6043491], [37.5261973, 55.60430819999999], [37.525955, 55.60395449999999], [37.5257677, 55.603995499999996], [37.5258348, 55.6040934], [37.5259511, 55.604263199999984], [37.52601, 55.6043491]]], [[[37.5242745, 55.6044374], [37.5242041, 55.60433230000001], [37.524013, 55.604372399999995], [37.5242466, 55.60472190000001], [37.524438, 55.60468130000001], [37.5243827, 55.604598799999984], [37.5242745, 55.6044374]]], [[[37.5239816, 55.6048975], [37.5241673, 55.6048575], [37.524317100000005, 55.6048252], [37.5242466, 55.60472190000001], [37.5239116, 55.604794899999995], [37.5235743, 55.604868400000015], [37.5236477, 55.60496939999999], [37.5238636, 55.60492289999999], [37.5239816, 55.6048975]]], [[[37.5239893, 55.6054687], [37.5239415, 55.6053988], [37.5238272, 55.6052317], [37.5237195, 55.6050743], [37.5236477, 55.60496939999999], [37.5234629, 55.6050098], [37.5238044, 55.605509], [37.5240571, 55.6058785], [37.5242422, 55.605838199999994], [37.5241733, 55.6057375], [37.5240599, 55.6055718], [37.5239893, 55.6054687]]], [[[37.5244905, 55.60590059999999], [37.5247802, 55.605836800000006], [37.5249204, 55.60580590000001], [37.5248503, 55.6057043], [37.5242422, 55.605838199999994], [37.5243124, 55.6059398], [37.5244905, 55.60590059999999]]]]}}, {"type": "Feature", "properties": {"id": 1427, "object_type": "restriction", "restriction_type": "oks"}, "geometry": {"type": "Polygon", "coordinates": [[[37.54750648797998, 55.61122827179376], [37.5475112927474, 55.611098300079966], [37.5470522, 55.6109663], [37.5469582, 55.6110706], [37.54750648797998, 55.61122827179376]]]}}, {"type": "Feature", "properties": {"id": 1428, "object_type": "restriction", "restriction_type": "oks"}, "geometry": {"type": "MultiPolygon", "coordinates": [[[[37.5245371, 55.59985360000001], [37.5246916, 55.5998198], [37.5246184, 55.59971279999999], [37.5243138, 55.599779299999994], [37.523969900000004, 55.5998544], [37.5240431, 55.5999614], [37.5242345, 55.59991959999999], [37.5243871, 55.5998863], [37.5245371, 55.59985360000001]]], [[[37.5238977, 55.5997513], [37.5232585, 55.59989430000001], [37.5233307, 55.599997300000005], [37.5235175, 55.59995550000001], [37.5238119, 55.59988969999999], [37.523969900000004, 55.5998544], [37.5238977, 55.5997513]]], [[[37.5246916, 55.5998198], [37.5247661, 55.59993279999999], [37.5248819, 55.6001086], [37.5249915, 55.600274899999995], [37.5250461, 55.60035779999999], [37.5250977, 55.600436099999996], [37.5252115, 55.6006089], [37.5252588, 55.60068069999999], [37.5254362, 55.6006434], [37.52522350000001, 55.600320499999995], [37.5248691, 55.599782600000005], [37.5246916, 55.5998198]]], [[[37.5235325, 55.600295899999985], [37.5234176, 55.60012569999998], [37.5233307, 55.599997300000005], [37.5231422, 55.60003799999999], [37.5235159, 55.6005911], [37.5237045, 55.600550399999996], [37.523647, 55.60046530000001], [37.5235325, 55.600295899999985]]], [[[37.522981, 55.6008248], [37.5231581, 55.600786899999996], [37.5234595, 55.60072229999999], [37.5235859, 55.6006952], [37.5235159, 55.6005911], [37.5229201, 55.60071860000001], [37.5228457, 55.60073450000001], [37.522495379989465, 55.6008095694669], [37.522490860496426, 55.60092980000936], [37.5225725, 55.6009123], [37.5228655, 55.600849600000004], [37.522981, 55.6008248]]], [[[37.5251557, 55.60084680000001], [37.5252761, 55.601020500000004], [37.52539, 55.601185], [37.5254357, 55.60125089999999], [37.5256249, 55.601209], [37.5252588, 55.60068069999999], [37.5250696, 55.600722499999996], [37.5251557, 55.60084680000001]]]]}}, {"type": "Feature", "properties": {"id": 1429, "object_type": "restriction", "restriction_type": "oks"}, "geometry": {"type": "Polygon", "coordinates": [[[37.5334075, 55.59889429999999], [37.533848500000005, 55.599546299999986], [37.5340259, 55.59950799999999], [37.5339039, 55.59932760000001], [37.5337901, 55.5991594], [37.533674100000006, 55.598988], [37.5335848, 55.5988559], [37.533548, 55.59880149999999], [37.533542460547785, 55.59879330466094], [37.53333751769834, 55.59879085344144], [37.5333554, 55.598817299999986], [37.5334075, 55.59889429999999]]]}}, {"type": "Feature", "properties": {"id": 1430, "object_type": "restriction", "restriction_type": "oks"}, "geometry": {"type": "MultiPolygon", "coordinates": [[[[37.5465652, 55.60564689999999], [37.5472276, 55.60553250000001], [37.5471646, 55.6054167], [37.5465025, 55.60553169999999], [37.5465652, 55.60564689999999]]], [[[37.5476288, 55.605835000000006], [37.5474494, 55.6054957], [37.5472276, 55.60553250000001], [37.5474042, 55.60587159999999], [37.5476288, 55.605835000000006]]], [[[37.5476288, 55.605835000000006], [37.54770080553953, 55.60597102117838], [37.547706316126394, 55.605821907163524], [37.5476288, 55.605835000000006]]]]}}, {"type": "Feature", "properties": {"id": 1431, "object_type": "restriction", "restriction_type": "oks"}, "geometry": {"type": "MultiPolygon", "coordinates": [[[[37.5268627, 55.60451899999999], [37.52715260000001, 55.6044544], [37.5274426, 55.604389799999986], [37.5275959, 55.60435569999999], [37.5275255, 55.60425510000001], [37.5265757, 55.60446679999999], [37.526646, 55.6045673], [37.5268627, 55.60451899999999]]], [[[37.5256758, 55.6048978], [37.5259748, 55.60483150000001], [37.5260864, 55.6048068], [37.5262763, 55.60476469999998], [37.5265635, 55.60470109999999], [37.5267155, 55.6046674], [37.526646, 55.6045673], [37.5260169, 55.604706700000015], [37.5250952, 55.60491089999999], [37.5251647, 55.60501099999999], [37.5253827, 55.604962699999994], [37.5256758, 55.6048978]]], [[[37.5275959, 55.60435569999999], [37.5276635, 55.604456400000004], [37.5277782, 55.604626999999994], [37.5278929, 55.6047977], [37.5279349, 55.60486019999998], [37.5280075, 55.60496829999998], [37.5281192, 55.60513460000001], [37.5282311, 55.60530099999998], [37.5282871, 55.6053844], [37.5284798, 55.60534299999999], [37.5281276, 55.6048189], [37.5277886, 55.6043144], [37.5275959, 55.60435569999999]]]]}}, {"type": "Feature", "properties": {"id": 1432, "object_type": "restriction", "restriction_type": "oks"}, "geometry": {"type": "MultiPolygon", "coordinates": [[[[37.5224841, 55.60573299999999], [37.5225312, 55.605802099999984], [37.5225995, 55.60590239999999], [37.522713700000004, 55.60607], [37.5228293, 55.60623959999998], [37.5228828, 55.606318200000004], [37.5230644, 55.6062786], [37.52271110000001, 55.6057599], [37.5223564, 55.60523930000001], [37.522328615706996, 55.60524534008636], [37.52231937274059, 55.605491157906854], [37.5223688, 55.6055637], [37.5224841, 55.60573299999999]]], [[[37.522809, 55.60645449999999], [37.5229519, 55.60642499999999], [37.5228828, 55.606318200000004], [37.5222836282352, 55.606441751562016], [37.52228219289038, 55.60647992210482], [37.5223296, 55.6065533], [37.5225169, 55.60651469999999], [37.522809, 55.60645449999999]]]]}}, {"type": "Feature", "properties": {"id": 1433, "object_type": "restriction", "restriction_type": "oks"}, "geometry": {"type": "MultiPolygon", "coordinates": [[[[37.5378414, 55.60136469999999], [37.5381392, 55.60130019999999], [37.53843590000001, 55.60123589999999], [37.538737, 55.6011707], [37.5389099, 55.60113319999999], [37.5388449, 55.6010373], [37.5376136, 55.6013042], [37.5372795, 55.6013766], [37.5373446, 55.60147239999999], [37.5375458, 55.60142879999999], [37.5376786, 55.6014], [37.5378414, 55.60136469999999]]], [[[37.5389099, 55.60113319999999], [37.5389759, 55.60123829999999], [37.539027, 55.6013196], [37.53908530000001, 55.601412399999994], [37.5391311, 55.601485499999995], [37.539325, 55.6014466], [37.539220900000004, 55.60128079999999], [37.5391038, 55.60109429999999], [37.5389099, 55.60113319999999]]], [[[37.5396011, 55.6014993], [37.539905, 55.6014353], [37.5400762, 55.601399199999996], [37.5400119, 55.6013019], [37.539325, 55.6014466], [37.53938930000001, 55.601544], [37.5396011, 55.6014993]]], [[[37.5373446, 55.60147239999999], [37.5371563, 55.6015115], [37.5373817, 55.60185779999999], [37.53757, 55.6018187], [37.5375226, 55.601745900000004], [37.5374148, 55.6015802], [37.5373446, 55.60147239999999]]], [[[37.5402594, 55.6016751], [37.5403706, 55.60184250000001], [37.5404863, 55.6020168], [37.5405957, 55.60218159999999], [37.5406543, 55.6022698], [37.5408399, 55.6022305], [37.540389700000006, 55.60155249999998], [37.5402618, 55.6013599], [37.5400762, 55.601399199999996], [37.5401488, 55.6015085], [37.5402041, 55.6015918], [37.5402594, 55.6016751]]], [[[37.5402911, 55.602470199999985], [37.5405755, 55.6024096], [37.5407262, 55.60237750000001], [37.5406543, 55.6022698], [37.5400286, 55.6024031], [37.5401005, 55.60251079999999], [37.5402911, 55.602470199999985]]]]}}, {"type": "Feature", "properties": {"id": 1434, "object_type": "restriction", "restriction_type": "oks"}, "geometry": {"type": "MultiPolygon", "coordinates": [[[[37.5454807, 55.60053699999999], [37.54578120000001, 55.60047409999999], [37.5457056, 55.600358799999995], [37.5454126, 55.600420199999995], [37.5453537, 55.6004325], [37.545288, 55.6004463], [37.5447607, 55.6005567], [37.5448363, 55.600672], [37.5453561, 55.60056310000001], [37.5454217, 55.6005494], [37.5454807, 55.60053699999999]]], [[[37.545968, 55.6004349], [37.54578120000001, 55.60047409999999], [37.5461238, 55.60099599999998], [37.5463106, 55.6009569], [37.545968, 55.6004349]]], [[[37.5430602, 55.601163699999994], [37.5449054, 55.6007772], [37.5448363, 55.600672], [37.5429912, 55.601058599999995], [37.5430602, 55.601163699999994]]], [[[37.5464681, 55.6015207], [37.5461238, 55.60099599999998], [37.545927, 55.6010372], [37.5462714, 55.6015619], [37.5464681, 55.6015207]]]]}}, {"type": "Feature", "properties": {"id": 1435, "object_type": "restriction", "restriction_type": "oks"}, "geometry": {"type": "MultiPolygon", "coordinates": [[[[37.5371492, 55.60225599999999], [37.5372176, 55.6023577], [37.5374089, 55.60231660000001], [37.537558, 55.6022846], [37.5377062, 55.6022528], [37.5380043, 55.6021888], [37.5383016, 55.602124999999994], [37.5386001, 55.602061000000006], [37.5388982, 55.601997], [37.53904210000001, 55.60196609999999], [37.5389737, 55.60186439999998], [37.5374917, 55.602182499999984], [37.5371492, 55.60225599999999]]], [[[37.5369821, 55.602293], [37.5371492, 55.60225599999999], [37.5370763, 55.60215069999999], [37.536124, 55.60236140000001], [37.536197, 55.60246659999999], [37.5363991, 55.602421899999996], [37.5366986, 55.602355700000004], [37.5369821, 55.602293]]], [[[37.5363739, 55.602737899999994], [37.5363054, 55.6026329], [37.5362626, 55.602567199999996], [37.536197, 55.60246659999999], [37.5359992, 55.60250779999999], [37.5361076, 55.60267410000001], [37.5363447, 55.6030375], [37.5365425, 55.6029963], [37.5364818, 55.6029032], [37.5363739, 55.602737899999994]]], [[[37.5370329, 55.6034], [37.5369165, 55.60323050000001], [37.5367997, 55.603060499999984], [37.5367277, 55.6029557], [37.5365425, 55.6029963], [37.5369006, 55.6035176], [37.5370858, 55.603477], [37.5370329, 55.6034]]]]}}, {"type": "Feature", "properties": {"id": 1436, "object_type": "restriction", "restriction_type": "park"}, "geometry": {"type": "Polygon", "coordinates": [[[37.5298455, 55.59902189999999], [37.5298865, 55.599075199999994], [37.5298686, 55.59912459999999], [37.5297926, 55.59918379999999], [37.5296988, 55.5992437], [37.5296761, 55.599275], [37.529708600000006, 55.59936279999999], [37.5296963, 55.59940540000001], [37.5296706, 55.59944269999999], [37.5296703, 55.59951349999999], [37.5297917, 55.599588700000005], [37.5298144, 55.599632699999994], [37.5298345, 55.5996605], [37.5297921, 55.5996968], [37.5298142, 55.59977709999999], [37.5298445, 55.59982490000001], [37.5298345, 55.59986229999999], [37.5297675, 55.599944199999996], [37.5297839, 55.60002389999998], [37.5298523, 55.60009809999999], [37.5298715, 55.600166099999996], [37.529967, 55.60019440000001], [37.5301541, 55.6002231], [37.5300785, 55.60045259999998], [37.5302996, 55.600480100000006], [37.5302717, 55.60057199999999], [37.5301522, 55.60068939999999], [37.5300684, 55.600722100000006], [37.5297238, 55.6008075], [37.529656, 55.6008317], [37.5295422, 55.6008752], [37.5292061, 55.60087519999999], [37.5290844, 55.6007024], [37.5287943, 55.6006662], [37.528935, 55.60088189999998], [37.5294437, 55.60165219999999], [37.5299155, 55.60235070000001], [37.5304528, 55.603133799999995], [37.5307605, 55.60359510000001], [37.5309372, 55.603555300000004], [37.5309903, 55.60354340000001], [37.5314047, 55.6034502], [37.5315952, 55.60340729999999], [37.5320542, 55.603304099999995], [37.5326968, 55.6031595], [37.532872000000005, 55.603120100000005], [37.5325534, 55.60263979999999], [37.5322806, 55.60224289999999], [37.5320653, 55.60192199999999], [37.5315864, 55.601180799999995], [37.5310796, 55.600425699999995], [37.5304555, 55.599533], [37.5302799, 55.599574], [37.5303188, 55.59962709999999], [37.5300439, 55.599684599999996], [37.5300023, 55.59962550000001], [37.5298735, 55.5996558], [37.52983600000001, 55.59957779999999], [37.5298588, 55.5995664], [37.5298306, 55.599522500000006], [37.5297421, 55.599499], [37.5297381, 55.599382299999995], [37.5297917, 55.5993649], [37.5300506, 55.59935879999999], [37.5301351, 55.5993778], [37.5301753, 55.5994232], [37.530245, 55.59940729999999], [37.5302893, 55.59947249999999], [37.5303188, 55.59946489999999], [37.5303416, 55.5994952], [37.5304173, 55.5994763], [37.5300543, 55.5989373], [37.5299399, 55.59896049999999], [37.5298048, 55.5989878], [37.5298455, 55.59902189999999]]]}}, {"type": "Feature", "properties": {"id": "source", "object_type": "source"}, "geometry": {"type": "Point", "coordinates": [37.53473284409384, 55.60608065758809]}}, {"type": "Feature", "properties": {"id": 5001, "object_type": "heat_network", "diameter": 500}, "geometry": {"type": "LineString", "coordinates": [[37.53473284409384, 55.60608065758809], [37.534940338415026, 55.60638170591253], [37.53541676930412, 55.60708040842975], [37.5355331008555, 55.607250355461005], [37.5357921939264, 55.60762904742526], [37.53610799165023, 55.608090646648336], [37.53614269631973, 55.6081413537531]]}}, {"type": "Feature", "properties": {"id": 5002, "object_type": "heat_network", "diameter": 500}, "geometry": {"type": "LineString", "coordinates": [[37.53614269631973, 55.6081413537531], [37.536425688871574, 55.608554945152385], [37.53678848376435, 55.609085340616744], [37.53709508593779, 55.609533346270695], [37.537207179308254, 55.6096972374835], [37.5375899835741, 55.61025674681124], [37.5378598853697, 55.610651051614866]]}}, {"type": "Feature", "properties": {"id": 5003, "object_type": "heat_network", "diameter": 500}, "geometry": {"type": "LineString", "coordinates": [[37.5378598853697, 55.610651051614866], [37.53811977862077, 55.611030943848974], [37.538325184067084, 55.611331053466614], [37.53836397946645, 55.61138774705674], [37.53886463698185, 55.61211955008707], [37.53890887316707, 55.61223054379776], [37.53892583671015, 55.612370164087366]]}}, {"type": "Feature", "properties": {"id": 5004, "object_type": "heat_network", "diameter": 300}, "geometry": {"type": "LineString", "coordinates": [[37.53705506669342, 55.612824406886205], [37.53695757360474, 55.61268011792363], [37.53687528058678, 55.61255822894887], [37.536748864199396, 55.612371205733226], [37.53667207039241, 55.612257515539135], [37.5363639668919, 55.61180151291264], [37.536211432479, 55.61157566322489], [37.53619753234903, 55.6115551631477]]}}, {"type": "Feature", "properties": {"id": 5005, "object_type": "heat_network", "diameter": 300}, "geometry": {"type": "LineString", "coordinates": [[37.53619753234903, 55.6115551631477], [37.536029468919985, 55.611306318691895], [37.53584315808055, 55.61103070418904], [37.535607164286404, 55.61068131533532], [37.535412261871635, 55.610392813377366], [37.535229163173895, 55.61012171682524], [37.5351084560196, 55.60994310723421], [37.534918260384735, 55.60966151527543]]}}, {"type": "Feature", "properties": {"id": 5006, "object_type": "heat_network", "diameter": 300}, "geometry": {"type": "LineString", "coordinates": [[37.534918260384735, 55.60966151527543], [37.534772650524964, 55.6094461018868], [37.53424865549761, 55.60867041359519], [37.534186657245826, 55.60857861669826], [37.534075356732714, 55.60841381686232], [37.533983951331194, 55.60827850962376], [37.53379964881777, 55.60800570743197], [37.53311894547213, 55.60699810812562]]}}, {"type": "Feature", "properties": {"id": 5007, "object_type": "heat_network", "diameter": 300}, "geometry": {"type": "LineString", "coordinates": [[37.52468441458122, 55.60791515684503], [37.52475540538129, 55.60801671646772], [37.5249701516276, 55.60831229457144], [37.525057894352024, 55.60843371594221], [37.525373888148785, 55.608870896054945], [37.52618828702992, 55.610195824786686], [37.52624030806185, 55.61028044891349]]}}, {"type": "Feature", "properties": {"id": 5008, "object_type": "heat_network", "diameter": 300}, "geometry": {"type": "LineString", "coordinates": [[37.52624030806185, 55.61028044891349], [37.52658019722285, 55.61076520491803], [37.526679532209975, 55.610909266395986], [37.526891322222724, 55.611216413774414], [37.52709083026488, 55.611483860378556], [37.527325977575096, 55.61171221946159], [37.527475434145714, 55.61184619774439]]}}, {"type": "Feature", "properties": {"id": 5009, "object_type": "heat_network", "diameter": 300}, "geometry": {"type": "LineString", "coordinates": [[37.527475434145714, 55.61184619774439], [37.52773531246552, 55.61205487458718], [37.52810195223933, 55.61232044350147], [37.528479995430054, 55.61253567260315], [37.52884005209047, 55.61270718699585], [37.52921653348583, 55.61286559172235], [37.5298423314362, 55.6130703743103]]}}, {"type": "Feature", "properties": {"id": 5010, "object_type": "heat_network", "diameter": 300}, "geometry": {"type": "LineString", "coordinates": [[37.5298423314362, 55.6130703743103], [37.53005887621583, 55.61312808533083]]}}, {"type": "Feature", "properties": {"id": 5011, "object_type": "heat_network", "diameter": 400}, "geometry": {"type": "LineString", "coordinates": [[37.53914246557381, 55.61244757446291], [37.53935919855981, 55.61239916809526], [37.540060228482915, 55.6122479557325], [37.540319657390924, 55.612191949482316], [37.540696115157374, 55.61211071751453], [37.54083765295029, 55.612081689389285], [37.541545049443044, 55.611903695295005], [37.54211591625037, 55.61171994550259]]}}, {"type": "Feature", "properties": {"id": 5012, "object_type": "heat_network", "diameter": 400}, "geometry": {"type": "LineString", "coordinates": [[37.54211591625037, 55.61171994550259], [37.54223212325532, 55.61167133255318], [37.54275190497809, 55.611465246628335], [37.542936376567965, 55.611383040872965], [37.54304426635152, 55.61133072107882], [37.5435140302398, 55.61108314519704], [37.54392868571, 55.61082563803672], [37.54432110997373, 55.61052178526811]]}}, {"type": "Feature", "properties": {"id": 5013, "object_type": "heat_network", "diameter": 400}, "geometry": {"type": "LineString", "coordinates": [[37.54432110997373, 55.61052178526811], [37.54446934315252, 55.61037981790486], [37.54457479462235, 55.6102788511668], [37.54481171115528, 55.609983441690055], [37.54500710646061, 55.60973004191582], [37.54514181954164, 55.60953501605619], [37.545211468126624, 55.60942660588512]]}}, {"type": "Feature", "properties": {"id": 6001, "object_type": "heat_chamber"}, "geometry": {"type": "Point", "coordinates": [37.53473284409384, 55.60608065758809]}}, {"type": "Feature", "properties": {"id": 6002, "object_type": "heat_chamber"}, "geometry": {"type": "Point", "coordinates": [37.53892583671015, 55.612370164087366]}}, {"type": "Feature", "properties": {"id": 6003, "object_type": "heat_chamber"}, "geometry": {"type": "Point", "coordinates": [37.53705506669342, 55.612824406886205]}}, {"type": "Feature", "properties": {"id": 6004, "object_type": "heat_chamber"}, "geometry": {"type": "Point", "coordinates": [37.53311894547213, 55.60699810812562]}}, {"type": "Feature", "properties": {"id": 6005, "object_type": "heat_chamber"}, "geometry": {"type": "Point", "coordinates": [37.52468441458122, 55.60791515684503]}}, {"type": "Feature", "properties": {"id": 6006, "object_type": "heat_chamber"}, "geometry": {"type": "Point", "coordinates": [37.53005887621583, 55.61312808533083]}}, {"type": "Feature", "properties": {"id": 6007, "object_type": "heat_chamber"}, "geometry": {"type": "Point", "coordinates": [37.53914246557381, 55.61244757446291]}}, {"type": "Feature", "properties": {"id": 6008, "object_type": "heat_chamber"}, "geometry": {"type": "Point", "coordinates": [37.545211468126624, 55.60942660588512]}}, {"type": "Feature", "properties": {"id": 1437, "object_type": "restriction", "restriction_type": "power_cable"}, "geometry": {"type": "LineString", "coordinates": [[37.54252111886029, 55.603913875952465], [37.542837229713996, 55.603846473643635], [37.54359472431951, 55.60368507480399], [37.544569113360936, 55.60347731318644], [37.54489912953594, 55.60340975082531], [37.54553487211512, 55.60327080709325], [37.54592111359435, 55.60318885586656], [37.54624479069568, 55.60312028190856], [37.54780066822983, 55.60278510079226]]}}, {"type": "Feature", "properties": {"id": 1438, "object_type": "restriction", "restriction_type": "power_cable"}, "geometry": {"type": "LineString", "coordinates": [[37.527031742742054, 55.59874031176105], [37.52669386992147, 55.59881184716731], [37.52602059071922, 55.59895435810927], [37.52537349739052, 55.5990992670488], [37.52487008310079, 55.59921191500804], [37.522942054696614, 55.599631164705364], [37.52274979342831, 55.599672934568204], [37.52258952289194, 55.59970840591704], [37.52255474881293, 55.59971609755786]]}}, {"type": "Feature", "properties": {"id": 1, "object_type": "oks_connection_point", "flow_tph": 8.38}, "geometry": {"type": "Point", "coordinates": [37.53571622834611, 55.612054337401325]}}, {"type": "Feature", "properties": {"id": 2, "object_type": "oks_connection_point", "flow_tph": 24.31}, "geometry": {"type": "Point", "coordinates": [37.52829109323992, 55.60935253227667]}}, {"type": "Feature", "properties": {"id": 3, "object_type": "oks_connection_point", "flow_tph": 21.14}, "geometry": {"type": "Point", "coordinates": [37.52483399205512, 55.60389536732188]}}, {"type": "Feature", "properties": {"id": 4, "object_type": "oks_connection_point", "flow_tph": 25.21}, "geometry": {"type": "Point", "coordinates": [37.540905424235724, 55.60604723312984]}}, {"type": "Feature", "properties": {"id": 5, "object_type": "oks_connection_point", "flow_tph": 5.58}, "geometry": {"type": "Point", "coordinates": [37.534928105689595, 55.60129606904383]}}, {"type": "Feature", "properties": {"id": 6, "object_type": "oks_connection_point", "flow_tph": 28.28}, "geometry": {"type": "Point", "coordinates": [37.53928286683057, 55.61166563702507]}}, {"type": "Feature", "properties": {"id": 7, "object_type": "oks_connection_point", "flow_tph": 9.89}, "geometry": {"type": "Point", "coordinates": [37.53300289331283, 55.60150935295307]}}, {"type": "Feature", "properties": {"id": 8, "object_type": "oks_connection_point", "flow_tph": 65.88}, "geometry": {"type": "Point", "coordinates": [37.53716004552661, 55.60863242832552]}}, {"type": "Feature", "properties": {"id": 9, "object_type": "oks_connection_point", "flow_tph": 27.38}, "geometry": {"type": "Point", "coordinates": [37.528117264971506, 55.610130689767566]}}, {"type": "Feature", "properties": {"id": 10, "object_type": "oks_connection_point", "flow_tph": 5.91}, "geometry": {"type": "Point", "coordinates": [37.53194293110816, 55.60775711678479]}}, {"type": "Feature", "properties": {"id": 11, "object_type": "oks_connection_point", "flow_tph": 31.52}, "geometry": {"type": "Point", "coordinates": [37.52718680199133, 55.61063011021872]}}, {"type": "Feature", "properties": {"id": 12, "object_type": "oks_connection_point", "flow_tph": 30.48}, "geometry": {"type": "Point", "coordinates": [37.53463837967442, 55.61045567423696]}}, {"type": "Feature", "properties": {"id": 13, "object_type": "oks_connection_point", "flow_tph": 39.81}, "geometry": {"type": "Point", "coordinates": [37.529518535643206, 55.60511709653899]}}, {"type": "Feature", "properties": {"id": 14, "object_type": "oks_connection_point", "flow_tph": 42.1}, "geometry": {"type": "Point", "coordinates": [37.53605758622723, 55.607063675637036]}}, {"type": "Feature", "properties": {"id": 15, "object_type": "oks_connection_point", "flow_tph": 11.09}, "geometry": {"type": "Point", "coordinates": [37.526845922680245, 55.60973593913773]}}, {"type": "Feature", "properties": {"id": 16, "object_type": "oks_connection_point", "flow_tph": 22.39}, "geometry": {"type": "Point", "coordinates": [37.54236651286672, 55.61101536916253]}}, {"type": "Feature", "properties": {"id": 17, "object_type": "oks_connection_point", "flow_tph": 52.99}, "geometry": {"type": "Point", "coordinates": [37.54686437344223, 55.60999277405985]}}, {"type": "Feature", "properties": {"id": 18, "object_type": "oks_connection_point", "flow_tph": 41.29}, "geometry": {"type": "Point", "coordinates": [37.540795099670405, 55.612757233647166]}}, {"type": "Feature", "properties": {"id": 19, "object_type": "oks_connection_point", "flow_tph": 17.56}, "geometry": {"type": "Point", "coordinates": [37.545861960469466, 55.61124289382128]}}, {"type": "Feature", "properties": {"id": 20, "object_type": "oks_connection_point", "flow_tph": 9.98}, "geometry": {"type": "Point", "coordinates": [37.54390965775734, 55.60876492348689]}}, {"type": "Feature", "properties": {"id": 21, "object_type": "oks_connection_point", "flow_tph": 20.77}, "geometry": {"type": "Point", "coordinates": [37.54630147798425, 55.60706518946203]}}, {"type": "Feature", "properties": {"id": 22, "object_type": "oks_connection_point", "flow_tph": 20.07}, "geometry": {"type": "Point", "coordinates": [37.54574438396833, 55.60683358282559]}}, {"type": "Feature", "properties": {"id": 23, "object_type": "oks_connection_point", "flow_tph": 16.67}, "geometry": {"type": "Point", "coordinates": [37.522370134569655, 55.60540769231031]}}, {"type": "Feature", "properties": {"id": 24, "object_type": "oks_connection_point", "flow_tph": 13.75}, "geometry": {"type": "Point", "coordinates": [37.535477295504094, 55.603699297865035]}}, {"type": "Feature", "properties": {"id": 25, "object_type": "oks_connection_point", "flow_tph": 8.98}, "geometry": {"type": "Point", "coordinates": [37.527189984558966, 55.60824871789024]}}, {"type": "Feature", "properties": {"id": 26, "object_type": "oks_connection_point", "flow_tph": 11.62}, "geometry": {"type": "Point", "coordinates": [37.539034671498875, 55.605651256660174]}}, {"type": "Feature", "properties": {"id": 27, "object_type": "oks_connection_point", "flow_tph": 24.65}, "geometry": {"type": "Point", "coordinates": [37.528857540890975, 55.611861149760145]}}, {"type": "Feature", "properties": {"id": 28, "object_type": "oks_connection_point", "flow_tph": 24.2}, "geometry": {"type": "Point", "coordinates": [37.540456271307455, 55.60172935556658]}}, {"type": "Feature", "properties": {"id": 29, "object_type": "oks_connection_point", "flow_tph": 43.12}, "geometry": {"type": "Point", "coordinates": [37.53708048770997, 55.6104286365689]}}, {"type": "Feature", "properties": {"id": 30, "object_type": "oks_connection_point", "flow_tph": 51.18}, "geometry": {"type": "Point", "coordinates": [37.536293982928136, 55.60194211129394]}}]}