{"type": "FeatureCollection", "features": [{"type": "Feature", "properties": {"id": 1001, "object_type": "restriction", "restriction_type": "road"}, "geometry": {"type": "Polygon", "coordinates": [[[37.71441759804381, 55.7958322586598], [37.71442141451977, 55.79583294104977], [37.71448941462831, 55.79584444107047], [37.714489969825, 55.79584453419039], [37.71453986990503, 55.795852834205355], [37.71461212996563, 55.79571496578264], [37.714562507831, 55.795706712002435], [37.714496703086006, 55.79569558326156], [37.71444080190215, 55.79568504134477], [37.714437884605324, 55.79568451305694], [37.71437108471112, 55.79567291307776], [37.71429591515491, 55.79581028690936], [37.71436125097661, 55.79582163265371], [37.71441759804381, 55.7958322586598]]]}}, {"type": "Feature", "properties": {"id": 1002, "object_type": "restriction", "restriction_type": "road"}, "geometry": {"type": "Polygon", "coordinates": [[[37.71264448423384, 55.80200331014625], [37.71255879876603, 55.801962817031736], [37.71232593608423, 55.80185261868216], [37.71217234337958, 55.801775523547704], [37.71217094111763, 55.80177484284161], [37.712122433586, 55.80175207401043], [37.71189291652385, 55.80163921154172], [37.71189118473663, 55.80163839413662], [37.711427847873665, 55.801428538089894], [37.71129684123585, 55.80135800367806], [37.71127900624315, 55.80134833891072], [37.71120159371187, 55.801393661076794], [37.71121949371247, 55.80140336108238], [37.711219623925466, 55.8014034314169], [37.71135242393086, 55.80147493145835], [37.71135601512011, 55.80147670572109], [37.711820334639306, 55.801687007021364], [37.71204948346262, 55.80179968851541], [37.712050458829204, 55.801800157133485], [37.712098747687364, 55.801822823342455], [37.71225225659336, 55.801899876487134], [37.71225348665779, 55.80190047603167], [37.712486986698096, 55.802010976099645], [37.712572425716075, 55.80205135279262], [37.71302165188722, 55.80226955973355], [37.71319639086522, 55.80227138842601], [37.71264506091862, 55.802003586449025], [37.71264448423384, 55.80200331014625]]]}}, {"type": "Feature", "properties": {"id": 1003, "object_type": "restriction", "restriction_type": "road"}, "geometry": {"type": "Polygon", "coordinates": [[[37.711774806424515, 55.792666225006194], [37.71177606526741, 55.792666030865156], [37.711866249772974, 55.79265148176227], [37.712140933371664, 55.79260913054404], [37.7121412328508, 55.79260908386421], [37.71229863296398, 55.792584283845635], [37.71229902078816, 55.79258422188803], [37.712752221111856, 55.79251082183309], [37.71275340202148, 55.79251062259118], [37.71285880209513, 55.79249212257741], [37.71286074217098, 55.792491759964406], [37.71294994223078, 55.79247405995132], [37.71295222789359, 55.792473574478066], [37.71311462799619, 55.79243677445122], [37.713072972034674, 55.792378425545245], [37.71291170553712, 55.79241496868989], [37.71282462200003, 55.79243224871785], [37.712720786505, 55.79245047411204], [37.71226837294896, 55.792523746736705], [37.71211131679651, 55.79254849255916], [37.71183646684964, 55.79259086942236], [37.711835834691364, 55.79259096914381], [37.71174596216178, 55.79260546791631], [37.71137489386846, 55.792660074951065], [37.71137394803289, 55.792660219148296], [37.711242748127205, 55.792680919132806], [37.71127285189582, 55.79274148086532], [37.7114035801952, 55.79272085528726], [37.711774806424515, 55.792666225006194]]]}}, {"type": "Feature", "properties": {"id": 1004, "object_type": "restriction", "restriction_type": "road"}, "geometry": {"type": "Polygon", "coordinates": [[[37.71051802576304, 55.790392164741164], [37.71187092680605, 55.79025726463985], [37.711871105042746, 55.79025724669846], [37.712002005143496, 55.79024394668847], [37.711982194871865, 55.79018205331064], [37.7118513840683, 55.79019534424819], [37.71049862105806, 55.79033023059115], [37.71037406797437, 55.790342525959986], [37.710393332040546, 55.79040447403917], [37.710517932136696, 55.79039217402993], [37.71051802576304, 55.790392164741164]]]}}, {"type": "Feature", "properties": {"id": 1005, "object_type": "restriction", "restriction_type": "road"}, "geometry": {"type": "Polygon", "coordinates": [[[37.7165721677075, 55.79664974856233], [37.71622016802434, 55.79659074862211], [37.71617923193447, 55.79666825137406], [37.71653118993873, 55.79672724434171], [37.717189248229424, 55.79683803733185], [37.717230351729235, 55.79676056266428], [37.716572252320866, 55.79664976277646], [37.7165721677075, 55.79664974856233]]]}}, {"type": "Feature", "properties": {"id": 1006, "object_type": "restriction", "restriction_type": "oks"}, "geometry": {"type": "Polygon", "coordinates": [[[37.7139769, 55.7945978], [37.7142435, 55.79460879999999], [37.7142928, 55.79423229999999], [37.7139532, 55.7942182], [37.7139764, 55.79404069999998], [37.7134865, 55.794020499999995], [37.71344560000001, 55.7943334], [37.7133983, 55.794331400000004], [37.7133789, 55.794479999999986], [37.7136808, 55.7944924], [37.7136687, 55.79458499999999], [37.7139769, 55.7945978]]]}}, {"type": "Feature", "properties": {"id": 1007, "object_type": "restriction", "restriction_type": "road"}, "geometry": {"type": "Polygon", "coordinates": [[[37.71906081535218, 55.79682827248886], [37.71905457042097, 55.796828994085054], [37.71904846379165, 55.796830025002], [37.71865096413556, 55.796908124927725], [37.71864404070443, 55.79690971766974], [37.718637449071615, 55.7969117076061], [37.718631260805985, 55.796914073131006], [37.7184660608659, 55.79698457307344], [37.71855273920553, 55.79704902691147], [37.718708919950686, 55.79698237590973], [37.71908665041287, 55.79690816017927], [37.71935175097747, 55.796897834083374], [37.71934184903214, 55.79681716591621], [37.71906714931507, 55.796827865906565], [37.71906081535218, 55.79682827248886]]]}}, {"type": "Feature", "properties": {"id": 1008, "object_type": "restriction", "restriction_type": "road"}, "geometry": {"type": "Polygon", "coordinates": [[[37.71438242441454, 55.79607801494754], [37.71438942210945, 55.79597446420427], [37.71439322105171, 55.79591897766767], [37.71420197895961, 55.79591482225802], [37.7141981788239, 55.79597032225442], [37.71419077672389, 55.79607984918155], [37.71419095328113, 55.79608576160433], [37.71419227831449, 55.79609162756225], [37.71425037789731, 55.79627002760443], [37.714270282980486, 55.79633104365148], [37.71445851697358, 55.796311556276244], [37.71443861944573, 55.7962505643058], [37.71438242441454, 55.79607801494754]]]}}, {"type": "Feature", "properties": {"id": 1009, "object_type": "restriction", "restriction_type": "oks"}, "geometry": {"type": "Polygon", "coordinates": [[[37.7179348, 55.799220999999996], [37.7182634, 55.7992764], [37.7183074, 55.79919379999999], [37.7189755, 55.79931039999999], [37.718956, 55.7993478], [37.7190658, 55.79936679999999], [37.71914230000001, 55.79921449999999], [37.718364900000005, 55.7990817], [37.71842, 55.79897879999999], [37.7184064, 55.7989566], [37.718366, 55.79894050000001], [37.718107, 55.79889819999998], [37.7179348, 55.799220999999996]]]}}, {"type": "Feature", "properties": {"id": 1010, "object_type": "restriction", "restriction_type": "oks"}, "geometry": {"type": "Polygon", "coordinates": [[[37.7181075, 55.7983909], [37.7180169, 55.798556100000006], [37.7179827, 55.798618299999994], [37.7181661, 55.7986501], [37.7183253, 55.7983598], [37.718142, 55.79832799999999], [37.7181075, 55.7983909]]]}}, {"type": "Feature", "properties": {"id": 1011, "object_type": "restriction", "restriction_type": "oks"}, "geometry": {"type": "Polygon", "coordinates": [[[37.7186447, 55.79869529999999], [37.71920800000001, 55.79879240000001], [37.719271, 55.798677000000005], [37.71870770000001, 55.79857989999999], [37.7186447, 55.79869529999999]]]}}, {"type": "Feature", "properties": {"id": 1012, "object_type": "restriction", "restriction_type": "oks"}, "geometry": {"type": "Polygon", "coordinates": [[[37.7175004, 55.799755], [37.7175706, 55.79963169999999], [37.717639, 55.799511599999995], [37.7174317, 55.7994752], [37.7172944, 55.7997164], [37.7175004, 55.799755]]]}}, {"type": "Feature", "properties": {"id": 1013, "object_type": "restriction", "restriction_type": "oks"}, "geometry": {"type": "Polygon", "coordinates": [[[37.7170577, 55.7986691], [37.7169762, 55.79881699999999], [37.7168836, 55.79898489999999], [37.7167909, 55.79915319999999], [37.716698, 55.79932159999999], [37.7166671, 55.799377799999995], [37.7168661, 55.799412399999994], [37.7172988, 55.7986275], [37.7170998, 55.79859279999999], [37.7170577, 55.7986691]]]}}, {"type": "Feature", "properties": {"id": 1014, "object_type": "restriction", "restriction_type": "oks"}, "geometry": {"type": "Polygon", "coordinates": [[[37.7189731, 55.798403699999994], [37.7194123, 55.797607199999995], [37.7191995, 55.79757009999999], [37.7191551, 55.7976506], [37.7190672, 55.79780999999999], [37.7189742, 55.79797870000001], [37.7188826, 55.79814480000001], [37.7187942, 55.79830509999999], [37.7187603, 55.7983666], [37.7189731, 55.798403699999994]]]}}, {"type": "Feature", "properties": {"id": 1015, "object_type": "restriction", "restriction_type": "oks"}, "geometry": {"type": "Polygon", "coordinates": [[[37.7197292, 55.798919299999994], [37.7198593, 55.7986803], [37.7198783, 55.7986433], [37.7196887, 55.79861089999999], [37.7196596, 55.798664699999996], [37.7195674, 55.79883540000001], [37.7195396, 55.7988869], [37.7197292, 55.798919299999994]]]}}, {"type": "Feature", "properties": {"id": 1016, "object_type": "restriction", "restriction_type": "oks"}, "geometry": {"type": "Polygon", "coordinates": [[[37.7074881, 55.802198999999995], [37.7075188, 55.8021404], [37.7077, 55.80179449999999], [37.7071452, 55.8017028], [37.70688210357328, 55.80220514992389], [37.707481578240326, 55.80221145250516], [37.7074881, 55.802198999999995]]]}}, {"type": "Feature", "properties": {"id": 1017, "object_type": "restriction", "restriction_type": "oks"}, "geometry": {"type": "Polygon", "coordinates": [[[37.7079461, 55.79044369999999], [37.7082734, 55.7913689], [37.708401, 55.79135469999999], [37.7084835, 55.7913454], [37.7081562, 55.7904202], [37.7079461, 55.79044369999999]]]}}, {"type": "Feature", "properties": {"id": 1018, "object_type": "restriction", "restriction_type": "oks"}, "geometry": {"type": "Polygon", "coordinates": [[[37.7085058, 55.79490979999999], [37.7083168, 55.7949207], [37.7079477, 55.7949438], [37.70781, 55.7949518], [37.7078288, 55.795049899999995], [37.7079308, 55.795043799999995], [37.7079318, 55.7950488], [37.7080064, 55.79504430000001], [37.7080055, 55.7950393], [37.7080601, 55.795035999999996], [37.7080617, 55.79504430000001], [37.7081025, 55.795049500000005], [37.7081394, 55.7950396], [37.7081378, 55.795031299999984], [37.7082214, 55.7950262], [37.7082229, 55.795034199999996], [37.7082684, 55.7950391], [37.708309, 55.795029], [37.7083075, 55.795021], [37.7083664, 55.79501749999999], [37.7083679, 55.79502560000001], [37.7084472, 55.79502080000001], [37.7084457, 55.79501270000001], [37.7085245, 55.795007999999996], [37.7085058, 55.79490979999999]]]}}, {"type": "Feature", "properties": {"id": 1019, "object_type": "restriction", "restriction_type": "oks"}, "geometry": {"type": "Polygon", "coordinates": [[[37.7098738, 55.794945399999996], [37.7098681, 55.794908199999995], [37.7099977, 55.79490189999999], [37.709994, 55.794878], [37.7100836, 55.7948736], [37.7100766, 55.7948284], [37.7101622, 55.79482420000001], [37.7101436, 55.7947031], [37.7101922, 55.79470070000001], [37.7101216, 55.7942428], [37.7099195, 55.79425259999999], [37.7099234, 55.79427789999999], [37.7098075, 55.79428359999999], [37.7098737, 55.79471269999999], [37.7098849, 55.79478509999999], [37.7095086, 55.794803399999985], [37.7095108, 55.794818199999995], [37.709533, 55.79496199999999], [37.7098738, 55.794945399999996]]]}}, {"type": "Feature", "properties": {"id": 1020, "object_type": "restriction", "restriction_type": "oks"}, "geometry": {"type": "Polygon", "coordinates": [[[37.7197092, 55.79852749999999], [37.7201474, 55.7977328], [37.7199973, 55.7977067], [37.7199487, 55.79769819999999], [37.719917, 55.7977556], [37.7198266, 55.7979196], [37.7197364, 55.7980831], [37.7196438, 55.798251], [37.7195498, 55.7984215], [37.7195105, 55.79849289999998], [37.7197092, 55.79852749999999]]]}}, {"type": "Feature", "properties": {"id": 1021, "object_type": "restriction", "restriction_type": "oks"}, "geometry": {"type": "Polygon", "coordinates": [[[37.7204483, 55.7986482], [37.7208853, 55.79785569999999], [37.7206931, 55.7978222], [37.7206567, 55.7978883], [37.7205652, 55.7980542], [37.720475, 55.79821779999999], [37.7203899, 55.798372099999995], [37.7202907, 55.798552], [37.7202561, 55.7986147], [37.7204483, 55.7986482]]]}}, {"type": "Feature", "properties": {"id": 1022, "object_type": "restriction", "restriction_type": "oks"}, "geometry": {"type": "Polygon", "coordinates": [[[37.7211985, 55.79876970000001], [37.7216331, 55.797981499999985], [37.7214368, 55.79794729999999], [37.7213986, 55.7980167], [37.7213105, 55.79817639999999], [37.7212201, 55.79834029999999], [37.7211331, 55.79849809999999], [37.7210396, 55.7986677], [37.7210022, 55.79873550000001], [37.7211985, 55.79876970000001]]]}}, {"type": "Feature", "properties": {"id": 1023, "object_type": "restriction", "restriction_type": "oks"}, "geometry": {"type": "Polygon", "coordinates": [[[37.7227338, 55.79942619999999], [37.72316, 55.798639999999985], [37.7229588, 55.798605599999995], [37.7229239, 55.79866989999999], [37.722834, 55.79883579999999], [37.7227451, 55.79899969999999], [37.7226592, 55.7991582], [37.7225739, 55.79931560000001], [37.7225326, 55.79939170000001], [37.7227338, 55.79942619999999]]]}}, {"type": "Feature", "properties": {"id": 1024, "object_type": "restriction", "restriction_type": "oks"}, "geometry": {"type": "Polygon", "coordinates": [[[37.7235463, 55.799566299999995], [37.7239962, 55.798789899999996], [37.7237961, 55.798753299999994], [37.72375660000001, 55.79882139999999], [37.7236633, 55.79898239999999], [37.7235684, 55.799146099999994], [37.723475, 55.7993073], [37.7233847, 55.7994632], [37.7233462, 55.7995296], [37.7235463, 55.799566299999995]]]}}, {"type": "Feature", "properties": {"id": 1025, "object_type": "restriction", "restriction_type": "oks"}, "geometry": {"type": "Polygon", "coordinates": [[[37.7243729, 55.7997023], [37.7247956, 55.79891799999999], [37.7245971, 55.7988842], [37.7245584, 55.79895599999999], [37.7244686, 55.7991227], [37.7243816, 55.79928399999999], [37.72429730000001, 55.79944409999999], [37.7242128, 55.7995973], [37.7241744, 55.7996685], [37.7243729, 55.7997023]]]}}, {"type": "Feature", "properties": {"id": 1026, "object_type": "restriction", "restriction_type": "oks"}, "geometry": {"type": "Polygon", "coordinates": [[[37.7222187, 55.800388], [37.7226469, 55.79959699999999], [37.7224363, 55.79956099999999], [37.7223962, 55.7996351], [37.722304, 55.7998053], [37.7222149, 55.79996989999999], [37.7221267, 55.80013279999999], [37.7220479, 55.800278399999996], [37.7220081, 55.80035199999998], [37.7222187, 55.800388]]]}}, {"type": "Feature", "properties": {"id": 1027, "object_type": "restriction", "restriction_type": "oks"}, "geometry": {"type": "Polygon", "coordinates": [[[37.72594490000001, 55.7993261], [37.72605681009887, 55.79934502246185], [37.72606924245481, 55.79896426634075], [37.7258813, 55.799315400000005], [37.72594490000001, 55.7993261]]]}}, {"type": "Feature", "properties": {"id": 1028, "object_type": "restriction", "restriction_type": "oks"}, "geometry": {"type": "Polygon", "coordinates": [[[37.7162226, 55.7985192], [37.7161295, 55.7986831], [37.716036, 55.798847699999996], [37.7159437, 55.799010100000004], [37.7158566, 55.7991635], [37.7158162, 55.7992345], [37.7160163, 55.7992704], [37.7164609, 55.798488], [37.7162608, 55.79845209999999], [37.7162226, 55.7985192]]]}}, {"type": "Feature", "properties": {"id": 1029, "object_type": "restriction", "restriction_type": "oks"}, "geometry": {"type": "Polygon", "coordinates": [[[37.7153993, 55.7983582], [37.7153024, 55.7985314], [37.7152105, 55.798695699999996], [37.7151196, 55.7988581], [37.7150199, 55.799036199999996], [37.7149871, 55.7990949], [37.715187, 55.7991302], [37.7156296, 55.798339099999986], [37.7154297, 55.798303799999985], [37.7153993, 55.7983582]]]}}, {"type": "Feature", "properties": {"id": 1030, "object_type": "restriction", "restriction_type": "oks"}, "geometry": {"type": "Polygon", "coordinates": [[[37.7224309, 55.8022756], [37.7224082, 55.802268999999995], [37.7224309, 55.80222360000001], [37.7224527, 55.802227200000004], [37.7225008, 55.80216849999999], [37.7225109, 55.802141899999995], [37.7225244, 55.802101099999994], [37.7225053, 55.8020965], [37.7225244, 55.8020557], [37.7225471, 55.8020603], [37.722607, 55.8020031], [37.7226206, 55.801937800000005], [37.7226025, 55.80193270000001], [37.722627, 55.801887799999996], [37.7226455, 55.8018893], [37.7226697, 55.8018643], [37.7226996, 55.801834799999995], [37.7227142, 55.801767899999994], [37.7226942, 55.801762800000006], [37.7227169, 55.801722500000004], [37.7227332, 55.801722999999996], [37.7227701, 55.80167449999999], [37.7225305, 55.8016314], [37.7224333, 55.8018119], [37.7222747, 55.80210029999999], [37.7221702, 55.80230050000001], [37.7224089, 55.802341599999984], [37.7224309, 55.8022756]]]}}, {"type": "Feature", "properties": {"id": 1031, "object_type": "restriction", "restriction_type": "oks"}, "geometry": {"type": "Polygon", "coordinates": [[[37.7253551, 55.8007719], [37.7251235, 55.800732399999994], [37.7250568, 55.800856100000004], [37.7249893, 55.80098110000001], [37.7252208, 55.80102059999999], [37.7253551, 55.8007719]]]}}, {"type": "Feature", "properties": {"id": 1032, "object_type": "restriction", "restriction_type": "oks"}, "geometry": {"type": "Polygon", "coordinates": [[[37.7240386, 55.8005507], [37.7238119, 55.8005157], [37.72375, 55.800642200000006], [37.7236891, 55.800766700000004], [37.7239158, 55.8008018], [37.7240386, 55.8005507]]]}}, {"type": "Feature", "properties": {"id": 1033, "object_type": "restriction", "restriction_type": "oks"}, "geometry": {"type": "Polygon", "coordinates": [[[37.7178057, 55.8014233], [37.7184015, 55.80153329999999], [37.7184467, 55.801456], [37.7182198, 55.80141410000001], [37.7183014, 55.801274400000004], [37.7186227, 55.8013337], [37.7186711, 55.8012509], [37.7183433, 55.801190399999996], [37.7184212, 55.80105710000001], [37.7186234, 55.8010944], [37.7186664, 55.8010208], [37.7180825, 55.800912999999994], [37.71803860000001, 55.8009881], [37.7183021, 55.80103669999999], [37.7182197, 55.801177899999985], [37.7179239, 55.80112329999999], [37.7178793, 55.801199700000005], [37.718189, 55.80125689999999], [37.7181102, 55.80139160000001], [37.717852, 55.801344], [37.7178057, 55.8014233]]]}}, {"type": "Feature", "properties": {"id": 1034, "object_type": "restriction", "restriction_type": "oks"}, "geometry": {"type": "Polygon", "coordinates": [[[37.7176809, 55.80214649999999], [37.7176218, 55.8022595], [37.7178207, 55.80229239999999], [37.7179968882324, 55.80232152981408], [37.71878967531573, 55.80232979246738], [37.7176809, 55.80214649999999]]]}}, {"type": "Feature", "properties": {"id": 1035, "object_type": "restriction", "restriction_type": "oks"}, "geometry": {"type": "Polygon", "coordinates": [[[37.7139902, 55.80141939999999], [37.7141905, 55.801037399999984], [37.7143387, 55.801063099999986], [37.7143831, 55.8009832], [37.7142357, 55.800956199999995], [37.7144773, 55.80050090000001], [37.7145238, 55.80050879999999], [37.7149374, 55.8005788], [37.7150431, 55.80038039999998], [37.7136436, 55.80014400000001], [37.7135778, 55.80026869999999], [37.7130537, 55.80126189999999], [37.7139902, 55.80141939999999]]]}}, {"type": "Feature", "properties": {"id": 1036, "object_type": "restriction", "restriction_type": "oks"}, "geometry": {"type": "Polygon", "coordinates": [[[37.71446, 55.8014449], [37.7144388, 55.80148349999999], [37.7145709, 55.8015058], [37.7145903, 55.8014668], [37.7146705, 55.80148069999999], [37.7150394, 55.80080019999999], [37.7148007, 55.8007593], [37.7145075, 55.80130019999999], [37.7144318, 55.80143979999999], [37.71446, 55.8014449]]]}}, {"type": "Feature", "properties": {"id": 1037, "object_type": "restriction", "restriction_type": "oks"}, "geometry": {"type": "Polygon", "coordinates": [[[37.7144547, 55.7996849], [37.7152775, 55.7998269], [37.7153931, 55.799615], [37.7145703, 55.7994731], [37.7144547, 55.7996849]]]}}, {"type": "Feature", "properties": {"id": 1038, "object_type": "restriction", "restriction_type": "oks"}, "geometry": {"type": "Polygon", "coordinates": [[[37.7253354, 55.7997156], [37.7254994, 55.79941780000001], [37.7253079, 55.79938450000001], [37.7252741, 55.799445899999995], [37.7251788, 55.79961900000001], [37.7251439, 55.7996823], [37.7253354, 55.7997156]]]}}, {"type": "Feature", "properties": {"id": 1039, "object_type": "restriction", "restriction_type": "oks"}, "geometry": {"type": "Polygon", "coordinates": [[[37.72302080000001, 55.7963219], [37.7224303, 55.79488039999999], [37.7222294, 55.7949064], [37.722266, 55.794995699999994], [37.7223316, 55.7951558], [37.7223971, 55.79531579999999], [37.7224627, 55.79547589999999], [37.7225283, 55.795636], [37.7225938, 55.795795999999996], [37.7226594, 55.79595609999999], [37.7227249, 55.79611609999999], [37.7227905, 55.7962762], [37.7228199, 55.7963479], [37.72302080000001, 55.7963219]]]}}, {"type": "Feature", "properties": {"id": 1040, "object_type": "restriction", "restriction_type": "oks"}, "geometry": {"type": "Polygon", "coordinates": [[[37.721801, 55.79595979999999], [37.7212853, 55.79470090000001], [37.7210843, 55.7947269], [37.7211102, 55.7947901], [37.7211761, 55.794951000000005], [37.7212421, 55.795112], [37.721308, 55.7952729], [37.7213739, 55.7954339], [37.7214398, 55.795594799999996], [37.7215058, 55.7957558], [37.721571700000005, 55.7959167], [37.7216, 55.7959858], [37.721801, 55.79595979999999]]]}}, {"type": "Feature", "properties": {"id": 1041, "object_type": "restriction", "restriction_type": "oks"}, "geometry": {"type": "Polygon", "coordinates": [[[37.7245582, 55.7963112], [37.7240425, 55.7950523], [37.7238416, 55.79507830000001], [37.7238655, 55.7951367], [37.7239317, 55.795298300000006], [37.7239979, 55.79545990000001], [37.7240641, 55.79562149999999], [37.7241303, 55.7957832], [37.7241965, 55.79594479999999], [37.7242627, 55.796106400000006], [37.7243289, 55.79626799999998], [37.7243573, 55.7963372], [37.7245582, 55.7963112]]]}}, {"type": "Feature", "properties": {"id": 1042, "object_type": "restriction", "restriction_type": "oks"}, "geometry": {"type": "Polygon", "coordinates": [[[37.72599030000001, 55.79569239999999], [37.7260179, 55.79575859999999], [37.7260889, 55.7959288], [37.7261583, 55.796095199999996], [37.72616257837177, 55.79610544656335], [37.72617686616975, 55.79566777474483], [37.72599030000001, 55.79569239999999]]]}}, {"type": "Feature", "properties": {"id": 1043, "object_type": "restriction", "restriction_type": "oks"}, "geometry": {"type": "Polygon", "coordinates": [[[37.7253542, 55.796573599999995], [37.7249799, 55.7956502], [37.7247778, 55.795676099999994], [37.7248056, 55.795744600000006], [37.7248727, 55.7959101], [37.7249376, 55.796070400000005], [37.7249941, 55.7962096], [37.7250605, 55.79637350000001], [37.7251261, 55.796535399999996], [37.7251521, 55.79659949999999], [37.7253542, 55.796573599999995]]]}}, {"type": "Feature", "properties": {"id": 1044, "object_type": "restriction", "restriction_type": "oks"}, "geometry": {"type": "Polygon", "coordinates": [[[37.7209929, 55.79572230000001], [37.7206023, 55.79479], [37.7203959, 55.7948173], [37.7204318, 55.794902900000004], [37.7204963, 55.79505689999999], [37.7205574, 55.795202800000006], [37.7206257, 55.795365699999984], [37.7206866, 55.79551099999999], [37.7207564, 55.79567780000001], [37.7207865, 55.7957496], [37.7209929, 55.79572230000001]]]}}, {"type": "Feature", "properties": {"id": 1045, "object_type": "restriction", "restriction_type": "oks"}, "geometry": {"type": "Polygon", "coordinates": [[[37.7202046, 55.79585219999999], [37.7198744, 55.795046199999994], [37.7196734, 55.7950722], [37.7197043, 55.795147699999994], [37.719772000000006, 55.7953129], [37.7198402, 55.7954794], [37.7199071, 55.79564270000001], [37.7199733, 55.79580429999999], [37.7200036, 55.795878200000004], [37.7202046, 55.79585219999999]]]}}, {"type": "Feature", "properties": {"id": 1046, "object_type": "restriction", "restriction_type": "oks"}, "geometry": {"type": "Polygon", "coordinates": [[[37.7232874, 55.79668329999999], [37.7234527, 55.79671139999999], [37.7237641, 55.7967643], [37.7240669, 55.79681579999998], [37.7243805, 55.796869099999995], [37.7245444, 55.796897], [37.7246032, 55.796787699999996], [37.7233462, 55.79657399999999], [37.7232874, 55.79668329999999]]]}}, {"type": "Feature", "properties": {"id": 1047, "object_type": "restriction", "restriction_type": "oks"}, "geometry": {"type": "Polygon", "coordinates": [[[37.7201419, 55.7961713], [37.7203265, 55.796203], [37.7206357, 55.7962559], [37.720937, 55.7963075], [37.7212468, 55.79636059999999], [37.7214042, 55.7963876], [37.7214641, 55.796277], [37.7202019, 55.796060699999984], [37.7201419, 55.7961713]]]}}, {"type": "Feature", "properties": {"id": 1048, "object_type": "restriction", "restriction_type": "oks"}, "geometry": {"type": "Polygon", "coordinates": [[[37.7236984, 55.7927718], [37.724443, 55.791318200000006], [37.724234800000005, 55.79128449999999], [37.7241818, 55.7913879], [37.7240917, 55.79156389999999], [37.7240021, 55.7917388], [37.7239124, 55.791913799999996], [37.723811, 55.79211169999999], [37.7237205, 55.792288299999996], [37.7236296, 55.7924658], [37.7235394, 55.792642], [37.7234901, 55.7927381], [37.7236984, 55.7927718]]]}}, {"type": "Feature", "properties": {"id": 1049, "object_type": "restriction", "restriction_type": "oks"}, "geometry": {"type": "Polygon", "coordinates": [[[37.7225889, 55.7931046], [37.7227626, 55.793134599999995], [37.7230692, 55.7931875], [37.7233715, 55.7932397], [37.7236794, 55.7932929], [37.7239879, 55.7933461], [37.7242951, 55.79339919999999], [37.7244622, 55.793428], [37.7245248, 55.7933134], [37.7226515, 55.79299000000001], [37.7225889, 55.7931046]]]}}, {"type": "Feature", "properties": {"id": 1050, "object_type": "restriction", "restriction_type": "oks"}, "geometry": {"type": "Polygon", "coordinates": [[[37.7216852, 55.793551799999996], [37.7217367, 55.79329739999999], [37.721507200000005, 55.7932827], [37.7214823, 55.7934053], [37.7214556, 55.793537099999995], [37.7216852, 55.793551799999996]]]}}, {"type": "Feature", "properties": {"id": 1051, "object_type": "restriction", "restriction_type": "oks"}, "geometry": {"type": "Polygon", "coordinates": [[[37.7212619, 55.79405239999999], [37.7212999, 55.7937913], [37.7210593, 55.7937802], [37.72104, 55.7939133], [37.7210214, 55.7940413], [37.7212619, 55.79405239999999]]]}}, {"type": "Feature", "properties": {"id": 1052, "object_type": "restriction", "restriction_type": "oks"}, "geometry": {"type": "Polygon", "coordinates": [[[37.7205663, 55.7937494], [37.720603, 55.7935711], [37.7207282, 55.7935793], [37.7207673, 55.7933893], [37.7203033, 55.7933591], [37.7202642, 55.793548999999985], [37.7203901, 55.793557199999995], [37.7203786, 55.79361329999999], [37.7203534, 55.79373549999999], [37.7205663, 55.7937494]]]}}, {"type": "Feature", "properties": {"id": 1053, "object_type": "restriction", "restriction_type": "oks"}, "geometry": {"type": "Polygon", "coordinates": [[[37.720026, 55.79430359999999], [37.7201326, 55.7943229], [37.7204083, 55.7943726], [37.7206852, 55.79442250000001], [37.7208159, 55.794446099999995], [37.720883, 55.794328500000006], [37.7200931, 55.7941861], [37.720026, 55.79430359999999]]]}}, {"type": "Feature", "properties": {"id": 1054, "object_type": "restriction", "restriction_type": "oks"}, "geometry": {"type": "Polygon", "coordinates": [[[37.7227391, 55.7947905], [37.7228494, 55.794809400000005], [37.7231473, 55.79486049999999], [37.7234553, 55.79491329999998], [37.723561, 55.7949314], [37.7236225, 55.79481799999999], [37.7228006, 55.79467710000001], [37.7227391, 55.7947905]]]}}, {"type": "Feature", "properties": {"id": 1055, "object_type": "restriction", "restriction_type": "oks"}, "geometry": {"type": "Polygon", "coordinates": [[[37.7185985, 55.79549809999999], [37.7186743, 55.7952419], [37.7184529, 55.7952212], [37.7184149, 55.7953493], [37.718377, 55.7954773], [37.7185985, 55.79549809999999]]]}}, {"type": "Feature", "properties": {"id": 1056, "object_type": "restriction", "restriction_type": "oks"}, "geometry": {"type": "Polygon", "coordinates": [[[37.7190335, 55.79514879999999], [37.7190996, 55.79489509999999], [37.7188702, 55.7948762], [37.7188371, 55.7950031], [37.718804, 55.7951299], [37.7190335, 55.79514879999999]]]}}, {"type": "Feature", "properties": {"id": 1057, "object_type": "restriction", "restriction_type": "oks"}, "geometry": {"type": "Polygon", "coordinates": [[[37.7158353, 55.79473649999999], [37.7160286, 55.794754100000006], [37.7163355, 55.7947821], [37.7166545, 55.7948111], [37.7169694, 55.79483979999999], [37.7171438, 55.7948557], [37.7171764, 55.794742799999995], [37.7158679, 55.7946236], [37.7158353, 55.79473649999999]]]}}, {"type": "Feature", "properties": {"id": 1058, "object_type": "restriction", "restriction_type": "oks"}, "geometry": {"type": "Polygon", "coordinates": [[[37.7171454, 55.7953963], [37.7171713, 55.79527409999999], [37.717196300000005, 55.7951562], [37.7169694, 55.795141], [37.7169185, 55.79538110000001], [37.7171454, 55.7953963]]]}}, {"type": "Feature", "properties": {"id": 1059, "object_type": "restriction", "restriction_type": "oks"}, "geometry": {"type": "Polygon", "coordinates": [[[37.7250498, 55.7910684], [37.7251949, 55.79083030000001], [37.7249564, 55.7907844], [37.7248824, 55.790905699999996], [37.7248112, 55.7910224], [37.7250498, 55.7910684]]]}}, {"type": "Feature", "properties": {"id": 1060, "object_type": "restriction", "restriction_type": "oks"}, "geometry": {"type": "Polygon", "coordinates": [[[37.7260615, 55.7912634], [37.7262066, 55.79102530000001], [37.7259682, 55.7909794], [37.7258958, 55.791098099999985], [37.725823, 55.7912174], [37.7260615, 55.7912634]]]}}, {"type": "Feature", "properties": {"id": 1061, "object_type": "restriction", "restriction_type": "oks"}, "geometry": {"type": "Polygon", "coordinates": [[[37.7261275, 55.7943213], [37.726220306574184, 55.79433700951665], [37.726226717893624, 55.79414059391245], [37.7262244, 55.794140199999994], [37.7261275, 55.7943213]]]}}, {"type": "Feature", "properties": {"id": 1062, "object_type": "restriction", "restriction_type": "oks"}, "geometry": {"type": "Polygon", "coordinates": [[[37.7239197, 55.79436170000001], [37.7240007, 55.7942072], [37.7240816, 55.79405259999999], [37.7241626, 55.7938981], [37.724205, 55.793817299999986], [37.7240044, 55.79378410000001], [37.7236766, 55.7944093], [37.7238773, 55.7944425], [37.7239197, 55.79436170000001]]]}}, {"type": "Feature", "properties": {"id": 1063, "object_type": "restriction", "restriction_type": "oks"}, "geometry": {"type": "Polygon", "coordinates": [[[37.7256769, 55.79274339999999], [37.725737, 55.792634299999996], [37.7253999, 55.792575500000005], [37.725427100000005, 55.7925262], [37.7254001, 55.79252150000001], [37.7254623, 55.792408699999996], [37.7259332, 55.792490699999995], [37.7260034, 55.792363399999985], [37.7249887, 55.7921866], [37.7249185, 55.7923139], [37.7254174, 55.79240080000001], [37.7253547, 55.792514499999996], [37.7253214, 55.7925087], [37.7252946, 55.79255719999999], [37.7249549, 55.792497899999994], [37.7248947, 55.79260699999999], [37.7256769, 55.79274339999999]]]}}, {"type": "Feature", "properties": {"id": 1064, "object_type": "restriction", "restriction_type": "oks"}, "geometry": {"type": "Polygon", "coordinates": [[[37.72624418426517, 55.79360548606761], [37.72625209846383, 55.79336301704798], [37.7261673, 55.79350660000001], [37.7261223, 55.7935827], [37.72624418426517, 55.79360548606761]]]}}, {"type": "Feature", "properties": {"id": 1065, "object_type": "restriction", "restriction_type": "oks"}, "geometry": {"type": "Polygon", "coordinates": [[[37.7247912, 55.7934009], [37.7252138, 55.79347109999999], [37.7256294, 55.7935402], [37.7256943, 55.7934169], [37.7248561, 55.793277599999996], [37.7247912, 55.7934009]]]}}, {"type": "Feature", "properties": {"id": 1066, "object_type": "restriction", "restriction_type": "oks"}, "geometry": {"type": "Polygon", "coordinates": [[[37.7246799, 55.7951895], [37.7249504, 55.7952322], [37.7249256, 55.79528189999999], [37.7252574, 55.7953342], [37.7252821, 55.795284699999996], [37.7256919, 55.795349300000005], [37.7258527, 55.795027], [37.7254429, 55.79496239999999], [37.7253749, 55.79509889999999], [37.7252105, 55.79507289999999], [37.725043, 55.795046500000005], [37.7251111, 55.7949101], [37.7245574, 55.7948228], [37.7246799, 55.7951895]]]}}, {"type": "Feature", "properties": {"id": 1067, "object_type": "restriction", "restriction_type": "oks"}, "geometry": {"type": "Polygon", "coordinates": [[[37.7161438, 55.795601999999995], [37.7161714, 55.79548019999998], [37.71619870000001, 55.79535959999999], [37.7159737, 55.795343499999994], [37.7158464, 55.79533440000001], [37.7157914, 55.7955768], [37.7159187, 55.7955859], [37.7161438, 55.795601999999995]]]}}, {"type": "Feature", "properties": {"id": 1068, "object_type": "restriction", "restriction_type": "oks"}, "geometry": {"type": "Polygon", "coordinates": [[[37.7158464, 55.79533440000001], [37.7159737, 55.795343499999994], [37.71600180000001, 55.795219499999995], [37.7160294, 55.7950977], [37.7158011, 55.7950813], [37.7157453, 55.7953271], [37.7158464, 55.79533440000001]]]}}, {"type": "Feature", "properties": {"id": 1069, "object_type": "restriction", "restriction_type": "oks"}, "geometry": {"type": "Polygon", "coordinates": [[[37.7143433, 55.793818900000005], [37.7144195, 55.79316980000001], [37.7142037, 55.79316179999999], [37.7141932, 55.793251600000005], [37.7141727, 55.79342589999999], [37.7141533, 55.793592], [37.714136, 55.7937387], [37.7141276, 55.79381090000001], [37.7143433, 55.793818900000005]]]}}, {"type": "Feature", "properties": {"id": 1070, "object_type": "restriction", "restriction_type": "oks"}, "geometry": {"type": "Polygon", "coordinates": [[[37.7144522, 55.792909200000004], [37.714526, 55.792390399999995], [37.7143002, 55.7923803], [37.714281, 55.7925151], [37.714244, 55.792775400000004], [37.71422640000001, 55.7928991], [37.7144522, 55.792909200000004]]]}}, {"type": "Feature", "properties": {"id": 1071, "object_type": "restriction", "restriction_type": "oks"}, "geometry": {"type": "Polygon", "coordinates": [[[37.7212564, 55.80029199999999], [37.7212361, 55.80028850000001], [37.721202000000005, 55.80035159999999], [37.7214721, 55.800397699999984], [37.721746, 55.8004445], [37.7217796, 55.8003822], [37.7217617, 55.8003791], [37.7218031, 55.8003023], [37.7215547, 55.800259899999986], [37.7212974, 55.800216000000006], [37.7212564, 55.80029199999999]]]}}, {"type": "Feature", "properties": {"id": 1072, "object_type": "restriction", "restriction_type": "oks"}, "geometry": {"type": "Polygon", "coordinates": [[[37.7209065, 55.801539899999995], [37.7211211, 55.8015754], [37.7213363, 55.801611], [37.7212805, 55.801717599999996], [37.7211186, 55.801690900000004], [37.7208471, 55.801645999999984], [37.7208748, 55.801593], [37.720713, 55.80156629999999], [37.7206013, 55.8015478], [37.720618, 55.801516], [37.7207142, 55.80153190000001], [37.7207334, 55.80149529999999], [37.7204511, 55.8014486], [37.7204326, 55.8014841], [37.7205209, 55.8014987], [37.7205034, 55.8015321], [37.7203748, 55.8015109], [37.7202162, 55.8014847], [37.7201077, 55.80169209999999], [37.7200686, 55.8017668], [37.720319, 55.80180819999999], [37.7207277, 55.80187569999998], [37.7208225, 55.801694499999996], [37.7213447, 55.801780799999996], [37.7214254, 55.8016265], [37.7215268, 55.801643199999994], [37.7218267, 55.8016928], [37.7221379, 55.8017442], [37.7222066, 55.8016127], [37.7209748, 55.8014092], [37.7209065, 55.801539899999995]]]}}, {"type": "Feature", "properties": {"id": 1073, "object_type": "restriction", "restriction_type": "oks"}, "geometry": {"type": "Polygon", "coordinates": [[[37.7193576, 55.80206400000001], [37.7193726, 55.80203529999999], [37.7194088, 55.80204129999999], [37.7198279, 55.801241], [37.7196359, 55.80120929999999], [37.7196221, 55.80123569999999], [37.7195989, 55.80123189999998], [37.7195659, 55.8012949], [37.719534900000006, 55.80135419999999], [37.7195613, 55.8013585], [37.7195144, 55.80144810000001], [37.7194887, 55.801443799999994], [37.7194598, 55.80149889999999], [37.719428, 55.8015597], [37.7194536, 55.80156399999999], [37.7194078, 55.801651400000004], [37.7193836, 55.8016474], [37.7193543, 55.80170329999999], [37.7193237, 55.8017619], [37.7193482, 55.80176589999999], [37.7193, 55.801858], [37.7192772, 55.801854199999994], [37.7192467, 55.80191249999999], [37.7192124, 55.80197799999999], [37.7192341, 55.801981600000005], [37.7192042, 55.8020387], [37.7193576, 55.80206400000001]]]}}, {"type": "Feature", "properties": {"id": 1074, "object_type": "restriction", "restriction_type": "oks"}, "geometry": {"type": "Polygon", "coordinates": [[[37.7170919, 55.8018596], [37.7172742, 55.801891], [37.71734560000001, 55.80176050000001], [37.7172921, 55.801751299999985], [37.7173909, 55.8015725], [37.7171273, 55.801525899999994], [37.717004, 55.8017599], [37.7170813, 55.80177319999999], [37.7170041, 55.801914499999995], [37.7169756, 55.8019098], [37.7169684, 55.8019235], [37.7164674, 55.801840299999995], [37.7164744, 55.8018271], [37.7162587, 55.8017912], [37.7161978, 55.801907199999995], [37.7163026, 55.8019246], [37.7162651, 55.80199600000001], [37.7164399, 55.802025], [37.7164527, 55.802000799999995], [37.71647740000001, 55.8019537], [37.7168909, 55.80202229999999], [37.716872, 55.802058399999986], [37.716853, 55.80209450000002], [37.7170216, 55.802122499999996], [37.717061, 55.80204749999999], [37.71716, 55.80206390000001], [37.7172196, 55.801950299999994], [37.7170571, 55.8019233], [37.7170919, 55.8018596]]]}}, {"type": "Feature", "properties": {"id": 1075, "object_type": "restriction", "restriction_type": "oks"}, "geometry": {"type": "Polygon", "coordinates": [[[37.7198243, 55.7992543], [37.7199037, 55.79926830000001], [37.719929, 55.799223], [37.7207548, 55.799368900000005], [37.7207326, 55.7994086], [37.7208213, 55.799424300000005], [37.7209013, 55.7992813], [37.7199074, 55.7991056], [37.7198243, 55.7992543]]]}}, {"type": "Feature", "properties": {"id": 1076, "object_type": "restriction", "restriction_type": "oks"}, "geometry": {"type": "Polygon", "coordinates": [[[37.7250228, 55.8003094], [37.7251371, 55.800328], [37.7251583, 55.80028690000001], [37.725975, 55.8004199], [37.7259532, 55.800462200000005], [37.72601997527012, 55.80047308032416], [37.72602537619335, 55.80030768337471], [37.7251012, 55.800157199999994], [37.7250228, 55.8003094]]]}}, {"type": "Feature", "properties": {"id": 1077, "object_type": "restriction", "restriction_type": "oks"}, "geometry": {"type": "Polygon", "coordinates": [[[37.7181356, 55.7979926], [37.7185485, 55.798063], [37.7186066, 55.7979547], [37.7181931, 55.797884200000006], [37.7181356, 55.7979926]]]}}, {"type": "Feature", "properties": {"id": 1078, "object_type": "restriction", "restriction_type": "oks"}, "geometry": {"type": "Polygon", "coordinates": [[[37.7154793, 55.79731159999999], [37.7155072, 55.7971631], [37.7155286, 55.7970563], [37.7152943, 55.797042], [37.7152674, 55.7971736], [37.71524310000001, 55.7972994], [37.7154793, 55.79731159999999]]]}}, {"type": "Feature", "properties": {"id": 1079, "object_type": "restriction", "restriction_type": "oks"}, "geometry": {"type": "Polygon", "coordinates": [[[37.7250909, 55.798352699999995], [37.725146800000005, 55.798362], [37.7251161, 55.7984205], [37.7252166, 55.798437099999994], [37.7251905, 55.79848689999999], [37.7252903, 55.7985035], [37.7254511, 55.7985301], [37.7255373, 55.79836049999999], [37.7251235, 55.7982906], [37.7250909, 55.798352699999995]]]}}, {"type": "Feature", "properties": {"id": 1080, "object_type": "restriction", "restriction_type": "oks"}, "geometry": {"type": "Polygon", "coordinates": [[[37.7223525, 55.79801200000001], [37.7223829, 55.7979554], [37.7224245, 55.797962399999996], [37.7224629, 55.7978908], [37.7224203, 55.7978836], [37.7224701, 55.79779069999999], [37.7223284, 55.79776669999999], [37.7222678, 55.79775649999999], [37.7222155, 55.797853999999994], [37.7221851, 55.797848900000005], [37.7221697, 55.7978777], [37.7221527, 55.7979093], [37.7221799, 55.7979139], [37.7221461, 55.797976999999996], [37.7223525, 55.79801200000001]]]}}, {"type": "Feature", "properties": {"id": 1081, "object_type": "restriction", "restriction_type": "oks"}, "geometry": {"type": "Polygon", "coordinates": [[[37.722932, 55.8011577], [37.7225073, 55.801086700000006], [37.7224427, 55.8012063], [37.7232973, 55.80135210000001], [37.7233619, 55.80123249999999], [37.722932, 55.8011577]]]}}, {"type": "Feature", "properties": {"id": 1082, "object_type": "restriction", "restriction_type": "oks"}, "geometry": {"type": "Polygon", "coordinates": [[[37.7213031, 55.801026], [37.7214338, 55.80104660000001], [37.7214498, 55.80101459999999], [37.7218292, 55.801074299999996], [37.7218116, 55.8011096], [37.72198000000001, 55.8011361], [37.7220418, 55.801012099999994], [37.7216972, 55.8009577], [37.7213633, 55.8009053], [37.7213031, 55.801026]]]}}, {"type": "Feature", "properties": {"id": 1083, "object_type": "restriction", "restriction_type": "oks"}, "geometry": {"type": "Polygon", "coordinates": [[[37.7037244, 55.79983030000001], [37.7037812, 55.79967439999999], [37.703813, 55.7995872], [37.703715167511895, 55.79957581124153], [37.70370493969508, 55.79988364074793], [37.7037244, 55.79983030000001]]]}}, {"type": "Feature", "properties": {"id": 1084, "object_type": "restriction", "restriction_type": "oks"}, "geometry": {"type": "Polygon", "coordinates": [[[37.7038688, 55.799448], [37.7038993, 55.7993654], [37.7039568, 55.7992093], [37.7040167, 55.7990466], [37.7040765, 55.79888449999999], [37.7041019, 55.798815399999995], [37.7038715, 55.7987886], [37.70372842136067, 55.79917689747015], [37.70371998916629, 55.79943069045999], [37.7038688, 55.799448]]]}}, {"type": "Feature", "properties": {"id": 1085, "object_type": "restriction", "restriction_type": "oks"}, "geometry": {"type": "Polygon", "coordinates": [[[37.7055213, 55.799729599999985], [37.7054849, 55.7998216], [37.7051258, 55.7997794], [37.7050239, 55.800034600000004], [37.7053123, 55.8000723], [37.7052914, 55.80012529999999], [37.705243, 55.800119200000005], [37.7052284, 55.80015639999999], [37.705215, 55.800190099999995], [37.7052559, 55.80019519999999], [37.7052173, 55.800292799999994], [37.7048501, 55.80024410000001], [37.7048755, 55.8001802], [37.7047956, 55.80017020000001], [37.7047703, 55.8002337], [37.7046392, 55.8002172], [37.7045797, 55.80036700000001], [37.7054319, 55.800474099999995], [37.7054904, 55.800327], [37.7056307, 55.80034450000001], [37.7058574, 55.799771699999994], [37.705722, 55.79975470000001], [37.7059602, 55.799148900000006], [37.7055965, 55.799102999999995], [37.7053555, 55.7997063], [37.7055213, 55.799729599999985]]]}}, {"type": "Feature", "properties": {"id": 1086, "object_type": "restriction", "restriction_type": "oks"}, "geometry": {"type": "Polygon", "coordinates": [[[37.7043182, 55.79835529999999], [37.704427, 55.79837249999999], [37.7047402, 55.79842199999999], [37.7050624, 55.7984729], [37.7051341, 55.79848419999998], [37.7051949, 55.7983627], [37.7043789, 55.7982338], [37.7043182, 55.79835529999999]]]}}, {"type": "Feature", "properties": {"id": 1087, "object_type": "restriction", "restriction_type": "park"}, "geometry": {"type": "MultiPolygon", "coordinates": [[[[37.7113581, 55.8021348], [37.7115139, 55.80201709999999], [37.711541600000004, 55.8020303], [37.7119454, 55.801798299999994], [37.7113207, 55.8015156], [37.7112739, 55.8015117], [37.7112185, 55.80153020000001], [37.71006205014991, 55.80223854893206], [37.71170721006071, 55.80225579576759], [37.7113581, 55.8021348]]], [[[37.712278600000005, 55.80193700000001], [37.71188507246494, 55.802257659047534], [37.71297521728831, 55.802269073740675], [37.712278600000005, 55.80193700000001]]]]}}, {"type": "Feature", "properties": {"id": 1088, "object_type": "restriction", "restriction_type": "road"}, "geometry": {"type": "Polygon", "coordinates": [[[37.71885290101115, 55.79463770535129], [37.71833749609879, 55.79457770478304], [37.7183312032122, 55.79457718070479], [37.71785409681936, 55.79455299052332], [37.717217590423495, 55.79451820110719], [37.717217399895816, 55.79451819087877], [37.71657050071491, 55.79448409092453], [37.71606790160402, 55.79445759097343], [37.71605749838726, 55.794520209026146], [37.716560098786324, 55.7945467090492], [37.717206904814695, 55.79458080409856], [37.717843510072505, 55.79461559892255], [37.71784389640001, 55.79461561927365], [37.718318023783546, 55.79463965842417], [37.71883030161798, 55.79469929495576], [37.71941329940945, 55.7947671947028], [37.71941336587423, 55.79476720241982], [37.719518765953616, 55.79477940242976], [37.7195412340283, 55.79471779756894], [37.71943586735268, 55.79470560142701], [37.71885290101115, 55.79463770535129]]]}}, {"type": "Feature", "properties": {"id": 1089, "object_type": "restriction", "restriction_type": "road"}, "geometry": {"type": "Polygon", "coordinates": [[[37.70868721627099, 55.791697845574454], [37.708752114395665, 55.79169124576527], [37.7087322856197, 55.79162935423384], [37.70866738566964, 55.79163595422889], [37.708222095102194, 55.7916812532701], [37.70795500788708, 55.79170835197343], [37.70797479212826, 55.79177024802569], [37.70824189233386, 55.79174314800533], [37.70868721627099, 55.791697845574454]]]}}, {"type": "Feature", "properties": {"id": 1090, "object_type": "restriction", "restriction_type": "road"}, "geometry": {"type": "Polygon", "coordinates": [[[37.70828087703418, 55.79340938689104], [37.70816147712933, 55.79341558688657], [37.70817172287852, 55.79347821311309], [37.70829112297366, 55.7934720131086], [37.70828087703418, 55.79340938689104]]]}}, {"type": "Feature", "properties": {"id": 1091, "object_type": "restriction", "restriction_type": "road"}, "geometry": {"type": "Polygon", "coordinates": [[[37.70613727252581, 55.78961679425788], [37.70582168194587, 55.78961347262478], [37.705008442402814, 55.78977698334148], [37.70433323687444, 55.78991278444352], [37.70437076315374, 55.7899720155536], [37.70504596060669, 55.789836216056216], [37.70613727252581, 55.78961679425788]]]}}, {"type": "Feature", "properties": {"id": 1092, "object_type": "restriction", "restriction_type": "road"}, "geometry": {"type": "Polygon", "coordinates": [[[37.71200395661835, 55.79441710860059], [37.71199205649354, 55.79432920860534], [37.71188074350002, 55.794333991369435], [37.711892633285025, 55.79442181684181], [37.711965323009686, 55.79499464231197], [37.71207667698431, 55.79499015766278], [37.71200397617008, 55.794417257691556], [37.71200395661835, 55.79441710860059]]]}}, {"type": "Feature", "properties": {"id": 1093, "object_type": "restriction", "restriction_type": "road"}, "geometry": {"type": "Polygon", "coordinates": [[[37.711005371323175, 55.79189114834769], [37.71100535133509, 55.7918910912057], [37.71094215109187, 55.79171129123248], [37.71094210558872, 55.79171116317482], [37.71078590500195, 55.79127626324105], [37.71078585670598, 55.791276130249294], [37.710684856335824, 55.791001030292136], [37.71068473451169, 55.79100070704293], [37.71051013390826, 55.79054910711699], [37.710510083727364, 55.79054897861719], [37.71043818348446, 55.79036667864768], [37.71032921649684, 55.79038032132808], [37.71040109092502, 55.790562557137996], [37.71057560305097, 55.79101393148843], [37.710676518873974, 55.791288803259775], [37.71083267140686, 55.79172357279885], [37.71089583860698, 55.79190328020342], [37.710976028348185, 55.79213365166182], [37.71097606043081, 55.792133743111215], [37.71106986007217, 55.79239904315099], [37.71117933991095, 55.792386756824534], [37.711085555714014, 55.79212150257549], [37.711005371323175, 55.79189114834769]]]}}, {"type": "Feature", "properties": {"id": 1094, "object_type": "restriction", "restriction_type": "road"}, "geometry": {"type": "Polygon", "coordinates": [[[37.71017409693135, 55.789659210883386], [37.71005959621339, 55.78965800960322], [37.71031317699654, 55.79033895731542], [37.710313273973306, 55.7903392124537], [37.710329173918545, 55.79038021246042], [37.710438226063054, 55.79036678751528], [37.71042237543631, 55.790325914977615], [37.71017409693135, 55.789659210883386]]]}}, {"type": "Feature", "properties": {"id": 1095, "object_type": "restriction", "restriction_type": "road"}, "geometry": {"type": "Polygon", "coordinates": [[[37.70967067628151, 55.7927219521199], [37.70946027523133, 55.79219075134371], [37.709459739532825, 55.79218951676924], [37.709298039090775, 55.791847016837615], [37.709190160887225, 55.79186318313859], [37.70935157045165, 55.792205068969615], [37.70956172385518, 55.792735648248424], [37.70965372339033, 55.79296794789488], [37.7097142310173, 55.793120267660626], [37.70982316896388, 55.793106532315136], [37.70976267268164, 55.792954242210136], [37.70967067628151, 55.7927219521199]]]}}, {"type": "Feature", "properties": {"id": 1096, "object_type": "restriction", "restriction_type": "road"}, "geometry": {"type": "Polygon", "coordinates": [[[37.70876462465203, 55.79015771447689], [37.708654775332626, 55.790168885498474], [37.708680275223905, 55.79024848550928], [37.70870368095137, 55.790321303677736], [37.70881351903322, 55.790310096297645], [37.70879012185166, 55.790237305385254], [37.70876462465203, 55.79015771447689]]]}}, {"type": "Feature", "properties": {"id": 1097, "object_type": "restriction", "restriction_type": "oks"}, "geometry": {"type": "Polygon", "coordinates": [[[37.7064788, 55.79396779999999], [37.7065193, 55.79387820000001], [37.7064828, 55.793873], [37.7065007, 55.79383320000001], [37.7065372, 55.79383839999999], [37.7065936, 55.79371369999999], [37.7065559, 55.793708300000006], [37.7065723, 55.7936718], [37.70661, 55.79367719999999], [37.7066498, 55.793589299999994], [37.706309, 55.79354059999999], [37.70627, 55.7936268], [37.7063049, 55.7936318], [37.7062885, 55.7936681], [37.7062537, 55.7936631], [37.706197, 55.793788599999985], [37.7062362, 55.79379419999998], [37.7062186, 55.7938331], [37.7061793, 55.793827499999985], [37.7061379, 55.79391909999998], [37.7064788, 55.79396779999999]]]}}, {"type": "Feature", "properties": {"id": 1098, "object_type": "restriction", "restriction_type": "oks"}, "geometry": {"type": "Polygon", "coordinates": [[[37.7052387, 55.79627249999999], [37.705291, 55.7962802], [37.7053171, 55.79622460000001], [37.7054652, 55.7959093], [37.7055591, 55.795709499999994], [37.70558, 55.79566489999999], [37.7056668, 55.795664699999996], [37.7058171, 55.79566439999999], [37.7059366, 55.79566410000001], [37.7062329, 55.795663399999995], [37.7065769, 55.795662699999994], [37.7069129, 55.79566189999999], [37.7072568, 55.7956611], [37.7075849, 55.795660299999994], [37.7078494, 55.795659699999995], [37.7079895, 55.79565939999999], [37.7079803, 55.7956978], [37.7079357, 55.795884599999994], [37.7079208, 55.795946699999995], [37.7081553, 55.795964999999995], [37.7082496, 55.79554099999999], [37.7058171, 55.79554089999999], [37.7057567, 55.79554089999999], [37.7057552, 55.7955257], [37.7054053, 55.79552499999999], [37.7050735, 55.7962473], [37.7052387, 55.79627249999999]]]}}, {"type": "Feature", "properties": {"id": 1099, "object_type": "restriction", "restriction_type": "oks"}, "geometry": {"type": "Polygon", "coordinates": [[[37.706591, 55.796467799999995], [37.7066343, 55.79635389999999], [37.7060641, 55.79628550000001], [37.7060209, 55.79639939999999], [37.706591, 55.796467799999995]]]}}, {"type": "Feature", "properties": {"id": 1100, "object_type": "restriction", "restriction_type": "oks"}, "geometry": {"type": "Polygon", "coordinates": [[[37.7079366, 55.79612830000001], [37.7079294, 55.796173199999984], [37.7079047, 55.7963262], [37.7078978, 55.796368699999995], [37.7078878, 55.796430599999994], [37.707878, 55.7964301], [37.7078697, 55.796481799999995], [37.7078429, 55.7966473], [37.7078297, 55.7967293], [37.7078167, 55.796728699999996], [37.7078084, 55.796780199999986], [37.7077804, 55.7969541], [37.7077682, 55.79702949999998], [37.70796390000001, 55.797039500000004], [37.7080128, 55.796736700000004], [37.7080233, 55.796737199999995], [37.7080707, 55.7964431], [37.7080863, 55.7964439], [37.7081239, 55.79620849999999], [37.7081356, 55.79613849999999], [37.7079366, 55.79612830000001]]]}}, {"type": "Feature", "properties": {"id": 1101, "object_type": "restriction", "restriction_type": "oks"}, "geometry": {"type": "Polygon", "coordinates": [[[37.7068593, 55.7930816], [37.7068285, 55.7929691], [37.7067958, 55.792971999999985], [37.7067632, 55.7928565], [37.7067906, 55.79285369999999], [37.7067608, 55.7927515], [37.7064925, 55.792775999999996], [37.7065212, 55.792875300000006], [37.7065387, 55.79287389999999], [37.7065717, 55.792990299999985], [37.7065577, 55.792991799999996], [37.7065905, 55.793105999999995], [37.7068593, 55.7930816]]]}}, {"type": "Feature", "properties": {"id": 1102, "object_type": "restriction", "restriction_type": "oks"}, "geometry": {"type": "Polygon", "coordinates": [[[37.7064104, 55.7926408], [37.7065697, 55.792614], [37.7065774, 55.79263099999999], [37.7067262, 55.792606899999996], [37.7064409, 55.792063899999995], [37.7062953, 55.7920876], [37.7063114, 55.792120999999995], [37.7061564, 55.7921464], [37.7064104, 55.7926408]]]}}, {"type": "Feature", "properties": {"id": 1103, "object_type": "restriction", "restriction_type": "oks"}, "geometry": {"type": "Polygon", "coordinates": [[[37.7046844, 55.7931919], [37.7044964, 55.79312269999999], [37.7041727, 55.79342080000001], [37.7042813, 55.79345850000001], [37.7042911, 55.7934493], [37.7043705, 55.7934779], [37.7046844, 55.7931919]]]}}, {"type": "Feature", "properties": {"id": 1104, "object_type": "restriction", "restriction_type": "road"}, "geometry": {"type": "Polygon", "coordinates": [[[37.72368825169781, 55.80150987122628], [37.72366064921489, 55.8015633759131], [37.723583252544636, 55.801713269123596], [37.72355725508826, 55.801763564088425], [37.723433255502655, 55.80200336274265], [37.72343324098285, 55.802003390878795], [37.72337834578307, 55.80210998131513], [37.72324091802671, 55.80237608962765], [37.72334006134909, 55.802377118977226], [37.72347024930634, 55.802125028211286], [37.72352515178846, 55.80201842317505], [37.72364914425828, 55.80177863719298], [37.72367514555823, 55.80172833456432], [37.72375254922699, 55.80157842712221], [37.72378015032046, 55.80152492488357], [37.724029647802155, 55.801041828661475], [37.724061148119425, 55.80098082790845], [37.72396925189853, 55.80096577207446], [37.723937752012816, 55.801026771714476], [37.72368825169781, 55.80150987122628]]]}}, {"type": "Feature", "properties": {"id": 1105, "object_type": "restriction", "restriction_type": "oks"}, "geometry": {"type": "Polygon", "coordinates": [[[37.723677, 55.8019712], [37.7236209, 55.80207759999999], [37.7237711, 55.80210259999999], [37.724069, 55.802152199999995], [37.7243671, 55.80220179999999], [37.7246649, 55.802251299999995], [37.7249629, 55.80230090000001], [37.7252609, 55.8023505], [37.7255589, 55.8024001], [37.72555912472501, 55.80240013734133], [37.72595690976816, 55.80240425933435], [37.72595865406105, 55.8023508491252], [37.723677, 55.8019712]]]}}, {"type": "Feature", "properties": {"id": 1106, "object_type": "restriction", "restriction_type": "oks"}, "geometry": {"type": "Polygon", "coordinates": [[[37.7239705, 55.80140180000001], [37.7239125, 55.8015084], [37.724049, 55.80153189999999], [37.7243335, 55.801580799999996], [37.7246259, 55.80163099999999], [37.7249278, 55.80168290000001], [37.7252509, 55.80173839999999], [37.7255336, 55.801787000000004], [37.7258398, 55.801839599999994], [37.72597459398721, 55.80186276058025], [37.72597837966755, 55.801746838931074], [37.7239705, 55.80140180000001]]]}}, {"type": "Feature", "properties": {"id": 1107, "object_type": "restriction", "restriction_type": "road"}, "geometry": {"type": "Polygon", "coordinates": [[[37.7256347021672, 55.79785033299741], [37.725565297708066, 55.79798866699144], [37.72609832552596, 55.79807352584221], [37.726103177572206, 55.79792491511878], [37.7256347021672, 55.79785033299741]]]}}, {"type": "Feature", "properties": {"id": 1108, "object_type": "restriction", "restriction_type": "oks"}, "geometry": {"type": "Polygon", "coordinates": [[[37.7223807, 55.79286809999999], [37.7226006, 55.792908399999995], [37.7226723, 55.79278470000001], [37.7227449, 55.79265949999999], [37.722525, 55.792619200000004], [37.7223807, 55.79286809999999]]]}}, {"type": "Feature", "properties": {"id": 1109, "object_type": "restriction", "restriction_type": "oks"}, "geometry": {"type": "Polygon", "coordinates": [[[37.7222471, 55.794127700000004], [37.7222683, 55.794089099999994], [37.7230913, 55.794232199999996], [37.7230697, 55.794271699999996], [37.7231617, 55.79428759999999], [37.7232467, 55.794132999999995], [37.7222352, 55.7939572], [37.7221507, 55.79411089999999], [37.7222471, 55.794127700000004]]]}}, {"type": "Feature", "properties": {"id": 1110, "object_type": "restriction", "restriction_type": "oks"}, "geometry": {"type": "Polygon", "coordinates": [[[37.719742, 55.7964427], [37.7198104, 55.7963073], [37.7196397, 55.79628009999999], [37.7197247, 55.79611169999999], [37.7197861, 55.79599029999999], [37.7195408, 55.79595109999998], [37.7194283, 55.79593309999999], [37.7193669, 55.7960545], [37.7192136, 55.7963583], [37.719742, 55.7964427]]]}}, {"type": "Feature", "properties": {"id": 1111, "object_type": "restriction", "restriction_type": "road"}, "geometry": {"type": "Polygon", "coordinates": [[[37.725858305801076, 55.79436296505733], [37.72558052452006, 55.79432016794468], [37.7249728960104, 55.79422676356414], [37.72439739886328, 55.794138264009874], [37.7242989698232, 55.79412315954997], [37.72426963015366, 55.79418384044802], [37.72436801565361, 55.79419893822411], [37.7249435015255, 55.79428743605845], [37.725551091125894, 55.79438083446743], [37.7258288756555, 55.79442363208731], [37.7262155397781, 55.79448304232563], [37.72621765705711, 55.7944181787565], [37.725858305801076, 55.79436296505733]]]}}, {"type": "Feature", "properties": {"id": 1112, "object_type": "restriction", "restriction_type": "road"}, "geometry": {"type": "Polygon", "coordinates": [[[37.71562347004645, 55.79180290137057], [37.71517157083951, 55.7920730257657], [37.71516924101976, 55.79207446991191], [37.71511044100465, 55.792112269877634], [37.715108816331956, 55.79211334228203], [37.71495051627229, 55.79222064218757], [37.71494292066282, 55.79222656550334], [37.71488002059193, 55.79228336546173], [37.714873801029725, 55.792289958705894], [37.71482500092005, 55.79235165867088], [37.71482220207872, 55.79235560976025], [37.714819964959986, 55.792359672887144], [37.71478996482169, 55.79242287286406], [37.71497483524528, 55.79245072706673], [37.71500287974469, 55.792391646367264], [37.71504589550435, 55.7923372594845], [37.71510183877485, 55.79228674146097], [37.715255183909726, 55.792182799863], [37.71531201740477, 55.792146264002504], [37.71576502924625, 55.7918754739394], [37.71576945431153, 55.79187263583013], [37.715848454278856, 55.79181823578267], [37.7158552357247, 55.79181294166481], [37.715914135660874, 55.791760541626005], [37.71575246445909, 55.79170285832127], [37.71569667008727, 55.79175249533319], [37.71562347004645, 55.79180290137057]]]}}, {"type": "Feature", "properties": {"id": 1113, "object_type": "restriction", "restriction_type": "road"}, "geometry": {"type": "Polygon", "coordinates": [[[37.71140327558242, 55.8013505751939], [37.71194767546887, 55.80100837487972], [37.7119527343895, 55.801004915730694], [37.71229603418183, 55.80074921551787], [37.712300758166286, 55.80074535938762], [37.712304869884804, 55.80074128678165], [37.71237856264678, 55.800660294543704], [37.71249365533316, 55.80053390227454], [37.71249564622569, 55.80053158082885], [37.712691945797914, 55.80028798068851], [37.712694721478776, 55.80028415240676], [37.71270655081803, 55.8002658623644], [37.71273415376178, 55.80023112062923], [37.71275414010695, 55.80020591613883], [37.712940084314525, 55.799982043905096], [37.71294057671883, 55.79998144143012], [37.713089576392946, 55.79979614132354], [37.71309037056128, 55.799795125994706], [37.71318238930295, 55.79967412149199], [37.71331525098965, 55.79951550251493], [37.71333776265449, 55.799488588516816], [37.71358315162256, 55.7991956009174], [37.71341004848021, 55.799149599022094], [37.71316464798017, 55.79944259884799], [37.71314213799101, 55.79946951070284], [37.71300854884094, 55.799628997329755], [37.71300712975762, 55.799630774009735], [37.71291481734592, 55.79975216397703], [37.71276646629458, 55.79993665641813], [37.71258041540245, 55.80016065590182], [37.71257971795318, 55.80016151514098], [37.71255943210879, 55.80018709721775], [37.712530446272865, 55.800223579288314], [37.71252787864704, 55.80022714753748], [37.712516136019325, 55.80024530338305], [37.7123223000347, 55.800485844976514], [37.71220824457402, 55.80061109758672], [37.712138334661155, 55.80068793191086], [37.71180246744928, 55.80093809537445], [37.71126107014472, 55.80127840753303], [37.711169719878505, 55.80133459236786], [37.711310880253336, 55.80140740759205], [37.711402580238484, 55.80135100753969], [37.71140327558242, 55.8013505751939]]]}}, {"type": "Feature", "properties": {"id": 1114, "object_type": "restriction", "restriction_type": "road"}, "geometry": {"type": "Polygon", "coordinates": [[[37.71439829440914, 55.795895315592674], [37.71440425638915, 55.79586540596118], [37.71441051596943, 55.795835896172775], [37.71441056150263, 55.79583567773209], [37.714428561291776, 55.79574777771724], [37.71423843873944, 55.79573542220942], [37.71422046090021, 55.79582321294798], [37.714214183991686, 55.79585280374875], [37.71421410569357, 55.795853184338874], [37.71420811620146, 55.79588323125737], [37.71420252690219, 55.7959107781876], [37.71439267312875, 55.79592302173904], [37.714398273062514, 55.79589542173441], [37.71439829440914, 55.795895315592674]]]}}, {"type": "Feature", "properties": {"id": 1115, "object_type": "restriction", "restriction_type": "road"}, "geometry": {"type": "Polygon", "coordinates": [[[37.71130995921098, 55.8014079660977], [37.7111706409211, 55.801334033863256], [37.71091054089441, 55.80148953371668], [37.71090981431788, 55.801489972970394], [37.71076521429631, 55.80157837288803], [37.710905985835595, 55.8016514270721], [37.71105022469714, 55.80156324775648], [37.71130995921098, 55.8014079660977]]]}}, {"type": "Feature", "properties": {"id": 1116, "object_type": "restriction", "restriction_type": "road"}, "geometry": {"type": "Polygon", "coordinates": [[[37.71216329229722, 55.79542776183312], [37.71378899482907, 55.79572516236322], [37.71379105266242, 55.79572552799288], [37.713969652945856, 55.79575632804818], [37.71397153753363, 55.79575664412154], [37.71409385372804, 55.79577658156561], [37.71429727075258, 55.795810517680145], [37.714369729117756, 55.79567268230781], [37.714165929444306, 55.795638682369066], [37.71416516214132, 55.79563855583074], [37.714043406791795, 55.795618709812416], [37.71386677886177, 55.79558824990703], [37.71224257453033, 55.79529112358195], [37.71206834058698, 55.79525841109151], [37.71198765927041, 55.79539478889382], [37.71216235954004, 55.7954275889521], [37.71216329229722, 55.79542776183312]]]}}, {"type": "Feature", "properties": {"id": 1117, "object_type": "restriction", "restriction_type": "road"}, "geometry": {"type": "Polygon", "coordinates": [[[37.71457082432145, 55.79443499874541], [37.714571072349486, 55.79443295537919], [37.714619749196885, 55.79387690430596], [37.714662322318006, 55.79346755311498], [37.71466233380372, 55.79346744066381], [37.714712422051534, 55.79296794567145], [37.71476897127648, 55.79244057010022], [37.71480952912589, 55.792349705315466], [37.71483142572742, 55.79231724976791], [37.71486414648943, 55.79227873367665], [37.71493053611615, 55.792218504747964], [37.71509577189713, 55.792102520854485], [37.71560782047013, 55.791793698990375], [37.715611928345595, 55.79179105359495], [37.71568532831538, 55.79174055355088], [37.715689735903, 55.791737273269895], [37.715693686618614, 55.79173381315931], [37.71573278656813, 55.79169651313302], [37.71556801354815, 55.791641686812234], [37.71553263511933, 55.79167543650287], [37.71546584914438, 55.79172138591964], [37.71495347959992, 55.79203040067918], [37.71494878045537, 55.792033456888156], [37.714777680376834, 55.79215355678458], [37.714771016038725, 55.79215886032904], [37.71469881595637, 55.79222436028121], [37.714693793139205, 55.792229527104794], [37.71465709306634, 55.79227272707885], [37.714653959904396, 55.792276846703494], [37.71462865983142, 55.79231434668484], [37.71462530577522, 55.792320353098006], [37.71458120555617, 55.792419153063875], [37.71457943929003, 55.792424065575645], [37.714578490524744, 55.7924290492764], [37.71452138922762, 55.792961549226035], [37.71452136743023, 55.79296175930661], [37.71447127185115, 55.79346130303313], [37.71442867670039, 55.79387084677317], [37.71442862902261, 55.79387134459078], [37.714380017225636, 55.79442662153618], [37.714368775524974, 55.79449900117116], [37.71436857802477, 55.794500519346826], [37.714319276879685, 55.794970419303205], [37.71451032313701, 55.79497678062264], [37.714559542271985, 55.79450764045257], [37.71457082432145, 55.79443499874541]]]}}, {"type": "Feature", "properties": {"id": 1118, "object_type": "restriction", "restriction_type": "road"}, "geometry": {"type": "Polygon", "coordinates": [[[37.714454489387066, 55.795866342740375], [37.71444491913575, 55.79589534926961], [37.71444452554624, 55.79589662764703], [37.714424625382556, 55.79596622763104], [37.71461357466003, 55.79598337229656], [37.71463329136013, 55.79591441280381], [37.7146427808446, 55.79588565065089], [37.71464303009056, 55.795884862682], [37.71466182994524, 55.79582276266698], [37.71466197997737, 55.79582225231318], [37.71467047990729, 55.795792452306344], [37.71448152013522, 55.79577534762124], [37.71447309290898, 55.7958048922348], [37.714454489387066, 55.795866342740375]]]}}, {"type": "Feature", "properties": {"id": 1119, "object_type": "restriction", "restriction_type": "road"}, "geometry": {"type": "Polygon", "coordinates": [[[37.71427159482338, 55.79630815640654], [37.71445720524015, 55.796334443523705], [37.7144896036139, 55.79626184678188], [37.714611901547364, 55.79598794995503], [37.71442629851618, 55.795961649975204], [37.71430399790881, 55.796235549880514], [37.71427159482338, 55.79630815640654]]]}}, {"type": "Feature", "properties": {"id": 1120, "object_type": "restriction", "restriction_type": "road"}, "geometry": {"type": "Polygon", "coordinates": [[[37.71448364685644, 55.79588631216916], [37.714434121676476, 55.795873331784264], [37.7144337361485, 55.79587323117809], [37.714400829023134, 55.79586468129388], [37.71435142162143, 55.795851731778235], [37.71424377819749, 55.79598206819666], [37.714293378261736, 55.795995068218545], [37.71429376362828, 55.79599516878262], [37.71432667075761, 55.796003718674505], [37.71437607820669, 55.79601666821253], [37.714376227773045, 55.79601670734712], [37.714465427888875, 55.796040007386395], [37.71446854832702, 55.796040794037836], [37.71481944880558, 55.79612609418355], [37.71492055102205, 55.79599410579417], [37.714571221070045, 55.795909187488164], [37.71448364685644, 55.79588631216916]]]}}, {"type": "Feature", "properties": {"id": 1121, "object_type": "restriction", "restriction_type": "road"}, "geometry": {"type": "Polygon", "coordinates": [[[37.71478054483896, 55.79773820518065], [37.714903845605384, 55.797591003878395], [37.714906215580314, 55.79758793044331], [37.71494831546692, 55.797528330412504], [37.71495185966812, 55.797522300891224], [37.71497535955949, 55.79747270087315], [37.71497768762095, 55.7974662097294], [37.71498948750711, 55.79741830971981], [37.71499034022739, 55.79741273724987], [37.71499304011826, 55.79736813724726], [37.71499296350044, 55.79736346735895], [37.714992169668015, 55.7973588187302], [37.7149820695711, 55.797318218737466], [37.714979109750665, 55.79731049438882], [37.71495410964713, 55.79726259440687], [37.714951814951014, 55.79725874099402], [37.7149490113871, 55.797254995926636], [37.71490981130405, 55.79720769595372], [37.7149071870018, 55.79720476558573], [37.71486108692823, 55.797156965616686], [37.714854772048696, 55.797151289676094], [37.71478617199517, 55.797097389718964], [37.714630627879984, 55.79716021023108], [37.71469575677806, 55.79721138302181], [37.714737621524165, 55.797254791682704], [37.7147725298025, 55.797296913267154], [37.71479350641231, 55.79733710463304], [37.7148014765286, 55.79736914323597], [37.71479922921852, 55.79740626396461], [37.7147889219009, 55.79744810427465], [37.71476839668247, 55.79749142537053], [37.71472948467767, 55.797546512020176], [37.71460745479438, 55.79769219531921], [37.714307054651975, 55.798050794545716], [37.71430665453919, 55.79805127836234], [37.713409652627725, 55.799150077722686], [37.713583547473405, 55.79919512221623], [37.714480347632225, 55.79809656404323], [37.71478054483896, 55.79773820518065]]]}}, {"type": "Feature", "properties": {"id": 1122, "object_type": "restriction", "restriction_type": "road"}, "geometry": {"type": "Polygon", "coordinates": [[[37.707667176816216, 55.79183717993319], [37.70764655028095, 55.791771912768034], [37.70750524969401, 55.791786087191205], [37.70752594957883, 55.79185158720246], [37.7075261015661, 55.79185205234881], [37.70757470131453, 55.79199605237529], [37.7075749229432, 55.79199668179363], [37.70758552289319, 55.79202558179939], [37.70772607707793, 55.79200921816026], [37.707715592276315, 55.791980632379655], [37.707667176816216, 55.79183717993319]]]}}, {"type": "Feature", "properties": {"id": 1123, "object_type": "restriction", "restriction_type": "oks"}, "geometry": {"type": "Polygon", "coordinates": [[[37.7118101, 55.793621], [37.7120225, 55.794124399999994], [37.7122478, 55.7940943], [37.7122143, 55.794014999999995], [37.71214640000001, 55.793853999999996], [37.7120845, 55.7937071], [37.7120354, 55.79359089999999], [37.7118101, 55.793621]]]}}, {"type": "Feature", "properties": {"id": 1124, "object_type": "restriction", "restriction_type": "oks"}, "geometry": {"type": "Polygon", "coordinates": [[[37.7143516, 55.79121069999999], [37.714552100000006, 55.79109139999999], [37.7143951, 55.791008], [37.7142173, 55.7911137], [37.7140774, 55.7911969], [37.71498570000001, 55.7916789], [37.7150601, 55.791695399999995], [37.7151291, 55.79169669999999], [37.7151916, 55.79168669999999], [37.7152599, 55.79165939999999], [37.7153038, 55.791621199999994], [37.7155225, 55.791307899999985], [37.7155829, 55.791312799999986], [37.7156515, 55.7911282], [37.7154701, 55.791107399999994], [37.7153952, 55.791291199999996], [37.7153495, 55.791285699999996], [37.7151383, 55.79158099999999], [37.7151233, 55.791588799999985], [37.7150996, 55.79159479999999], [37.7150735, 55.7915956], [37.7150485, 55.79159109999999], [37.7143516, 55.79121069999999]]]}}, {"type": "Feature", "properties": {"id": 1125, "object_type": "restriction", "restriction_type": "oks"}, "geometry": {"type": "Polygon", "coordinates": [[[37.7133488, 55.791211999999994], [37.7131353, 55.791338], [37.7132629, 55.7914064], [37.7135864, 55.79121549999999], [37.7134454, 55.79114], [37.7133429, 55.79108509999999], [37.7134655, 55.79101279999999], [37.7135917, 55.79093829999999], [37.7136892, 55.790990499999985], [37.7138328, 55.79106749999999], [37.7140156, 55.7909596], [37.7141754, 55.79086529999999], [37.7140256, 55.79078509999999], [37.7138058, 55.7909148], [37.7137172, 55.7908673], [37.713535400000005, 55.790769899999994], [37.7132864, 55.7909168], [37.7130539, 55.79105409999999], [37.7133488, 55.791211999999994]]]}}, {"type": "Feature", "properties": {"id": 1126, "object_type": "restriction", "restriction_type": "oks"}, "geometry": {"type": "Polygon", "coordinates": [[[37.7125652, 55.791076], [37.712676, 55.791349299999986], [37.7125988, 55.791359199999995], [37.71268750000001, 55.79157769999999], [37.7128598, 55.79155560000001], [37.7128162, 55.7914483], [37.7127709, 55.791336599999994], [37.7128773, 55.791322900000004], [37.7128343, 55.791217], [37.7127744, 55.7910693], [37.7127007, 55.79088759999999], [37.7126613, 55.790790499999986], [37.7124598, 55.7908163], [37.7125652, 55.791076]]]}}, {"type": "Feature", "properties": {"id": 1127, "object_type": "restriction", "restriction_type": "oks"}, "geometry": {"type": "Polygon", "coordinates": [[[37.7104661, 55.7901988], [37.7106056, 55.7901843], [37.7105807, 55.7901118], [37.7104397, 55.790126799999996], [37.7104661, 55.7901988]]]}}, {"type": "Feature", "properties": {"id": 1128, "object_type": "restriction", "restriction_type": "oks"}, "geometry": {"type": "Polygon", "coordinates": [[[37.7101809, 55.7931178], [37.7101895, 55.7931407], [37.71026150000001, 55.793132199999995], [37.7102528, 55.7931088], [37.710445, 55.793086], [37.7104532, 55.79310779999999], [37.7105283, 55.793098799999996], [37.71052, 55.793076499999984], [37.710793, 55.7930441], [37.7107447, 55.7929154], [37.7104734, 55.7929476], [37.7104644, 55.79292360000001], [37.7104223, 55.7929286], [37.7103801, 55.79293359999999], [37.7103885, 55.79295609999999], [37.7102065, 55.7929777], [37.7101987, 55.7929568], [37.7101586, 55.79296149999999], [37.7101185, 55.7929663], [37.7101269, 55.792988699999995], [37.7098619, 55.79302020000001], [37.7098754, 55.793055900000006], [37.7099106, 55.79314990000001], [37.7101809, 55.7931178]]]}}, {"type": "Feature", "properties": {"id": 1129, "object_type": "restriction", "restriction_type": "oks"}, "geometry": {"type": "Polygon", "coordinates": [[[37.710600591026726, 55.789663684492055], [37.71043068571165, 55.789661902487936], [37.7104957, 55.78984959999998], [37.7103492, 55.7898656], [37.710408, 55.79003539999999], [37.7105658, 55.7900181], [37.710532, 55.789920499999994], [37.7106838, 55.78990389999999], [37.710600591026726, 55.789663684492055]]]}}, {"type": "Feature", "properties": {"id": 1130, "object_type": "restriction", "restriction_type": "oks"}, "geometry": {"type": "Polygon", "coordinates": [[[37.7092114, 55.791494900000004], [37.709198, 55.7914967], [37.709225100000005, 55.79159940000001], [37.7095039, 55.791577], [37.7094777, 55.7914744], [37.7093861, 55.79148150000001], [37.7093555, 55.79136870000001], [37.7093092, 55.79119849999999], [37.7092948, 55.79114539999999], [37.7093919, 55.79113629999999], [37.709359, 55.7910154], [37.7092395, 55.79102569999999], [37.7090899, 55.7910386], [37.7092114, 55.791494900000004]]]}}, {"type": "Feature", "properties": {"id": 1131, "object_type": "restriction", "restriction_type": "oks"}, "geometry": {"type": "Polygon", "coordinates": [[[37.707352, 55.78990659999999], [37.7073456, 55.7898916], [37.7075385, 55.78986939999999], [37.707487, 55.7897209], [37.7074409, 55.78972590000001], [37.7074246, 55.78967990000001], [37.7075254, 55.789668799999994], [37.70751092124542, 55.78963124265279], [37.70724710690934, 55.789628468976254], [37.7073201, 55.7898249], [37.7072236, 55.789836], [37.7072555, 55.78991769999998], [37.707352, 55.78990659999999]]]}}, {"type": "Feature", "properties": {"id": 1132, "object_type": "restriction", "restriction_type": "oks"}, "geometry": {"type": "Polygon", "coordinates": [[[37.7079992, 55.790058900000005], [37.7079539, 55.789899599999984], [37.7077561, 55.7899175], [37.7078008, 55.7900775], [37.7079992, 55.790058900000005]]]}}, {"type": "Feature", "properties": {"id": 1133, "object_type": "restriction", "restriction_type": "oks"}, "geometry": {"type": "Polygon", "coordinates": [[[37.707924, 55.7902808], [37.7078925, 55.7901961], [37.7078275, 55.79020299999999], [37.7077925, 55.7901089], [37.7075005, 55.79014329999999], [37.7075904, 55.79022779999999], [37.707622, 55.7903123], [37.707924, 55.7902808]]]}}, {"type": "Feature", "properties": {"id": 1134, "object_type": "restriction", "restriction_type": "oks"}, "geometry": {"type": "Polygon", "coordinates": [[[37.709255, 55.7908857], [37.7091723, 55.790630900000004], [37.7092775, 55.790620099999984], [37.7091949, 55.79036579999999], [37.7091286, 55.79016150000001], [37.709036, 55.790171], [37.7089552, 55.78992219999999], [37.7087316, 55.78994519999999], [37.7088144, 55.7902003], [37.7089201, 55.79018949999999], [37.7089842, 55.790387], [37.7090668, 55.7906414], [37.7089622, 55.7906521], [37.7090451, 55.79090720000001], [37.709255, 55.7908857]]]}}, {"type": "Feature", "properties": {"id": 1135, "object_type": "restriction", "restriction_type": "oks"}, "geometry": {"type": "Polygon", "coordinates": [[[37.7096957, 55.7897492], [37.7098173, 55.7897358], [37.709848, 55.7898083], [37.7100298, 55.789786699999986], [37.7100523, 55.789784], [37.71000595988581, 55.789657446842924], [37.70966427719982, 55.789653861307904], [37.7096957, 55.7897492]]]}}, {"type": "Feature", "properties": {"id": 1136, "object_type": "restriction", "restriction_type": "oks"}, "geometry": {"type": "Polygon", "coordinates": [[[37.7102001, 55.792624399999994], [37.7100947, 55.79239289999999], [37.7096077, 55.79245459999999], [37.709717, 55.7926869], [37.7102001, 55.792624399999994]]]}}, {"type": "Feature", "properties": {"id": 1137, "object_type": "restriction", "restriction_type": "oks"}, "geometry": {"type": "Polygon", "coordinates": [[[37.713159, 55.7906446], [37.7133284, 55.79066280000001], [37.7133781, 55.790516600000004], [37.7140958, 55.790593699999995], [37.7140631, 55.79069], [37.71423, 55.790708], [37.7142981, 55.79050769999999], [37.7132441, 55.7903944], [37.713159, 55.7906446]]]}}, {"type": "Feature", "properties": {"id": 1138, "object_type": "restriction", "restriction_type": "oks"}, "geometry": {"type": "Polygon", "coordinates": [[[37.713282, 55.790160799999995], [37.7133199, 55.79004260000001], [37.7131767, 55.790028099999994], [37.7131694, 55.7900519], [37.71292520000001, 55.79002710000001], [37.7129324, 55.7900034], [37.7127626, 55.78998619999999], [37.7127248, 55.79010439999999], [37.713282, 55.790160799999995]]]}}, {"type": "Feature", "properties": {"id": 1139, "object_type": "restriction", "restriction_type": "oks"}, "geometry": {"type": "Polygon", "coordinates": [[[37.7125621, 55.7898344], [37.7125332, 55.7897283], [37.7125089, 55.7897307], [37.712496414380965, 55.78968355236705], [37.712333201897195, 55.78968184308132], [37.7123428, 55.789715], [37.7121992, 55.78973009999999], [37.7122364, 55.7898657], [37.7125621, 55.7898344]]]}}, {"type": "Feature", "properties": {"id": 1140, "object_type": "restriction", "restriction_type": "oks"}, "geometry": {"type": "Polygon", "coordinates": [[[37.7115237, 55.789683999999994], [37.7110914, 55.78973619999999], [37.7111065, 55.7897756], [37.710844, 55.789807199999984], [37.7108762, 55.7898915], [37.710828, 55.7898973], [37.7108546, 55.789966899999996], [37.710984, 55.7899513], [37.710961, 55.78989099999999], [37.7115744, 55.7898169], [37.7115237, 55.789683999999994]]]}}, {"type": "Feature", "properties": {"id": 1141, "object_type": "restriction", "restriction_type": "oks"}, "geometry": {"type": "Polygon", "coordinates": [[[37.7128118, 55.790448399999995], [37.7126307, 55.79047389999999], [37.7126411, 55.7904972], [37.712523, 55.79051379999999], [37.712575, 55.7906304], [37.7127339, 55.790608000000006], [37.7128741, 55.7905883], [37.7128118, 55.790448399999995]]]}}, {"type": "Feature", "properties": {"id": 1142, "object_type": "restriction", "restriction_type": "oks"}, "geometry": {"type": "Polygon", "coordinates": [[[37.7118064, 55.7902752], [37.7114298, 55.790313399999995], [37.7114597, 55.790402099999994], [37.711466, 55.7904209], [37.7117301, 55.79039519999999], [37.7117384, 55.79042079999999], [37.7118504, 55.7904094], [37.7118064, 55.7902752]]]}}, {"type": "Feature", "properties": {"id": 1143, "object_type": "restriction", "restriction_type": "oks"}, "geometry": {"type": "Polygon", "coordinates": [[[37.7153079, 55.79086629999999], [37.7150964, 55.7908435], [37.7149653, 55.7912283], [37.7151768, 55.7912511], [37.7153079, 55.79086629999999]]]}}, {"type": "Feature", "properties": {"id": 1144, "object_type": "restriction", "restriction_type": "oks"}, "geometry": {"type": "Polygon", "coordinates": [[[37.7147611, 55.790658], [37.71472490000001, 55.79076739999999], [37.7148938, 55.790785099999994], [37.7149279, 55.79068219999999], [37.715018, 55.7906916], [37.7152822, 55.7907215], [37.7155529, 55.7907476], [37.7156488, 55.790757600000006], [37.7156143, 55.7908618], [37.7155764, 55.7909762], [37.7157429, 55.79099360000001], [37.7158496, 55.790670999999996], [37.7147934, 55.79056049999999], [37.7147611, 55.790658]]]}}, {"type": "Feature", "properties": {"id": 1145, "object_type": "restriction", "restriction_type": "oks"}, "geometry": {"type": "Polygon", "coordinates": [[[37.7126582, 55.79290009999999], [37.7126852, 55.792965], [37.7128223, 55.79294699999999], [37.7127948, 55.7928807], [37.7129038, 55.792866], [37.7127986, 55.79262310000001], [37.71269, 55.792637899999995], [37.7126707, 55.7925933], [37.7125639, 55.7926079], [37.7125834, 55.7926528], [37.7125119, 55.7926626], [37.7125435, 55.79273549999999], [37.7124995, 55.792741599999985], [37.7125363, 55.7928266], [37.7125732, 55.7929116], [37.7126582, 55.79290009999999]]]}}, {"type": "Feature", "properties": {"id": 1146, "object_type": "restriction", "restriction_type": "oks"}, "geometry": {"type": "Polygon", "coordinates": [[[37.7116182, 55.7930573], [37.7116329, 55.7930921], [37.7116456, 55.793122299999986], [37.7117826, 55.793104099999994], [37.7117695, 55.793073], [37.7117547, 55.793037899999995], [37.7118628, 55.79302349999999], [37.7118274, 55.7929396], [37.7117601, 55.792780199999996], [37.7116498, 55.792794900000004], [37.7116312, 55.7927506], [37.7115242, 55.7927649], [37.7115433, 55.79281019999999], [37.7114724, 55.7928196], [37.7115033, 55.7928928], [37.7114606, 55.79289850000001], [37.7115324, 55.7930688], [37.7116182, 55.7930573]]]}}, {"type": "Feature", "properties": {"id": 1147, "object_type": "restriction", "restriction_type": "oks"}, "geometry": {"type": "Polygon", "coordinates": [[[37.7131389, 55.793854800000005], [37.7135612, 55.7938682], [37.7137697, 55.7938747], [37.7137836, 55.79373509999999], [37.7129282, 55.793708099999996], [37.7129143, 55.79384769999999], [37.7131389, 55.793854800000005]]]}}, {"type": "Feature", "properties": {"id": 1148, "object_type": "restriction", "restriction_type": "oks"}, "geometry": {"type": "Polygon", "coordinates": [[[37.71342210000001, 55.7928921], [37.71346870000001, 55.7928842], [37.7134532, 55.79284869999999], [37.7134461, 55.7928323], [37.7131646, 55.792871199999986], [37.7132104, 55.7929715], [37.7134404, 55.7929372], [37.71342210000001, 55.7928921]]]}}, {"type": "Feature", "properties": {"id": 1149, "object_type": "restriction", "restriction_type": "oks"}, "geometry": {"type": "Polygon", "coordinates": [[[37.7136032, 55.79273359999999], [37.7135963, 55.792723099999996], [37.7137275, 55.792698699999995], [37.7138572, 55.7926747], [37.7138113, 55.7926034], [37.7137927, 55.7925773], [37.7137407, 55.7925017], [37.7136843, 55.7925117], [37.7136924, 55.7925244], [37.71346590000001, 55.792567], [37.7134883, 55.7926012], [37.7134438, 55.792610399999994], [37.7135337, 55.79274710000001], [37.7136032, 55.79273359999999]]]}}, {"type": "Feature", "properties": {"id": 1150, "object_type": "restriction", "restriction_type": "oks"}, "geometry": {"type": "Polygon", "coordinates": [[[37.7133136, 55.7928083], [37.7133123, 55.7928051], [37.7133667, 55.792797], [37.7132945, 55.79264409999999], [37.7132436, 55.7926518], [37.7132193, 55.7926032], [37.7132612, 55.7925941], [37.7132251, 55.79253580000001], [37.7132857, 55.792522], [37.7132508, 55.79246880000001], [37.7132326, 55.792441099999984], [37.7129799, 55.792496299999996], [37.7130259, 55.7925801], [37.7131477, 55.79283370000001], [37.7133136, 55.7928083]]]}}, {"type": "Feature", "properties": {"id": 1151, "object_type": "restriction", "restriction_type": "oks"}, "geometry": {"type": "Polygon", "coordinates": [[[37.7135136, 55.79215719999999], [37.7131886, 55.79159680000001], [37.7130894, 55.79161469999999], [37.7130419, 55.79162329999998], [37.713032, 55.79160610000001], [37.7129268, 55.79162509999999], [37.7129367, 55.79164229999999], [37.7128904, 55.7916506], [37.7128701, 55.79161559999999], [37.7127742, 55.791632899999996], [37.712989, 55.792223], [37.7135136, 55.79215719999999]]]}}, {"type": "Feature", "properties": {"id": 1152, "object_type": "restriction", "restriction_type": "oks"}, "geometry": {"type": "Polygon", "coordinates": [[[37.7119313, 55.7923496], [37.7122259, 55.7923107], [37.7123527, 55.79229399999999], [37.712302, 55.7921726], [37.7117608, 55.792244], [37.7118115, 55.79236539999999], [37.7119313, 55.7923496]]]}}, {"type": "Feature", "properties": {"id": 1153, "object_type": "restriction", "restriction_type": "oks"}, "geometry": {"type": "Polygon", "coordinates": [[[37.7123502, 55.7916075], [37.7121383, 55.791625900000014], [37.712157, 55.791694199999995], [37.7122044, 55.79186690000001], [37.7122509, 55.792036599999996], [37.7122686, 55.79210099999999], [37.7124805, 55.79208260000001], [37.7123502, 55.7916075]]]}}, {"type": "Feature", "properties": {"id": 1154, "object_type": "restriction", "restriction_type": "oks"}, "geometry": {"type": "Polygon", "coordinates": [[[37.7105651, 55.79194739999999], [37.7107602, 55.79238819999999], [37.710959, 55.792360300000006], [37.7107646, 55.791920999999995], [37.7107451, 55.79187979999998], [37.7105471, 55.79190930000001], [37.7105651, 55.79194739999999]]]}}, {"type": "Feature", "properties": {"id": 1155, "object_type": "restriction", "restriction_type": "oks"}, "geometry": {"type": "Polygon", "coordinates": [[[37.712633, 55.79297179999999], [37.7126768, 55.7930773], [37.7127833, 55.79333380000001], [37.712833, 55.7934535], [37.7130797, 55.79342109999999], [37.7128797, 55.79293949999999], [37.7128223, 55.79294699999999], [37.7126852, 55.792965], [37.712633, 55.79297179999999]]]}}, {"type": "Feature", "properties": {"id": 1156, "object_type": "restriction", "restriction_type": "oks"}, "geometry": {"type": "Polygon", "coordinates": [[[37.7116022, 55.7931281], [37.7118101, 55.793621], [37.7120354, 55.79359089999999], [37.7119802, 55.79346], [37.7118709, 55.79320100000001], [37.7118275, 55.793098099999995], [37.7117826, 55.793104099999994], [37.7116456, 55.793122299999986], [37.7116022, 55.7931281]]]}}, {"type": "Feature", "properties": {"id": 1157, "object_type": "restriction", "restriction_type": "oks"}, "geometry": {"type": "Polygon", "coordinates": [[[37.7145735, 55.791881599999996], [37.7145815, 55.791902], [37.7145657, 55.79192750000001], [37.7145213, 55.79194379999999], [37.7139495, 55.79201059999998], [37.713986, 55.7921104], [37.7146514, 55.79203189999999], [37.7147146, 55.791999800000006], [37.7147489, 55.791968399999995], [37.7147694, 55.79192919999999], [37.7147696, 55.7918869], [37.7147513, 55.79184969999999], [37.7147172, 55.79181700000001], [37.7138296, 55.79134419999999], [37.7135028, 55.7915386], [37.7136347, 55.79160869999999], [37.7138387, 55.79148739999999], [37.7145429, 55.791863000000006], [37.7145735, 55.791881599999996]]]}}, {"type": "Feature", "properties": {"id": 1158, "object_type": "restriction", "restriction_type": "road"}, "geometry": {"type": "Polygon", "coordinates": [[[37.71080267846081, 55.79522669584989], [37.71095759941759, 55.7952395008386], [37.71123847853242, 55.795266260606056], [37.71139111459937, 55.795285410871365], [37.71181351861979, 55.795362848325674], [37.71189248124026, 55.79522615166022], [37.71146428190665, 55.795147651800136], [37.71145253521377, 55.7951458426064], [37.71129073548913, 55.79512554264402], [37.71128427461976, 55.795124830068616], [37.71099877512193, 55.79509763012015], [37.71099602114185, 55.795097385146484], [37.7108363214259, 55.79508418517177], [37.710829499615585, 55.79508372662963], [37.710605900021584, 55.795072126652734], [37.710601758356944, 55.79507195003418], [37.71043425866351, 55.79506635004591], [37.71041914130667, 55.79520984995266], [37.710584568221506, 55.795215380646425], [37.71080267846081, 55.79522669584989]]]}}, {"type": "Feature", "properties": {"id": 1159, "object_type": "restriction", "restriction_type": "oks"}, "geometry": {"type": "Polygon", "coordinates": [[[37.7133111, 55.79432939999999], [37.7133208, 55.79422799999999], [37.7133271, 55.79416169999999], [37.7129101, 55.79414909999999], [37.7128941, 55.7943169], [37.7133111, 55.79432939999999]]]}}, {"type": "Feature", "properties": {"id": 1160, "object_type": "restriction", "restriction_type": "road"}, "geometry": {"type": "Polygon", "coordinates": [[[37.71487626262482, 55.79440924596877], [37.7148746537771, 55.79440918970146], [37.7147217538998, 55.794405089705336], [37.71471644609555, 55.79446791029442], [37.71486854107177, 55.794471988708864], [37.71498593746224, 55.794477054035426], [37.714986218773674, 55.79447706577038], [37.71605871963026, 55.79452026580903], [37.71606668036296, 55.794457534190656], [37.71499432190177, 55.79441433989657], [37.71487626262482, 55.79440924596877]]]}}, {"type": "Feature", "properties": {"id": 1161, "object_type": "restriction", "restriction_type": "road"}, "geometry": {"type": "Polygon", "coordinates": [[[37.71454801193003, 55.79440068599548], [37.71447804516921, 55.794398886850445], [37.71447295482632, 55.7944617131493], [37.7145429548825, 55.79446351315102], [37.714543021264625, 55.79446351483566], [37.71460289835035, 55.79446501426208], [37.7147165755008, 55.79446791367971], [37.71472162449475, 55.794405086320054], [37.714607924586026, 55.79440218632281], [37.71454801193003, 55.79440068599548]]]}}, {"type": "Feature", "properties": {"id": 1162, "object_type": "restriction", "restriction_type": "road"}, "geometry": {"type": "Polygon", "coordinates": [[[37.72521112137679, 55.79057935426065], [37.72520715538578, 55.79057873637245], [37.7252031098241, 55.79057831278853], [37.725199014621694, 55.79057808664265], [37.72519490007575, 55.790578059607874], [37.72505910016945, 55.79058045960668], [37.72505431034899, 55.790580680323906], [37.72504958400087, 55.790581170684504], [37.7250449688213, 55.79058192573999], [37.72504051138461, 55.79058293787071], [37.72503625667328, 55.79058419686264], [37.72492395671739, 55.790621596840744], [37.724919411782224, 55.79062331540828], [37.72491524502277, 55.79062531523102], [37.72491151098617, 55.790627570129246], [37.724530718969696, 55.79088566455598], [37.724322026989256, 55.79102695903768], [37.7243217181364, 55.791027170317534], [37.72403789514574, 55.79122334784318], [37.722215774414174, 55.79245302608855], [37.72221458441009, 55.7924538623967], [37.72143808419208, 55.793022362157664], [37.72151391583994, 55.79305523783076], [37.72228983538089, 55.79248716241277], [37.724111525284165, 55.79125777335798], [37.724111881956006, 55.79125752975682], [37.72439572842199, 55.79106133575299], [37.72460427300423, 55.790920140889206], [37.72497978550306, 55.790665624548666], [37.72507437287291, 55.79063412349738], [37.72518958958267, 55.7906320872654], [37.72545497876345, 55.79068044577068], [37.72592079083734, 55.79076524797682], [37.725950209143086, 55.79071395202122], [37.72548441534648, 55.790629153157674], [37.72521112137679, 55.79057935426065]]]}}, {"type": "Feature", "properties": {"id": 1163, "object_type": "restriction", "restriction_type": "road"}, "geometry": {"type": "Polygon", "coordinates": [[[37.72595022445289, 55.790713954809966], [37.72592077552753, 55.79076524518807], [37.72633442190483, 55.79084063529482], [37.72633625996669, 55.79078431267348], [37.72595022445289, 55.790713954809966]]]}}, {"type": "Feature", "properties": {"id": 1164, "object_type": "restriction", "restriction_type": "road"}, "geometry": {"type": "Polygon", "coordinates": [[[37.714932892096066, 55.79225632368809], [37.71499101405838, 55.792280425465876], [37.715057185898566, 55.79222977452491], [37.71499858591551, 55.79220547454065], [37.714997622432335, 55.79220508383826], [37.714946422448946, 55.79218478385163], [37.71494518046362, 55.79218430539408], [37.714883180486396, 55.79216110540968], [37.71482141947198, 55.79221349458226], [37.714882792778006, 55.7922364600847], [37.714932892096066, 55.79225632368809]]]}}, {"type": "Feature", "properties": {"id": 1165, "object_type": "restriction", "restriction_type": "road"}, "geometry": {"type": "Polygon", "coordinates": [[[37.719691591313754, 55.794454502669296], [37.71969151500925, 55.79445467998887], [37.719592086338594, 55.79468869801705], [37.719567042157514, 55.7947094984175], [37.7195139430054, 55.79471848328959], [37.719546057019066, 55.794778716708244], [37.719618157069974, 55.79476651669914], [37.7196232885326, 55.79476549223805], [37.71962821843639, 55.794764191033465], [37.71963289988498, 55.79476262546325], [37.719637288345474, 55.794760810420144], [37.7196413420721, 55.794758763169945], [37.7196450225033, 55.79475650318742], [37.71964829462854, 55.79475405197095], [37.71969019460678, 55.79471925195521], [37.7196928311011, 55.79471683413851], [37.719695069974804, 55.79471429227383], [37.719696892997334, 55.79471164705901], [37.71969828532431, 55.79470892003343], [37.71980004731609, 55.79446940870923], [37.71984580857083, 55.794364397286174], [37.71984631893364, 55.794363110111064], [37.71996671848231, 55.79402641005561], [37.71985728153547, 55.79401398992008], [37.71973711230475, 55.79435004326188], [37.719691591313754, 55.794454502669296]]]}}, {"type": "Feature", "properties": {"id": 1166, "object_type": "restriction", "restriction_type": "oks"}, "geometry": {"type": "Polygon", "coordinates": [[[37.7216807, 55.79679620000001], [37.7221669, 55.796879499999996], [37.7222302, 55.7967626], [37.7221151, 55.7967429], [37.7222111, 55.7965633], [37.7223109, 55.796376499999994], [37.7221224, 55.79634459999999], [37.7219293, 55.79670610000001], [37.7217466, 55.7966748], [37.7216807, 55.79679620000001]]]}}, {"type": "Feature", "properties": {"id": 1167, "object_type": "restriction", "restriction_type": "oks"}, "geometry": {"type": "Polygon", "coordinates": [[[37.7249329, 55.79734999999999], [37.7254054, 55.7974303], [37.72546930000001, 55.79731149999999], [37.7253689, 55.79729449999999], [37.7254641, 55.7971193], [37.7255592, 55.7969441], [37.7253606, 55.79691], [37.7251704, 55.7972601], [37.7249971, 55.797230600000006], [37.7249329, 55.79734999999999]]]}}, {"type": "Feature", "properties": {"id": 1168, "object_type": "restriction", "restriction_type": "oks"}, "geometry": {"type": "Polygon", "coordinates": [[[37.7187783, 55.7957297], [37.7188291, 55.79563689999999], [37.7186752, 55.79561019999999], [37.7186243, 55.795703], [37.7187783, 55.7957297]]]}}, {"type": "Feature", "properties": {"id": 1169, "object_type": "restriction", "restriction_type": "oks"}, "geometry": {"type": "Polygon", "coordinates": [[[37.7179598, 55.79506400000001], [37.7179839, 55.7949707], [37.7175973, 55.7949391], [37.717579, 55.7950097], [37.7175731, 55.7950324], [37.7179598, 55.79506400000001]]]}}, {"type": "Feature", "properties": {"id": 1170, "object_type": "restriction", "restriction_type": "oks"}, "geometry": {"type": "Polygon", "coordinates": [[[37.7219517, 55.79849860000001], [37.7219977, 55.798409899999996], [37.7219078, 55.798395199999995], [37.7218967, 55.798416599999996], [37.721753, 55.7983931], [37.7217249, 55.79838850000001], [37.7216901, 55.79845579999999], [37.7219517, 55.79849860000001]]]}}, {"type": "Feature", "properties": {"id": 1171, "object_type": "restriction", "restriction_type": "oks"}, "geometry": {"type": "Polygon", "coordinates": [[[37.7229958, 55.80034390000001], [37.7230565, 55.80035350000001], [37.7230993, 55.8002684], [37.7229053, 55.8002376], [37.7228235, 55.8004004], [37.7227729, 55.8003924], [37.7227253, 55.800487099999984], [37.7227685, 55.80049399999999], [37.7227319, 55.80056699999999], [37.7227971, 55.8005773], [37.7228725, 55.80058929999999], [37.7229958, 55.80034390000001]]]}}, {"type": "Feature", "properties": {"id": 1172, "object_type": "restriction", "restriction_type": "oks"}, "geometry": {"type": "Polygon", "coordinates": [[[37.7244116, 55.8009341], [37.7244347, 55.80089149999999], [37.7244958, 55.800901999999994], [37.7245417, 55.80081729999999], [37.7244806, 55.8008068], [37.7245314, 55.800713], [37.7243101, 55.80067509999999], [37.72419020000001, 55.80089619999999], [37.7244116, 55.8009341]]]}}, {"type": "Feature", "properties": {"id": 1173, "object_type": "restriction", "restriction_type": "oks"}, "geometry": {"type": "Polygon", "coordinates": [[[37.7232032, 55.799991599999984], [37.7231889, 55.80002180000001], [37.7232927, 55.800040999999986], [37.7233074, 55.8000164], [37.7233808, 55.80002840000001], [37.7233889, 55.8000095], [37.7234673, 55.8000225], [37.7234667, 55.80003059999999], [37.7235718, 55.8000492], [37.7235792, 55.8000367], [37.7236857, 55.8000546], [37.7236693, 55.8000855], [37.7237819, 55.800104399999995], [37.7237976, 55.800075], [37.7238877, 55.800090099999984], [37.7240071, 55.8001083], [37.7239984, 55.800126], [37.7241695, 55.8001563], [37.7241836, 55.8001769], [37.7242349, 55.8001864], [37.7242639, 55.80017899999999], [37.7242728, 55.80015890000001], [37.7243041, 55.8001649], [37.7243292, 55.8001579], [37.724365600000006, 55.8000757], [37.7243479, 55.8000668], [37.7243265, 55.80006349999999], [37.7243447, 55.80002669999998], [37.723954, 55.7999652], [37.7236441, 55.799915299999995], [37.7232524, 55.79984869999999], [37.723196200000004, 55.7998637], [37.7231357, 55.79997879999999], [37.7232032, 55.799991599999984]]]}}, {"type": "Feature", "properties": {"id": 1174, "object_type": "restriction", "restriction_type": "oks"}, "geometry": {"type": "Polygon", "coordinates": [[[37.7196287, 55.79974729999999], [37.7196812, 55.799650199999995], [37.7199348, 55.799693399999995], [37.7199792, 55.79961109999999], [37.7196184, 55.799549599999985], [37.7195216, 55.79972899999999], [37.7196287, 55.79974729999999]]]}}, {"type": "Feature", "properties": {"id": 1175, "object_type": "restriction", "restriction_type": "oks"}, "geometry": {"type": "Polygon", "coordinates": [[[37.7198991, 55.8001312], [37.720097300000006, 55.800165699999994], [37.7201102, 55.8001424], [37.7202232, 55.8001621], [37.7202678, 55.800081299999995], [37.7202464, 55.800077599999995], [37.7203998, 55.79979959999999], [37.720415, 55.799802299999996], [37.7204593, 55.799722], [37.7203506, 55.799703], [37.7203626, 55.7996814], [37.7201638, 55.7996467], [37.7200855, 55.7997885], [37.7201781, 55.799804599999995], [37.7201364, 55.799880200000004], [37.7198192, 55.79982480000001], [37.7196751, 55.79979969999999], [37.7195714, 55.79998750000001], [37.71994260000001, 55.80005229999999], [37.7198991, 55.8001312]]]}}, {"type": "Feature", "properties": {"id": 1176, "object_type": "restriction", "restriction_type": "oks"}, "geometry": {"type": "Polygon", "coordinates": [[[37.7189953, 55.80003169999999], [37.7191299, 55.79977819999999], [37.7189073, 55.799740899999996], [37.7188404, 55.7998668], [37.7187727, 55.7999943], [37.7189953, 55.80003169999999]]]}}, {"type": "Feature", "properties": {"id": 1177, "object_type": "restriction", "restriction_type": "kindergarten"}, "geometry": {"type": "Polygon", "coordinates": [[[37.7187852, 55.800963700000004], [37.717780600000005, 55.8007904], [37.7174488, 55.801507699999995], [37.7180258, 55.80161149999999], [37.7179198, 55.80180099999998], [37.7188067, 55.8019576], [37.7191835, 55.8012838], [37.7193106, 55.80105649999999], [37.7187852, 55.800963700000004]]]}}, {"type": "Feature", "properties": {"id": 1178, "object_type": "restriction", "restriction_type": "school"}, "geometry": {"type": "Polygon", "coordinates": [[[37.7219476, 55.8018246], [37.7221639, 55.8018577], [37.7223279, 55.80155669999999], [37.7223693, 55.801457], [37.7222746, 55.8012964], [37.7221637, 55.8012759], [37.7210731, 55.8010925], [37.7210263, 55.8011815], [37.7203234, 55.801063400000004], [37.720237, 55.8012252], [37.7198957, 55.80188489999998], [37.7199051, 55.8019257], [37.7199087, 55.8019411], [37.7199879, 55.80197439999999], [37.720231, 55.80194660000001], [37.72174390000001, 55.8021842], [37.7219476, 55.8018246]]]}}, {"type": "Feature", "properties": {"id": 1179, "object_type": "restriction", "restriction_type": "oks"}, "geometry": {"type": "Polygon", "coordinates": [[[37.72097, 55.8008367], [37.7207709, 55.800805699999984], [37.7206788, 55.800993000000005], [37.7208739, 55.801023400000005], [37.72097, 55.8008367]]]}}, {"type": "Feature", "properties": {"id": 1180, "object_type": "restriction", "restriction_type": "oks"}, "geometry": {"type": "Polygon", "coordinates": [[[37.7170831, 55.8005192], [37.7170921, 55.80050299999999], [37.7171145, 55.80050690000001], [37.7171448, 55.80045159999999], [37.71717340000001, 55.8004566], [37.7172003, 55.80040749999999], [37.7171715, 55.8004029], [37.7171982, 55.80035409999999], [37.7171771, 55.8003501], [37.7172008, 55.800307600000004], [37.717217000000005, 55.800311099999995], [37.7172703, 55.8002114], [37.7173031, 55.800217399999994], [37.717297, 55.8002297], [37.7173674, 55.8002413], [37.7173728, 55.8002289], [37.7174292, 55.800238199999995], [37.7174675, 55.8001682], [37.7175624, 55.800185], [37.7175574, 55.80019659999999], [37.7176244, 55.8002084], [37.7176131, 55.8002266], [37.7177005, 55.80024250000001], [37.7177107, 55.800223800000005], [37.7177716, 55.80023459999999], [37.7177783, 55.80022219999999], [37.7179242, 55.8002483], [37.7179175, 55.80026069999999], [37.717976, 55.8002708], [37.717965, 55.8002885], [37.718056, 55.800305], [37.7180665, 55.800285999999986], [37.7181299, 55.80029679999999], [37.718136, 55.8002858], [37.7182347, 55.80030299999999], [37.7182046, 55.800357899999995], [37.7182229, 55.8003611], [37.7181456, 55.8004999], [37.7181455, 55.80050419999999], [37.7181488, 55.8005082], [37.7181549, 55.8005109], [37.7181799, 55.800515299999994], [37.718178, 55.80052959999999], [37.7181854, 55.80054410000001], [37.7182094, 55.8005539], [37.7182391, 55.80055339999999], [37.718262, 55.8005457], [37.71828, 55.800526299999994], [37.7183872, 55.800544899999984], [37.7184534, 55.80042290000001], [37.7186134, 55.800450000000005], [37.7185681, 55.80053759999999], [37.7187952, 55.80057630000001], [37.7188719, 55.8004363], [37.7187517, 55.80041570000001], [37.7187899, 55.8003434], [37.7187129, 55.800330399999986], [37.7187224, 55.8003106], [37.718693, 55.8002816], [37.7184696, 55.8002434], [37.7184531, 55.8002411], [37.7184387, 55.8002418], [37.7184272, 55.80024579999999], [37.7184163, 55.800253], [37.7184033, 55.80027659999999], [37.718265, 55.8002526], [37.7182977, 55.800192900000006], [37.71829880000001, 55.8001829], [37.7182918, 55.800173099999995], [37.7182736, 55.8001661], [37.7176495, 55.800057699999996], [37.7176408, 55.8000735], [37.7175376, 55.800054800000005], [37.7175184, 55.8000898], [37.7174031, 55.8000701], [37.717383, 55.80005200000001], [37.7173397, 55.80004449999999], [37.7173038, 55.8000589], [37.7172917, 55.80008089999999], [37.7173144, 55.80010209999999], [37.7172982, 55.800131199999996], [37.7171982, 55.80011390000001], [37.7171819, 55.80011330000001], [37.7171667, 55.800117799999995], [37.7171579, 55.80012529999999], [37.7171319, 55.8001715], [37.7170548, 55.80015890000001], [37.7170114, 55.80017469999999], [37.7169925, 55.8002067], [37.7170117, 55.800232599999994], [37.7169918, 55.80026899999999], [37.717013, 55.80027340000001], [37.7169904, 55.8003154], [37.7169709, 55.800312000000005], [37.7168867, 55.80046579999999], [37.7169073, 55.800469399999976], [37.7168976, 55.80048729999999], [37.7170831, 55.8005192]]]}}, {"type": "Feature", "properties": {"id": 1181, "object_type": "restriction", "restriction_type": "kindergarten"}, "geometry": {"type": "Polygon", "coordinates": [[[37.7196896, 55.79943320000001], [37.7208014, 55.7996234], [37.7209681, 55.799649], [37.7210077, 55.7996562], [37.7213202, 55.79970839999999], [37.721689, 55.7990052], [37.7215859, 55.79898690000001], [37.7200159, 55.79870789999998], [37.7198817, 55.79894720000001], [37.7197126, 55.79926799999999], [37.7196299, 55.7994219], [37.7196896, 55.79943320000001]]]}}, {"type": "Feature", "properties": {"id": 1182, "object_type": "restriction", "restriction_type": "oks"}, "geometry": {"type": "Polygon", "coordinates": [[[37.7183383, 55.7998722], [37.7184423, 55.799889599999986], [37.7185622, 55.799662999999995], [37.7182082, 55.799603899999994], [37.7181525, 55.79970909999999], [37.7182564, 55.79972649999999], [37.7181922, 55.799847799999995], [37.7183383, 55.7998722]]]}}, {"type": "Feature", "properties": {"id": 1183, "object_type": "restriction", "restriction_type": "oks"}, "geometry": {"type": "Polygon", "coordinates": [[[37.7174066, 55.797953799999995], [37.7173533, 55.797944099999995], [37.7173613, 55.7979303], [37.7173121, 55.79792139999999], [37.7173187, 55.797909700000005], [37.7172166, 55.7978912], [37.7172072, 55.797907599999995], [37.7171465, 55.7978966], [37.7171404, 55.7979072], [37.7170572, 55.7978921], [37.7170633, 55.79788149999999], [37.717019, 55.797873499999994], [37.7170256, 55.797861999999995], [37.7169242, 55.7978436], [37.7169161, 55.7978577], [37.7168533, 55.79784629999999], [37.7168454, 55.79786010000001], [37.7167546, 55.7978436], [37.7167616, 55.7978314], [37.7167166, 55.797823300000005], [37.7167234, 55.79781139999999], [37.7166282, 55.79779409999998], [37.7166204, 55.797807699999986], [37.7165542, 55.7977957], [37.7165464, 55.797809199999996], [37.7164639, 55.797794299999985], [37.7164706, 55.7977825], [37.7164254, 55.7977743], [37.7164325, 55.797762], [37.7163323, 55.7977438], [37.7163249, 55.79775659999999], [37.71626200000001, 55.7977452], [37.7162554, 55.7977566], [37.7162152, 55.797749299999985], [37.7162492, 55.797690100000004], [37.7161651, 55.797674799999996], [37.7161731, 55.79766089999999], [37.7161191, 55.797651099999996], [37.7161274, 55.7976367], [37.7160244, 55.797617999999986], [37.7160165, 55.797631599999995], [37.7159557, 55.797620499999994], [37.7159473, 55.79763520000001], [37.7158497, 55.797617499999994], [37.71578420000001, 55.79773159999999], [37.7158443, 55.7977425], [37.7158379, 55.797753699999994], [37.7159441, 55.79777299999999], [37.7159378, 55.79778389999999], [37.716025, 55.79779969999999], [37.7160317, 55.7977881], [37.7161382, 55.797807399999996], [37.7161442, 55.797797100000004], [37.716178, 55.7978032], [37.7161386, 55.79787179999999], [37.7162464, 55.7978914], [37.7162383, 55.797905500000006], [37.7163341, 55.797922899999996], [37.7163419, 55.79790939999999], [37.7165322, 55.79794399999999], [37.7165271, 55.797952800000004], [37.716622, 55.79797], [37.7166284, 55.79795880000001], [37.7168343, 55.7979962], [37.7168289, 55.798005499999995], [37.7169305, 55.798024], [37.7169385, 55.79801], [37.7171373, 55.79804609999999], [37.71712960000001, 55.79805950000001], [37.7172272, 55.7980772], [37.717234, 55.798065400000006], [37.7173323, 55.7980833], [37.7174066, 55.797953799999995]]]}}, {"type": "Feature", "properties": {"id": 1184, "object_type": "restriction", "restriction_type": "oks"}, "geometry": {"type": "Polygon", "coordinates": [[[37.7157859, 55.798041299999994], [37.7157967, 55.7980228], [37.7159355, 55.798048399999985], [37.7159469, 55.798028900000006], [37.7161348, 55.7980636], [37.7161771, 55.79799119999999], [37.7156926, 55.79790169999998], [37.7156701, 55.79794009999999], [37.715628, 55.7980121], [37.7157859, 55.798041299999994]]]}}, {"type": "Feature", "properties": {"id": 1185, "object_type": "restriction", "restriction_type": "kindergarten"}, "geometry": {"type": "Polygon", "coordinates": [[[37.7251658, 55.800525199999996], [37.7253611, 55.800560299999994], [37.72601331393269, 55.800677073598], [37.72603521344531, 55.800006424603886], [37.72503410000001, 55.79983820000001], [37.7247915, 55.8002447], [37.7248116, 55.80030929999999], [37.7247285, 55.80044649999999], [37.7251658, 55.800525199999996]]]}}, {"type": "Feature", "properties": {"id": 1186, "object_type": "restriction", "restriction_type": "oks"}, "geometry": {"type": "Polygon", "coordinates": [[[37.7234412, 55.80042619999999], [37.723538, 55.800233899999995], [37.7234352, 55.8002175], [37.7234204, 55.8002469], [37.7233466, 55.80023509999999], [37.7233173, 55.800293399999994], [37.7233645, 55.800300899999996], [37.7233118, 55.80040559999999], [37.7234412, 55.80042619999999]]]}}, {"type": "Feature", "properties": {"id": 1187, "object_type": "restriction", "restriction_type": "oks"}, "geometry": {"type": "Polygon", "coordinates": [[[37.7223224, 55.800581599999994], [37.7223554, 55.800518499999995], [37.7220731, 55.80047700000001], [37.7220434, 55.800540500000004], [37.7223224, 55.800581599999994]]]}}, {"type": "Feature", "properties": {"id": 1188, "object_type": "restriction", "restriction_type": "oks"}, "geometry": {"type": "Polygon", "coordinates": [[[37.7154155, 55.802286699999996], [37.7151885, 55.802248899999995], [37.71516585884103, 55.80229198228115], [37.71541137498249, 55.80229454732243], [37.7154155, 55.802286699999996]]]}}, {"type": "Feature", "properties": {"id": 1189, "object_type": "restriction", "restriction_type": "oks"}, "geometry": {"type": "Polygon", "coordinates": [[[37.7161216, 55.80002199999999], [37.7159738, 55.80029280000001], [37.7164433, 55.80037370000001], [37.71667250000001, 55.7999537], [37.7163324, 55.79989499999999], [37.7163628, 55.7998392], [37.7156884, 55.7997229], [37.7155765, 55.799927999999994], [37.7161216, 55.80002199999999]]]}}, {"type": "Feature", "properties": {"id": 1190, "object_type": "restriction", "restriction_type": "oks"}, "geometry": {"type": "Polygon", "coordinates": [[[37.7151791, 55.8001832], [37.715203, 55.8001393], [37.7153522, 55.80016499999999], [37.715418500000006, 55.80004339999999], [37.71526560000001, 55.80001709999999], [37.7152349, 55.8000735], [37.7149944, 55.8000321], [37.7145778, 55.7999603], [37.7145183, 55.800069400000005], [37.7151791, 55.8001832]]]}}, {"type": "Feature", "properties": {"id": 1191, "object_type": "restriction", "restriction_type": "oks"}, "geometry": {"type": "Polygon", "coordinates": [[[37.7175751, 55.801764500000004], [37.717771, 55.801796800000005], [37.7178462, 55.80165300000001], [37.7176503, 55.801620699999994], [37.7175751, 55.801764500000004]]]}}, {"type": "Feature", "properties": {"id": 1192, "object_type": "restriction", "restriction_type": "oks"}, "geometry": {"type": "Polygon", "coordinates": [[[37.7188864, 55.802104], [37.7189202, 55.8020437], [37.718783, 55.80201950000001], [37.7187492, 55.802079799999994], [37.7188864, 55.802104]]]}}, {"type": "Feature", "properties": {"id": 1193, "object_type": "restriction", "restriction_type": "school"}, "geometry": {"type": "Polygon", "coordinates": [[[37.7175324, 55.8017447], [37.7176379, 55.8015451], [37.7174488, 55.801507699999995], [37.716414500000006, 55.801316899999996], [37.7160734, 55.80197009999999], [37.715996, 55.802111399999994], [37.71717130836585, 55.802312919949514], [37.717231287040676, 55.802313545646086], [37.7175324, 55.8017447]]]}}, {"type": "Feature", "properties": {"id": 1194, "object_type": "restriction", "restriction_type": "road"}, "geometry": {"type": "Polygon", "coordinates": [[[37.71864355620979, 55.79667326011705], [37.7184689801164, 55.79664933890339], [37.717084826192504, 55.79640237867062], [37.717007773670545, 55.796539421315906], [37.71839607585071, 55.79678712175876], [37.71840444338072, 55.79678843982922], [37.718581288896374, 55.79681267202227], [37.71931275127061, 55.79692676979448], [37.719380848606775, 55.796788230194736], [37.71864744980275, 55.79667383040237], [37.71864355620979, 55.79667326011705]]]}}, {"type": "Feature", "properties": {"id": 1195, "object_type": "restriction", "restriction_type": "road"}, "geometry": {"type": "Polygon", "coordinates": [[[37.71438341255053, 55.79628231407721], [37.71434538741094, 55.79636028591941], [37.714370559406184, 55.796364181585766], [37.71485813184854, 55.79643987731517], [37.7148962681128, 55.79636192268144], [37.71440866856057, 55.796286222758766], [37.71438341255053, 55.79628231407721]]]}}, {"type": "Feature", "properties": {"id": 1196, "object_type": "restriction", "restriction_type": "road"}, "geometry": {"type": "Polygon", "coordinates": [[[37.71890117509616, 55.79662024062833], [37.71898022476377, 55.79648355935753], [37.71868382522489, 55.79642915945447], [37.71868331454412, 55.79642906639442], [37.71714291695212, 55.79615036689184], [37.717064882909376, 55.79628723309435], [37.718605029804664, 55.79656588736455], [37.71890117509616, 55.79662024062833]]]}}, {"type": "Feature", "properties": {"id": 1197, "object_type": "restriction", "restriction_type": "road"}, "geometry": {"type": "Polygon", "coordinates": [[[37.72593265220886, 55.79068580051364], [37.72593023217299, 55.79068806986518], [37.725893332143485, 55.79072686985247], [37.72597766788418, 55.790752330133174], [37.72601345686447, 55.79071469831874], [37.726347707537094, 55.790433527157866], [37.72635095801121, 55.79033392213707], [37.72593265220886, 55.79068580051364]]]}}, {"type": "Feature", "properties": {"id": 1198, "object_type": "restriction", "restriction_type": "oks"}, "geometry": {"type": "Polygon", "coordinates": [[[37.7153642, 55.8018866], [37.7155342, 55.8019148], [37.7156307, 55.801746], [37.7147939, 55.801607299999986], [37.7146973, 55.8017761], [37.7153642, 55.8018866]]]}}, {"type": "Feature", "properties": {"id": 1199, "object_type": "restriction", "restriction_type": "oks"}, "geometry": {"type": "Polygon", "coordinates": [[[37.7255609, 55.79593849999998], [37.7257482, 55.79597420000001], [37.7258407, 55.7958207], [37.725742, 55.795801899999994], [37.7256534, 55.79578500000001], [37.7255609, 55.79593849999998]]]}}, {"type": "Feature", "properties": {"id": 1200, "object_type": "restriction", "restriction_type": "road"}, "geometry": {"type": "Polygon", "coordinates": [[[37.71612988244062, 55.791661832333965], [37.7166372920199, 55.791698633031224], [37.71701289167712, 55.791725833008336], [37.71716018241655, 55.791736532336216], [37.71746819674204, 55.791758833376946], [37.71783079151842, 55.791785132999465], [37.71890719737089, 55.791863133427896], [37.71934229280946, 55.79189463309953], [37.71941938299586, 55.79190023238704], [37.719431616995486, 55.79184676761248], [37.71935451704731, 55.791841167616546], [37.71891940014538, 55.791809666392275], [37.71784300584244, 55.79173166680926], [37.717480408716646, 55.79170536701913], [37.71717240778816, 55.79168306695243], [37.717025117673806, 55.791672367671076], [37.71664950358855, 55.791645166650454], [37.71614211294142, 55.79160836733075], [37.71599481764972, 55.79159766767333], [37.71591060152788, 55.79159156650411], [37.715898398463494, 55.791645033495406], [37.715982590398944, 55.7916511329115], [37.71612988244062, 55.791661832333965]]]}}, {"type": "Feature", "properties": {"id": 1201, "object_type": "restriction", "restriction_type": "road"}, "geometry": {"type": "Polygon", "coordinates": [[[37.71038940361087, 55.801967455283425], [37.710248396520996, 55.801894544676585], [37.70969401157621, 55.80223468762974], [37.7099494859968, 55.80223736807441], [37.71038940361087, 55.801967455283425]]]}}, {"type": "Feature", "properties": {"id": 1202, "object_type": "restriction", "restriction_type": "road"}, "geometry": {"type": "Polygon", "coordinates": [[[37.715811628133615, 55.80223836505924], [37.71581180482443, 55.80223802954562], [37.71583581698162, 55.8021916988777], [37.71587532647528, 55.80211786776315], [37.71587534865024, 55.80211782624431], [37.7159648455053, 55.801949931591025], [37.716006142499, 55.80187253697035], [37.71613874423724, 55.80162393289371], [37.71631564440514, 55.801292231486705], [37.7163445441017, 55.801238031877446], [37.71640914143976, 55.80111693646892], [37.71649473997652, 55.800956538682996], [37.716654640802794, 55.80065663614997], [37.716712136794314, 55.80054894330381], [37.71672576577266, 55.80052337646256], [37.716762183947786, 55.80045692555225], [37.716762359030454, 55.80045660126792], [37.71707695221575, 55.79986501212906], [37.71710774624129, 55.79980722315036], [37.7169702538002, 55.79978397681138], [37.71693945370806, 55.799841776793826], [37.71662492734607, 55.80043323634524], [37.71658851598937, 55.800499674388924], [37.716588354595515, 55.80049997295997], [37.71657465889793, 55.800525664804375], [37.716517163075636, 55.80063335662515], [37.716357257491914, 55.800933266100344], [37.716271659809394, 55.80109366122997], [37.71620705719909, 55.801214765723664], [37.71617815511458, 55.80126896945347], [37.716001255465116, 55.80160066770392], [37.71586865647805, 55.80184926498636], [37.715827357419194, 55.80192666296786], [37.71573786245848, 55.802094552955744], [37.715698273448524, 55.80216853217604], [37.71569809529085, 55.80216887042971], [37.71567408227303, 55.802215202443854], [37.71563040843232, 55.80229683527062], [37.71577951345289, 55.80229839254714], [37.715811628133615, 55.80223836505924]]]}}, {"type": "Feature", "properties": {"id": 1203, "object_type": "restriction", "restriction_type": "road"}, "geometry": {"type": "Polygon", "coordinates": [[[37.72346452374013, 55.797639993450616], [37.7246236255953, 55.797834193800334], [37.724696374274565, 55.79769640618754], [37.72353727612973, 55.797502206537246], [37.72346452374013, 55.797639993450616]]]}}, {"type": "Feature", "properties": {"id": 1204, "object_type": "restriction", "restriction_type": "road"}, "geometry": {"type": "Polygon", "coordinates": [[[37.72303673423044, 55.797412882830045], [37.72274903469144, 55.797364882916526], [37.72217991762821, 55.79726998008929], [37.722107482242166, 55.79740781989865], [37.72267657422845, 55.79750271858125], [37.72296311209828, 55.79755052470201], [37.72346236599052, 55.79763962018737], [37.723539433872496, 55.79750257979915], [37.723039034658306, 55.79741327995878], [37.72303673423044, 55.797412882830045]]]}}, {"type": "Feature", "properties": {"id": 1205, "object_type": "restriction", "restriction_type": "road"}, "geometry": {"type": "Polygon", "coordinates": [[[37.72306979571971, 55.79733915389772], [37.723849796978186, 55.79746605412698], [37.7239206028948, 55.79732794586146], [37.723141394883974, 55.79720117473941], [37.722147484185975, 55.79703160942865], [37.72207351568195, 55.79716919055885], [37.7230682172657, 55.79733889086381], [37.72306979571971, 55.79733915389772]]]}}, {"type": "Feature", "properties": {"id": 1206, "object_type": "restriction", "restriction_type": "road"}, "geometry": {"type": "Polygon", "coordinates": [[[37.722147639862875, 55.79703163604956], [37.72012084308543, 55.796684236673585], [37.72004655678199, 55.796821763313815], [37.72207336000455, 55.797169163937824], [37.722147639862875, 55.79703163604956]]]}}, {"type": "Feature", "properties": {"id": 1207, "object_type": "restriction", "restriction_type": "road"}, "geometry": {"type": "Polygon", "coordinates": [[[37.72462432374208, 55.79783430954692], [37.72556432525539, 55.79798850982525], [37.72563567461673, 55.797850490163036], [37.724695676130025, 55.79769629044137], [37.72462432374208, 55.79783430954692]]]}}, {"type": "Feature", "properties": {"id": 1208, "object_type": "restriction", "restriction_type": "road"}, "geometry": {"type": "Polygon", "coordinates": [[[37.72610498289906, 55.79786962037345], [37.72610988291176, 55.79771953856759], [37.725376174200704, 55.79758695884106], [37.72537563579931, 55.79758686229115], [37.723923638081516, 55.79732846275323], [37.7238467617818, 55.79746553723335], [37.72529849467239, 55.79772388975601], [37.72610498289906, 55.79786962037345]]]}}, {"type": "Feature", "properties": {"id": 1209, "object_type": "restriction", "restriction_type": "road"}, "geometry": {"type": "Polygon", "coordinates": [[[37.71943173845928, 55.79671445633726], [37.72004593943052, 55.79682165652942], [37.720121460434946, 55.79668434345759], [37.719507560042764, 55.79657719577346], [37.71897905905588, 55.79648334888926], [37.71890234080769, 55.796620451097354], [37.71943114163938, 55.79671435126533], [37.71943173845928, 55.79671445633726]]]}}, {"type": "Feature", "properties": {"id": 1210, "object_type": "restriction", "restriction_type": "road"}, "geometry": {"type": "Polygon", "coordinates": [[[37.720183236001674, 55.797070020960476], [37.722105739036344, 55.79740752156499], [37.72218166082848, 55.79727027842186], [37.72025916386314, 55.7969327790264], [37.720183236001674, 55.797070020960476]]]}}, {"type": "Feature", "properties": {"id": 1211, "object_type": "restriction", "restriction_type": "road"}, "geometry": {"type": "Polygon", "coordinates": [[[37.7148561459862, 55.79643955159911], [37.71617864716599, 55.79666815182988], [37.71622075279178, 55.79659084816609], [37.714898253971555, 55.79636224839684], [37.7148561459862, 55.79643955159911]]]}}, {"type": "Feature", "properties": {"id": 1212, "object_type": "restriction", "restriction_type": "oks"}, "geometry": {"type": "Polygon", "coordinates": [[[37.7149847, 55.7981606], [37.7147646, 55.7981048], [37.71467950000001, 55.7982103], [37.714899300000006, 55.7982683], [37.7149847, 55.7981606]]]}}, {"type": "Feature", "properties": {"id": 1213, "object_type": "restriction", "restriction_type": "water"}, "geometry": {"type": "Polygon", "coordinates": [[[37.70408989348315, 55.794865408263924], [37.70409212510351, 55.794863464961935], [37.704387024661145, 55.79459736470178], [37.70438928082164, 55.79459524882911], [37.70472648021042, 55.79426634852498], [37.70472836301648, 55.79426444604943], [37.70496646251277, 55.79401504583072], [37.704968257496965, 55.79401309471268], [37.70522115687699, 55.79372759447629], [37.705221751630226, 55.79372691408771], [37.705363551265016, 55.7935625139544], [37.705367623700354, 55.79355727113598], [37.70549482323131, 55.79337397101154], [37.70550023969659, 55.79336414194313], [37.70557723913971, 55.793178341863076], [37.70557979733165, 55.793169951327684], [37.70561399677728, 55.79299685128991], [37.7056147340803, 55.792990824538876], [37.70562393344869, 55.79279732452631], [37.70562359905606, 55.792789855689804], [37.70560019850324, 55.79261945571115], [37.70559779508452, 55.792610067711024], [37.70554049461861, 55.79245806776659], [37.70553593571807, 55.79244896799993], [37.705440535307176, 55.792297468090645], [37.70543632465907, 55.79229161196976], [37.70531702430995, 55.79214461207996], [37.70530961689692, 55.79213679767476], [37.70516351666227, 55.7920031978019], [37.70515898041265, 55.79199933423918], [37.70499328023358, 55.79186763437772], [37.70498737982289, 55.791863303246316], [37.70481447972665, 55.79174590338307], [37.704808936143195, 55.791742380707106], [37.70456473610187, 55.79159708088976], [37.704561746445876, 55.79159536066927], [37.704222446449194, 55.79140656091517], [37.70422008219353, 55.791405278762326], [37.70399059322494, 55.791283989338055], [37.70398416070934, 55.79147769290574], [37.7040443208083, 55.79150948866264], [37.704380932919676, 55.791696793258154], [37.70462078939238, 55.79183950904962], [37.704787923651324, 55.79195299427792], [37.70494844069754, 55.79208057508568], [37.70508825100092, 55.792208423855904], [37.70520194120072, 55.792348512039155], [37.70529265236567, 55.79249256664562], [37.70534645219124, 55.792635282927876], [37.70536868876792, 55.79279721466149], [37.705359809631936, 55.79298395321801], [37.70532704006023, 55.79314981052401], [37.70525384252134, 55.793326433885426], [37.70513182730422, 55.79350226163935], [37.70499254274804, 55.79366374472827], [37.70474081371266, 55.793947921894194], [37.70450455299987, 55.79419539457551], [37.704169415217876, 55.79452228222437], [37.70387676314853, 55.79478635317232], [37.70387420291331, 55.79478850581639], [37.70386537841333, 55.79505418013392], [37.70408989348315, 55.794865408263924]]]}}, {"type": "Feature", "properties": {"id": 1214, "object_type": "restriction", "restriction_type": "oks"}, "geometry": {"type": "Polygon", "coordinates": [[[37.7138767, 55.799834399999995], [37.7138057, 55.799956899999984], [37.7144902, 55.80008209999999], [37.7145612, 55.799959599999994], [37.7138767, 55.799834399999995]]]}}, {"type": "Feature", "properties": {"id": 1215, "object_type": "restriction", "restriction_type": "tram_tracks"}, "geometry": {"type": "Polygon", "coordinates": [[[37.70429279143723, 55.792404730313216], [37.70431960855433, 55.79238026968523], [37.703958361707016, 55.792254559319794], [37.70395725227407, 55.79228796600293], [37.70429279143723, 55.792404730313216]]]}}, {"type": "Feature", "properties": {"id": 1216, "object_type": "restriction", "restriction_type": "tram_tracks"}, "geometry": {"type": "Polygon", "coordinates": [[[37.70416409396743, 55.79252360007329], [37.70419050602421, 55.79249899992521], [37.70395293257463, 55.79241803793297], [37.70395182916293, 55.79245126296395], [37.70416409396743, 55.79252360007329]]]}}, {"type": "Feature", "properties": {"id": 1217, "object_type": "restriction", "restriction_type": "tram_tracks"}, "geometry": {"type": "Polygon", "coordinates": [[[37.70397039429689, 55.79269663134183], [37.70399720569468, 55.79267216865664], [37.7039450948238, 55.79265404036403], [37.70394398545552, 55.79268744425551], [37.70397039429689, 55.79269663134183]]]}}, {"type": "Feature", "properties": {"id": 1218, "object_type": "restriction", "restriction_type": "tram_tracks"}, "geometry": {"type": "Polygon", "coordinates": [[[37.70408181945932, 55.79343138894294], [37.70404478055008, 55.793411611054296], [37.7039174205183, 55.79348731288672], [37.70391600449705, 55.79352994806311], [37.70408181945932, 55.79343138894294]]]}}, {"type": "Feature", "properties": {"id": 1219, "object_type": "restriction", "restriction_type": "tram_tracks"}, "geometry": {"type": "Polygon", "coordinates": [[[37.704381724929675, 55.793076665173665], [37.70438199070219, 55.79307514017135], [37.70438669012565, 55.793015746967754], [37.70438908955706, 55.792986053764054], [37.70438909707001, 55.79298484699169], [37.704384997030836, 55.792924846992356], [37.70438474947036, 55.79292332798265], [37.70438421760168, 55.79292183230382], [37.704383407413644, 55.79292037679714], [37.70433170737215, 55.79284227680692], [37.70433060060109, 55.792840847050776], [37.704329225383006, 55.79283949326965], [37.7043275979093, 55.79283823140254], [37.704325737341364, 55.79283707630624], [37.704250137341475, 55.79279497631722], [37.70424817277188, 55.79279398979709], [37.70424603828925, 55.79279312252746], [37.70403403832679, 55.79271602255137], [37.70400636166462, 55.792740177447], [37.70421614180797, 55.79281647014481], [37.704285859487584, 55.79285529442001], [37.70433416061271, 55.79292826001559], [37.704338061692226, 55.792985349527896], [37.70433571042453, 55.79301444623007], [37.70433113094397, 55.793072322449824], [37.704316427449164, 55.79310373441788], [37.70436577255555, 55.793111065577165], [37.70438117253629, 55.793078165574016], [37.704381724929675, 55.793076665173665]]]}}, {"type": "Feature", "properties": {"id": 1220, "object_type": "restriction", "restriction_type": "tram_tracks"}, "geometry": {"type": "Polygon", "coordinates": [[[37.704096634125534, 55.79258564515631], [37.70412336586604, 55.79256115484218], [37.70395017237434, 55.79250115069627], [37.70394906421525, 55.792534518501064], [37.704096634125534, 55.79258564515631]]]}}, {"type": "Feature", "properties": {"id": 1221, "object_type": "restriction", "restriction_type": "tram_tracks"}, "geometry": {"type": "Polygon", "coordinates": [[[37.70403592979935, 55.792641543663535], [37.70406267019222, 55.79261705633496], [37.7039476471341, 55.792577188162994], [37.70394653884078, 55.79261055984895], [37.70403592979935, 55.792641543663535]]]}}, {"type": "Feature", "properties": {"id": 1222, "object_type": "restriction", "restriction_type": "oks"}, "geometry": {"type": "Polygon", "coordinates": [[[37.7148912, 55.802207499999994], [37.7146994, 55.802173699999976], [37.714636537788586, 55.80228645050634], [37.71484596208098, 55.80228863940906], [37.7148912, 55.802207499999994]]]}}, {"type": "Feature", "properties": {"id": 1223, "object_type": "restriction", "restriction_type": "oks"}, "geometry": {"type": "Polygon", "coordinates": [[[37.7041561, 55.79860099999999], [37.7042113, 55.798451699999994], [37.7042433, 55.79836509999999], [37.7040578, 55.798343399999986], [37.7039388, 55.79866549999999], [37.7041243, 55.7986872], [37.7041561, 55.79860099999999]]]}}, {"type": "Feature", "properties": {"id": 1224, "object_type": "restriction", "restriction_type": "oks"}, "geometry": {"type": "Polygon", "coordinates": [[[37.7054384, 55.798677199999986], [37.7059969, 55.79876779999998], [37.7061063, 55.79855469999999], [37.7055478, 55.798464100000004], [37.7054384, 55.798677199999986]]]}}, {"type": "Feature", "properties": {"id": 1225, "object_type": "restriction", "restriction_type": "oks"}, "geometry": {"type": "Polygon", "coordinates": [[[37.7066713, 55.798740499999994], [37.7067003, 55.798744499999984], [37.706676, 55.798800400000005], [37.7066484, 55.7987966], [37.7066255, 55.798849499999996], [37.706690200000004, 55.798858399999986], [37.7066821, 55.79887699999999], [37.7067234, 55.79888269999999], [37.7067201, 55.79889029999999], [37.7067612, 55.798895899999984], [37.7069372, 55.798919999999995], [37.7069434, 55.798905500000004], [37.7069891, 55.7989118], [37.7069962, 55.79889550000001], [37.7070506, 55.7989029], [37.7070742, 55.79884839999999], [37.7070487, 55.79884489999999], [37.707072, 55.79879119999999], [37.7071048, 55.798795699999985], [37.7071257, 55.7987474], [37.7070611, 55.79873860000001], [37.7070685, 55.79872159999999], [37.7069671, 55.798707699999994], [37.7069629, 55.79871729999999], [37.706869, 55.79870449999999], [37.7068738, 55.7986933], [37.7067724, 55.79867939999998], [37.7067625, 55.79870209999999], [37.7066921, 55.798692499999994], [37.7066713, 55.798740499999994]]]}}, {"type": "Feature", "properties": {"id": 1226, "object_type": "restriction", "restriction_type": "oks"}, "geometry": {"type": "Polygon", "coordinates": [[[37.707391, 55.79893820000001], [37.7073411, 55.798931499999995], [37.70731390000001, 55.798995299999994], [37.7072885, 55.79899189999999], [37.7072395, 55.799107099999986], [37.707165, 55.79928209999999], [37.70709, 55.79945839999999], [37.7069726, 55.799442599999985], [37.7068992, 55.79961500000001], [37.7067873, 55.79959999999999], [37.7067771, 55.7996239], [37.7067106, 55.7997801], [37.7065839, 55.79976309999999], [37.7065031, 55.799953], [37.7063686, 55.79993499999999], [37.706291, 55.80011719999999], [37.7061675, 55.8001006], [37.7061195, 55.800213299999996], [37.70606110000001, 55.80035049999999], [37.7060384, 55.8004037], [37.7059993, 55.80049569999999], [37.7060641, 55.800504399999994], [37.7060434, 55.800552999999994], [37.7061376, 55.8005656], [37.7061584, 55.80051670000001], [37.706234, 55.80052680000001], [37.7062938, 55.80038639999999], [37.7064004, 55.80013580000001], [37.7065268, 55.80015280000001], [37.7065614, 55.800071599999995], [37.7066065, 55.799965699999994], [37.7067402, 55.799983700000006], [37.7067757, 55.799900300000004], [37.7068191, 55.79979850000001], [37.7069391, 55.7998146], [37.70696950000001, 55.7997433], [37.7070064, 55.7996567], [37.7070113, 55.799645100000006], [37.7071306, 55.799661099999994], [37.707168, 55.799573300000006], [37.7071848, 55.7995338], [37.7072107, 55.799473], [37.7073194, 55.7994876], [37.7073462, 55.79942479999998], [37.7073837, 55.799429799999984], [37.7073976, 55.79939709999999], [37.7074102, 55.79936759999999], [37.7073803, 55.79936349999999], [37.7074004, 55.7993162], [37.7074243, 55.79926009999999], [37.7074652, 55.7992656], [37.7074765, 55.79923909999999], [37.7074918, 55.799203], [37.7074551, 55.79919809999999], [37.7074799, 55.799139800000006], [37.7075561, 55.7989608], [37.7074955, 55.79895270000001], [37.7075269, 55.798878900000005], [37.7074719, 55.79887149999999], [37.70742220000001, 55.7988648], [37.707391, 55.79893820000001]]]}}, {"type": "Feature", "properties": {"id": 1227, "object_type": "restriction", "restriction_type": "oks"}, "geometry": {"type": "Polygon", "coordinates": [[[37.7090511, 55.79873570000001], [37.7091803, 55.7986958], [37.7094051, 55.7982471], [37.7093635, 55.7981548], [37.7086723, 55.7980453], [37.7083796, 55.79862930000001], [37.7090511, 55.79873570000001]]]}}, {"type": "Feature", "properties": {"id": 1228, "object_type": "restriction", "restriction_type": "oks"}, "geometry": {"type": "Polygon", "coordinates": [[[37.7073307, 55.797433599999984], [37.7074274, 55.7974441], [37.7074392, 55.79740979999998], [37.7078444, 55.7974538], [37.7078326, 55.7974883], [37.7079372, 55.79749969999999], [37.7079956, 55.79732969999999], [37.707389, 55.79726389999999], [37.7073307, 55.797433599999984]]]}}, {"type": "Feature", "properties": {"id": 1229, "object_type": "restriction", "restriction_type": "oks"}, "geometry": {"type": "Polygon", "coordinates": [[[37.7070636, 55.798350199999994], [37.7071409, 55.7981514], [37.7074522, 55.7981897], [37.7073513, 55.79844889999999], [37.7075916, 55.79847839999999], [37.70766050000001, 55.79830119999999], [37.7078203, 55.79789049999999], [37.7075827, 55.7978613], [37.7074711, 55.7981483], [37.7071573, 55.7981097], [37.7072441, 55.7978867], [37.7070568, 55.7978637], [37.7068764, 55.798327199999996], [37.7070636, 55.798350199999994]]]}}, {"type": "Feature", "properties": {"id": 1230, "object_type": "restriction", "restriction_type": "oks"}, "geometry": {"type": "Polygon", "coordinates": [[[37.7075188, 55.8021404], [37.7074881, 55.802198999999995], [37.7075103141086, 55.80221175454647], [37.707651385099695, 55.80221323723938], [37.7075188, 55.8021404]]]}}, {"type": "Feature", "properties": {"id": 1231, "object_type": "restriction", "restriction_type": "oks"}, "geometry": {"type": "Polygon", "coordinates": [[[37.7089554, 55.8019971], [37.7090498, 55.80181859999999], [37.708655, 55.80175109999999], [37.7086293, 55.8017849], [37.7083289, 55.801726999999985], [37.7082516, 55.8018765], [37.7085778, 55.80193439999999], [37.7085949, 55.80196819999999], [37.70811303830935, 55.80221808820297], [37.70854152125533, 55.802222589068116], [37.7089554, 55.8019971]]]}}, {"type": "Feature", "properties": {"id": 1232, "object_type": "restriction", "restriction_type": "oks"}, "geometry": {"type": "Polygon", "coordinates": [[[37.70616880000001, 55.7998272], [37.7063385, 55.79984830000001], [37.7063923, 55.79971139999999], [37.7062226, 55.799690399999996], [37.70616880000001, 55.7998272]]]}}, {"type": "Feature", "properties": {"id": 1233, "object_type": "restriction", "restriction_type": "oks"}, "geometry": {"type": "Polygon", "coordinates": [[[37.7064375, 55.799562300000005], [37.7065271, 55.7993589], [37.7063257, 55.799330899999994], [37.7062361, 55.7995343], [37.7064375, 55.799562300000005]]]}}, {"type": "Feature", "properties": {"id": 1234, "object_type": "restriction", "restriction_type": "oks"}, "geometry": {"type": "Polygon", "coordinates": [[[37.7068443, 55.80074100000001], [37.7069992, 55.8003898], [37.7068347, 55.80036569999999], [37.7068569, 55.80031410000001], [37.706721, 55.8002967], [37.7067061, 55.80029009999999], [37.7066851, 55.80028349999999], [37.706656, 55.8002783], [37.7066283, 55.8002768], [37.7066113, 55.80027739999999], [37.7065947, 55.80027930000001], [37.7065773, 55.8002825], [37.7065579, 55.80028800000001], [37.7065336, 55.800298599999984], [37.7065208, 55.8003067], [37.7065117, 55.8003142], [37.7065029, 55.800323899999995], [37.7064973, 55.80033279999999], [37.7064943, 55.800340199999994], [37.70649230000001, 55.800349800000006], [37.7063532, 55.80066899999999], [37.7068443, 55.80074100000001]]]}}, {"type": "Feature", "properties": {"id": 1235, "object_type": "restriction", "restriction_type": "oks"}, "geometry": {"type": "Polygon", "coordinates": [[[37.7062313, 55.79910889999999], [37.7062866, 55.79898209999999], [37.7060857, 55.79895439999999], [37.7060304, 55.799081199999996], [37.7062313, 55.79910889999999]]]}}, {"type": "Feature", "properties": {"id": 1236, "object_type": "restriction", "restriction_type": "oks"}, "geometry": {"type": "Polygon", "coordinates": [[[37.7060018, 55.79893419999999], [37.705238300000005, 55.79881410000001], [37.7051998, 55.798891499999996], [37.7059633, 55.79901160000001], [37.7060018, 55.79893419999999]]]}}, {"type": "Feature", "properties": {"id": 1237, "object_type": "restriction", "restriction_type": "oks"}, "geometry": {"type": "Polygon", "coordinates": [[[37.7085839, 55.79578479999999], [37.7085855, 55.795417], [37.7084212, 55.7954168], [37.70842040000001, 55.79559549999999], [37.7083829, 55.79559549999999], [37.7083827, 55.79565110000001], [37.7083993, 55.79565110000001], [37.7083987, 55.7957845], [37.7085839, 55.79578479999999]]]}}, {"type": "Feature", "properties": {"id": 1238, "object_type": "restriction", "restriction_type": "oks"}, "geometry": {"type": "Polygon", "coordinates": [[[37.7058922, 55.79483900000001], [37.706217, 55.79406670000001], [37.7060197, 55.79404209999999], [37.7059958, 55.79410260000001], [37.7059861, 55.794101299999994], [37.7059695, 55.7941431], [37.7059599, 55.7941674], [37.7059697, 55.794168600000006], [37.7059239, 55.7942844], [37.7059153, 55.7942833], [37.7059023, 55.7943161], [37.7058896, 55.7943482], [37.7058982, 55.7943493], [37.7058517, 55.7944666], [37.7058405, 55.7944652], [37.705828, 55.79449679999999], [37.7058168, 55.794525199999995], [37.705828, 55.7945266], [37.705780600000004, 55.7946464], [37.7057705, 55.7946452], [37.7057561, 55.794681600000004], [37.705746, 55.79470700000001], [37.7057561, 55.7947083], [37.7057038, 55.7948405], [37.7056959, 55.794839499999995], [37.7056798, 55.7948802], [37.7056644, 55.7949191], [37.7056723, 55.79492], [37.7056548, 55.7949641], [37.7058366, 55.79496519999999], [37.7058922, 55.79483900000001]]]}}, {"type": "Feature", "properties": {"id": 1239, "object_type": "restriction", "restriction_type": "oks"}, "geometry": {"type": "Polygon", "coordinates": [[[37.7087705, 55.79483259999999], [37.708796, 55.7949979], [37.709533, 55.79496199999999], [37.7095108, 55.794818199999995], [37.7091315, 55.7948367], [37.7091282, 55.7948152], [37.7087705, 55.79483259999999]]]}}, {"type": "Feature", "properties": {"id": 1240, "object_type": "restriction", "restriction_type": "road"}, "geometry": {"type": "Polygon", "coordinates": [[[37.71129458327693, 55.79309998761095], [37.7112958272769, 55.79309982240689], [37.71141972736826, 55.793082522393895], [37.711392872652404, 55.79302147760459], [37.711269593064586, 55.79303869097731], [37.71104723504904, 55.79306671008086], [37.710945353288054, 55.79307950778974], [37.71096964673071, 55.79314089220898], [37.71107154680717, 55.79312809219935], [37.71129458327693, 55.79309998761095]]]}}, {"type": "Feature", "properties": {"id": 1241, "object_type": "restriction", "restriction_type": "road"}, "geometry": {"type": "Polygon", "coordinates": [[[37.704519660834045, 55.79524484351178], [37.70457373906677, 55.79510435648098], [37.7038665813238, 55.795017965039804], [37.70386171522835, 55.79516446429676], [37.704519660834045, 55.79524484351178]]]}}, {"type": "Feature", "properties": {"id": 1242, "object_type": "restriction", "restriction_type": "oks"}, "geometry": {"type": "Polygon", "coordinates": [[[37.7092849, 55.791790799999994], [37.7093862, 55.792049099999986], [37.7095224, 55.79203480000001], [37.7094929, 55.7919445], [37.7095277, 55.79194139999999], [37.7095198, 55.791917000000005], [37.7096231, 55.79190719999999], [37.709636, 55.791947099999994], [37.7097906, 55.791934], [37.7098347, 55.792072899999994], [37.7098561, 55.79207039999999], [37.7098903, 55.79216679999999], [37.7098553, 55.792170999999996], [37.7098719, 55.79221919999999], [37.7098774, 55.792218899999995], [37.7099232, 55.7923488], [37.7099535, 55.792344799999995], [37.709949, 55.792335999999985], [37.7100662, 55.792320000000004], [37.7100554, 55.7922887], [37.7101485, 55.7922741], [37.71008770000001, 55.79213489999999], [37.7099807, 55.792146100000004], [37.7098528, 55.791746399999994], [37.7092849, 55.791790799999994]]]}}, {"type": "Feature", "properties": {"id": 1243, "object_type": "restriction", "restriction_type": "oks"}, "geometry": {"type": "Polygon", "coordinates": [[[37.7089342, 55.791737399999995], [37.7088687, 55.79174489999999], [37.7089879, 55.792074199999995], [37.7090015, 55.79207269999999], [37.7090551, 55.79221799999999], [37.7091756, 55.792203799999996], [37.7090046, 55.79172929999999], [37.7089342, 55.791737399999995]]]}}, {"type": "Feature", "properties": {"id": 1244, "object_type": "restriction", "restriction_type": "oks"}, "geometry": {"type": "Polygon", "coordinates": [[[37.7091499, 55.7935135], [37.709137, 55.7934758], [37.7090206, 55.7934877], [37.7090323, 55.7935245], [37.7086481, 55.793563899999995], [37.7086633, 55.79360899999999], [37.7086036, 55.793615599999995], [37.7086423, 55.793731499999986], [37.7087011, 55.79372599999999], [37.7087371, 55.79383139999999], [37.7091231, 55.793792100000005], [37.709133, 55.79382420000001], [37.7092483, 55.793812700000004], [37.7092366, 55.79377799999999], [37.7093201, 55.79376920000001], [37.7092885, 55.7936694], [37.7093591, 55.79366199999999], [37.7093698, 55.793659100000006], [37.7093789, 55.79365479999999], [37.7093849, 55.793649599999995], [37.7093891, 55.793643599999996], [37.7093914, 55.7936301], [37.7093551, 55.7935056], [37.7094062, 55.79350070000001], [37.7094124, 55.79351989999999], [37.7097021, 55.793492400000005], [37.7096877, 55.793449499999994], [37.7092292, 55.7934903], [37.7092338, 55.79350519999999], [37.7091499, 55.7935135]]]}}, {"type": "Feature", "properties": {"id": 1245, "object_type": "restriction", "restriction_type": "oks"}, "geometry": {"type": "Polygon", "coordinates": [[[37.709847, 55.79234009999999], [37.7097299, 55.792044], [37.7094006, 55.7920827], [37.7095197, 55.7923843], [37.709847, 55.79234009999999]]]}}, {"type": "Feature", "properties": {"id": 1246, "object_type": "restriction", "restriction_type": "oks"}, "geometry": {"type": "Polygon", "coordinates": [[[37.7089053, 55.79319079999999], [37.7089633, 55.79318440000001], [37.7089472, 55.7931377], [37.7090029, 55.79313170000001], [37.7089901, 55.79309249999999], [37.7090505, 55.79308789999999], [37.709002, 55.79297309999999], [37.7088317, 55.792997799999995], [37.7087906, 55.7928942], [37.7087771, 55.79286059999999], [37.70863460000001, 55.79287850000001], [37.70861270000001, 55.792881300000005], [37.7087174, 55.79317779999999], [37.7085768, 55.793192], [37.708616500000005, 55.7932798], [37.7086689, 55.7932741], [37.7089268, 55.7932463], [37.7089053, 55.79319079999999]]]}}, {"type": "Feature", "properties": {"id": 1247, "object_type": "restriction", "restriction_type": "oks"}, "geometry": {"type": "Polygon", "coordinates": [[[37.7087651, 55.79158110000001], [37.70898340000001, 55.7915573], [37.70891790000001, 55.7913673], [37.7086995, 55.79139109999999], [37.7087651, 55.79158110000001]]]}}, {"type": "Feature", "properties": {"id": 1248, "object_type": "restriction", "restriction_type": "oks"}, "geometry": {"type": "Polygon", "coordinates": [[[37.7093859, 55.7926917], [37.7093407, 55.792589299999996], [37.708716, 55.79270099999999], [37.7087552, 55.792807199999984], [37.7093859, 55.7926917]]]}}, {"type": "Feature", "properties": {"id": 1249, "object_type": "restriction", "restriction_type": "oks"}, "geometry": {"type": "Polygon", "coordinates": [[[37.7094792, 55.79290040000001], [37.709419000000004, 55.7927762], [37.7091125, 55.79282469999999], [37.7091241, 55.792847099999996], [37.7087906, 55.7928942], [37.7088317, 55.792997799999995], [37.709002, 55.79297309999999], [37.7093919, 55.79291519999999], [37.7094792, 55.79290040000001]]]}}, {"type": "Feature", "properties": {"id": 1250, "object_type": "restriction", "restriction_type": "oks"}, "geometry": {"type": "Polygon", "coordinates": [[[37.709656900000006, 55.7933153], [37.7096129, 55.79321649999999], [37.7093935, 55.79322669999999], [37.70931, 55.793231699999986], [37.7090659, 55.79324869999999], [37.7090625, 55.79323520000001], [37.7089268, 55.7932463], [37.7089703, 55.79335880000001], [37.709656900000006, 55.7933153]]]}}, {"type": "Feature", "properties": {"id": 1251, "object_type": "restriction", "restriction_type": "oks"}, "geometry": {"type": "Polygon", "coordinates": [[[37.7085768, 55.793192], [37.7085561, 55.79313579999999], [37.708465200000006, 55.7931451], [37.7084494, 55.7930947], [37.7081899, 55.79312300000001], [37.7082595, 55.7933203], [37.708616500000005, 55.7932798], [37.7085768, 55.793192]]]}}, {"type": "Feature", "properties": {"id": 1252, "object_type": "restriction", "restriction_type": "oks"}, "geometry": {"type": "Polygon", "coordinates": [[[37.7092669, 55.792505899999995], [37.7091897, 55.792322799999994], [37.7089911, 55.7923491], [37.7090697, 55.79253250000001], [37.7092669, 55.792505899999995]]]}}, {"type": "Feature", "properties": {"id": 1253, "object_type": "restriction", "restriction_type": "oks"}, "geometry": {"type": "Polygon", "coordinates": [[[37.7091209, 55.7922563], [37.7088782, 55.79228470000001], [37.7088742, 55.79227439999999], [37.7087592, 55.79228619999999], [37.708614, 55.791873499999994], [37.708581, 55.79177119999999], [37.70828800000001, 55.7918041], [37.7083786, 55.79206279999998], [37.7084032, 55.7921328], [37.7084946, 55.79239269999999], [37.7091453, 55.79231580000001], [37.7091209, 55.7922563]]]}}, {"type": "Feature", "properties": {"id": 1254, "object_type": "restriction", "restriction_type": "road"}, "geometry": {"type": "Polygon", "coordinates": [[[37.71459404802296, 55.795863027221415], [37.71511934885658, 55.79595362738405], [37.71519405101019, 55.79581617260321], [37.71467025003251, 55.795725831166486], [37.71461633659065, 55.79571571023351], [37.714535663266766, 55.795852089751826], [37.71459106335227, 55.7958624897703], [37.71459404802296, 55.795863027221415]]]}}, {"type": "Feature", "properties": {"id": 1255, "object_type": "restriction", "restriction_type": "road"}, "geometry": {"type": "Polygon", "coordinates": [[[37.70456268208025, 55.794648468702576], [37.704277705354215, 55.79489509037429], [37.70443809476713, 55.794953909573856], [37.70472489447896, 55.794705709386534], [37.704728341680344, 55.794702485262405], [37.705055241196206, 55.79437108503902], [37.705302448131356, 55.79412037746656], [37.70513515198147, 55.794068022476964], [37.704887955258116, 55.79431871861344], [37.70456268208025, 55.794648468702576]]]}}, {"type": "Feature", "properties": {"id": 1256, "object_type": "restriction", "restriction_type": "road"}, "geometry": {"type": "Polygon", "coordinates": [[[37.705353989712364, 55.795207795475605], [37.70544138986208, 55.795218295495125], [37.70544616443529, 55.79521881571292], [37.70555346462354, 55.795229315732776], [37.70556736859986, 55.79523023713978], [37.70570986886054, 55.79523523715019], [37.705721873346874, 55.79523533951608], [37.70576072898588, 55.79523464031473], [37.70587862166409, 55.795232565089066], [37.70612922620873, 55.79523117284251], [37.706432552482894, 55.79522957323407], [37.70716631173237, 55.795225973440495], [37.7071640882697, 55.795082226558705], [37.706430289621366, 55.7950858265587], [37.70612680598226, 55.79508742698696], [37.70587474207925, 55.795088827335164], [37.705872015207376, 55.79508885890563], [37.70575271542692, 55.795090958902854], [37.705719733166674, 55.795091552397636], [37.70559022826665, 55.79508700836772], [37.70549223156277, 55.79507741875491], [37.70540850254787, 55.79506735977824], [37.70489088979558, 55.79499883021178], [37.70483251009793, 55.79513876978002], [37.705351410973186, 55.79520746990671], [37.705353989712364, 55.795207795475605]]]}}, {"type": "Feature", "properties": {"id": 1257, "object_type": "restriction", "restriction_type": "road"}, "geometry": {"type": "Polygon", "coordinates": [[[37.7043734118916, 55.79415661790117], [37.70437506112514, 55.79415506244328], [37.704622460785025, 55.793912562275686], [37.70462501769608, 55.79390988382527], [37.704877344598124, 55.79362668964161], [37.704994564881716, 55.79349919357699], [37.70499466717397, 55.793499081999116], [37.70501596713711, 55.793475781984284], [37.705019377068744, 55.79347162744617], [37.70513757676692, 55.79330992736016], [37.70514005254276, 55.79330614446915], [37.70514201953953, 55.79330226791158], [37.70520881919858, 55.79314916785976], [37.705211027018336, 55.793142114376735], [37.70524162663629, 55.792983214351345], [37.7052421751222, 55.79297663209533], [37.70523797471497, 55.792810532096595], [37.70523725033296, 55.7928046353286], [37.70520544998777, 55.79266083535132], [37.70520414342335, 55.79265642621432], [37.705160143151424, 55.7925383262463], [37.705158335579796, 55.79253426581952], [37.705155974206185, 55.792530296657645], [37.70506987395294, 55.79240229671869], [37.70506960707827, 55.7924019045875], [37.70497610681248, 55.79226610465364], [37.704970714396936, 55.7922595958976], [37.70488831426908, 55.792175295952816], [37.704882252611796, 55.7921698822945], [37.70476195251803, 55.79207538236965], [37.704757492864495, 55.79207214627522], [37.7045718927919, 55.79194754638481], [37.7045666366801, 55.79194429665705], [37.70426563666834, 55.79177279682255], [37.70412956319952, 55.79184860313893], [37.704427817425376, 55.79201853886694], [37.7046085679668, 55.79213988340356], [37.7047234306977, 55.79223011237686], [37.70480000359894, 55.792308451089056], [37.7048910580412, 55.79244069957424], [37.704974386610886, 55.792564579881514], [37.70501604087076, 55.79267638441751], [37.70504670011099, 55.79281502741695], [37.70505074142442, 55.792974867241334], [37.705021460154896, 55.79312691740253], [37.704957892433825, 55.79327260849891], [37.704843971319924, 55.7934284544079], [37.70482458396552, 55.793449662119734], [37.70470713502579, 55.79357740628305], [37.704706582869925, 55.793578016292535], [37.704455193788256, 55.79386015656737], [37.70420994040582, 55.794100551965236], [37.70388732215331, 55.79439352389063], [37.70388031051841, 55.79460462492767], [37.704021931474564, 55.79447580071593], [37.7043734118916, 55.79415661790117]]]}}, {"type": "Feature", "properties": {"id": 1258, "object_type": "restriction", "restriction_type": "oks"}, "geometry": {"type": "Polygon", "coordinates": [[[37.7112803, 55.79234799999999], [37.7113788, 55.7925911], [37.7115548, 55.7925685], [37.7115234, 55.79249099999999], [37.7116235, 55.79247819999999], [37.71160450000001, 55.792431199999996], [37.7115044, 55.792443999999996], [37.7114563, 55.792325399999996], [37.7112803, 55.79234799999999]]]}}, {"type": "Feature", "properties": {"id": 1259, "object_type": "restriction", "restriction_type": "oks"}, "geometry": {"type": "Polygon", "coordinates": [[[37.7116339, 55.791000499999996], [37.7117315, 55.7910187], [37.7118166, 55.791050999999996], [37.7118831, 55.7910951], [37.7119258, 55.7911477], [37.7119418, 55.7912063], [37.71192820000001, 55.7912652], [37.7118861, 55.7913196], [37.7118188, 55.7913653], [37.7117316, 55.7913987], [37.7116314, 55.79141719999999], [37.7115276, 55.79141949999998], [37.7114267, 55.7914058], [37.7113363, 55.79137709999999], [37.7112632, 55.79133559999998], [37.71121310000001, 55.7912844], [37.710946, 55.79130870000001], [37.7110388, 55.79160249999999], [37.7116677, 55.791534299999995], [37.7122171, 55.7914748], [37.7121102, 55.7911363], [37.7120091, 55.7908162], [37.71149, 55.79088360000001], [37.7115312, 55.7909977], [37.7116339, 55.791000499999996]]]}}, {"type": "Feature", "properties": {"id": 1260, "object_type": "restriction", "restriction_type": "oks"}, "geometry": {"type": "Polygon", "coordinates": [[[37.712408, 55.790611600000005], [37.7123687, 55.790523099999994], [37.7122074, 55.79054819999998], [37.7122837, 55.790726199999995], [37.7124477, 55.790700900000004], [37.712408, 55.790611600000005]]]}}, {"type": "Feature", "properties": {"id": 1261, "object_type": "restriction", "restriction_type": "oks"}, "geometry": {"type": "Polygon", "coordinates": [[[37.7105247, 55.7912397], [37.7100949, 55.7912737], [37.7101102, 55.791321999999994], [37.7101279, 55.791377999999995], [37.7103468, 55.7913605], [37.710382, 55.7914776], [37.7103189, 55.7914835], [37.7103571, 55.7915851], [37.7106292, 55.791559299999996], [37.7105247, 55.7912397]]]}}, {"type": "Feature", "properties": {"id": 1262, "object_type": "restriction", "restriction_type": "oks"}, "geometry": {"type": "Polygon", "coordinates": [[[37.7040893, 55.795789899999995], [37.7042594, 55.7956955], [37.7042209, 55.79566919999999], [37.7040264, 55.79566609999999], [37.7038617, 55.79574960000001], [37.70384194653947, 55.79575960886344], [37.70383852917863, 55.79586248765441], [37.7038687, 55.79584719999999], [37.7040405, 55.7957601], [37.7040725, 55.795759700000005], [37.7040728, 55.7957815], [37.7040893, 55.795789899999995]]]}}, {"type": "Feature", "properties": {"id": 1263, "object_type": "restriction", "restriction_type": "road"}, "geometry": {"type": "Polygon", "coordinates": [[[37.71964758594911, 55.80220913775009], [37.719792095744815, 55.80194061898923], [37.72014619574409, 55.80128251755982], [37.720054604274495, 55.8012668824232], [37.7197005039307, 55.80192498163127], [37.719556009022966, 55.80219347158559], [37.71947857985103, 55.8023369682745], [37.71957805148208, 55.802338004077605], [37.71964758594911, 55.80220913775009]]]}}, {"type": "Feature", "properties": {"id": 1264, "object_type": "restriction", "restriction_type": "oks"}, "geometry": {"type": "Polygon", "coordinates": [[[37.7127811, 55.79078959999999], [37.7128065, 55.79086339999999], [37.7128892, 55.79085439999999], [37.7128637, 55.7907805], [37.7127811, 55.79078959999999]]]}}, {"type": "Feature", "properties": {"id": 1265, "object_type": "restriction", "restriction_type": "oks"}, "geometry": {"type": "Polygon", "coordinates": [[[37.7054613, 55.7972207], [37.7054786, 55.79716899999998], [37.7059695, 55.79722099999999], [37.7059491, 55.79728169999999], [37.7061933, 55.797307599999996], [37.7062413, 55.79716429999999], [37.7061732, 55.7971571], [37.7061805, 55.797135399999995], [37.7053393, 55.79704639999999], [37.7053333, 55.7970642], [37.705275, 55.797058], [37.7052287, 55.7971961], [37.7054613, 55.7972207]]]}}, {"type": "Feature", "properties": {"id": 1266, "object_type": "restriction", "restriction_type": "oks"}, "geometry": {"type": "Polygon", "coordinates": [[[37.7056994, 55.7898677], [37.7056401, 55.78976979999999], [37.7052495, 55.78984460000001], [37.7053088, 55.789942500000016], [37.7056994, 55.7898677]]]}}, {"type": "Feature", "properties": {"id": 1267, "object_type": "restriction", "restriction_type": "oks"}, "geometry": {"type": "Polygon", "coordinates": [[[37.7046306, 55.79087789999999], [37.7047358, 55.7908586], [37.7042891, 55.790135], [37.7043109, 55.7901295], [37.7042707, 55.79006240000001], [37.70402959396719, 55.790109501716586], [37.70402706040051, 55.79018580144641], [37.7040314, 55.79018479999999], [37.7041612, 55.79039699999999], [37.7042074, 55.790472499999986], [37.7044731, 55.790906899999996], [37.7046306, 55.79087789999999]]]}}, {"type": "Feature", "properties": {"id": 1268, "object_type": "restriction", "restriction_type": "oks"}, "geometry": {"type": "Polygon", "coordinates": [[[37.705199, 55.79065669999999], [37.7049679, 55.79028989999999], [37.704741, 55.79033509999999], [37.70468, 55.7903473], [37.704911, 55.79071400000001], [37.705199, 55.79065669999999]]]}}, {"type": "Feature", "properties": {"id": 1269, "object_type": "restriction", "restriction_type": "oks"}, "geometry": {"type": "Polygon", "coordinates": [[[37.7061533, 55.7897655], [37.7060952, 55.7896745], [37.7057713, 55.78973980000001], [37.7058294, 55.7898308], [37.7061533, 55.7897655]]]}}, {"type": "Feature", "properties": {"id": 1270, "object_type": "restriction", "restriction_type": "oks"}, "geometry": {"type": "Polygon", "coordinates": [[[37.7040058, 55.7908709], [37.7040461, 55.79091699999999], [37.7043406, 55.7908437], [37.7042926, 55.7907779], [37.7042205, 55.79079569999999], [37.7040168, 55.7905342], [37.7041004, 55.79051849999999], [37.7040823, 55.7904937], [37.7040281, 55.790419799999995], [37.70401924131457, 55.79042127512266], [37.704004365393544, 55.7908692574177], [37.7040058, 55.7908709]]]}}, {"type": "Feature", "properties": {"id": 1271, "object_type": "restriction", "restriction_type": "road"}, "geometry": {"type": "Polygon", "coordinates": [[[37.71015888201487, 55.79413070130979], [37.71018899863278, 55.7941978695024], [37.710196387977895, 55.794217792748796], [37.71024037696602, 55.794373347343864], [37.71035062302036, 55.794363452631345], [37.710306422804585, 55.79420715264999], [37.710305937965394, 55.79420566835961], [37.71029803793677, 55.79418436836298], [37.710297518052556, 55.794183098653406], [37.710267259486365, 55.7941156142977], [37.710233689270154, 55.794033631526304], [37.7101249107105, 55.79404776844952], [37.71015861060144, 55.794130068463815], [37.71015888201487, 55.79413070130979]]]}}, {"type": "Feature", "properties": {"id": 1272, "object_type": "restriction", "restriction_type": "oks"}, "geometry": {"type": "Polygon", "coordinates": [[[37.7049381, 55.7987164], [37.7047045, 55.79868840000001], [37.7046739, 55.7987688], [37.7046128, 55.798929699999995], [37.7045517, 55.7990905], [37.7044906, 55.7992514], [37.7044294, 55.799412199999985], [37.7043989, 55.7994926], [37.7046325, 55.7995207], [37.7049381, 55.7987164]]]}}, {"type": "Feature", "properties": {"id": 1273, "object_type": "restriction", "restriction_type": "oks"}, "geometry": {"type": "Polygon", "coordinates": [[[37.7043599, 55.800251599999996], [37.7044182, 55.800093499999996], [37.7044764, 55.799935299999994], [37.7045347, 55.799777199999994], [37.70456380000001, 55.799698100000015], [37.7043322, 55.7996712], [37.7040991, 55.8003037], [37.7043308, 55.80033070000001], [37.7043599, 55.800251599999996]]]}}, {"type": "Feature", "properties": {"id": 1274, "object_type": "restriction", "restriction_type": "oks"}, "geometry": {"type": "Polygon", "coordinates": [[[37.7040386, 55.80113829999999], [37.7040952, 55.8009847], [37.7041642, 55.80079719999999], [37.7042122, 55.8006668], [37.7042419, 55.8005862], [37.7040102, 55.8005593], [37.7037773, 55.8011919], [37.704009, 55.80121880000001], [37.7040386, 55.80113829999999]]]}}, {"type": "Feature", "properties": {"id": 1275, "object_type": "restriction", "restriction_type": "oks"}, "geometry": {"type": "Polygon", "coordinates": [[[37.7037342, 55.80195560000001], [37.7037974, 55.8017842], [37.7038729, 55.80157930000001], [37.7039109, 55.801476], [37.7039408, 55.80139500000001], [37.703709, 55.80136800000001], [37.70365032703268, 55.80152723204803], [37.70363398518166, 55.802019013769666], [37.7037077, 55.802027599999995], [37.7037342, 55.80195560000001]]]}}, {"type": "Feature", "properties": {"id": 1276, "object_type": "restriction", "restriction_type": "oks"}, "geometry": {"type": "Polygon", "coordinates": [[[37.7039616, 55.7968072], [37.7040467, 55.7968093], [37.7040482, 55.7967904], [37.7040497, 55.796772], [37.7039001, 55.7967682], [37.7038871, 55.79692949999999], [37.70391540000001, 55.79693019999999], [37.7039516, 55.796931099999995], [37.7039616, 55.7968072]]]}}, {"type": "Feature", "properties": {"id": 1277, "object_type": "restriction", "restriction_type": "road"}, "geometry": {"type": "Polygon", "coordinates": [[[37.715108053386466, 55.80210335249969], [37.71565145376753, 55.802193952571116], [37.71565161740946, 55.80219397970131], [37.71570681744829, 55.802203079708505], [37.71573818252712, 55.80214272028924], [37.715683064425306, 55.80213363379137], [37.71514028061434, 55.80204313653641], [37.71409351209939, 55.80185573170436], [37.71405968787431, 55.801915668293056], [37.71510698859316, 55.802103168439686], [37.715108053386466, 55.80210335249969]]]}}, {"type": "Feature", "properties": {"id": 1278, "object_type": "restriction", "restriction_type": "road"}, "geometry": {"type": "Polygon", "coordinates": [[[37.703953865424495, 55.79804756759247], [37.70381313460484, 55.7980316323674], [37.70376168038912, 55.7981758243108], [37.7037466493606, 55.798628255459796], [37.703953865424495, 55.79804756759247]]]}}, {"type": "Feature", "properties": {"id": 1279, "object_type": "restriction", "restriction_type": "road"}, "geometry": {"type": "Polygon", "coordinates": [[[37.71324322414533, 55.79564848973178], [37.71223605339426, 55.79543244682103], [37.71183840276741, 55.79534476797828], [37.71174539707158, 55.79547863200263], [37.712143597645365, 55.79556643215509], [37.71214469721022, 55.79556667130475], [37.713155398686396, 55.795783471682846], [37.71316140558275, 55.79578466433454], [37.7141746709972, 55.79596995805181], [37.714258134996, 55.79598525145863], [37.71433706486411, 55.795848548527296], [37.71425356499408, 55.79583324855455], [37.71324322414533, 55.79564848973178]]]}}, {"type": "Feature", "properties": {"id": 1280, "object_type": "restriction", "restriction_type": "road"}, "geometry": {"type": "Polygon", "coordinates": [[[37.70836487068077, 55.795352455358874], [37.70868927127803, 55.795348055353735], [37.70868312873126, 55.79520434464542], [37.708358729328516, 55.795208744640256], [37.70836487068077, 55.795352455358874]]]}}, {"type": "Feature", "properties": {"id": 1281, "object_type": "restriction", "restriction_type": "road"}, "geometry": {"type": "Polygon", "coordinates": [[[37.70489018125944, 55.79499873760298], [37.704712681560146, 55.79497583764532], [37.70465571833575, 55.79511596234681], [37.704833218636466, 55.79513886238914], [37.70489018125944, 55.79499873760298]]]}}, {"type": "Feature", "properties": {"id": 1282, "object_type": "restriction", "restriction_type": "road"}, "geometry": {"type": "Polygon", "coordinates": [[[37.71140717803848, 55.7952707258297], [37.71140058775878, 55.79526970601466], [37.71123828803025, 55.79524720605598], [37.711231289069794, 55.795246352362426], [37.71096308953676, 55.79521805241561], [37.71095503003737, 55.795217351356555], [37.71080933029925, 55.795207351376], [37.710804188867414, 55.79520705788921], [37.71058478926702, 55.7951970579094], [37.71057871114093, 55.795196862962236], [37.710428211417536, 55.79519406296871], [37.71033079229802, 55.795192275455626], [37.710042231320074, 55.7951850938498], [37.710033255840194, 55.795185048499405], [37.708862062470736, 55.79520234250764], [37.708683667332195, 55.79520433798031], [37.70868873267512, 55.79534806201885], [37.70886753300438, 55.79534606201678], [37.708868342013325, 55.795346051520916], [37.710035454996834, 55.79532881780874], [37.7103202691881, 55.79533590616475], [37.71032174650542, 55.79533593809997], [37.71041981761649, 55.79533773757076], [37.71056724563829, 55.79534048042078], [37.71078103509117, 55.79535022470001], [37.71092012024436, 55.79535977069768], [37.711180790078934, 55.795387276130924], [37.71133629272827, 55.7954088338029], [37.71160010199607, 55.795453970773785], [37.7117547819619, 55.795480467347396], [37.7118290179056, 55.79534293264], [37.71167431815159, 55.795316432687606], [37.71140717803848, 55.7952707258297]]]}}, {"type": "Feature", "properties": {"id": 1283, "object_type": "restriction", "restriction_type": "road"}, "geometry": {"type": "Polygon", "coordinates": [[[37.70875514799791, 55.79520985122276], [37.70875454797142, 55.79519545122241], [37.70875451352264, 55.795194828826965], [37.70875101342955, 55.795144128828554], [37.70860758656532, 55.795147271129586], [37.70861106499485, 55.795197660008135], [37.70861165199927, 55.79521174873593], [37.70861225197277, 55.79522614873556], [37.70861445329793, 55.79527718220113], [37.70875794669911, 55.79527521775698], [37.70875574732716, 55.795224234489936], [37.70875514799791, 55.79520985122276]]]}}, {"type": "Feature", "properties": {"id": 1284, "object_type": "restriction", "restriction_type": "oks"}, "geometry": {"type": "Polygon", "coordinates": [[[37.7063196, 55.80195669999999], [37.7065928, 55.801442], [37.7063865, 55.80140759999999], [37.706365500000004, 55.80144719999999], [37.7062816, 55.80160479999999], [37.7062293, 55.801595999999996], [37.705931500000005, 55.801545999999995], [37.7059025, 55.80160049999999], [37.7059294, 55.801604999999995], [37.7058938, 55.80167209999999], [37.70586420000001, 55.8016672], [37.705782, 55.8018227], [37.7058127, 55.801827800000005], [37.7057793, 55.801891], [37.7057426, 55.80188489999999], [37.7056517, 55.8020577], [37.7056874, 55.8020637], [37.7056582, 55.802119199999986], [37.7056211, 55.802113], [37.705579920227684, 55.802191449335545], [37.70619158046419, 55.80219788648027], [37.7063196, 55.80195669999999]]]}}, {"type": "Feature", "properties": {"id": 1285, "object_type": "restriction", "restriction_type": "road"}, "geometry": {"type": "Polygon", "coordinates": [[[37.70410770239251, 55.79522845148591], [37.70443710209887, 55.79495475127359], [37.704278698024346, 55.79489424867584], [37.703949297730716, 55.79516794846352], [37.70410770239251, 55.79522845148591]]]}}, {"type": "Feature", "properties": {"id": 1286, "object_type": "restriction", "restriction_type": "road"}, "geometry": {"type": "Polygon", "coordinates": [[[37.71714205332061, 55.79985547191665], [37.71755039091779, 55.79992346163306], [37.717670832148386, 55.7999449441339], [37.717671457022355, 55.79994505382597], [37.718034457346285, 55.80000775388928], [37.71803506513309, 55.80000785721538], [37.71854555942043, 55.800093256269356], [37.719073553659264, 55.80018163857592], [37.71920643292535, 55.800204118153545], [37.72022091289378, 55.800376114776924], [37.72055361465759, 55.8004325150824], [37.720553761243394, 55.80043253983575], [37.72069403362099, 55.80045613519206], [37.720980306130855, 55.80050443055979], [37.72117356036366, 55.800536939699576], [37.72121463959502, 55.800459460296544], [37.72102146680279, 55.80042696487711], [37.72073519408499, 55.80037866948521], [37.72059491203204, 55.80035507249312], [37.720262286129405, 55.80029868506058], [37.71924778797495, 55.80012668539317], [37.71911474621472, 55.80010417832322], [37.7191145462961, 55.80010414468064], [37.71858644677169, 55.800015744770214], [37.71807623912357, 55.79993039368656], [37.71771385581649, 55.79986780021362], [37.71759306791527, 55.79984625588357], [37.717591746269534, 55.799846028010506], [37.71718299795539, 55.79977796992522], [37.71705984883579, 55.79975691282522], [37.71701815112233, 55.79983428717081], [37.71714155123278, 55.79985538719213], [37.71714205332061, 55.79985547191665]]]}}, {"type": "Feature", "properties": {"id": 1287, "object_type": "restriction", "restriction_type": "road"}, "geometry": {"type": "Polygon", "coordinates": [[[37.705104900648436, 55.79867954334178], [37.70510452101321, 55.79868043804995], [37.70478572066146, 55.79948353611779], [37.70474068357669, 55.7995969255498], [37.70453266498696, 55.80006211841531], [37.70434176482254, 55.800488917462474], [37.70445003519912, 55.80050428251379], [37.70464093464709, 55.80007748242755], [37.70484913481323, 55.79961188061538], [37.70484947880244, 55.79961106565621], [37.704894678652096, 55.79949726563558], [37.70521330080733, 55.79869461084437], [37.70526659694949, 55.798576661636574], [37.70540179429009, 55.798277866600955], [37.70529360573179, 55.79826233337533], [37.70515840534627, 55.798561133314344], [37.705104900648436, 55.79867954334178]]]}}, {"type": "Feature", "properties": {"id": 1288, "object_type": "restriction", "restriction_type": "road"}, "geometry": {"type": "Polygon", "coordinates": [[[37.71030422675024, 55.79580609915578], [37.71030453890008, 55.79580471895423], [37.71031913876525, 55.795729918945156], [37.71031923410836, 55.79572939962756], [37.71037603351057, 55.79539919959186], [37.710376069836364, 55.795398982304704], [37.710397369598454, 55.79526778229125], [37.71025443041567, 55.795260417667286], [37.710233147820524, 55.795391508982625], [37.710176410602955, 55.79572134049888], [37.71016199611235, 55.79579518939075], [37.71012417300896, 55.79594220078018], [37.710124081638064, 55.79594256776031], [37.71008918137927, 55.79608756773901], [37.71023141864115, 55.79609843221995], [37.71026627419029, 55.795953615806724], [37.71030422675024, 55.79580609915578]]]}}, {"type": "Feature", "properties": {"id": 1289, "object_type": "restriction", "restriction_type": "road"}, "geometry": {"type": "Polygon", "coordinates": [[[37.7077986378704, 55.79864619680245], [37.70663173868391, 55.79844769695863], [37.70663119408904, 55.79844760601568], [37.706481694194366, 55.79842310603504], [37.70543168828674, 55.798251105081825], [37.70536328200512, 55.79823990405397], [37.70536291918817, 55.79823984539386], [37.70403482013025, 55.798027845561826], [37.704032694587745, 55.79802753157749], [37.70389659468772, 55.7980090315924], [37.703870405291426, 55.79807016840596], [37.7040054371323, 55.79808852321361], [37.705332299204564, 55.798300325619614], [37.705400514867215, 55.798311495436614], [37.706450509049866, 55.7984834944984], [37.70659973317825, 55.79850794929094], [37.70776622066791, 55.79870637913635], [37.70786067952838, 55.798722754669626], [37.70789352044599, 55.7986626453279], [37.70779892051158, 55.79864624534078], [37.7077986378704, 55.79864619680245]]]}}, {"type": "Feature", "properties": {"id": 1290, "object_type": "restriction", "restriction_type": "road"}, "geometry": {"type": "Polygon", "coordinates": [[[37.70562048038791, 55.80075170570802], [37.70562203239405, 55.80075196685488], [37.706802633467866, 55.800942467048756], [37.706887896350715, 55.8009561771791], [37.706927303609476, 55.800878422817306], [37.70684213508703, 55.80086472788031], [37.70566234618356, 55.80067435878247], [37.705462219747865, 55.80063929432331], [37.70546202814843, 55.800639260918004], [37.7044170290797, 55.800457961101024], [37.70437477087792, 55.80053523889491], [37.70541967597001, 55.80071652245098], [37.70562048038791, 55.80075170570802]]]}}, {"type": "Feature", "properties": {"id": 1291, "object_type": "restriction", "restriction_type": "oks"}, "geometry": {"type": "Polygon", "coordinates": [[[37.7173076, 55.7934091], [37.7173112, 55.79339000000002], [37.717499, 55.7934043], [37.717522, 55.79330149999999], [37.7173415, 55.793286499999994], [37.7173464, 55.79326749999999], [37.7171186, 55.7932498], [37.7171114, 55.7932838], [37.7170677, 55.793286499999994], [37.7170399, 55.79331379999999], [37.71706290000001, 55.793341], [37.7171029, 55.7933478], [37.7170944, 55.7933934], [37.7173076, 55.7934091]]]}}, {"type": "Feature", "properties": {"id": 1292, "object_type": "restriction", "restriction_type": "oks"}, "geometry": {"type": "Polygon", "coordinates": [[[37.7165775, 55.7937802], [37.7165718, 55.79381159999999], [37.716545100000005, 55.79381000000001], [37.7165374, 55.79385239999999], [37.7166499, 55.79385889999998], [37.7166574, 55.7938174], [37.7166412, 55.7938164], [37.7166467, 55.793785799999995], [37.7171006, 55.7938118], [37.71710710000001, 55.7937756], [37.7171451, 55.793777799999994], [37.7171524, 55.793737799999995], [37.7171152, 55.79373569999999], [37.7171243, 55.7936856], [37.7168445, 55.7936695], [37.7168544, 55.793614999999996], [37.7167399, 55.793608400000004], [37.7167303, 55.79366100000001], [37.7164502, 55.7936449], [37.7164426, 55.7936866], [37.7164165, 55.7936851], [37.7164095, 55.7937238], [37.7164372, 55.7937254], [37.7164288, 55.79377170000001], [37.7165775, 55.7937802]]]}}, {"type": "Feature", "properties": {"id": 1293, "object_type": "restriction", "restriction_type": "oks"}, "geometry": {"type": "Polygon", "coordinates": [[[37.7181798, 55.793628299999995], [37.7182225, 55.793439599999985], [37.7183797, 55.79345079999999], [37.7184091, 55.7933215], [37.7182519, 55.79331030000001], [37.7182897, 55.7931435], [37.7180651, 55.793127399999996], [37.7179551, 55.7936122], [37.7181798, 55.793628299999995]]]}}, {"type": "Feature", "properties": {"id": 1294, "object_type": "restriction", "restriction_type": "oks"}, "geometry": {"type": "Polygon", "coordinates": [[[37.7162125, 55.7935114], [37.7162443, 55.7933299], [37.7163905, 55.793338], [37.7164014, 55.793276], [37.7164108, 55.7932225], [37.7162653, 55.7932144], [37.7162982, 55.7930268], [37.71608, 55.7930147], [37.7160377, 55.7932559], [37.7159951, 55.7934994], [37.7162125, 55.7935114]]]}}, {"type": "Feature", "properties": {"id": 1295, "object_type": "restriction", "restriction_type": "oks"}, "geometry": {"type": "Polygon", "coordinates": [[[37.7153045, 55.79228679999999], [37.7156243, 55.7923036], [37.7156395, 55.7922126], [37.7153196, 55.7921958], [37.7153045, 55.79228679999999]]]}}, {"type": "Feature", "properties": {"id": 1296, "object_type": "restriction", "restriction_type": "oks"}, "geometry": {"type": "Polygon", "coordinates": [[[37.7261306, 55.79018], [37.7257939, 55.7900209], [37.7256834, 55.7900948], [37.7260201, 55.7902539], [37.7261306, 55.79018]]]}}, {"type": "Feature", "properties": {"id": 1297, "object_type": "restriction", "restriction_type": "road"}, "geometry": {"type": "Polygon", "coordinates": [[[37.70471274711319, 55.79497584611287], [37.70387159375588, 55.79486705873463], [37.70386671568764, 55.7950139198465], [37.70465565278248, 55.79511595387921], [37.70471274711319, 55.79497584611287]]]}}, {"type": "Feature", "properties": {"id": 1298, "object_type": "restriction", "restriction_type": "road"}, "geometry": {"type": "Polygon", "coordinates": [[[37.70507802851908, 55.79517974997466], [37.704579459225066, 55.795105133491774], [37.70451394065655, 55.79524406649812], [37.70501574148269, 55.79531916663506], [37.70502224175399, 55.79532003748141], [37.70521384208283, 55.79534273752369], [37.7052150264636, 55.79534287454532], [37.70544352685827, 55.795368674593554], [37.70549367304929, 55.7952277254001], [37.7052657662089, 55.795201992378175], [37.70507802851908, 55.79517974997466]]]}}, {"type": "Feature", "properties": {"id": 1299, "object_type": "restriction", "restriction_type": "road"}, "geometry": {"type": "Polygon", "coordinates": [[[37.705814968830964, 55.79523013387164], [37.70574096933211, 55.79523083386729], [37.70567018773367, 55.79523149626373], [37.7054744912177, 55.79522640050921], [37.7054627087586, 55.795369999489566], [37.70566240912496, 55.79537519950087], [37.705670419110774, 55.795375266239404], [37.705745219248534, 55.795374566238785], [37.70581923674511, 55.795373866075096], [37.70612733174229, 55.79537096612497], [37.707166957400325, 55.79536106589143], [37.707162642605596, 55.79521733410773], [37.70612305636688, 55.79522723398616], [37.705814968830964, 55.79523013387164]]]}}, {"type": "Feature", "properties": {"id": 1300, "object_type": "restriction", "restriction_type": "oks"}, "geometry": {"type": "Polygon", "coordinates": [[[37.7104925, 55.7948615], [37.710587800000006, 55.794859200000005], [37.7105911, 55.79490189999999], [37.7106798, 55.794899699999995], [37.7106817, 55.7949254], [37.7108142, 55.794922199999995], [37.7108158, 55.7949423], [37.7115042, 55.7949257], [37.7115019, 55.79489540000001], [37.7116305, 55.79489229999999], [37.7116283, 55.7948629], [37.7117017, 55.794861099999984], [37.7116981, 55.79481479999999], [37.7118192, 55.7948119], [37.711775, 55.7942353], [37.711541800000006, 55.794240999999985], [37.7115438, 55.794266599999986], [37.7114424, 55.7942691], [37.71145200000001, 55.794395], [37.7114695, 55.794622799999985], [37.7114813, 55.7947767], [37.7112819, 55.794782899999994], [37.7110526, 55.79478710000001], [37.7108043, 55.79479310000001], [37.7107886, 55.79458799999999], [37.710773, 55.794393199999995], [37.7107656, 55.7942877], [37.7106638, 55.79429019999999], [37.7106616, 55.7942623], [37.710447, 55.7942675], [37.7104925, 55.7948615]]]}}, {"type": "Feature", "properties": {"id": 1301, "object_type": "restriction", "restriction_type": "oks"}, "geometry": {"type": "Polygon", "coordinates": [[[37.7073891, 55.7925609], [37.7074051, 55.7925592], [37.7073384, 55.792362999999995], [37.7072239, 55.7923753], [37.7072705, 55.7925121], [37.7068844, 55.792553599999984], [37.7069059, 55.79261659999999], [37.7072211, 55.7925827], [37.707296, 55.79280270000001], [37.7074651, 55.792784499999996], [37.7073891, 55.7925609]]]}}, {"type": "Feature", "properties": {"id": 1302, "object_type": "restriction", "restriction_type": "oks"}, "geometry": {"type": "Polygon", "coordinates": [[[37.7072503, 55.794342], [37.7071321, 55.7943409], [37.7071311, 55.794374299999994], [37.7068998, 55.79437219999999], [37.7069008, 55.794338499999995], [37.7067779, 55.794337399999996], [37.7067724, 55.7945279], [37.7068953, 55.79452899999998], [37.7068964, 55.794489399999996], [37.7071277, 55.79449149999999], [37.7071266, 55.794531199999994], [37.7072448, 55.7945323], [37.7072503, 55.794342]]]}}, {"type": "Feature", "properties": {"id": 1303, "object_type": "restriction", "restriction_type": "oks"}, "geometry": {"type": "Polygon", "coordinates": [[[37.708401, 55.79135469999999], [37.7082734, 55.7913689], [37.7080664, 55.79139210000001], [37.7081308, 55.791574199999985], [37.7084654, 55.7915368], [37.708401, 55.79135469999999]]]}}, {"type": "Feature", "properties": {"id": 1304, "object_type": "restriction", "restriction_type": "oks"}, "geometry": {"type": "Polygon", "coordinates": [[[37.7084132, 55.794819800000006], [37.7083533, 55.7945837], [37.7081899, 55.794597], [37.7082522, 55.794831900000005], [37.7084132, 55.794819800000006]]]}}, {"type": "Feature", "properties": {"id": 1305, "object_type": "restriction", "restriction_type": "oks"}, "geometry": {"type": "Polygon", "coordinates": [[[37.7071756, 55.79380720000001], [37.7071347, 55.7938114], [37.7071607, 55.7939023], [37.70714110000001, 55.7939046], [37.7071537, 55.79396069999999], [37.7074218, 55.79393909999999], [37.7073656, 55.7937258], [37.7071587, 55.79374279999998], [37.7071756, 55.79380720000001]]]}}, {"type": "Feature", "properties": {"id": 1306, "object_type": "restriction", "restriction_type": "oks"}, "geometry": {"type": "Polygon", "coordinates": [[[37.7079008, 55.7923067], [37.7081085, 55.79228109999999], [37.7080944, 55.792247999999994], [37.7080463, 55.792252399999995], [37.7080128, 55.79215699999999], [37.7081959, 55.7921373], [37.7082029, 55.7921517], [37.7083463, 55.792138], [37.708324, 55.792069], [37.707815800000006, 55.79212329999999], [37.7078841, 55.792308799999994], [37.7079008, 55.7923067]]]}}, {"type": "Feature", "properties": {"id": 1307, "object_type": "restriction", "restriction_type": "oks"}, "geometry": {"type": "Polygon", "coordinates": [[[37.7100835, 55.793397899999995], [37.7101743, 55.7933866], [37.7101503, 55.7933258], [37.7100595, 55.7933365], [37.7100835, 55.793397899999995]]]}}, {"type": "Feature", "properties": {"id": 1308, "object_type": "restriction", "restriction_type": "oks"}, "geometry": {"type": "Polygon", "coordinates": [[[37.7114232, 55.791941399999985], [37.7115211, 55.7918497], [37.711642, 55.7918234], [37.7115835, 55.791696800000004], [37.711111, 55.79176589999999], [37.7112321, 55.7920279], [37.711453, 55.7919956], [37.7114232, 55.791941399999985]]]}}, {"type": "Feature", "properties": {"id": 1309, "object_type": "restriction", "restriction_type": "oks"}, "geometry": {"type": "Polygon", "coordinates": [[[37.7084132, 55.7925838], [37.7085561, 55.79256819999999], [37.7084946, 55.79239269999999], [37.7083517, 55.7924085], [37.7084132, 55.7925838]]]}}, {"type": "Feature", "properties": {"id": 1310, "object_type": "restriction", "restriction_type": "oks"}, "geometry": {"type": "Polygon", "coordinates": [[[37.7099589, 55.7915147], [37.7101492, 55.79150110000001], [37.7101578, 55.791528299999996], [37.7102358, 55.7915221], [37.7102101, 55.79142649999999], [37.7100638, 55.791435400000005], [37.7099411, 55.79144280000001], [37.7099589, 55.7915147]]]}}, {"type": "Feature", "properties": {"id": 1311, "object_type": "restriction", "restriction_type": "oks"}, "geometry": {"type": "Polygon", "coordinates": [[[37.7097673, 55.79103289999998], [37.7096399, 55.79104509999999], [37.7096927, 55.79121959999999], [37.7096648, 55.7912222], [37.7096785, 55.791267500000004], [37.7098338, 55.7912527], [37.7097673, 55.79103289999998]]]}}, {"type": "Feature", "properties": {"id": 1312, "object_type": "restriction", "restriction_type": "oks"}, "geometry": {"type": "Polygon", "coordinates": [[[37.710091500000004, 55.791609599999994], [37.7102895, 55.79159049999999], [37.710285000000006, 55.79155780000001], [37.7101058, 55.791569299999985], [37.7101019, 55.79155119999999], [37.7100789, 55.79155239999999], [37.7100786, 55.791550199999996], [37.7098042, 55.7915627], [37.7098143, 55.7916223], [37.710091500000004, 55.791609599999994]]]}}, {"type": "Feature", "properties": {"id": 1313, "object_type": "restriction", "restriction_type": "oks"}, "geometry": {"type": "Polygon", "coordinates": [[[37.7093919, 55.79291519999999], [37.7094187, 55.7929729], [37.7094068, 55.7929743], [37.7094786, 55.7931442], [37.7095168, 55.79313950000001], [37.7095295, 55.7931634], [37.70959020000001, 55.79315379999999], [37.7094792, 55.79290040000001], [37.7093919, 55.79291519999999]]]}}, {"type": "Feature", "properties": {"id": 1314, "object_type": "restriction", "restriction_type": "oks"}, "geometry": {"type": "Polygon", "coordinates": [[[37.7094993, 55.7909971], [37.7094354, 55.791002899999995], [37.7094177, 55.791004599999994], [37.7094692, 55.79118100000001], [37.7095507, 55.79117349999999], [37.7094993, 55.7909971]]]}}, {"type": "Feature", "properties": {"id": 1315, "object_type": "restriction", "restriction_type": "oks"}, "geometry": {"type": "Polygon", "coordinates": [[[37.7096785, 55.791267500000004], [37.7095968, 55.79127429999999], [37.70962, 55.79135779999999], [37.7098568, 55.7913374], [37.7098443, 55.791292199999994], [37.7098338, 55.7912527], [37.7096785, 55.791267500000004]]]}}, {"type": "Feature", "properties": {"id": 1316, "object_type": "restriction", "restriction_type": "oks"}, "geometry": {"type": "Polygon", "coordinates": [[[37.7087056, 55.793375199999986], [37.7089703, 55.79335880000001], [37.7089268, 55.7932463], [37.7086689, 55.7932741], [37.7087056, 55.793375199999986]]]}}, {"type": "Feature", "properties": {"id": 1317, "object_type": "restriction", "restriction_type": "oks"}, "geometry": {"type": "Polygon", "coordinates": [[[37.7102775, 55.79203450000001], [37.7102422, 55.7920402], [37.7101816, 55.79192249999999], [37.7099861, 55.79195429999999], [37.7100644, 55.7921065], [37.7101975, 55.792084899999985], [37.7102952, 55.79206899999999], [37.7102775, 55.79203450000001]]]}}, {"type": "Feature", "properties": {"id": 1318, "object_type": "restriction", "restriction_type": "oks"}, "geometry": {"type": "Polygon", "coordinates": [[[37.7111497, 55.79119879999999], [37.7111168, 55.7911303], [37.7112594, 55.791011899999994], [37.7112199, 55.79099360000001], [37.7108215, 55.79104469999999], [37.7108821, 55.791229499999986], [37.7111497, 55.79119879999999]]]}}, {"type": "Feature", "properties": {"id": 1319, "object_type": "restriction", "restriction_type": "oks"}, "geometry": {"type": "Polygon", "coordinates": [[[37.7135732, 55.79170019999999], [37.71359650000001, 55.79174729999999], [37.7136513, 55.791738800000005], [37.713628, 55.79169159999999], [37.7135732, 55.79170019999999]]]}}, {"type": "Feature", "properties": {"id": 1320, "object_type": "restriction", "restriction_type": "oks"}, "geometry": {"type": "Polygon", "coordinates": [[[37.7137026, 55.7920374], [37.713721, 55.7920852], [37.7138282, 55.79207209999999], [37.7138098, 55.792024299999994], [37.7137026, 55.7920374]]]}}, {"type": "Feature", "properties": {"id": 1321, "object_type": "restriction", "restriction_type": "oks"}, "geometry": {"type": "Polygon", "coordinates": [[[37.7175603, 55.7915306], [37.7175991, 55.7914112], [37.7174698, 55.791397999999994], [37.7174577, 55.7914352], [37.7174312, 55.79143249999999], [37.7174223, 55.7914596], [37.7174469, 55.7914622], [37.7174291, 55.791517099999986], [37.7175603, 55.7915306]]]}}, {"type": "Feature", "properties": {"id": 1322, "object_type": "restriction", "restriction_type": "oks"}, "geometry": {"type": "Polygon", "coordinates": [[[37.71743180000001, 55.7916734], [37.7174517, 55.79157429999999], [37.717322, 55.79156610000001], [37.7173021, 55.791665099999996], [37.71743180000001, 55.7916734]]]}}, {"type": "Feature", "properties": {"id": 1323, "object_type": "restriction", "restriction_type": "oks"}, "geometry": {"type": "Polygon", "coordinates": [[[37.7113906, 55.79064619999999], [37.711424, 55.79073139999997], [37.7112457, 55.79075719999998], [37.7112711, 55.7908336], [37.7115683, 55.7907947], [37.7115158, 55.7906687], [37.7114831, 55.7905903], [37.7115731, 55.79057780000001], [37.7115692, 55.7905661], [37.7116549, 55.7905552], [37.7118278, 55.790532999999996], [37.7119048, 55.7905232], [37.7118752, 55.790444699999995], [37.7113371, 55.790518299999995], [37.7113747, 55.7906054], [37.7113906, 55.79064619999999]]]}}, {"type": "Feature", "properties": {"id": 1324, "object_type": "restriction", "restriction_type": "oks"}, "geometry": {"type": "Polygon", "coordinates": [[[37.718695, 55.79177680000001], [37.7187163, 55.7916907], [37.7187229, 55.791663699999994], [37.7185161, 55.7916476], [37.7183129, 55.79163179999999], [37.7182845, 55.79174739999999], [37.718695, 55.79177680000001]]]}}, {"type": "Feature", "properties": {"id": 1325, "object_type": "restriction", "restriction_type": "oks"}, "geometry": {"type": "Polygon", "coordinates": [[[37.7164238, 55.7915188], [37.7165181, 55.79152739999999], [37.7166592, 55.79154019999999], [37.7167586, 55.791549199999984], [37.7167913, 55.7914335], [37.7162834, 55.7913878], [37.7162502, 55.79150309999999], [37.7164238, 55.7915188]]]}}, {"type": "Feature", "properties": {"id": 1326, "object_type": "restriction", "restriction_type": "oks"}, "geometry": {"type": "Polygon", "coordinates": [[[37.7191466, 55.79166469999999], [37.719212, 55.7914734], [37.7189666, 55.791446900000004], [37.7189345, 55.79154079999999], [37.7189012, 55.7916381], [37.7191466, 55.79166469999999]]]}}, {"type": "Feature", "properties": {"id": 1327, "object_type": "restriction", "restriction_type": "oks"}, "geometry": {"type": "Polygon", "coordinates": [[[37.7183775, 55.79148849999999], [37.7184301, 55.791356999999984], [37.7188364, 55.7914083], [37.7188874, 55.79128079999999], [37.7184802, 55.791229400000006], [37.7185319, 55.79110010000001], [37.7182303, 55.791062100000005], [37.718168, 55.79121809999999], [37.7180442, 55.791202399999996], [37.7180288, 55.79124099999999], [37.7180146, 55.7912765], [37.7181488, 55.791293399999994], [37.7180856, 55.791451599999995], [37.7183775, 55.79148849999999]]]}}, {"type": "Feature", "properties": {"id": 1328, "object_type": "restriction", "restriction_type": "oks"}, "geometry": {"type": "Polygon", "coordinates": [[[37.7136277, 55.7924629], [37.7135741, 55.792378], [37.7133618, 55.79242059999999], [37.713376, 55.79244369999999], [37.7133658, 55.792445799999996], [37.7133548, 55.79244800000001], [37.713382900000006, 55.792492100000004], [37.7134041, 55.7924878], [37.7134154, 55.79250549999998], [37.7136277, 55.7924629]]]}}, {"type": "Feature", "properties": {"id": 1329, "object_type": "restriction", "restriction_type": "oks"}, "geometry": {"type": "Polygon", "coordinates": [[[37.709848, 55.7898083], [37.7098283, 55.78981110000001], [37.7099111, 55.790025100000015], [37.7101109, 55.790000600000006], [37.7100298, 55.789786699999986], [37.709848, 55.7898083]]]}}, {"type": "Feature", "properties": {"id": 1330, "object_type": "restriction", "restriction_type": "oks"}, "geometry": {"type": "Polygon", "coordinates": [[[37.7135343, 55.79326050000001], [37.7134606, 55.793034899999995], [37.7133283, 55.79304929999999], [37.7134027, 55.79327429999999], [37.7135343, 55.79326050000001]]]}}, {"type": "Feature", "properties": {"id": 1331, "object_type": "restriction", "restriction_type": "oks"}, "geometry": {"type": "Polygon", "coordinates": [[[37.7103914, 55.7925375], [37.7105007, 55.7925221], [37.7102952, 55.79206899999999], [37.7101975, 55.792084899999985], [37.7103914, 55.7925375]]]}}, {"type": "Feature", "properties": {"id": 1332, "object_type": "restriction", "restriction_type": "oks"}, "geometry": {"type": "Polygon", "coordinates": [[[37.7117349, 55.79411199999999], [37.7117012, 55.794024], [37.7116279, 55.7940328], [37.711617, 55.79400439999999], [37.7115531, 55.7940121], [37.7115643, 55.794041400000005], [37.7113994, 55.794061299999996], [37.7114328, 55.7941486], [37.7117349, 55.79411199999999]]]}}, {"type": "Feature", "properties": {"id": 1333, "object_type": "restriction", "restriction_type": "oks"}, "geometry": {"type": "Polygon", "coordinates": [[[37.7058366, 55.79496519999999], [37.7059046, 55.794965600000005], [37.70597250000001, 55.79496599999999], [37.7069064, 55.7949714], [37.7072314, 55.794973299999995], [37.7072241, 55.794906299999994], [37.707736, 55.7948806], [37.7077121, 55.79473060000001], [37.7076005, 55.7947358], [37.707207800000006, 55.794755900000006], [37.7072159, 55.7948303], [37.7071187, 55.7948343], [37.7071173, 55.7948188], [37.7069176, 55.7948227], [37.7067522, 55.794825899999985], [37.70675150000001, 55.79485489999999], [37.7064291, 55.7948524], [37.7064277, 55.79488429999999], [37.7062196, 55.794881], [37.7061677, 55.7948802], [37.7060261, 55.79486199999999], [37.7059829, 55.794856499999995], [37.7058922, 55.79483900000001], [37.7058366, 55.79496519999999]]]}}, {"type": "Feature", "properties": {"id": 1334, "object_type": "restriction", "restriction_type": "oks"}, "geometry": {"type": "Polygon", "coordinates": [[[37.7082595, 55.7933203], [37.7082947, 55.793401200000005], [37.7087056, 55.793375199999986], [37.7086689, 55.7932741], [37.708616500000005, 55.7932798], [37.7082595, 55.7933203]]]}}, {"type": "Feature", "properties": {"id": 1335, "object_type": "restriction", "restriction_type": "oks"}, "geometry": {"type": "Polygon", "coordinates": [[[37.7084494, 55.7930947], [37.7083849, 55.7929104], [37.7081261, 55.792937], [37.7081899, 55.79312300000001], [37.7084494, 55.7930947]]]}}, {"type": "Feature", "properties": {"id": 1336, "object_type": "restriction", "restriction_type": "oks"}, "geometry": {"type": "Polygon", "coordinates": [[[37.7092119, 55.79230750000001], [37.7091887, 55.79224789999999], [37.7091209, 55.7922563], [37.7091453, 55.79231580000001], [37.7092119, 55.79230750000001]]]}}, {"type": "Feature", "properties": {"id": 1337, "object_type": "restriction", "restriction_type": "oks"}, "geometry": {"type": "Polygon", "coordinates": [[[37.7086186, 55.79283430000001], [37.7085804, 55.7927344], [37.708374, 55.7927581], [37.7082313, 55.7927745], [37.7082136, 55.79273619999999], [37.70807, 55.7927512], [37.7080581, 55.792752400000005], [37.7081139, 55.79289330000001], [37.7086186, 55.79283430000001]]]}}, {"type": "Feature", "properties": {"id": 1338, "object_type": "restriction", "restriction_type": "oks"}, "geometry": {"type": "Polygon", "coordinates": [[[37.708849, 55.7911738], [37.7088295, 55.7911171], [37.7087427, 55.7911266], [37.7087623, 55.7911832], [37.708849, 55.7911738]]]}}, {"type": "Feature", "properties": {"id": 1339, "object_type": "restriction", "restriction_type": "oks"}, "geometry": {"type": "Polygon", "coordinates": [[[37.708614, 55.791873499999994], [37.7087679, 55.79185590000001], [37.7087272, 55.79175540000001], [37.708581, 55.79177119999999], [37.708614, 55.791873499999994]]]}}, {"type": "Feature", "properties": {"id": 1340, "object_type": "restriction", "restriction_type": "road"}, "geometry": {"type": "Polygon", "coordinates": [[[37.724054354992006, 55.79467102059483], [37.72433755437068, 55.79416292046995], [37.72423104565535, 55.79414407950709], [37.72394784503403, 55.794652179382176], [37.724054354992006, 55.79467102059483]]]}}, {"type": "Feature", "properties": {"id": 1341, "object_type": "restriction", "restriction_type": "road"}, "geometry": {"type": "Polygon", "coordinates": [[[37.72167628933179, 55.79427832187105], [37.72110088308987, 55.794183420849485], [37.720855264247795, 55.794143017745206], [37.719927684226555, 55.79399002105359], [37.71989631574886, 55.794050378944114], [37.72082391640114, 55.79420337906488], [37.72106953605227, 55.79424378230944], [37.72164491404265, 55.794338678687545], [37.72204491092487, 55.79440467817878], [37.72391652130927, 55.79471327991807], [37.723947878666166, 55.79465292007965], [37.72207628446192, 55.79434432106186], [37.72167628933179, 55.79427832187105]]]}}, {"type": "Feature", "properties": {"id": 1342, "object_type": "restriction", "restriction_type": "tram_tracks"}, "geometry": {"type": "Polygon", "coordinates": [[[37.71364645726435, 55.795749061138324], [37.71394345735659, 55.79580386115783], [37.71395934263778, 55.795776538841594], [37.71366234273002, 55.795721738861104], [37.71364645726435, 55.795749061138324]]]}}, {"type": "Feature", "properties": {"id": 1343, "object_type": "restriction", "restriction_type": "tram_tracks"}, "geometry": {"type": "Polygon", "coordinates": [[[37.71388241059702, 55.79576075250042], [37.71395941062089, 55.7957750525055], [37.713975389373466, 55.79574774749392], [37.71389850200329, 55.79573346841159], [37.71367881432701, 55.79569138992772], [37.7136623856672, 55.79571861007166], [37.71388218573455, 55.795760710086604], [37.71388241059702, 55.79576075250042]]]}}, {"type": "Feature", "properties": {"id": 1344, "object_type": "restriction", "restriction_type": "tram_tracks"}, "geometry": {"type": "Polygon", "coordinates": [[[37.71003768674512, 55.795194181549604], [37.710330780721414, 55.79519986205157], [37.71043023899375, 55.795202854778005], [37.71043060328497, 55.79520286426934], [37.71058440600702, 55.795206251117484], [37.710805797300054, 55.795216992474444], [37.71095856204501, 55.795228606168784], [37.711235358343124, 55.795256285799546], [37.71139754759692, 55.795277673394295], [37.71182303035206, 55.79535321055459], [37.71183836964249, 55.79532578944487], [37.71141196977662, 55.79525008947195], [37.71141011585893, 55.79524980310628], [37.71124631591424, 55.795228203114256], [37.711244959823944, 55.79522804601811], [37.71096695992129, 55.7952002460286], [37.7109659125849, 55.7952001538912], [37.710812012639934, 55.79518845389571], [37.710810789496584, 55.795188377775006], [37.71058818957756, 55.79517757777933], [37.710586996657504, 55.79517753572908], [37.71043277892015, 55.79517413974303], [37.710333261041704, 55.79517114522322], [37.710332777312345, 55.7951711332591], [37.710038677420435, 55.7951654332617], [37.71003714888571, 55.79516542944153], [37.70996064891388, 55.795166529441275], [37.709604825574395, 55.795171829783534], [37.70960617442602, 55.79520057021642], [37.70996196281437, 55.79519527039006], [37.71003768674512, 55.795194181549604]]]}}, {"type": "Feature", "properties": {"id": 1345, "object_type": "restriction", "restriction_type": "tram_tracks"}, "geometry": {"type": "Polygon", "coordinates": [[[37.711396528469656, 55.79527760477067], [37.71123612852377, 55.79525640477849], [37.71123476296596, 55.79525624633217], [37.71095896306253, 55.795228646342586], [37.71095790748484, 55.795228553503655], [37.71080640753902, 55.7952170535081], [37.71080521318587, 55.795216978930576], [37.710585013265955, 55.795206178934905], [37.71058377115611, 55.795206135174794], [37.71043014552136, 55.79520283891644], [37.71033091975942, 55.79519994399994], [37.71033048331415, 55.79519993337587], [37.71003838342149, 55.79519423337849], [37.71003683320648, 55.79519422966978], [37.70996213970563, 55.795195329574206], [37.709151646493474, 55.79520702947767], [37.70915295350693, 55.7952357705223], [37.70996345380535, 55.79522407051945], [37.71003739158604, 55.795222981745795], [37.710328498381536, 55.7952286623644], [37.71042768027597, 55.795231556001234], [37.710428028786595, 55.79523156482366], [37.710581206840025, 55.79523485147956], [37.710800188076625, 55.79524559170408], [37.710950562998036, 55.79525700630236], [37.711225150408175, 55.795284484956376], [37.711383946286475, 55.79530547294113], [37.71180663989022, 55.795380412247596], [37.71182196010433, 55.795352987751855], [37.71139836023764, 55.79527788777874], [37.711396528469656, 55.79527760477067]]]}}, {"type": "Feature", "properties": {"id": 1346, "object_type": "restriction", "restriction_type": "tram_tracks"}, "geometry": {"type": "Polygon", "coordinates": [[[37.71438268264897, 55.79585815083961], [37.71438278470815, 55.795858171060424], [37.71443254829674, 55.79586796389562], [37.71454021193385, 55.79588935667136], [37.71469712327433, 55.79592045892526], [37.71489501628935, 55.795959757540125], [37.7149119837047, 55.795932642459235], [37.714714083764505, 55.79589334247308], [37.71455717887373, 55.79586224150261], [37.714449488092725, 55.79584084333552], [37.71444941527083, 55.795840828935475], [37.71439966635128, 55.79583103898796], [37.714324017367886, 55.795815949165075], [37.71432387119025, 55.79581592028771], [37.71397577129606, 55.79574782031179], [37.713959028698056, 55.7957749796876], [37.71430705563694, 55.79584306539789], [37.71438268264897, 55.79585815083961]]]}}, {"type": "Feature", "properties": {"id": 1347, "object_type": "restriction", "restriction_type": "tram_tracks"}, "geometry": {"type": "Polygon", "coordinates": [[[37.704595071526434, 55.79513824617476], [37.70460592846958, 55.795110153824936], [37.70386653159277, 55.795019462255034], [37.70386555821758, 55.79504876691191], [37.704595071526434, 55.79513824617476]]]}}, {"type": "Feature", "properties": {"id": 1348, "object_type": "restriction", "restriction_type": "tram_tracks"}, "geometry": {"type": "Polygon", "coordinates": [[[37.714445648796094, 55.795871255444396], [37.71439625276422, 55.79586135624013], [37.714317758936524, 55.79584565747229], [37.71422978045222, 55.795827961800796], [37.71422936052677, 55.79582787965435], [37.71395956060968, 55.795776579672534], [37.713943239384555, 55.79580382032686], [37.71421282886904, 55.79585508030199], [37.71430061956821, 55.79587273820478], [37.71430066257331, 55.795872746830234], [37.71437915490159, 55.79588844529668], [37.71442854724466, 55.795898343762715], [37.714530451229066, 55.79591874456223], [37.71487824735248, 55.79598844378891], [37.71489535264153, 55.79596135621042], [37.71454755274623, 55.795891656234964], [37.714445648796094, 55.795871255444396]]]}}, {"type": "Feature", "properties": {"id": 1349, "object_type": "restriction", "restriction_type": "tram_tracks"}, "geometry": {"type": "Polygon", "coordinates": [[[37.704633532924234, 55.79508435437189], [37.70386749974736, 55.794990314716934], [37.70386652633936, 55.79501962041544], [37.70462266707178, 55.795112445627815], [37.704633532924234, 55.79508435437189]]]}}, {"type": "Feature", "properties": {"id": 1350, "object_type": "restriction", "restriction_type": "tram_tracks"}, "geometry": {"type": "Polygon", "coordinates": [[[37.713095032631756, 55.79965205036206], [37.713490930255475, 55.79917367372447], [37.71349096430695, 55.79917363240752], [37.7143936216438, 55.79807378360158], [37.71469397860934, 55.79771523472153], [37.71464782139797, 55.797702965274155], [37.71434742123481, 55.798061565217324], [37.71434733620851, 55.79806166775959], [37.713444652668194, 55.79916154691412], [37.71304866953203, 55.79964002619609], [37.713048469388866, 55.79964027413925], [37.71295276933099, 55.799761874120904], [37.71280696836008, 55.79994717521474], [37.71285363164695, 55.79995882478085], [37.71299943112301, 55.79977352530671], [37.713095032631756, 55.79965205036206]]]}}, {"type": "Feature", "properties": {"id": 1351, "object_type": "restriction", "restriction_type": "tram_tracks"}, "geometry": {"type": "Polygon", "coordinates": [[[37.714518055590986, 55.79554920208396], [37.7145342555063, 55.795418602080225], [37.71448334449508, 55.79541659791452], [37.714467144410406, 55.79554719791077], [37.714518055590986, 55.79554920208396]]]}}, {"type": "Feature", "properties": {"id": 1352, "object_type": "restriction", "restriction_type": "tram_tracks"}, "geometry": {"type": "Polygon", "coordinates": [[[37.714118289530546, 55.79581525487549], [37.714178577364926, 55.7958384061632], [37.71420354824423, 55.79585188101797], [37.71420480489758, 55.79585251560237], [37.714253087748034, 55.79587532114413], [37.71428268318415, 55.79589784761471], [37.71430377336084, 55.79591392533487], [37.71432454142369, 55.795936511813196], [37.71434342823849, 55.79595702024314], [37.71435239113525, 55.795972145146855], [37.71437065180323, 55.7960030627134], [37.714384695939415, 55.79605092752783], [37.71438528253822, 55.79610059564218], [37.714436317461754, 55.7961004043525], [37.71443571742853, 55.79604960435247], [37.71443562536186, 55.79604847625465], [37.71443537638645, 55.796047355709], [37.71442067635491, 55.79599725571184], [37.71442027129027, 55.795996147998245], [37.71441971289735, 55.79599506165174], [37.714400812879575, 55.79596306165536], [37.71439120481849, 55.795946848046675], [37.71439049974248, 55.79594579692231], [37.7143896510819, 55.79594478003303], [37.71436985482143, 55.79592328410723], [37.71434815855852, 55.795899688186495], [37.714347158463, 55.79589869858587], [37.7143460224599, 55.79589775668439], [37.71432372245573, 55.795880756688064], [37.71429231115252, 55.7958568480876], [37.71429038222993, 55.795855547785], [37.71428819508912, 55.79585438438865], [37.7142382420548, 55.79583078997634], [37.71421235174683, 55.79581681898322], [37.714210767403266, 55.795816032217516], [37.71420907299298, 55.795815321954656], [37.714145273003155, 55.79579082196212], [37.71414346663196, 55.7957901887593], [37.714141572906854, 55.79578964252539], [37.714061772927685, 55.795768942532376], [37.714061315987294, 55.79576882705049], [37.713977616009956, 55.79574822705753], [37.713957183983105, 55.795774572941575], [37.714040654529896, 55.795795116470764], [37.714118289530546, 55.79581525487549]]]}}, {"type": "Feature", "properties": {"id": 1353, "object_type": "restriction", "restriction_type": "tram_tracks"}, "geometry": {"type": "Polygon", "coordinates": [[[37.71378416066365, 55.79572447495952], [37.71378635082988, 55.795724414112755], [37.71389955087112, 55.7957185141108], [37.71390169872939, 55.79571835008316], [37.71390381412944, 55.795718083963145], [37.71401361416588, 55.795701483957465], [37.71401553433915, 55.79570114743993], [37.714017401511214, 55.79570072678816], [37.714102501534356, 55.795679326781105], [37.714103805847444, 55.795678973466856], [37.71417360586441, 55.795658673460345], [37.714175487201054, 55.7956580679903], [37.71417727057904, 55.795657374793656], [37.714251370588705, 55.79562587478448], [37.71425322678594, 55.795625005109684], [37.71432092678922, 55.79559010510028], [37.71432306966385, 55.79558885844609], [37.7143249302694, 55.795587475413775], [37.71437583025667, 55.79554447540499], [37.714376300119056, 55.79554406343484], [37.714433300101554, 55.795492163424754], [37.714434427629534, 55.79549102432944], [37.71443536725385, 55.79548983235285], [37.714458467236796, 55.795456532348325], [37.714459235672585, 55.795455249409066], [37.714476835652654, 55.795420549405485], [37.71442776435237, 55.795412650589654], [37.71441049486544, 55.795446698911626], [37.71438867803801, 55.795478149116406], [37.7143331285921, 55.79552872832196], [37.71428418817523, 55.7955700728613], [37.71421966476632, 55.79560333528974], [37.71414826365097, 55.795633687986225], [37.71408103742004, 55.79565323945244], [37.713998439083625, 55.79567401036134], [37.713892684985986, 55.795689998685646], [37.71378383874093, 55.795695671767525], [37.71367263072876, 55.79569067034817], [37.71366856926967, 55.79571932965174], [37.713781969310986, 55.79572442965381], [37.71378416066365, 55.79572447495952]]]}}, {"type": "Feature", "properties": {"id": 1354, "object_type": "restriction", "restriction_type": "tram_tracks"}, "geometry": {"type": "Polygon", "coordinates": [[[37.71440965658508, 55.79552930042211], [37.71436726214496, 55.795563582925986], [37.714367132674816, 55.79556368862617], [37.71432767644807, 55.79559621070056], [37.714266429750836, 55.79563473062444], [37.71419607633809, 55.79566779287769], [37.71411785298347, 55.7956948294831], [37.714044343168716, 55.79571296702121], [37.71396729332468, 55.79572574461359], [37.7138879830333, 55.79573276237278], [37.71381178676509, 55.79573420366422], [37.71373578146633, 55.795730456247625], [37.713659709836946, 55.7957213394155], [37.71364909015915, 55.79574946058422], [37.71372669018575, 55.79575876058767], [37.71372977512782, 55.79575902050024], [37.71380887515658, 55.79576292050181], [37.71381195632209, 55.79576296714794], [37.71389125635127, 55.79576146714754], [37.713894359552256, 55.795761301132416], [37.71397685958162, 55.79575400112991], [37.71398010610933, 55.79575359014461], [37.714060306135366, 55.79574029014007], [37.71406333753854, 55.79573966763606], [37.71413993755962, 55.795720767629824], [37.714143044679574, 55.79571985287681], [37.71422434469576, 55.7956917528681], [37.71422734617143, 55.79569053862386], [37.71430054617803, 55.79565613861422], [37.714303207605546, 55.79565469116831], [37.71436680760199, 55.79561469115851], [37.71436886734334, 55.79561321137717], [37.71440920301774, 55.79557996438347], [37.71445303785431, 55.795544517063014], [37.71445442481266, 55.795543262582065], [37.71445557580385, 55.7955419345086], [37.71449467577862, 55.795490234501045], [37.714495530668316, 55.795488933289484], [37.71453313063095, 55.79542193328191], [37.71448446937452, 55.7954132667133], [37.714447240983354, 55.79547960446574], [37.71440965658508, 55.79552930042211]]]}}, {"type": "Feature", "properties": {"id": 1355, "object_type": "restriction", "restriction_type": "tram_tracks"}, "geometry": {"type": "Polygon", "coordinates": [[[37.71438518227871, 55.796099460629875], [37.714334217722374, 55.796097939364834], [37.71431901761723, 55.796259539361195], [37.71431371689018, 55.79631644673165], [37.71436468311088, 55.79631795326306], [37.71436998273054, 55.796261056947635], [37.71438518227871, 55.796099460629875]]]}}, {"type": "Feature", "properties": {"id": 1356, "object_type": "restriction", "restriction_type": "tram_tracks"}, "geometry": {"type": "Polygon", "coordinates": [[[37.71447770304466, 55.79541796048067], [37.714426896957185, 55.7954152395141], [37.714406696880104, 55.79553493950957], [37.71440666518151, 55.795535142625305], [37.71440276516391, 55.795562342624414], [37.71445363483768, 55.79556465737031], [37.71445752024948, 55.79553755899063], [37.71447770304466, 55.79541796048067]]]}}, {"type": "Feature", "properties": {"id": 1357, "object_type": "restriction", "restriction_type": "tram_tracks"}, "geometry": {"type": "Polygon", "coordinates": [[[37.71436618444191, 55.79603835585421], [37.71436561029217, 55.79603729144501], [37.71433201026229, 55.79598269145141], [37.714331299466714, 55.79598166525927], [37.7143304512729, 55.79598067274071], [37.71431635417612, 55.79596567583851], [37.71428255708067, 55.79592967895437], [37.71428158260912, 55.79592873040841], [37.71428048269342, 55.79592782644029], [37.714234582685, 55.79589302644785], [37.71423456735397, 55.79589301483652], [37.7142193673512, 55.795881514839024], [37.71421813694251, 55.7958806549789], [37.714216792982036, 55.79587985087089], [37.71414369298234, 55.79583935088145], [37.71414185926527, 55.79583842849937], [37.71413987650259, 55.79583760979977], [37.71405747651655, 55.79580690980922], [37.714055761921195, 55.79580632420265], [37.71396376194147, 55.795777624211944], [37.71393903805052, 55.79580277578675], [37.71403016033637, 55.79583120198155], [37.7141096658552, 55.79586082358139], [37.714179606104125, 55.79589957297656], [37.71419362496484, 55.795910179355374], [37.7142383544775, 55.79594409194163], [37.71427124289642, 55.79597912104754], [37.71428443162501, 55.79599315162259], [37.71431674141592, 55.79604565508567], [37.71433458920097, 55.796101257910735], [37.71438481079582, 55.79609614208412], [37.71436661076041, 55.79603944208763], [37.71436618444191, 55.79603835585421]]]}}, {"type": "Feature", "properties": {"id": 1358, "object_type": "restriction", "restriction_type": "tram_tracks"}, "geometry": {"type": "Polygon", "coordinates": [[[37.71446528399422, 55.79560038210364], [37.71446568912981, 55.795601950842816], [37.714484689097176, 55.79565485084649], [37.71448515380259, 55.79565592884966], [37.71448576468507, 55.795656983455835], [37.71451876465823, 55.79570728346212], [37.71451973138211, 55.79570856296886], [37.71456123136011, 55.79575686297645], [37.71456240044857, 55.79575807225193], [37.714609600432944, 55.79580177226018], [37.71461121436156, 55.795803094253635], [37.71469001434923, 55.79586049426643], [37.714692224726655, 55.795861903323754], [37.71478362472661, 55.795913003337034], [37.714786210655866, 55.79591426685301], [37.714888110668305, 55.79595766686576], [37.71491888932263, 55.795934733132256], [37.71481835768786, 55.79589191593812], [37.714729362424904, 55.79584216039377], [37.71465245817669, 55.79578614133045], [37.7146066355522, 55.795743716592], [37.71456620696524, 55.79569666359423], [37.7145343194993, 55.795648059411924], [37.71451627149096, 55.79559781004754], [37.71451811202583, 55.79554850222123], [37.714467087974654, 55.79554789777348], [37.7144651879414, 55.79559879777292], [37.71446528399422, 55.79560038210364]]]}}, {"type": "Feature", "properties": {"id": 1359, "object_type": "restriction", "restriction_type": "tram_tracks"}, "geometry": {"type": "Polygon", "coordinates": [[[37.71472273946047, 55.79589614289867], [37.71467550641661, 55.79586667025524], [37.71462962986855, 55.79583690453916], [37.71458851154656, 55.79580552990795], [37.71456777006213, 55.79578739317678], [37.714548636200746, 55.79576883622604], [37.71451163412505, 55.7957259917469], [37.714492327201285, 55.79569596950891], [37.71446383280157, 55.795642844420634], [37.71445835336085, 55.79560227752768], [37.714453661395474, 55.79556254578524], [37.71440273860336, 55.795564454209476], [37.714407438577474, 55.79560425421031], [37.71440745585109, 55.795604390677305], [37.71441315582369, 55.795646590678345], [37.71441351624159, 55.79564813988808], [37.71441417299175, 55.79564965791094], [37.71444367296029, 55.795704657916616], [37.7144441081191, 55.795705396418775], [37.71446410810237, 55.79573649642258], [37.714465153830574, 55.79573788904839], [37.71450315381062, 55.795781889055334], [37.71450403447759, 55.79578282026485], [37.71452393447025, 55.79580212026837], [37.71452454851427, 55.79580268539603], [37.71454604850811, 55.79582148539972], [37.71454697092232, 55.795822238235395], [37.7145891709144, 55.79585443824236], [37.714590431533956, 55.795855324596786], [37.714637131530054, 55.79588562460404], [37.71463745920254, 55.79588583309134], [37.714686659199565, 55.79591653309887], [37.714688554842034, 55.79591759790671], [37.71469063807056, 55.79591854498161], [37.7147784380827, 55.79595434499229], [37.71478007984725, 55.79595496137192], [37.7148734798653, 55.79598716138207], [37.7149001201263, 55.795962638616416], [37.71480756219127, 55.7959307289259], [37.71472273946047, 55.79589614289867]]]}}, {"type": "Feature", "properties": {"id": 1360, "object_type": "restriction", "restriction_type": "tram_tracks"}, "geometry": {"type": "Polygon", "coordinates": [[[37.71440575271268, 55.79593952702564], [37.71440576328139, 55.79593944021777], [37.71441316324012, 55.795875840216034], [37.71441666400436, 55.79584553345325], [37.714416677816835, 55.79584540500603], [37.714425758725234, 55.79575419616383], [37.71445363053986, 55.7955646869641], [37.71440276946177, 55.79556231303062], [37.71437486933917, 55.79575201302429], [37.714374822243734, 55.79575239499087], [37.71436572858035, 55.79584373074769], [37.714362236367904, 55.79587396315893], [37.71435484177115, 55.7959375163641], [37.71435114816946, 55.79596656589321], [37.71433424899648, 55.796097658814894], [37.71438515100497, 55.79609974117986], [37.714402050920015, 55.795968641175946], [37.71440575271268, 55.79593952702564]]]}}, {"type": "Feature", "properties": {"id": 1361, "object_type": "restriction", "restriction_type": "tram_tracks"}, "geometry": {"type": "Polygon", "coordinates": [[[37.714442681752345, 55.79569923166512], [37.714432701898176, 55.795762703275116], [37.714415626110366, 55.795852875108096], [37.71441554851543, 55.795853363792496], [37.714411648495734, 55.79588376379161], [37.71441162916558, 55.79588392744762], [37.71440443791415, 55.79595054599946], [37.714385348250175, 55.79609946461004], [37.714436251751266, 55.79610153538468], [37.7144553516547, 55.7959525353803], [37.714455370878966, 55.79595237254882], [37.71446256199934, 55.79588575440616], [37.714466420091796, 55.79585568091748], [37.71448347383375, 55.79576562488287], [37.71448351829043, 55.79576536833187], [37.714493515962644, 55.7957017828734], [37.71451801352515, 55.79554949740959], [37.71446718647662, 55.79554690258518], [37.7144426863784, 55.79569920257965], [37.714442681752345, 55.79569923166512]]]}}, {"type": "Feature", "properties": {"id": 1362, "object_type": "restriction", "restriction_type": "tram_tracks"}, "geometry": {"type": "Polygon", "coordinates": [[[37.71439349864482, 55.798073913733994], [37.7135009981342, 55.79917151356413], [37.71349417262603, 55.79917992178541], [37.713096456550126, 55.79965062213219], [37.71309617616239, 55.799650965531804], [37.712999676104204, 55.799773365513325], [37.71285316813834, 55.79995957548694], [37.71289983186869, 55.79997122450865], [37.71304632784347, 55.799785029483985], [37.71314268765874, 55.79966280720188], [37.713540343244425, 55.79919217778839], [37.713540508795944, 55.799191977916735], [37.71354740533541, 55.79918348217353], [37.71443984082261, 55.79808596071606], [37.71474017861801, 55.797727434719974], [37.7146940213893, 55.797715165275704], [37.714393621226144, 55.79807376521889], [37.71439349864482, 55.798073913733994]]]}}, {"type": "Feature", "properties": {"id": 1363, "object_type": "restriction", "restriction_type": "oks"}, "geometry": {"type": "Polygon", "coordinates": [[[37.7097438, 55.80160189999999], [37.7097968, 55.8014977], [37.7095603, 55.8014597], [37.709509, 55.80156319999998], [37.7097438, 55.80160189999999]]]}}, {"type": "Feature", "properties": {"id": 1364, "object_type": "restriction", "restriction_type": "oks"}, "geometry": {"type": "Polygon", "coordinates": [[[37.7096669, 55.79750589999998], [37.7087209, 55.7974353], [37.7086623, 55.797705900000004], [37.708704100000006, 55.7977906], [37.7088381, 55.797767099999994], [37.7095874, 55.79783059999999], [37.7096669, 55.79750589999998]]]}}, {"type": "Feature", "properties": {"id": 1365, "object_type": "restriction", "restriction_type": "road"}, "geometry": {"type": "Polygon", "coordinates": [[[37.704186860760636, 55.79727694011914], [37.70418542034417, 55.79727295341081], [37.704183275957924, 55.79726906843549], [37.704180449316375, 55.79726532453278], [37.70412064922786, 55.797196024563554], [37.70411695250956, 55.79719226341176], [37.70411256772288, 55.79718874464711], [37.70410754444743, 55.797185508056764], [37.70410193948227, 55.79718259023735], [37.70399243950816, 55.79713139027804], [37.70390076041862, 55.79719360970436], [37.70399832945481, 55.79723923106208], [37.7040449462885, 55.797293253683314], [37.704053017189445, 55.797384511771725], [37.70419638280381, 55.79738048818644], [37.7041875826213, 55.79728098819064], [37.704186860760636, 55.79727694011914]]]}}, {"type": "Feature", "properties": {"id": 1366, "object_type": "restriction", "restriction_type": "oks"}, "geometry": {"type": "Polygon", "coordinates": [[[37.7167606, 55.7911996], [37.7167748, 55.79120619999999], [37.7167915, 55.79121039999999], [37.7168095, 55.791212], [37.716827800000004, 55.791211], [37.7168449, 55.7912074], [37.7168598, 55.7912014], [37.7168714, 55.7911934], [37.7168789, 55.791183999999994], [37.7168818, 55.7911738], [37.71688, 55.7911636], [37.7168735, 55.791154000000006], [37.7168628, 55.79114559999999], [37.7168487, 55.79113910000001], [37.716832, 55.7911348], [37.7168139, 55.7911332], [37.7167957, 55.7911342], [37.7167785, 55.79113789999999], [37.7167637, 55.79114390000001], [37.7167521, 55.791151799999994], [37.7167445, 55.79116119999999], [37.7167416, 55.7911714], [37.7167434, 55.791181599999994], [37.7167499, 55.79119130000001], [37.7167606, 55.7911996]]]}}, {"type": "Feature", "properties": {"id": 1367, "object_type": "restriction", "restriction_type": "oks"}, "geometry": {"type": "Polygon", "coordinates": [[[37.7194168, 55.793637800000006], [37.7194308, 55.79357840000001], [37.719233, 55.79356369999999], [37.7192191, 55.79362299999998], [37.7194168, 55.793637800000006]]]}}, {"type": "Feature", "properties": {"id": 1368, "object_type": "restriction", "restriction_type": "oks"}, "geometry": {"type": "Polygon", "coordinates": [[[37.7194384, 55.7935461], [37.7194524, 55.793486599999994], [37.7192546, 55.7934719], [37.7192406, 55.79353139999999], [37.7194384, 55.7935461]]]}}, {"type": "Feature", "properties": {"id": 1369, "object_type": "restriction", "restriction_type": "oks"}, "geometry": {"type": "Polygon", "coordinates": [[[37.718612, 55.7937511], [37.7187943, 55.7937611], [37.718812, 55.7936606], [37.7188732, 55.79366400000001], [37.7189197, 55.793399799999996], [37.7186763, 55.79338620000001], [37.718612, 55.7937511]]]}}, {"type": "Feature", "properties": {"id": 1370, "object_type": "restriction", "restriction_type": "oks"}, "geometry": {"type": "Polygon", "coordinates": [[[37.7193959, 55.79372660000001], [37.7194099, 55.79366709999999], [37.7192121, 55.7936524], [37.7191981, 55.79371189999999], [37.7193959, 55.79372660000001]]]}}, {"type": "Feature", "properties": {"id": 1371, "object_type": "restriction", "restriction_type": "oks"}, "geometry": {"type": "Polygon", "coordinates": [[[37.7192821, 55.7942098], [37.7192961, 55.7941504], [37.7190984, 55.79413559999999], [37.7190844, 55.794195099999996], [37.7192821, 55.7942098]]]}}, {"type": "Feature", "properties": {"id": 1372, "object_type": "restriction", "restriction_type": "oks"}, "geometry": {"type": "Polygon", "coordinates": [[[37.7193234, 55.7940345], [37.71933740000001, 55.793974999999996], [37.7191397, 55.79396030000001], [37.7191257, 55.7940198], [37.7193234, 55.7940345]]]}}, {"type": "Feature", "properties": {"id": 1373, "object_type": "restriction", "restriction_type": "oks"}, "geometry": {"type": "Polygon", "coordinates": [[[37.714922200000004, 55.794071800000005], [37.715119, 55.794077599999994], [37.7151273, 55.7939888], [37.7149289, 55.79398299999998], [37.7148208, 55.7939798], [37.7148125, 55.79406860000001], [37.714922200000004, 55.794071800000005]]]}}, {"type": "Feature", "properties": {"id": 1374, "object_type": "restriction", "restriction_type": "oks"}, "geometry": {"type": "Polygon", "coordinates": [[[37.7192201, 55.79439119999999], [37.7192783, 55.7942486], [37.7190687, 55.79422160000001], [37.71901050000001, 55.794364200000004], [37.7192201, 55.79439119999999]]]}}, {"type": "Feature", "properties": {"id": 1375, "object_type": "restriction", "restriction_type": "oks"}, "geometry": {"type": "Polygon", "coordinates": [[[37.7193028, 55.79412199999999], [37.7193168, 55.794062600000004], [37.719119, 55.7940479], [37.719105, 55.794107299999986], [37.7193028, 55.79412199999999]]]}}, {"type": "Feature", "properties": {"id": 1376, "object_type": "restriction", "restriction_type": "oks"}, "geometry": {"type": "Polygon", "coordinates": [[[37.7193767, 55.79380780000001], [37.7193907, 55.79374839999999], [37.719193, 55.7937336], [37.719179, 55.7937931], [37.7193767, 55.79380780000001]]]}}, {"type": "Feature", "properties": {"id": 1377, "object_type": "restriction", "restriction_type": "oks"}, "geometry": {"type": "Polygon", "coordinates": [[[37.7193443, 55.7939456], [37.71935830000001, 55.793886099999995], [37.7191606, 55.79387140000001], [37.7191466, 55.79393089999999], [37.7193443, 55.7939456]]]}}, {"type": "Feature", "properties": {"id": 1378, "object_type": "restriction", "restriction_type": "oks"}, "geometry": {"type": "Polygon", "coordinates": [[[37.7195211, 55.79314170000001], [37.7191039, 55.7931171], [37.7190524, 55.793393099999996], [37.7194697, 55.7934177], [37.7195211, 55.79314170000001]]]}}, {"type": "Feature", "properties": {"id": 1379, "object_type": "restriction", "restriction_type": "road"}, "geometry": {"type": "Polygon", "coordinates": [[[37.71159398881902, 55.79332320680713], [37.711492388546105, 55.79311110685006], [37.71138461143161, 55.79312749312619], [37.711486186611246, 55.79333954192405], [37.711756161634, 55.79391079074731], [37.71186403834397, 55.79389460922889], [37.711594037606694, 55.793323309343045], [37.71159398881902, 55.79332320680713]]]}}, {"type": "Feature", "properties": {"id": 1380, "object_type": "restriction", "restriction_type": "oks"}, "geometry": {"type": "Polygon", "coordinates": [[[37.7112064, 55.79427429999999], [37.7109586, 55.79428269999998], [37.710967, 55.79434299999999], [37.7112148, 55.7943335], [37.7112064, 55.79427429999999]]]}}, {"type": "Feature", "properties": {"id": 1381, "object_type": "restriction", "restriction_type": "oks"}, "geometry": {"type": "Polygon", "coordinates": [[[37.7127117, 55.7942019], [37.7127146, 55.794150599999995], [37.7126315, 55.79414909999999], [37.7126286, 55.7942004], [37.7127117, 55.7942019]]]}}, {"type": "Feature", "properties": {"id": 1382, "object_type": "restriction", "restriction_type": "tram_tracks"}, "geometry": {"type": "Polygon", "coordinates": [[[37.70444974807728, 55.79226014871913], [37.703963757655565, 55.792092078241616], [37.703962650052745, 55.79212543015996], [37.704423051914304, 55.79228465127935], [37.70444974807728, 55.79226014871913]]]}}, {"type": "Feature", "properties": {"id": 1383, "object_type": "restriction", "restriction_type": "road"}, "geometry": {"type": "Polygon", "coordinates": [[[37.70412918535933, 55.791848386640176], [37.70426601450856, 55.791773013320885], [37.70397982992626, 55.79160810526388], [37.70397480469892, 55.79175942799129], [37.70412918535933, 55.791848386640176]]]}}, {"type": "Feature", "properties": {"id": 1384, "object_type": "restriction", "restriction_type": "oks"}, "geometry": {"type": "Polygon", "coordinates": [[[37.7118871, 55.800467299999994], [37.7121145, 55.8005048], [37.7122493, 55.800246300000005], [37.7120219, 55.80020879999999], [37.7118871, 55.800467299999994]]]}}, {"type": "Feature", "properties": {"id": 1385, "object_type": "restriction", "restriction_type": "oks"}, "geometry": {"type": "Polygon", "coordinates": [[[37.7169981, 55.791652199999994], [37.7170305, 55.79152249999998], [37.7168565, 55.7915088], [37.7168384, 55.7915772], [37.7167907, 55.79157339999998], [37.7167755, 55.7916347], [37.7169981, 55.791652199999994]]]}}, {"type": "Feature", "properties": {"id": 1386, "object_type": "restriction", "restriction_type": "oks"}, "geometry": {"type": "Polygon", "coordinates": [[[37.7040058, 55.7908709], [37.704004365393544, 55.7908692574177], [37.704004298248854, 55.79087127942371], [37.7040058, 55.7908709]]]}}, {"type": "Feature", "properties": {"id": 1387, "object_type": "restriction", "restriction_type": "oks"}, "geometry": {"type": "Polygon", "coordinates": [[[37.7052645, 55.79094429999999], [37.7051809, 55.790808399999996], [37.7050799, 55.79082809999999], [37.7051634, 55.790963999999995], [37.7052645, 55.79094429999999]]]}}, {"type": "Feature", "properties": {"id": 1388, "object_type": "restriction", "restriction_type": "oks"}, "geometry": {"type": "Polygon", "coordinates": [[[37.7046989, 55.790172000000005], [37.7048458, 55.79014310000001], [37.7047772, 55.7900328], [37.70488950000001, 55.79001070000001], [37.7048324, 55.78991879999999], [37.7045731, 55.789969799999994], [37.7046989, 55.790172000000005]]]}}, {"type": "Feature", "properties": {"id": 1389, "object_type": "restriction", "restriction_type": "oks"}, "geometry": {"type": "Polygon", "coordinates": [[[37.7189254, 55.79763109999998], [37.718955, 55.797580899999986], [37.7188679, 55.79756450000001], [37.71883830000001, 55.79761469999999], [37.7189254, 55.79763109999998]]]}}, {"type": "Feature", "properties": {"id": 1390, "object_type": "restriction", "restriction_type": "oks"}, "geometry": {"type": "Polygon", "coordinates": [[[37.7184085, 55.797909], [37.7184518, 55.79782670000001], [37.7183718, 55.79781339999999], [37.7183285, 55.7978957], [37.7184085, 55.797909]]]}}, {"type": "Feature", "properties": {"id": 1391, "object_type": "restriction", "restriction_type": "oks"}, "geometry": {"type": "Polygon", "coordinates": [[[37.7194866, 55.79818059999999], [37.7195207, 55.798116699999994], [37.7194361, 55.79810229999999], [37.719402, 55.7981663], [37.7194866, 55.79818059999999]]]}}, {"type": "Feature", "properties": {"id": 1392, "object_type": "restriction", "restriction_type": "oks"}, "geometry": {"type": "Polygon", "coordinates": [[[37.7183159, 55.79815519999999], [37.7182129, 55.79813680000001], [37.7181784, 55.79819810000001], [37.7182814, 55.79821640000001], [37.7183159, 55.79815519999999]]]}}, {"type": "Feature", "properties": {"id": 1393, "object_type": "restriction", "restriction_type": "oks"}, "geometry": {"type": "Polygon", "coordinates": [[[37.7170537, 55.789835999999994], [37.7169728, 55.78982709999999], [37.7169164, 55.7899908], [37.716989, 55.7899987], [37.7172404, 55.7900261], [37.7172991, 55.79003249999999], [37.717321, 55.78996879999999], [37.7174447, 55.7899823], [37.7174802, 55.78987939999999], [37.7173801, 55.78986849999999], [37.7173942, 55.78982769999998], [37.7170688, 55.789792299999995], [37.7170537, 55.789835999999994]]]}}, {"type": "Feature", "properties": {"id": 1394, "object_type": "restriction", "restriction_type": "oks"}, "geometry": {"type": "Polygon", "coordinates": [[[37.7165439, 55.797443], [37.716427, 55.7974236], [37.716393, 55.797483899999996], [37.7165102, 55.7975046], [37.7165439, 55.797443]]]}}, {"type": "Feature", "properties": {"id": 1395, "object_type": "restriction", "restriction_type": "oks"}, "geometry": {"type": "Polygon", "coordinates": [[[37.7166252, 55.790563], [37.7169158, 55.7905902], [37.716953, 55.7904647], [37.7166624, 55.790437499999996], [37.7166252, 55.790563]]]}}, {"type": "Feature", "properties": {"id": 1396, "object_type": "restriction", "restriction_type": "oks"}, "geometry": {"type": "Polygon", "coordinates": [[[37.7172406, 55.790154599999994], [37.717349, 55.790166400000004], [37.7173812, 55.790073], [37.7172728, 55.79006119999999], [37.7172406, 55.790154599999994]]]}}, {"type": "Feature", "properties": {"id": 1397, "object_type": "restriction", "restriction_type": "oks"}, "geometry": {"type": "Polygon", "coordinates": [[[37.7170413, 55.79060199999999], [37.7171134, 55.79035879999999], [37.7169879, 55.7903471], [37.716953, 55.7904647], [37.7169158, 55.7905902], [37.7170413, 55.79060199999999]]]}}, {"type": "Feature", "properties": {"id": 1398, "object_type": "restriction", "restriction_type": "oks"}, "geometry": {"type": "Polygon", "coordinates": [[[37.7178991, 55.7971225], [37.71793, 55.7971281], [37.7179392, 55.79711209999999], [37.7179084, 55.79710649999999], [37.7178991, 55.7971225]]]}}, {"type": "Feature", "properties": {"id": 1399, "object_type": "restriction", "restriction_type": "oks"}, "geometry": {"type": "Polygon", "coordinates": [[[37.71808180000001, 55.79712670000001], [37.7180904, 55.7971109], [37.718099, 55.797094900000005], [37.7178219, 55.797047299999996], [37.7178133, 55.797063099999995], [37.7178046, 55.79707919999999], [37.71808180000001, 55.79712670000001]]]}}, {"type": "Feature", "properties": {"id": 1400, "object_type": "restriction", "restriction_type": "oks"}, "geometry": {"type": "Polygon", "coordinates": [[[37.7168395, 55.7969057], [37.7170241, 55.79693879999999], [37.7170384, 55.7969136], [37.7170535, 55.7968871], [37.7168689, 55.79685390000001], [37.7168395, 55.7969057]]]}}, {"type": "Feature", "properties": {"id": 1401, "object_type": "restriction", "restriction_type": "oks"}, "geometry": {"type": "Polygon", "coordinates": [[[37.7172521, 55.796316399999995], [37.717247, 55.7963253], [37.7172399, 55.796337799999996], [37.7174192, 55.796369999999996], [37.7174263, 55.796357400000005], [37.7174313, 55.796348599999995], [37.7172521, 55.796316399999995]]]}}, {"type": "Feature", "properties": {"id": 1402, "object_type": "restriction", "restriction_type": "oks"}, "geometry": {"type": "Polygon", "coordinates": [[[37.7173807, 55.7964381], [37.7173866, 55.796427699999995], [37.7172074, 55.79639550000001], [37.7172015, 55.79640599999999], [37.71719470000001, 55.796417899999994], [37.7173739, 55.796450099999994], [37.7173807, 55.7964381]]]}}, {"type": "Feature", "properties": {"id": 1403, "object_type": "restriction", "restriction_type": "oks"}, "geometry": {"type": "Polygon", "coordinates": [[[37.717198, 55.7960157], [37.7172181, 55.79598039999999], [37.7170233, 55.795945499999995], [37.7170139, 55.795961999999996], [37.7170032, 55.7959808], [37.717198, 55.7960157]]]}}, {"type": "Feature", "properties": {"id": 1404, "object_type": "restriction", "restriction_type": "oks"}, "geometry": {"type": "Polygon", "coordinates": [[[37.7175932, 55.7960658], [37.7176028, 55.796049], [37.717412, 55.796014799999995], [37.717392000000004, 55.796050099999995], [37.71758270000001, 55.79608429999999], [37.7175932, 55.7960658]]]}}, {"type": "Feature", "properties": {"id": 1405, "object_type": "restriction", "restriction_type": "oks"}, "geometry": {"type": "Polygon", "coordinates": [[[37.7197003, 55.8009825], [37.7197404, 55.80091689999998], [37.7198515, 55.8009384], [37.719845, 55.8009492], [37.7199135, 55.8009624], [37.7199493, 55.800903899999994], [37.7199994, 55.800913599999994], [37.720041, 55.800845599999995], [37.7199907, 55.800835899999996], [37.7200158, 55.800794899999985], [37.7199644, 55.80078459999999], [37.719982, 55.80075579999999], [37.720111, 55.80053509999999], [37.7197706, 55.80047139999999], [37.7197269, 55.8005405], [37.7196222, 55.8005218], [37.7196797, 55.800419899999994], [37.719600400000004, 55.80040579999999], [37.7196134, 55.800382799999994], [37.7195056, 55.8003636], [37.7194925, 55.80038689999999], [37.7194097, 55.80037209999998], [37.7194207, 55.800346899999994], [37.7192813, 55.80032369999999], [37.7192092, 55.80045489999999], [37.7192401, 55.80045960000001], [37.7192053, 55.80052119999999], [37.7191771, 55.8005712], [37.7192715, 55.800588099999985], [37.7192578, 55.800612400000006], [37.7193069, 55.8006211], [37.7193592, 55.800630399999996], [37.7193701, 55.80061109999999], [37.7194738, 55.80062949999999], [37.7194688, 55.8006383], [37.7196532, 55.8006712], [37.7195922, 55.8007694], [37.7196119, 55.8007732], [37.7195811, 55.800823499999986], [37.7195433, 55.800816199999986], [37.7195046, 55.8008794], [37.7195472, 55.80088759999999], [37.7195115, 55.800946], [37.7197003, 55.8009825]]]}}, {"type": "Feature", "properties": {"id": 1406, "object_type": "restriction", "restriction_type": "oks"}, "geometry": {"type": "Polygon", "coordinates": [[[37.721697, 55.792050999999994], [37.7217064, 55.7920158], [37.721626, 55.792009], [37.7216166, 55.7920442], [37.721697, 55.792050999999994]]]}}, {"type": "Feature", "properties": {"id": 1407, "object_type": "restriction", "restriction_type": "oks"}, "geometry": {"type": "Polygon", "coordinates": [[[37.72148, 55.792157399999994], [37.7215029, 55.792071299999996], [37.7213355, 55.7920572], [37.7213126, 55.792143300000006], [37.72148, 55.792157399999994]]]}}, {"type": "Feature", "properties": {"id": 1408, "object_type": "restriction", "restriction_type": "oks"}, "geometry": {"type": "Polygon", "coordinates": [[[37.704513, 55.79721020000001], [37.7045196, 55.79718859999999], [37.7046629, 55.7972045], [37.7047073, 55.79705919999999], [37.7046835, 55.79705669999999], [37.7044198, 55.79702949999998], [37.7043631, 55.797197999999995], [37.704513, 55.79721020000001]]]}}, {"type": "Feature", "properties": {"id": 1409, "object_type": "restriction", "restriction_type": "oks"}, "geometry": {"type": "Polygon", "coordinates": [[[37.7047916, 55.7974762], [37.7047526, 55.79747179999999], [37.7045841, 55.7974531], [37.7043317, 55.7974223], [37.7042911, 55.79741729999999], [37.7042571, 55.7975161], [37.7047053, 55.7975623], [37.7047593, 55.7975672], [37.7047916, 55.7974762]]]}}, {"type": "Feature", "properties": {"id": 1410, "object_type": "restriction", "restriction_type": "oks"}, "geometry": {"type": "Polygon", "coordinates": [[[37.7044522, 55.798045800000004], [37.704845, 55.79810470000002], [37.7048957, 55.797993399999996], [37.70449970000001, 55.79793630000001], [37.7044522, 55.798045800000004]]]}}, {"type": "Feature", "properties": {"id": 1411, "object_type": "restriction", "restriction_type": "oks"}, "geometry": {"type": "Polygon", "coordinates": [[[37.7235087, 55.8005855], [37.7235441, 55.800591299999994], [37.7235646, 55.800552100000004], [37.7234374, 55.8005318], [37.723418, 55.80057], [37.7233484, 55.80055889999999], [37.7233127, 55.80062929999999], [37.72334390000001, 55.800634299999984], [37.7232811, 55.80075819999999], [37.7234073, 55.80077909999999], [37.7235087, 55.8005855]]]}}, {"type": "Feature", "properties": {"id": 1412, "object_type": "restriction", "restriction_type": "road"}, "geometry": {"type": "Polygon", "coordinates": [[[37.704107900137245, 55.79522828652517], [37.70394909998563, 55.795168113424], [37.70385908997208, 55.79524350001489], [37.703852489829785, 55.79544220153105], [37.704107900137245, 55.79522828652517]]]}}, {"type": "Feature", "properties": {"id": 1413, "object_type": "restriction", "restriction_type": "oks"}, "geometry": {"type": "Polygon", "coordinates": [[[37.7157575, 55.797060299999984], [37.7157689, 55.797002600000006], [37.7158798, 55.79700950000001], [37.7159003, 55.79691119999999], [37.7159195, 55.796911600000016], [37.7159223, 55.7968981], [37.7159588, 55.79672390000001], [37.7157375, 55.796709299999996], [37.7155004, 55.79669359999999], [37.7154627, 55.7968735], [37.7155654, 55.7968803], [37.7155286, 55.7970563], [37.7157552, 55.7970713], [37.7157575, 55.797060299999984]]]}}, {"type": "Feature", "properties": {"id": 1414, "object_type": "restriction", "restriction_type": "oks"}, "geometry": {"type": "Polygon", "coordinates": [[[37.7180566, 55.7974715], [37.7181168, 55.797364400000006], [37.7181391, 55.797326000000005], [37.7181276, 55.797311399999984], [37.7181167, 55.79729759999999], [37.7176692, 55.79722069999999], [37.7168934, 55.797087399999995], [37.7161724, 55.79696349999999], [37.7161602, 55.79698569999999], [37.7161445, 55.79701440000001], [37.7160844, 55.79712150000001], [37.7180566, 55.7974715]]]}}, {"type": "Feature", "properties": {"id": 1415, "object_type": "restriction", "restriction_type": "oks"}, "geometry": {"type": "Polygon", "coordinates": [[[37.7055213, 55.799729599999985], [37.705722, 55.79975470000001], [37.7059602, 55.799148900000006], [37.7055965, 55.799102999999995], [37.7053555, 55.7997063], [37.7055213, 55.799729599999985]]]}}, {"type": "Feature", "properties": {"id": 1416, "object_type": "restriction", "restriction_type": "oks"}, "geometry": {"type": "Polygon", "coordinates": [[[37.71117110000001, 55.795676099999994], [37.7112264, 55.795677500000004], [37.7112308, 55.795623500000005], [37.7113168, 55.79562569999998], [37.7113185, 55.7956051], [37.71140780000001, 55.7956074], [37.7114135, 55.795537499999995], [37.7113265, 55.79553529999999], [37.711328, 55.7955171], [37.7112406, 55.79551489999999], [37.7112418, 55.79550029999999], [37.7112455, 55.795455399999994], [37.7108326, 55.79544479999999], [37.7107644, 55.795442999999985], [37.710758, 55.795520999999994], [37.7107345, 55.795520399999994], [37.7107317, 55.79555389999999], [37.7107286, 55.79559220000001], [37.710754, 55.795592899999995], [37.7107481, 55.795665199999995], [37.71117110000001, 55.795676099999994]]]}}, {"type": "Feature", "properties": {"id": 1417, "object_type": "restriction", "restriction_type": "road"}, "geometry": {"type": "Polygon", "coordinates": [[[37.70380018535874, 55.79709682660375], [37.703797535025885, 55.797096554134264], [37.70379476644535, 55.797179894556784], [37.70392669773986, 55.79720134476506], [37.70396650221997, 55.79712365523128], [37.70380720236455, 55.79709775525762], [37.70380018535874, 55.79709682660375]]]}}, {"type": "Feature", "properties": {"id": 1418, "object_type": "restriction", "restriction_type": "oks"}, "geometry": {"type": "Polygon", "coordinates": [[[37.7158873, 55.7938025], [37.7158938, 55.793746799999994], [37.7158165, 55.793744000000004], [37.71581, 55.7937996], [37.7158873, 55.7938025]]]}}, {"type": "Feature", "properties": {"id": 1419, "object_type": "restriction", "restriction_type": "oks"}, "geometry": {"type": "Polygon", "coordinates": [[[37.71942380000001, 55.79928249999998], [37.7195074, 55.79929719999999], [37.7196417, 55.79905649999999], [37.7196452, 55.799049999999994], [37.7195438, 55.79903190000001], [37.7194376, 55.79922259999999], [37.7194062, 55.799216699999995], [37.7194007, 55.7992264], [37.7193746, 55.79927369999999], [37.71942380000001, 55.79928249999998]]]}}, {"type": "Feature", "properties": {"id": 1420, "object_type": "restriction", "restriction_type": "oks"}, "geometry": {"type": "Polygon", "coordinates": [[[37.7211472, 55.80088020000001], [37.7211625, 55.80085170000002], [37.7210685, 55.8008362], [37.721054, 55.8008647], [37.7211472, 55.80088020000001]]]}}, {"type": "Feature", "properties": {"id": 1421, "object_type": "restriction", "restriction_type": "oks"}, "geometry": {"type": "Polygon", "coordinates": [[[37.7211313, 55.80088309999999], [37.7210371, 55.800867], [37.7210223, 55.80089450000001], [37.7211177, 55.80091079999999], [37.7211313, 55.80088309999999]]]}}, {"type": "Feature", "properties": {"id": 1422, "object_type": "restriction", "restriction_type": "oks"}, "geometry": {"type": "Polygon", "coordinates": [[[37.7211141, 55.800919199999996], [37.7210163, 55.800903399999996], [37.7210011, 55.8009331], [37.7210989, 55.800948899999995], [37.7211141, 55.800919199999996]]]}}, {"type": "Feature", "properties": {"id": 1423, "object_type": "restriction", "restriction_type": "oks"}, "geometry": {"type": "Polygon", "coordinates": [[[37.7210957, 55.800956600000006], [37.7209981, 55.8009409], [37.7209815, 55.80097339999999], [37.7210791, 55.8009892], [37.7210957, 55.800956600000006]]]}}, {"type": "Feature", "properties": {"id": 1424, "object_type": "restriction", "restriction_type": "oks"}, "geometry": {"type": "Polygon", "coordinates": [[[37.7048445, 55.796620299999994], [37.7052746, 55.7966859], [37.7053316, 55.7965677], [37.7051549, 55.7965408], [37.7051124, 55.7965343], [37.7052107, 55.7963305], [37.7052387, 55.79627249999999], [37.7050735, 55.7962473], [37.7050279, 55.7962404], [37.7048445, 55.796620299999994]]]}}, {"type": "Feature", "properties": {"id": 1425, "object_type": "restriction", "restriction_type": "oks"}, "geometry": {"type": "Polygon", "coordinates": [[[37.7132947, 55.795122899999996], [37.7132248, 55.7950767], [37.71325, 55.795063999999996], [37.713275200000005, 55.79505129999999], [37.7133003, 55.79503859999999], [37.7133255, 55.7950259], [37.7134471, 55.7951008], [37.7134534, 55.79501679999999], [37.7134562, 55.79497949999999], [37.713459, 55.7949414], [37.713469, 55.79480699999999], [37.7134658, 55.79474540000001], [37.71344460000001, 55.794680500000005], [37.7133943, 55.7946192], [37.713319, 55.794568], [37.7132408, 55.7945316], [37.7131541, 55.79450500000001], [37.7130585, 55.794484199999985], [37.7129541, 55.79447799999999], [37.7127251, 55.794474], [37.7124343, 55.7944689], [37.7125076, 55.79451469999999], [37.7124317, 55.794551], [37.7123025, 55.7944778], [37.7120934, 55.79448099999999], [37.7121855, 55.7949695], [37.7122217, 55.795007599999984], [37.7122669, 55.795033], [37.7123361, 55.79504930000001], [37.7126313, 55.79508940000001], [37.7131858, 55.79515059999999], [37.7132043, 55.795163300000006], [37.7132947, 55.795122899999996]]]}}, {"type": "Feature", "properties": {"id": 1426, "object_type": "restriction", "restriction_type": "oks"}, "geometry": {"type": "Polygon", "coordinates": [[[37.7231524, 55.800735499999995], [37.7231998, 55.800641199999994], [37.7228725, 55.80058929999999], [37.7227971, 55.8005773], [37.7227497, 55.800671599999994], [37.7231524, 55.800735499999995]]]}}, {"type": "Feature", "properties": {"id": 1427, "object_type": "restriction", "restriction_type": "oks"}, "geometry": {"type": "Polygon", "coordinates": [[[37.7219683, 55.802043499999996], [37.7219974, 55.8019857], [37.7218934, 55.8019692], [37.7218643, 55.802027], [37.7219683, 55.802043499999996]]]}}, {"type": "Feature", "properties": {"id": 1428, "object_type": "restriction", "restriction_type": "oks"}, "geometry": {"type": "Polygon", "coordinates": [[[37.7216858, 55.800083099999995], [37.7217135, 55.800031], [37.721633, 55.80001749999999], [37.7216053, 55.8000696], [37.7216858, 55.800083099999995]]]}}, {"type": "Feature", "properties": {"id": 1429, "object_type": "restriction", "restriction_type": "oks"}, "geometry": {"type": "Polygon", "coordinates": [[[37.7161626, 55.80086159999999], [37.716269, 55.800681], [37.7161712, 55.8006634], [37.716242, 55.8005353], [37.7157372, 55.8004473], [37.7157227, 55.80047369999999], [37.7156226, 55.800654999999985], [37.7159597, 55.800713800000004], [37.7158327, 55.800936799999995], [37.7158946, 55.80094789999999], [37.715865, 55.80100000000001], [37.715946, 55.801014599999995], [37.7160144, 55.8010266], [37.7160668, 55.80103629999999], [37.7161626, 55.80086159999999]]]}}, {"type": "Feature", "properties": {"id": 1430, "object_type": "restriction", "restriction_type": "oks"}, "geometry": {"type": "Polygon", "coordinates": [[[37.7158408, 55.801452099999985], [37.7158195, 55.80144839999999], [37.715862, 55.80137210000001], [37.7158252, 55.80136559999999], [37.7159671, 55.8011113], [37.7160035, 55.80104620000001], [37.7160144, 55.8010266], [37.715946, 55.801014599999995], [37.7159358, 55.8010329], [37.71591660000001, 55.80106730000001], [37.7154801, 55.80099039999999], [37.7153457, 55.8012312], [37.715322, 55.8012737], [37.7152605, 55.8012629], [37.715194, 55.80138199999999], [37.7151809, 55.8014055], [37.7158054, 55.8015156], [37.7158408, 55.801452099999985]]]}}, {"type": "Feature", "properties": {"id": 1431, "object_type": "restriction", "restriction_type": "oks"}, "geometry": {"type": "Polygon", "coordinates": [[[37.7155318, 55.800612099999995], [37.7156259, 55.800454300000006], [37.71543, 55.80041750000001], [37.7153359, 55.80057529999999], [37.7155318, 55.800612099999995]]]}}, {"type": "Feature", "properties": {"id": 1432, "object_type": "restriction", "restriction_type": "oks"}, "geometry": {"type": "Polygon", "coordinates": [[[37.715194, 55.80138199999999], [37.7152605, 55.8012629], [37.715322, 55.8012737], [37.7153457, 55.8012312], [37.7149844, 55.8011642], [37.714894, 55.8013235], [37.715194, 55.80138199999999]]]}}, {"type": "Feature", "properties": {"id": 1433, "object_type": "restriction", "restriction_type": "road"}, "geometry": {"type": "Polygon", "coordinates": [[[37.7145109133409, 55.79690214373679], [37.714471924135225, 55.7968558825077], [37.71444675699025, 55.796814810628234], [37.71426584292909, 55.79684998930477], [37.714292742838836, 55.796893889324004], [37.71429675361417, 55.79689942013639], [37.71434125352261, 55.79695222016705], [37.714344743526404, 55.796955972959616], [37.714348745907, 55.79695955977299], [37.71440904585253, 55.79700915981121], [37.71441426163078, 55.797013058815], [37.71463466153717, 55.79716315894593], [37.71478213833319, 55.797094441009044], [37.714564503002656, 55.79694622404605], [37.7145109133409, 55.79690214373679]]]}}, {"type": "Feature", "properties": {"id": 1434, "object_type": "restriction", "restriction_type": "road"}, "geometry": {"type": "Polygon", "coordinates": [[[37.71442902996417, 55.7967368985243], [37.71442733675996, 55.796683660764295], [37.71443327507254, 55.796616585178725], [37.71424212494176, 55.796611214747045], [37.714236024773555, 55.796680114741505], [37.714235921324075, 55.79668376555556], [37.71423772118529, 55.79674036555628], [37.71423797403591, 55.796743433187416], [37.71424407392439, 55.796789233191596], [37.714245673155354, 55.796795797740096], [37.71426247304602, 55.7968429977523], [37.714450126904055, 55.79682180217583], [37.714434485195646, 55.79677785672462], [37.71442902996417, 55.7967368985243]]]}}, {"type": "Feature", "properties": {"id": 1435, "object_type": "restriction", "restriction_type": "road"}, "geometry": {"type": "Polygon", "coordinates": [[[37.71461518769573, 55.79450894629508], [37.71458508665898, 55.7949330462668], [37.71477631335272, 55.79493735365889], [37.71480636904871, 55.79451386328174], [37.71481460111735, 55.7944398722177], [37.71462359890029, 55.79443312770819], [37.714615298718634, 55.7945077277009], [37.71461518769573, 55.79450894629508]]]}}, {"type": "Feature", "properties": {"id": 1436, "object_type": "restriction", "restriction_type": "road"}, "geometry": {"type": "Polygon", "coordinates": [[[37.71448121583589, 55.79577649284515], [37.7146707842012, 55.795791307081934], [37.71467898412206, 55.79575800707527], [37.714679680002085, 55.7957541841991], [37.71471447928625, 55.79545998416879], [37.71452352073243, 55.79545281575716], [37.71448894694803, 55.79574509729816], [37.71448121583589, 55.79577649284515]]]}}, {"type": "Feature", "properties": {"id": 1437, "object_type": "restriction", "restriction_type": "road"}, "geometry": {"type": "Polygon", "coordinates": [[[37.71452354614628, 55.79545260701737], [37.714714453873405, 55.795460192908614], [37.71475985299191, 55.795097592869325], [37.714759930157506, 55.79509691587828], [37.714776229770926, 55.7949383158638], [37.71458517024546, 55.79493208406202], [37.71456890466254, 55.79509034541535], [37.71452354614628, 55.79545260701737]]]}}, {"type": "Feature", "properties": {"id": 1438, "object_type": "restriction", "restriction_type": "oks"}, "geometry": {"type": "Polygon", "coordinates": [[[37.724759, 55.8000535], [37.7248027, 55.79997159999999], [37.7247085, 55.79995569999999], [37.7246648, 55.8000377], [37.724759, 55.8000535]]]}}, {"type": "Feature", "properties": {"id": 1439, "object_type": "restriction", "restriction_type": "oks"}, "geometry": {"type": "Polygon", "coordinates": [[[37.7247884, 55.8000586], [37.724759, 55.8000535], [37.7246648, 55.8000377], [37.724525, 55.800292199999994], [37.7246508, 55.8003136], [37.7247884, 55.8000586]]]}}, {"type": "Feature", "properties": {"id": 1440, "object_type": "restriction", "restriction_type": "oks"}, "geometry": {"type": "Polygon", "coordinates": [[[37.724391, 55.799943599999985], [37.7244057, 55.799915399999996], [37.7244194, 55.7998893], [37.7242893, 55.79986790000001], [37.724261, 55.79992209999999], [37.724391, 55.799943599999985]]]}}, {"type": "Feature", "properties": {"id": 1441, "object_type": "restriction", "restriction_type": "road"}, "geometry": {"type": "Polygon", "coordinates": [[[37.719311019733766, 55.79692649228164], [37.720185421140165, 55.797070392541315], [37.72025697873162, 55.79693240744691], [37.71938258013802, 55.79678850770657], [37.719311019733766, 55.79692649228164]]]}}, {"type": "Feature", "properties": {"id": 1442, "object_type": "restriction", "restriction_type": "road"}, "geometry": {"type": "Polygon", "coordinates": [[[37.716504557659604, 55.79604556058558], [37.7151945597292, 55.795816260996475], [37.71511884013596, 55.795953538990474], [37.71642884220555, 55.79618283940137], [37.716504557659604, 55.79604556058558]]]}}, {"type": "Feature", "properties": {"id": 1443, "object_type": "restriction", "restriction_type": "road"}, "geometry": {"type": "Polygon", "coordinates": [[[37.714917614424564, 55.79599341628141], [37.71482238541124, 55.79612678369866], [37.715071285764836, 55.79618318379616], [37.71507977385247, 55.796184913295704], [37.71596467523434, 55.79634551358224], [37.71604292462684, 55.79620868640389], [37.715162324371214, 55.796048866816186], [37.714917614424564, 55.79599341628141]]]}}, {"type": "Feature", "properties": {"id": 1444, "object_type": "restriction", "restriction_type": "road"}, "geometry": {"type": "Polygon", "coordinates": [[[37.71604379470609, 55.796208846252824], [37.71596380515239, 55.79634535373273], [37.71633970573454, 55.796415253857084], [37.71700632227833, 55.796539156961195], [37.71708627758019, 55.79640264302436], [37.716419686360666, 55.7962787446849], [37.71604379470609, 55.796208846252824]]]}}, {"type": "Feature", "properties": {"id": 1445, "object_type": "restriction", "restriction_type": "road"}, "geometry": {"type": "Polygon", "coordinates": [[[37.717139594546204, 55.79614979374829], [37.71650239557175, 55.79604519393711], [37.7164310043003, 55.79618320605116], [37.71706820532584, 55.79628780623996], [37.717139594546204, 55.79614979374829]]]}}, {"type": "Feature", "properties": {"id": 1446, "object_type": "restriction", "restriction_type": "road"}, "geometry": {"type": "Polygon", "coordinates": [[[37.70803315501584, 55.80114953929114], [37.70817430745546, 55.80118714771957], [37.70823569248663, 55.8011140522723], [37.70808969259168, 55.801075152309025], [37.70808477310444, 55.80107396586731], [37.70807971035853, 55.80107298916953], [37.707261411092524, 55.8009340893101], [37.70726106007097, 55.80093403027551], [37.70692796037134, 55.800878530331794], [37.706887239587665, 55.80095606966441], [37.70722016424245, 55.80101154045547], [37.70803315501584, 55.80114953929114]]]}}, {"type": "Feature", "properties": {"id": 1447, "object_type": "restriction", "restriction_type": "road"}, "geometry": {"type": "Polygon", "coordinates": [[[37.709526971996695, 55.8014273867456], [37.709851061148825, 55.80148448484131], [37.710233562794485, 55.80155194986438], [37.710609975956885, 55.80161961628531], [37.71061166674902, 55.801619907356034], [37.71078793503395, 55.80164891984324], [37.71081440564613, 55.80165352769102], [37.710856794311375, 55.80157627230488], [37.71082979433541, 55.801571572309626], [37.71082873305043, 55.80157139261069], [37.710652781787324, 55.80154243231055], [37.7102770243314, 55.80147488377841], [37.71027664966501, 55.801474817061255], [37.70989395000434, 55.801407317129254], [37.70956993746923, 55.80135023254367], [37.70953524690375, 55.801344052041365], [37.70949195305295, 55.801421147954386], [37.70952675308371, 55.80142734796062], [37.709526971996695, 55.8014273867456]]]}}, {"type": "Feature", "properties": {"id": 1448, "object_type": "restriction", "restriction_type": "road"}, "geometry": {"type": "Polygon", "coordinates": [[[37.70833129046682, 55.80121820752955], [37.7090930911438, 55.80135160766405], [37.70909317360684, 55.801351622073355], [37.70943097390743, 55.80141052213276], [37.70949238446055, 55.801421223973605], [37.70953481549691, 55.8013439760223], [37.709473420754925, 55.80133327693986], [37.709135667590886, 55.80127438511341], [37.7083750816815, 55.801141197734815], [37.70822864085196, 55.8011124254883], [37.708181359101275, 55.801188774506706], [37.70832895922726, 55.80121777453551], [37.70833129046682, 55.80121820752955]]]}}, {"type": "Feature", "properties": {"id": 1449, "object_type": "restriction", "restriction_type": "oks"}, "geometry": {"type": "Polygon", "coordinates": [[[37.7077822, 55.8015965], [37.7078406, 55.8014852], [37.7080428, 55.801517800000006], [37.7082745, 55.80155719999999], [37.7082992, 55.80151289999999], [37.7090957, 55.80164940000001], [37.7092072, 55.8014437], [37.7084093, 55.8013069], [37.7084002, 55.8013256], [37.7081626, 55.8012862], [37.7079664, 55.801253599999995], [37.70789940000001, 55.8013761], [37.7070989, 55.80123449999999], [37.7069757, 55.8014549], [37.7077822, 55.8015965]]]}}, {"type": "Feature", "properties": {"id": 1450, "object_type": "restriction", "restriction_type": "oks"}, "geometry": {"type": "Polygon", "coordinates": [[[37.7190092, 55.80120639999999], [37.7190496, 55.8011324], [37.7189139, 55.80110899999999], [37.7188735, 55.801182999999995], [37.7190092, 55.80120639999999]]]}}, {"type": "Feature", "properties": {"id": 1451, "object_type": "restriction", "restriction_type": "oks"}, "geometry": {"type": "Polygon", "coordinates": [[[37.7185928, 55.801849700000005], [37.7186355, 55.80177690000001], [37.7185005, 55.80175179999999], [37.7184577, 55.80182460000001], [37.7185928, 55.801849700000005]]]}}, {"type": "Feature", "properties": {"id": 1452, "object_type": "restriction", "restriction_type": "oks"}, "geometry": {"type": "Polygon", "coordinates": [[[37.7189359, 55.80144299999999], [37.7189796, 55.80136970000001], [37.7188496, 55.80134519999999], [37.7188058, 55.80141849999999], [37.7189359, 55.80144299999999]]]}}, {"type": "Feature", "properties": {"id": 1453, "object_type": "restriction", "restriction_type": "oks"}, "geometry": {"type": "Polygon", "coordinates": [[[37.7188241, 55.80164109999999], [37.7188652, 55.80156809999999], [37.718728, 55.8015436], [37.7186868, 55.80161669999998], [37.7188241, 55.80164109999999]]]}}, {"type": "Feature", "properties": {"id": 1454, "object_type": "restriction", "restriction_type": "oks"}, "geometry": {"type": "Polygon", "coordinates": [[[37.71827, 55.8017949], [37.7183114, 55.8017215], [37.7181706, 55.8016964], [37.7181292, 55.8017698], [37.71827, 55.8017949]]]}}, {"type": "Feature", "properties": {"id": 1455, "object_type": "restriction", "restriction_type": "road"}, "geometry": {"type": "Polygon", "coordinates": [[[37.720223695636946, 55.801138417445685], [37.72034239513575, 55.80091781789753], [37.720250804882845, 55.800902182085494], [37.720132104649025, 55.80112278204042], [37.7200868040035, 55.80120698305713], [37.7200546007603, 55.801266888957464], [37.720146199258274, 55.801282511025555], [37.720178397606134, 55.8012226139686], [37.720223695636946, 55.801138417445685]]]}}, {"type": "Feature", "properties": {"id": 1456, "object_type": "restriction", "restriction_type": "road"}, "geometry": {"type": "Polygon", "coordinates": [[[37.72048827461448, 55.80064665543476], [37.72058375530526, 55.80047099058178], [37.72058389568345, 55.80047072753269], [37.72062019560945, 55.800401427518864], [37.72052840440875, 55.800386172464094], [37.720492173334236, 55.80045534072447], [37.720396744527804, 55.80063090936506], [37.72039670645154, 55.80063097976008], [37.720299606260355, 55.80081137972322], [37.72025080038487, 55.80090219044975], [37.7203423996337, 55.800917809533274], [37.72039119664969, 55.80082701488785], [37.72048827461448, 55.80064665543476]]]}}, {"type": "Feature", "properties": {"id": 1457, "object_type": "restriction", "restriction_type": "oks"}, "geometry": {"type": "Polygon", "coordinates": [[[37.7091896, 55.79540599999999], [37.7087947, 55.79541239999999], [37.70876700000001, 55.7955245], [37.7087539, 55.7955271], [37.7087115, 55.795649399999995], [37.7087132, 55.795804], [37.708768000000006, 55.7958375], [37.709065, 55.795834299999996], [37.7091651, 55.7957796], [37.7091635, 55.79574379999999], [37.709465, 55.795739999999995], [37.709465, 55.79566379999999], [37.7096163, 55.795601399999995], [37.7096403, 55.79547689999999], [37.7095925, 55.7954767], [37.709564, 55.7953955], [37.7091896, 55.79540599999999]]]}}, {"type": "Feature", "properties": {"id": 1458, "object_type": "restriction", "restriction_type": "oks"}, "geometry": {"type": "Polygon", "coordinates": [[[37.7091012, 55.797081299999995], [37.7091034, 55.79706089999999], [37.7096517, 55.7971006], [37.709698, 55.7968723], [37.7095506, 55.7968615], [37.7095642, 55.7968042], [37.7091022, 55.79677029999999], [37.7086433, 55.7967395], [37.7085781, 55.797046099999996], [37.7091012, 55.797081299999995]]]}}, {"type": "Feature", "properties": {"id": 1459, "object_type": "restriction", "restriction_type": "oks"}, "geometry": {"type": "Polygon", "coordinates": [[[37.7070604, 55.79694979999999], [37.7070754, 55.796897599999994], [37.7069958, 55.7968904], [37.7069808, 55.796942599999994], [37.7070604, 55.79694979999999]]]}}, {"type": "Feature", "properties": {"id": 1460, "object_type": "restriction", "restriction_type": "oks"}, "geometry": {"type": "Polygon", "coordinates": [[[37.7260235, 55.79832240000001], [37.7260235, 55.79829599999999], [37.7257265, 55.7982736], [37.725721, 55.7982818], [37.7255917, 55.7982597], [37.7255645, 55.798310099999995], [37.7255373, 55.79836049999999], [37.72564030000001, 55.79837799999999], [37.7259421, 55.79842959999998], [37.72608589753492, 55.79845416974235], [37.72609002857267, 55.798327645538144], [37.7260235, 55.79832240000001]]]}}, {"type": "Feature", "properties": {"id": 1461, "object_type": "restriction", "restriction_type": "oks"}, "geometry": {"type": "Polygon", "coordinates": [[[37.7222903, 55.79811089999998], [37.7222343, 55.79821380000001], [37.7223836, 55.7982395], [37.7226883, 55.798291799999994], [37.722987, 55.798343199999984], [37.7232196, 55.798383199999996], [37.7235149, 55.798434], [37.7238171, 55.79848589999999], [37.7241158, 55.798537299999985], [37.72421250000001, 55.79855390000001], [37.7242685, 55.7984509], [37.7242486, 55.79844749999999], [37.7242783, 55.798392899999996], [37.7223482, 55.7980606], [37.7223182, 55.798115700000004], [37.7222903, 55.79811089999998]]]}}, {"type": "Feature", "properties": {"id": 1462, "object_type": "restriction", "restriction_type": "oks"}, "geometry": {"type": "Polygon", "coordinates": [[[37.725532, 55.7987745], [37.7255565, 55.7987262], [37.7255296, 55.79872199999999], [37.72542270000001, 55.7987048], [37.7253982, 55.798753], [37.725532, 55.7987745]]]}}, {"type": "Feature", "properties": {"id": 1463, "object_type": "restriction", "restriction_type": "oks"}, "geometry": {"type": "Polygon", "coordinates": [[[37.7192401, 55.797290499999995], [37.7195336, 55.797341599999996], [37.7198292, 55.797392999999985], [37.7201238, 55.797444199999994], [37.72042100000001, 55.797495899999994], [37.7207164, 55.79754719999999], [37.7210132, 55.79759879999999], [37.7213075, 55.79765], [37.7216035, 55.797701499999995], [37.7217451, 55.7977261], [37.7218027, 55.79762139999999], [37.72163400000001, 55.79759209999999], [37.7216607, 55.7975512], [37.7207144, 55.79738269999999], [37.7205604, 55.79738209999999], [37.7205014, 55.79737179999999], [37.7205178, 55.7973462], [37.7202031, 55.7973222], [37.7202196, 55.7972961], [37.7198981, 55.79726670000001], [37.7199126, 55.797241699999994], [37.7196105, 55.7972166], [37.7196269, 55.7971916], [37.7192848, 55.797183600000004], [37.7191952, 55.797168], [37.7191304, 55.797156699999995], [37.7190728, 55.7972614], [37.7192401, 55.797290499999995]]]}}, {"type": "Feature", "properties": {"id": 1464, "object_type": "restriction", "restriction_type": "oks"}, "geometry": {"type": "Polygon", "coordinates": [[[37.7121357, 55.802013], [37.7119577, 55.8019484], [37.7119429, 55.8019612], [37.7119086, 55.801948799999984], [37.71186530000001, 55.8019865], [37.7118369, 55.80197619999999], [37.7116016, 55.8021808], [37.71181113702088, 55.80225688453383], [37.71185478366612, 55.8022573417614], [37.7121357, 55.802013]]]}}, {"type": "Feature", "properties": {"id": 1465, "object_type": "restriction", "restriction_type": "oks"}, "geometry": {"type": "Polygon", "coordinates": [[[37.7123989, 55.8021345], [37.7124474, 55.802104], [37.7122845, 55.8020221], [37.712236000000004, 55.8020526], [37.7123989, 55.8021345]]]}}, {"type": "Feature", "properties": {"id": 1466, "object_type": "restriction", "restriction_type": "oks"}, "geometry": {"type": "Polygon", "coordinates": [[[37.7128892, 55.80191109999999], [37.712762, 55.8018401], [37.7127159, 55.8018321], [37.7125688, 55.8019201], [37.7127477, 55.8020023], [37.7128892, 55.80191109999999]]]}}, {"type": "Feature", "properties": {"id": 1467, "object_type": "restriction", "restriction_type": "oks"}, "geometry": {"type": "Polygon", "coordinates": [[[37.7165421, 55.801154999999994], [37.7166145, 55.80101629999999], [37.716577, 55.8010101], [37.71654190000001, 55.801004299999995], [37.7164695, 55.80114300000001], [37.7165421, 55.801154999999994]]]}}, {"type": "Feature", "properties": {"id": 1468, "object_type": "restriction", "restriction_type": "oks"}, "geometry": {"type": "Polygon", "coordinates": [[[37.7175906, 55.800856599999996], [37.7176456, 55.80082680000001], [37.7173559, 55.8007755], [37.7173463, 55.8007926], [37.7173358, 55.80081139999999], [37.7175906, 55.800856599999996]]]}}, {"type": "Feature", "properties": {"id": 1469, "object_type": "restriction", "restriction_type": "road"}, "geometry": {"type": "Polygon", "coordinates": [[[37.71404304740047, 55.80193221085967], [37.714103755405375, 55.80191317529097], [37.71404944463267, 55.80185822470309], [37.713978644667556, 55.80188042468772], [37.71397381863785, 55.80188212501076], [37.71396932509037, 55.801884093294184], [37.713965210740646, 55.801886309075485], [37.71396151836204, 55.80188874931909], [37.713906718343914, 55.80192894929939], [37.713904566001865, 55.801930641323395], [37.713800865945316, 55.80201814128423], [37.71389373409638, 55.802053058698405], [37.71399640760868, 55.80196642474467], [37.71404304740047, 55.80193221085967]]]}}, {"type": "Feature", "properties": {"id": 1470, "object_type": "restriction", "restriction_type": "road"}, "geometry": {"type": "Polygon", "coordinates": [[[37.71076519134347, 55.80157838692498], [37.71024849126562, 55.801894486630545], [37.710389308866276, 55.80196751332956], [37.71090600878843, 55.80165141303512], [37.71076519134347, 55.80157838692498]]]}}, {"type": "Feature", "properties": {"id": 1471, "object_type": "restriction", "restriction_type": "road"}, "geometry": {"type": "Polygon", "coordinates": [[[37.7135028142597, 55.799216094004954], [37.713765014492395, 55.799262194051416], [37.71386061866941, 55.799278994787876], [37.714062513336486, 55.799314493854446], [37.71406308216464, 55.799314592414795], [37.714713368690155, 55.799425604772495], [37.715531957742606, 55.799572912841825], [37.7155324426935, 55.79957299904333], [37.71566174280831, 55.7995956990662], [37.71570445714892, 55.79951850092965], [37.7155754000093, 55.799495843569254], [37.71475654293534, 55.79934848730194], [37.714755517210776, 55.799348307468904], [37.714105002568544, 55.79923725619689], [37.71390338679986, 55.79920180617716], [37.71380778072304, 55.799185005110736], [37.713545680644366, 55.79913892268456], [37.713518175539, 55.79913403953238], [37.71347502441783, 55.79921116046339], [37.71350262444225, 55.799216060468325], [37.7135028142597, 55.799216094004954]]]}}, {"type": "Feature", "properties": {"id": 1472, "object_type": "restriction", "restriction_type": "road"}, "geometry": {"type": "Polygon", "coordinates": [[[37.72017098543938, 55.792967394091384], [37.720166637681004, 55.79296858470825], [37.7201625253833, 55.79297001643179], [37.72015869053185, 55.79297167464447], [37.720155172279604, 55.79297354241638], [37.7201520065471, 55.792975600677934], [37.72011440653727, 55.793002700666435], [37.72011149733023, 55.79300504374255], [37.72010904508226, 55.79300754726464], [37.72010707739205, 55.793010183057], [37.7201056164049, 55.793012921455336], [37.720094116375236, 55.79303952145087], [37.720093122602165, 55.79304257606138], [37.71997227438517, 55.793590438288504], [37.719864633809294, 55.79401640108419], [37.71995936620021, 55.794023998897565], [37.72006706569464, 55.79359779885392], [37.72006717806131, 55.79359732396988], [37.72018773695659, 55.7930507673793], [37.7201961435236, 55.79303132257304], [37.72021817396663, 55.79301544423862], [37.720249075776735, 55.79301004325617], [37.72022072424174, 55.79295855674217], [37.72017552426884, 55.792966456737126], [37.72017098543938, 55.792967394091384]]]}}, {"type": "Feature", "properties": {"id": 1473, "object_type": "restriction", "restriction_type": "oks"}, "geometry": {"type": "Polygon", "coordinates": [[[37.7157889, 55.79579309999999], [37.7158331, 55.79579849999999], [37.7158413, 55.79577719999999], [37.7157971, 55.79577179999999], [37.7157889, 55.79579309999999]]]}}, {"type": "Feature", "properties": {"id": 1474, "object_type": "restriction", "restriction_type": "oks"}, "geometry": {"type": "Polygon", "coordinates": [[[37.7149922, 55.79661729999999], [37.7149854, 55.79664239999999], [37.7150237, 55.79664569999999], [37.715030500000005, 55.7966205], [37.7149922, 55.79661729999999]]]}}, {"type": "Feature", "properties": {"id": 1475, "object_type": "restriction", "restriction_type": "oks"}, "geometry": {"type": "Polygon", "coordinates": [[[37.714958, 55.7967224], [37.7149512, 55.796747599999996], [37.7149896, 55.7967508], [37.7149964, 55.79672570000001], [37.714958, 55.7967224]]]}}, {"type": "Feature", "properties": {"id": 1476, "object_type": "restriction", "restriction_type": "oks"}, "geometry": {"type": "Polygon", "coordinates": [[[37.7150044, 55.79657669999999], [37.7149976, 55.7966018], [37.7150359, 55.79660510000001], [37.7150427, 55.79658], [37.7150044, 55.79657669999999]]]}}, {"type": "Feature", "properties": {"id": 1477, "object_type": "restriction", "restriction_type": "tram_tracks"}, "geometry": {"type": "Polygon", "coordinates": [[[37.714940242041955, 55.795970630249855], [37.71694330502645, 55.79632052379917], [37.71839196786622, 55.79657631724842], [37.71839216531432, 55.79657635161686], [37.723028181155904, 55.79737163721466], [37.72445379616002, 55.79762232227877], [37.724454444823614, 55.797622431041475], [37.724714738748844, 55.79766396624604], [37.7257199369325, 55.797844793968224], [37.7257203727495, 55.79784486995489], [37.72610367789078, 55.797909591049894], [37.726104652459725, 55.797879741302374], [37.72573524575683, 55.79781736694072], [37.724729863377, 55.79763650609585], [37.72472905508684, 55.797636368943], [37.724468680783495, 55.79759482091651], [37.72304330428444, 55.79734417781048], [37.723043133206474, 55.79734414809694], [37.71840713352733, 55.79654886534153], [37.71695853258486, 55.7962930828426], [37.716958457319336, 55.79629306962418], [37.7149566308226, 55.795943392105904], [37.71491355566524, 55.795932987948675], [37.7148934443279, 55.79595941205045], [37.71493774434003, 55.795970112054114], [37.714940242041955, 55.795970630249855]]]}}, {"type": "Feature", "properties": {"id": 1478, "object_type": "restriction", "restriction_type": "oks"}, "geometry": {"type": "Polygon", "coordinates": [[[37.72343250000001, 55.8015954], [37.7234664, 55.8015298], [37.7233523, 55.8015112], [37.7233184, 55.80157669999999], [37.72343250000001, 55.8015954]]]}}, {"type": "Feature", "properties": {"id": 1479, "object_type": "restriction", "restriction_type": "oks"}, "geometry": {"type": "Polygon", "coordinates": [[[37.7239861, 55.7962811], [37.7239012, 55.79608309999999], [37.7237694, 55.796101], [37.7238543, 55.79629899999999], [37.7239861, 55.7962811]]]}}, {"type": "Feature", "properties": {"id": 1480, "object_type": "restriction", "restriction_type": "oks"}, "geometry": {"type": "Polygon", "coordinates": [[[37.7225742, 55.7963561], [37.7225349, 55.79627119999999], [37.7224539, 55.79628309999998], [37.7224932, 55.796368], [37.7225742, 55.7963561]]]}}, {"type": "Feature", "properties": {"id": 1481, "object_type": "restriction", "restriction_type": "oks"}, "geometry": {"type": "Polygon", "coordinates": [[[37.7212894, 55.79593349999999], [37.7212109, 55.795744199999994], [37.7210756, 55.795761899999995], [37.7211541, 55.79595119999999], [37.7212894, 55.79593349999999]]]}}, {"type": "Feature", "properties": {"id": 1482, "object_type": "restriction", "restriction_type": "oks"}, "geometry": {"type": "Polygon", "coordinates": [[[37.7220179, 55.7940077], [37.7218999, 55.793986600000004], [37.72179, 55.794194699999984], [37.7219107, 55.7942143], [37.7220179, 55.7940077]]]}}, {"type": "Feature", "properties": {"id": 1483, "object_type": "restriction", "restriction_type": "oks"}, "geometry": {"type": "Polygon", "coordinates": [[[37.724409200000004, 55.793616199999995], [37.7244379, 55.793560600000006], [37.722286200000006, 55.79321], [37.7222575, 55.79326559999999], [37.724409200000004, 55.793616199999995]]]}}, {"type": "Feature", "properties": {"id": 1484, "object_type": "restriction", "restriction_type": "oks"}, "geometry": {"type": "Polygon", "coordinates": [[[37.7253355, 55.800064799999994], [37.7253657, 55.79999699999999], [37.7252394, 55.79997929999999], [37.7252093, 55.800046999999985], [37.7253355, 55.800064799999994]]]}}, {"type": "Feature", "properties": {"id": 1485, "object_type": "restriction", "restriction_type": "oks"}, "geometry": {"type": "Polygon", "coordinates": [[[37.7255421, 55.80010089999999], [37.7255722, 55.800033199999994], [37.725446, 55.80001539999999], [37.7254158, 55.800083199999996], [37.7255421, 55.80010089999999]]]}}, {"type": "Feature", "properties": {"id": 1486, "object_type": "restriction", "restriction_type": "oks"}, "geometry": {"type": "Polygon", "coordinates": [[[37.72574860000001, 55.8001341], [37.7257787, 55.80006639999999], [37.7256525, 55.80004859999999], [37.725622400000006, 55.8001164], [37.72574860000001, 55.8001341]]]}}, {"type": "Feature", "properties": {"id": 1487, "object_type": "restriction", "restriction_type": "oks"}, "geometry": {"type": "Polygon", "coordinates": [[[37.72602942285683, 55.80018375790956], [37.726031763341815, 55.80011208219766], [37.7259556, 55.800101399999996], [37.7259255, 55.8001691], [37.72602942285683, 55.80018375790956]]]}}, {"type": "Feature", "properties": {"id": 1488, "object_type": "restriction", "restriction_type": "oks"}, "geometry": {"type": "Polygon", "coordinates": [[[37.7204944, 55.79903079999999], [37.7205293, 55.79896380000001], [37.7204045, 55.7989433], [37.7203695, 55.7990103], [37.7204944, 55.79903079999999]]]}}, {"type": "Feature", "properties": {"id": 1489, "object_type": "restriction", "restriction_type": "oks"}, "geometry": {"type": "Polygon", "coordinates": [[[37.7208691, 55.7990926], [37.720904, 55.79902559999999], [37.7207792, 55.79900499999999], [37.7207442, 55.79907200000001], [37.7208691, 55.7990926]]]}}, {"type": "Feature", "properties": {"id": 1490, "object_type": "restriction", "restriction_type": "oks"}, "geometry": {"type": "Polygon", "coordinates": [[[37.721336, 55.799487000000006], [37.7213753, 55.7994208], [37.7212519, 55.7993977], [37.7212125, 55.799464], [37.721336, 55.799487000000006]]]}}, {"type": "Feature", "properties": {"id": 1491, "object_type": "restriction", "restriction_type": "oks"}, "geometry": {"type": "Polygon", "coordinates": [[[37.7159603, 55.80204959999999], [37.7159758, 55.8020203], [37.7159443, 55.802015], [37.7159288, 55.80204429999998], [37.7159603, 55.80204959999999]]]}}, {"type": "Feature", "properties": {"id": 1492, "object_type": "restriction", "restriction_type": "oks"}, "geometry": {"type": "Polygon", "coordinates": [[[37.7164894, 55.7993493], [37.716519, 55.7992991], [37.7164319, 55.7992827], [37.7164023, 55.7993329], [37.7164894, 55.7993493]]]}}, {"type": "Feature", "properties": {"id": 1493, "object_type": "restriction", "restriction_type": "oks"}, "geometry": {"type": "Polygon", "coordinates": [[[37.7171356, 55.7966752], [37.717302200000006, 55.7967025], [37.7173275, 55.796653600000006], [37.7171609, 55.7966264], [37.7171356, 55.7966752]]]}}, {"type": "Feature", "properties": {"id": 1494, "object_type": "restriction", "restriction_type": "oks"}, "geometry": {"type": "Polygon", "coordinates": [[[37.7219125, 55.7981005], [37.7220791, 55.7981277], [37.7221043, 55.798078899999986], [37.7219377, 55.798051699999995], [37.7219125, 55.7981005]]]}}, {"type": "Feature", "properties": {"id": 1495, "object_type": "restriction", "restriction_type": "oks"}, "geometry": {"type": "Polygon", "coordinates": [[[37.7045913, 55.7969099], [37.7051659, 55.79688050000001], [37.7059646, 55.79678929999999], [37.706619, 55.79667469999999], [37.7070783, 55.7965639], [37.7070113, 55.7964825], [37.7065801, 55.79659099999999], [37.7059183, 55.7967086], [37.7055522, 55.79674820000001], [37.7051438, 55.7967923], [37.7045812, 55.7968225], [37.7039769, 55.7968217], [37.7039759, 55.79683370000001], [37.703971, 55.79689450000001], [37.7039701, 55.796905800000005], [37.7045913, 55.7969099]]]}}, {"type": "Feature", "properties": {"id": 1496, "object_type": "restriction", "restriction_type": "oks"}, "geometry": {"type": "Polygon", "coordinates": [[[37.7166294, 55.7918424], [37.7167662, 55.7918484], [37.7167676, 55.7918002], [37.716734, 55.791798699999994], [37.7167352, 55.7917492], [37.7166345, 55.79174209999999], [37.7166294, 55.7918424]]]}}, {"type": "Feature", "properties": {"id": 1497, "object_type": "restriction", "restriction_type": "oks"}, "geometry": {"type": "Polygon", "coordinates": [[[37.7063557, 55.793288699999984], [37.7062159, 55.7932927], [37.7061758, 55.7933662], [37.7061842, 55.793408199999995], [37.7063719, 55.7934042], [37.7063557, 55.793288699999984]]]}}, {"type": "Feature", "properties": {"id": 1498, "object_type": "restriction", "restriction_type": "oks"}, "geometry": {"type": "Polygon", "coordinates": [[[37.7191738, 55.7955418], [37.7190859, 55.79553339999999], [37.7190626, 55.795611399999984], [37.7191505, 55.79561969999999], [37.7191738, 55.7955418]]]}}, {"type": "Feature", "properties": {"id": 1499, "object_type": "restriction", "restriction_type": "oks"}, "geometry": {"type": "Polygon", "coordinates": [[[37.7128118, 55.790448399999995], [37.7127523, 55.790314999999985], [37.7125713, 55.79034049999999], [37.7126307, 55.79047389999999], [37.7128118, 55.790448399999995]]]}}, {"type": "Feature", "properties": {"id": 1500, "object_type": "restriction", "restriction_type": "oks"}, "geometry": {"type": "Polygon", "coordinates": [[[37.7122448, 55.793485999999994], [37.7123447, 55.793474], [37.7124227, 55.79346610000001], [37.7124019, 55.793414199999994], [37.7122256, 55.7934356], [37.7122448, 55.793485999999994]]]}}, {"type": "Feature", "properties": {"id": 1501, "object_type": "restriction", "restriction_type": "oks"}, "geometry": {"type": "Polygon", "coordinates": [[[37.7124979, 55.793650499999984], [37.7124736, 55.79358129999999], [37.7123633, 55.7935937], [37.7123881, 55.793663], [37.7124979, 55.793650499999984]]]}}, {"type": "Feature", "properties": {"id": 1502, "object_type": "restriction", "restriction_type": "oks"}, "geometry": {"type": "Polygon", "coordinates": [[[37.7230718, 55.80152230000001], [37.7231012, 55.80146479999999], [37.7230097, 55.8014501], [37.7229803, 55.8015075], [37.7230718, 55.80152230000001]]]}}, {"type": "Feature", "properties": {"id": 1503, "object_type": "restriction", "restriction_type": "road"}, "geometry": {"type": "Polygon", "coordinates": [[[37.72243066732739, 55.80066426494182], [37.72192136778523, 55.800578465028686], [37.721880232173405, 55.80065593496742], [37.72238953263125, 55.80074173505429], [37.72243066732739, 55.80066426494182]]]}}, {"type": "Feature", "properties": {"id": 1504, "object_type": "restriction", "restriction_type": "road"}, "geometry": {"type": "Polygon", "coordinates": [[[37.72172386690765, 55.80062964081071], [37.72188026704833, 55.80065594083734], [37.72192133291037, 55.80057845915878], [37.721764973155345, 55.80055216592934], [37.72156131340941, 55.800517772731155], [37.721520086549134, 55.800595227264964], [37.72172378673213, 55.800629627299784], [37.72172386690765, 55.80062964081071]]]}}, {"type": "Feature", "properties": {"id": 1505, "object_type": "restriction", "restriction_type": "road"}, "geometry": {"type": "Polygon", "coordinates": [[[37.72132389554622, 55.80056287773896], [37.72137929559577, 55.80057237774858], [37.72138032911861, 55.800572550211356], [37.72152082924622, 55.80059535023452], [37.72156057071368, 55.80051764976184], [37.72142058875118, 55.80049493383052], [37.721365762786775, 55.80048553226719], [37.72121512127176, 55.800459542360485], [37.72117307868606, 55.800536857635464], [37.72132377882059, 55.80056285766172], [37.72132389554622, 55.80056287773896]]]}}, {"type": "Feature", "properties": {"id": 1506, "object_type": "restriction", "restriction_type": "road"}, "geometry": {"type": "Polygon", "coordinates": [[[37.724771734573395, 55.80114293542698], [37.72524274347402, 55.801222236934855], [37.725424541529435, 55.80125283661115], [37.72583773479388, 55.80132243548446], [37.725837879760945, 55.801322459808944], [37.72587250380447, 55.80132824711371], [37.725991395274406, 55.801348280404355], [37.7259941364221, 55.80126434083222], [37.725913572090796, 55.801250765677814], [37.725913420166684, 55.80125074018133], [37.725878792702645, 55.80124495230616], [37.72546566553624, 55.801175364582114], [37.72528385405131, 55.801144762651575], [37.72481286114014, 55.80106546385407], [37.72403576608386, 55.80093456470168], [37.723825452761275, 55.80089916246227], [37.72378434719738, 55.80097663753384], [37.72399464060838, 55.80101203642874], [37.724771734573395, 55.80114293542698]]]}}, {"type": "Feature", "properties": {"id": 1507, "object_type": "restriction", "restriction_type": "road"}, "geometry": {"type": "Polygon", "coordinates": [[[37.723784339245555, 55.800976636195], [37.72382546071308, 55.8008991638011], [37.72350897457576, 55.80084586614171], [37.72332398826141, 55.80081466845332], [37.723282811697175, 55.800892131542824], [37.723467811863436, 55.80092333157439], [37.723784339245555, 55.800976636195]]]}}, {"type": "Feature", "properties": {"id": 1508, "object_type": "restriction", "restriction_type": "road"}, "geometry": {"type": "Polygon", "coordinates": [[[37.72313642074616, 55.80086753306575], [37.72326174019442, 55.80088863634484], [37.72326202296022, 55.80088868360499], [37.72328312297927, 55.80089218360853], [37.72332367697989, 55.80081461638771], [37.72330271846808, 55.80081113985772], [37.72317756957738, 55.80079006530619], [37.722993679377744, 55.80075906696175], [37.72243065861581, 55.80066426347457], [37.722389541342835, 55.80074173652154], [37.72295253118302, 55.80083653482158], [37.72313642074616, 55.80086753306575]]]}}, {"type": "Feature", "properties": {"id": 1509, "object_type": "restriction", "restriction_type": "oks"}, "geometry": {"type": "Polygon", "coordinates": [[[37.7174212, 55.7969744], [37.7174392, 55.7969375], [37.7173849, 55.7969291], [37.71736690000001, 55.79696609999999], [37.7174212, 55.7969744]]]}}, {"type": "Feature", "properties": {"id": 1510, "object_type": "restriction", "restriction_type": "oks"}, "geometry": {"type": "Polygon", "coordinates": [[[37.7175414, 55.79795729999999], [37.7174965, 55.79794929999999], [37.7174557, 55.79802209999999], [37.7175006, 55.79802999999999], [37.7175414, 55.79795729999999]]]}}, {"type": "Feature", "properties": {"id": 1511, "object_type": "restriction", "restriction_type": "oks"}, "geometry": {"type": "Polygon", "coordinates": [[[37.7163153, 55.79520889999999], [37.7164775, 55.795222399999986], [37.7164918, 55.79516769999999], [37.7163296, 55.795154200000006], [37.7163153, 55.79520889999999]]]}}, {"type": "Feature", "properties": {"id": 1512, "object_type": "restriction", "restriction_type": "oks"}, "geometry": {"type": "Polygon", "coordinates": [[[37.7166118, 55.7955023], [37.7166411, 55.7953413], [37.7165653, 55.7953367], [37.716532, 55.795496799999995], [37.7166118, 55.7955023]]]}}, {"type": "Feature", "properties": {"id": 1513, "object_type": "restriction", "restriction_type": "oks"}, "geometry": {"type": "Polygon", "coordinates": [[[37.7073187, 55.7977843], [37.7073719, 55.7976373], [37.7071655, 55.79761369999999], [37.7071123, 55.7977607], [37.7073187, 55.7977843]]]}}, {"type": "Feature", "properties": {"id": 1514, "object_type": "restriction", "restriction_type": "oks"}, "geometry": {"type": "Polygon", "coordinates": [[[37.7188018, 55.8007806], [37.7188327, 55.800720999999996], [37.7187763, 55.8007112], [37.7187455, 55.800770800000016], [37.7188018, 55.8007806]]]}}, {"type": "Feature", "properties": {"id": 1515, "object_type": "restriction", "restriction_type": "oks"}, "geometry": {"type": "Polygon", "coordinates": [[[37.7060323, 55.796215199999985], [37.7060689, 55.796155299999995], [37.7059296, 55.796128399999986], [37.7058931, 55.79618829999999], [37.7060323, 55.796215199999985]]]}}, {"type": "Feature", "properties": {"id": 1516, "object_type": "restriction", "restriction_type": "oks"}, "geometry": {"type": "Polygon", "coordinates": [[[37.7076308, 55.79619289999999], [37.7077353, 55.7961956], [37.7077422, 55.7961108], [37.7076377, 55.796108099999984], [37.7076308, 55.79619289999999]]]}}, {"type": "Feature", "properties": {"id": 1517, "object_type": "restriction", "restriction_type": "oks"}, "geometry": {"type": "Polygon", "coordinates": [[[37.7212784, 55.797810999999996], [37.721211, 55.797801], [37.7211833, 55.79785950000001], [37.7212507, 55.79786959999999], [37.7212784, 55.797810999999996]]]}}, {"type": "Feature", "properties": {"id": 1518, "object_type": "restriction", "restriction_type": "oks"}, "geometry": {"type": "Polygon", "coordinates": [[[37.7160325, 55.79583619999999], [37.7160972, 55.7958487], [37.7161161, 55.79581749999999], [37.7160514, 55.795805099999995], [37.7160325, 55.79583619999999]]]}}, {"type": "Feature", "properties": {"id": 1519, "object_type": "restriction", "restriction_type": "oks"}, "geometry": {"type": "Polygon", "coordinates": [[[37.7182795, 55.7944968], [37.7182197, 55.7944909], [37.718229, 55.7944607], [37.718131, 55.794451099999996], [37.7181039, 55.79453790000001], [37.7182618, 55.79455349999999], [37.7182795, 55.7944968]]]}}, {"type": "Feature", "properties": {"id": 1520, "object_type": "restriction", "restriction_type": "oks"}, "geometry": {"type": "Polygon", "coordinates": [[[37.7046856, 55.80204220000001], [37.7047141, 55.8019847], [37.7045563, 55.801960099999995], [37.7045278, 55.802017499999984], [37.7046856, 55.80204220000001]]]}}, {"type": "Feature", "properties": {"id": 1521, "object_type": "restriction", "restriction_type": "oks"}, "geometry": {"type": "Polygon", "coordinates": [[[37.7051468, 55.80159679999999], [37.7050457, 55.8015829], [37.7050099, 55.801665599999986], [37.705111, 55.80167939999999], [37.7051468, 55.80159679999999]]]}}, {"type": "Feature", "properties": {"id": 1522, "object_type": "restriction", "restriction_type": "oks"}, "geometry": {"type": "Polygon", "coordinates": [[[37.7095178, 55.8017679], [37.7095292, 55.8017415], [37.709495, 55.801726499999994], [37.7094534, 55.801733199999994], [37.709444, 55.80175849999999], [37.7094762, 55.80177359999998], [37.7095178, 55.8017679]]]}}, {"type": "Feature", "properties": {"id": 1523, "object_type": "restriction", "restriction_type": "oks"}, "geometry": {"type": "Polygon", "coordinates": [[[37.7092953, 55.79796979999999], [37.709309, 55.79791299999999], [37.7087324, 55.797869], [37.7087187, 55.797925899999996], [37.7092953, 55.79796979999999]]]}}, {"type": "Feature", "properties": {"id": 1524, "object_type": "restriction", "restriction_type": "road"}, "geometry": {"type": "Polygon", "coordinates": [[[37.706819958110266, 55.800980210313554], [37.706632857587394, 55.801386810229275], [37.706632835650275, 55.80138685805631], [37.70626169712619, 55.80219862419726], [37.706376446894765, 55.80219983142531], [37.70674095343655, 55.80140256583861], [37.70692798869623, 55.80099610531114], [37.7069615338317, 55.80092542071303], [37.706853666191094, 55.80090917926342], [37.70682006610066, 55.80097997924832], [37.706819958110266, 55.800980210313554]]]}}, {"type": "Feature", "properties": {"id": 1525, "object_type": "restriction", "restriction_type": "road"}, "geometry": {"type": "Polygon", "coordinates": [[[37.71823239185279, 55.79766691774929], [37.718095008189, 55.797643482212486], [37.71794050773205, 55.7979308821245], [37.717940355477936, 55.79793116917332], [37.71786385524369, 55.79807736912961], [37.71800154479718, 55.79810023083201], [37.7180779693803, 55.79795417447172], [37.71823239185279, 55.79766691774929]]]}}, {"type": "Feature", "properties": {"id": 1526, "object_type": "restriction", "restriction_type": "road"}, "geometry": {"type": "Polygon", "coordinates": [[[37.718577808912144, 55.79702902974387], [37.71844099113126, 55.79700457021824], [37.71838409097298, 55.797105570186005], [37.718383806382825, 55.79710608732758], [37.71827220605255, 55.797313787264024], [37.71840959398922, 55.79733721269779], [37.718521054438135, 55.79712977174193], [37.718577808912144, 55.79702902974387]]]}}, {"type": "Feature", "properties": {"id": 1527, "object_type": "restriction", "restriction_type": "road"}, "geometry": {"type": "Polygon", "coordinates": [[[37.71831091207032, 55.79752096467873], [37.71831100163801, 55.79752079905351], [37.71839228902175, 55.79736932206826], [37.71840957654603, 55.79733724511245], [37.718272223495845, 55.797313754849384], [37.718254923444846, 55.79734585483953], [37.718254898644716, 55.797345900954596], [37.718173642873154, 55.79749731804152], [37.71816398794375, 55.79751503527764], [37.718163902496265, 55.79751519322657], [37.718095002292216, 55.797643493187316], [37.71823239774953, 55.797666906774445], [37.718301255108074, 55.79753868575927], [37.71831091207032, 55.79752096467873]]]}}, {"type": "Feature", "properties": {"id": 1528, "object_type": "restriction", "restriction_type": "oks"}, "geometry": {"type": "Polygon", "coordinates": [[[37.7141685, 55.79905949999999], [37.7142035, 55.79906589999999], [37.7142355, 55.79907179999999], [37.7143287, 55.798911399999994], [37.7142617, 55.79889909999999], [37.7141685, 55.79905949999999]]]}}, {"type": "Feature", "properties": {"id": 1529, "object_type": "restriction", "restriction_type": "school"}, "geometry": {"type": "Polygon", "coordinates": [[[37.7130247, 55.7923358], [37.7136117, 55.79223099999999], [37.7137703, 55.79220269999999], [37.713721, 55.7920852], [37.7137026, 55.7920374], [37.71359650000001, 55.79174729999999], [37.7135732, 55.79170019999999], [37.71346, 55.791545899999996], [37.713249, 55.79158549999999], [37.7131886, 55.79159680000001], [37.7130894, 55.79161469999999], [37.7130419, 55.79162329999998], [37.713032, 55.79160610000001], [37.7129268, 55.79162509999999], [37.7129367, 55.79164229999999], [37.7128904, 55.7916506], [37.7128701, 55.79161559999999], [37.7127742, 55.791632899999996], [37.712989, 55.792223], [37.7130247, 55.7923358]]]}}, {"type": "Feature", "properties": {"id": 1530, "object_type": "restriction", "restriction_type": "kindergarten"}, "geometry": {"type": "Polygon", "coordinates": [[[37.7235289, 55.79452019999999], [37.7240064, 55.793588500000006], [37.7224326, 55.7933336], [37.7219552, 55.7942654], [37.7235289, 55.79452019999999]]]}}, {"type": "Feature", "properties": {"id": 1531, "object_type": "restriction", "restriction_type": "road"}, "geometry": {"type": "Polygon", "coordinates": [[[37.70796014759133, 55.79521283008941], [37.707710830989235, 55.79521422738199], [37.70716351774752, 55.79521732746153], [37.70716608225519, 55.79536107253766], [37.70771337606641, 55.79535797257767], [37.70796316947355, 55.79535657261685], [37.70796413530466, 55.79535656514301], [37.708065435491214, 55.79535556514208], [37.70836415114754, 55.795352463973465], [37.70835944885909, 55.79520873602567], [37.708060906962416, 55.79521183542524], [37.70796014759133, 55.79521283008941]]]}}, {"type": "Feature", "properties": {"id": 1532, "object_type": "restriction", "restriction_type": "oks"}, "geometry": {"type": "Polygon", "coordinates": [[[37.7100081, 55.800006299999986], [37.7100233, 55.7999772], [37.7100725, 55.799985299999996], [37.7102158, 55.7997101], [37.7103591, 55.799435], [37.7103098, 55.79942690000001], [37.7103232, 55.7994012], [37.7101311, 55.7993696], [37.7101159, 55.79939869999999], [37.7100004, 55.7993797], [37.7097158, 55.7999262], [37.709831300000005, 55.7999452], [37.709816, 55.7999747], [37.7100081, 55.800006299999986]]]}}, {"type": "Feature", "properties": {"id": 1533, "object_type": "restriction", "restriction_type": "road"}, "geometry": {"type": "Polygon", "coordinates": [[[37.71587910271036, 55.80223235900679], [37.7162888515782, 55.80230371079107], [37.7166909962037, 55.802307908284995], [37.7159119904371, 55.80217225721566], [37.71591180399218, 55.8021722249495], [37.715783304081484, 55.802150124966865], [37.71578261151007, 55.80215000860987], [37.71573811154142, 55.80214270861564], [37.71570688843409, 55.802203091382104], [37.71575104151055, 55.80221033447175], [37.71587910271036, 55.80223235900679]]]}}, {"type": "Feature", "properties": {"id": 1534, "object_type": "restriction", "restriction_type": "oks"}, "geometry": {"type": "Polygon", "coordinates": [[[37.7184583, 55.792716199999994], [37.7184516, 55.792848199999995], [37.7184932, 55.792871600000005], [37.7185871, 55.7928723], [37.7186152, 55.7928542], [37.7186253, 55.7927206], [37.7184583, 55.792716199999994]]]}}, {"type": "Feature", "properties": {"id": 1535, "object_type": "restriction", "restriction_type": "oks"}, "geometry": {"type": "Polygon", "coordinates": [[[37.7194913, 55.7929555], [37.7194986, 55.7929048], [37.7193168, 55.7928965], [37.7193095, 55.7929473], [37.7194913, 55.7929555]]]}}, {"type": "Feature", "properties": {"id": 1536, "object_type": "restriction", "restriction_type": "oks"}, "geometry": {"type": "Polygon", "coordinates": [[[37.7192536, 55.79294620000001], [37.7192623, 55.792894699999984], [37.7187795, 55.79286899999999], [37.7187708, 55.79292059999999], [37.7192536, 55.79294620000001]]]}}, {"type": "Feature", "properties": {"id": 1537, "object_type": "restriction", "restriction_type": "oks"}, "geometry": {"type": "Polygon", "coordinates": [[[37.7190355, 55.79316480000001], [37.7190471, 55.7930894], [37.7187368, 55.793074299999994], [37.7187252, 55.793149699999994], [37.7190355, 55.79316480000001]]]}}, {"type": "Feature", "properties": {"id": 1538, "object_type": "restriction", "restriction_type": "oks"}, "geometry": {"type": "Polygon", "coordinates": [[[37.7188955, 55.7930555], [37.7189076, 55.79297679999999], [37.7186904, 55.79296619999999], [37.7186783, 55.7930449], [37.7188955, 55.7930555]]]}}, {"type": "Feature", "properties": {"id": 1539, "object_type": "restriction", "restriction_type": "oks"}, "geometry": {"type": "Polygon", "coordinates": [[[37.711514, 55.8000183], [37.7115316, 55.7999844], [37.7113686, 55.799957599999985], [37.711351, 55.7999915], [37.711514, 55.8000183]]]}}, {"type": "Feature", "properties": {"id": 1540, "object_type": "restriction", "restriction_type": "oks"}, "geometry": {"type": "Polygon", "coordinates": [[[37.7105202, 55.79912079999999], [37.710512, 55.799171099999995], [37.7107489, 55.799183299999996], [37.7107571, 55.79913309999999], [37.7105202, 55.79912079999999]]]}}, {"type": "Feature", "properties": {"id": 1541, "object_type": "restriction", "restriction_type": "oks"}, "geometry": {"type": "Polygon", "coordinates": [[[37.7046557, 55.7978284], [37.704187, 55.7977626], [37.70412, 55.7979115], [37.7041046, 55.797909999999995], [37.7040674, 55.797995900000004], [37.7042657, 55.7980204], [37.7042933, 55.7979566], [37.7042455, 55.79792379999999], [37.7042831, 55.79783439999999], [37.7046366, 55.797880199999994], [37.7046557, 55.7978284]]]}}, {"type": "Feature", "properties": {"id": 1542, "object_type": "restriction", "restriction_type": "oks"}, "geometry": {"type": "Polygon", "coordinates": [[[37.7047526, 55.79747179999999], [37.7047588, 55.7974489], [37.704781200000006, 55.797450399999995], [37.7048226, 55.7973229], [37.7046345, 55.79730320000001], [37.70460740000001, 55.79738410000001], [37.7045841, 55.7974531], [37.7047526, 55.79747179999999]]]}}, {"type": "Feature", "properties": {"id": 1543, "object_type": "restriction", "restriction_type": "oks"}, "geometry": {"type": "Polygon", "coordinates": [[[37.705182, 55.79813789999999], [37.7052327, 55.7980588], [37.7051309, 55.7980382], [37.7050802, 55.79811730000001], [37.705182, 55.79813789999999]]]}}, {"type": "Feature", "properties": {"id": 1544, "object_type": "restriction", "restriction_type": "oks"}, "geometry": {"type": "Polygon", "coordinates": [[[37.7075328, 55.79590859999998], [37.7075975, 55.795913999999996], [37.7076094, 55.795868399999996], [37.7075447, 55.795863], [37.7075328, 55.79590859999998]]]}}, {"type": "Feature", "properties": {"id": 1545, "object_type": "restriction", "restriction_type": "oks"}, "geometry": {"type": "Polygon", "coordinates": [[[37.7053495, 55.797905799999995], [37.705231, 55.79788869999999], [37.7051938, 55.79788329999999], [37.7051571, 55.797963499999994], [37.7053128, 55.797985999999995], [37.7053471, 55.797911000000006], [37.7053495, 55.797905799999995]]]}}, {"type": "Feature", "properties": {"id": 1546, "object_type": "restriction", "restriction_type": "oks"}, "geometry": {"type": "Polygon", "coordinates": [[[37.7051603, 55.7974351], [37.7054567, 55.79750179999999], [37.7054932, 55.7974388], [37.7051826, 55.797374299999994], [37.7051603, 55.7974351]]]}}, {"type": "Feature", "properties": {"id": 1547, "object_type": "restriction", "restriction_type": "oks"}, "geometry": {"type": "Polygon", "coordinates": [[[37.7051603, 55.7974351], [37.7051826, 55.797374299999994], [37.7050903, 55.79736359999999], [37.705068, 55.7974244], [37.7051603, 55.7974351]]]}}, {"type": "Feature", "properties": {"id": 1548, "object_type": "restriction", "restriction_type": "oks"}, "geometry": {"type": "Polygon", "coordinates": [[[37.7049183, 55.797407099999994], [37.705068, 55.7974244], [37.7050903, 55.79736359999999], [37.7050427, 55.7973581], [37.7049406, 55.79734630000001], [37.7049183, 55.797407099999994]]]}}, {"type": "Feature", "properties": {"id": 1549, "object_type": "restriction", "restriction_type": "oks"}, "geometry": {"type": "Polygon", "coordinates": [[[37.7049406, 55.79734630000001], [37.7050427, 55.7973581], [37.7050843, 55.7972447], [37.7050299, 55.79723829999999], [37.7049822, 55.7972328], [37.7049406, 55.79734630000001]]]}}, {"type": "Feature", "properties": {"id": 1550, "object_type": "restriction", "restriction_type": "oks"}, "geometry": {"type": "Polygon", "coordinates": [[[37.7055087, 55.79759099999999], [37.705478, 55.797588399999995], [37.7054342, 55.7976773], [37.70553950000001, 55.79769470000001], [37.7055802, 55.7976037], [37.7055087, 55.79759099999999]]]}}, {"type": "Feature", "properties": {"id": 1551, "object_type": "restriction", "restriction_type": "oks"}, "geometry": {"type": "Polygon", "coordinates": [[[37.7043137, 55.7973133], [37.7043851, 55.7973219], [37.7044025, 55.7972754], [37.7043288, 55.7972674], [37.7043137, 55.7973133]]]}}, {"type": "Feature", "properties": {"id": 1552, "object_type": "restriction", "restriction_type": "oks"}, "geometry": {"type": "Polygon", "coordinates": [[[37.7043584, 55.797357100000006], [37.7043317, 55.7974223], [37.7045841, 55.7974531], [37.70460740000001, 55.79738410000001], [37.7043584, 55.797357100000006]]]}}, {"type": "Feature", "properties": {"id": 1553, "object_type": "restriction", "restriction_type": "oks"}, "geometry": {"type": "Polygon", "coordinates": [[[37.704941, 55.7972284], [37.7049822, 55.7972328], [37.7050299, 55.79723829999999], [37.7050758, 55.797105], [37.7049869, 55.797093999999994], [37.704941, 55.7972284]]]}}, {"type": "Feature", "properties": {"id": 1554, "object_type": "restriction", "restriction_type": "oks"}, "geometry": {"type": "Polygon", "coordinates": [[[37.7047073, 55.79705919999999], [37.7047244, 55.7970593], [37.7048843, 55.797085700000004], [37.7049869, 55.797093999999994], [37.7050758, 55.797105], [37.7051324, 55.79710889999999], [37.7051446, 55.797046900000005], [37.7051529, 55.79701169999999], [37.7047418, 55.796995300000006], [37.7047016, 55.79701200000001], [37.7046835, 55.79705669999999], [37.7047073, 55.79705919999999]]]}}, {"type": "Feature", "properties": {"id": 1555, "object_type": "restriction", "restriction_type": "park"}, "geometry": {"type": "Polygon", "coordinates": [[[37.7079516, 55.7987443], [37.7070746, 55.8007766], [37.707080000000005, 55.80083930000001], [37.7071353, 55.80087950000001], [37.7080637, 55.80104059999999], [37.7081315, 55.801035299999995], [37.7081858, 55.80098170000001], [37.7091631, 55.798935099999994], [37.7079516, 55.7987443]]]}}, {"type": "Feature", "properties": {"id": 1556, "object_type": "restriction", "restriction_type": "oks"}, "geometry": {"type": "Polygon", "coordinates": [[[37.7143571, 55.79011199999999], [37.7143826, 55.79003349999999], [37.7143022, 55.7900253], [37.7142768, 55.79010370000001], [37.7143571, 55.79011199999999]]]}}, {"type": "Feature", "properties": {"id": 1557, "object_type": "restriction", "restriction_type": "road"}, "geometry": {"type": "Polygon", "coordinates": [[[37.70915750064293, 55.79886852650027], [37.70907431765289, 55.798855360848336], [37.70852733448876, 55.79876609624177], [37.708496265486865, 55.798826503755976], [37.709043465872796, 55.79891580382657], [37.709043899274015, 55.79891587348713], [37.70912661589581, 55.7989289653279], [37.70925133764944, 55.79895064742065], [37.709284262324886, 55.798890552576886], [37.70915886241175, 55.79886875259401], [37.70915750064293, 55.79886852650027]]]}}, {"type": "Feature", "properties": {"id": 1558, "object_type": "restriction", "restriction_type": "oks"}, "geometry": {"type": "Polygon", "coordinates": [[[37.7105281, 55.79040489999999], [37.7105564, 55.79049419999999], [37.7108675, 55.7904624], [37.7108802, 55.790497499999994], [37.7109574, 55.79048949999999], [37.7109495, 55.790464199999995], [37.7110504, 55.790453799999995], [37.7110484, 55.79044379999999], [37.7114597, 55.790402099999994], [37.7114298, 55.790313399999995], [37.7105281, 55.79040489999999]]]}}, {"type": "Feature", "properties": {"id": 1559, "object_type": "restriction", "restriction_type": "oks"}, "geometry": {"type": "Polygon", "coordinates": [[[37.7118448, 55.790173499999995], [37.7117403, 55.789845799999995], [37.7115863, 55.7898608], [37.7115997, 55.78990139999999], [37.7113314, 55.78992879999999], [37.7113708, 55.790056], [37.711591, 55.7900327], [37.7116132, 55.790104599999985], [37.7116437, 55.7901953], [37.7118448, 55.790173499999995]]]}}, {"type": "Feature", "properties": {"id": 1560, "object_type": "restriction", "restriction_type": "oks"}, "geometry": {"type": "Polygon", "coordinates": [[[37.7116437, 55.7901953], [37.7116132, 55.790104599999985], [37.7113288, 55.7901334], [37.7113221, 55.79011609999999], [37.7111454, 55.790135], [37.7111515, 55.79015090000001], [37.7111294, 55.79015340000001], [37.7111362, 55.79016930000001], [37.7111627, 55.7902464], [37.7116437, 55.7901953]]]}}, {"type": "Feature", "properties": {"id": 1561, "object_type": "restriction", "restriction_type": "oks"}, "geometry": {"type": "Polygon", "coordinates": [[[37.7108812, 55.7901556], [37.7109197, 55.790272800000004], [37.7111627, 55.7902464], [37.7111362, 55.79016930000001], [37.7109788, 55.790186500000004], [37.7109411, 55.79008049999999], [37.7107005, 55.7901059], [37.7107223, 55.7901722], [37.7108812, 55.7901556]]]}}, {"type": "Feature", "properties": {"id": 1562, "object_type": "restriction", "restriction_type": "oks"}, "geometry": {"type": "Polygon", "coordinates": [[[37.7105046, 55.790316000000004], [37.7109197, 55.790272800000004], [37.7108812, 55.7901556], [37.7107223, 55.7901722], [37.7106056, 55.7901843], [37.7104661, 55.7901988], [37.7105046, 55.790316000000004]]]}}, {"type": "Feature", "properties": {"id": 1563, "object_type": "restriction", "restriction_type": "oks"}, "geometry": {"type": "Polygon", "coordinates": [[[37.7115863, 55.7898608], [37.7117403, 55.789845799999995], [37.711762, 55.7898437], [37.71170639164813, 55.789675276630916], [37.71152032464448, 55.78967332678163], [37.7115237, 55.789683999999994], [37.7115744, 55.7898169], [37.7115863, 55.7898608]]]}}, {"type": "Feature", "properties": {"id": 1564, "object_type": "restriction", "restriction_type": "oks"}, "geometry": {"type": "Polygon", "coordinates": [[[37.7091281, 55.7898727], [37.7091437, 55.789927899999995], [37.7092827, 55.7899154], [37.709268, 55.7898602], [37.7091281, 55.7898727]]]}}, {"type": "Feature", "properties": {"id": 1565, "object_type": "restriction", "restriction_type": "oks"}, "geometry": {"type": "Polygon", "coordinates": [[[37.7094971, 55.789783099999994], [37.7094486, 55.789787099999984], [37.7087077, 55.78985279999999], [37.7087236, 55.78990859999999], [37.7091281, 55.7898727], [37.709268, 55.7898602], [37.7095157, 55.78983819999999], [37.7094971, 55.789783099999994]]]}}, {"type": "Feature", "properties": {"id": 1566, "object_type": "restriction", "restriction_type": "oks"}, "geometry": {"type": "Polygon", "coordinates": [[[37.7096337, 55.78977059999999], [37.7096201, 55.78972989999999], [37.7095108, 55.789740800000004], [37.7095138, 55.789753899999994], [37.7094407, 55.78976], [37.7094486, 55.789787099999984], [37.7094971, 55.789783099999994], [37.7095157, 55.78983819999999], [37.709647, 55.78982669999999], [37.7096337, 55.78977059999999]]]}}, {"type": "Feature", "properties": {"id": 1567, "object_type": "restriction", "restriction_type": "oks"}, "geometry": {"type": "Polygon", "coordinates": [[[37.7086938, 55.789801099999984], [37.7089665, 55.78977509999999], [37.7089695, 55.789784999999995], [37.7091165, 55.789771], [37.709079270308386, 55.78964772018199], [37.708646148389654, 55.78964317167842], [37.7086938, 55.789801099999984]]]}}, {"type": "Feature", "properties": {"id": 1568, "object_type": "restriction", "restriction_type": "oks"}, "geometry": {"type": "Polygon", "coordinates": [[[37.7091165, 55.789771], [37.7092611, 55.78975719999999], [37.709228511004994, 55.78964928710492], [37.709079270308386, 55.78964772018199], [37.7091165, 55.789771]]]}}, {"type": "Feature", "properties": {"id": 1569, "object_type": "restriction", "restriction_type": "oks"}, "geometry": {"type": "Polygon", "coordinates": [[[37.7110365, 55.79056349999999], [37.7110521, 55.7906057], [37.711104, 55.7905997], [37.7110957, 55.79057709999999], [37.7110885, 55.7905574], [37.7110365, 55.79056349999999]]]}}, {"type": "Feature", "properties": {"id": 1570, "object_type": "restriction", "restriction_type": "oks"}, "geometry": {"type": "Polygon", "coordinates": [[[37.7112494, 55.790561999999994], [37.7112299, 55.790519800000006], [37.7110797, 55.7905368], [37.7110885, 55.7905574], [37.7110957, 55.79057709999999], [37.7111557, 55.79057120000001], [37.7112494, 55.790561999999994]]]}}, {"type": "Feature", "properties": {"id": 1571, "object_type": "restriction", "restriction_type": "oks"}, "geometry": {"type": "Polygon", "coordinates": [[[37.7112013, 55.7906815], [37.7112172, 55.79067980000001], [37.7112457, 55.79075719999998], [37.711424, 55.79073139999997], [37.7113906, 55.79064619999999], [37.7112884, 55.79065869999999], [37.7112494, 55.790561999999994], [37.7111557, 55.79057120000001], [37.7112013, 55.7906815]]]}}, {"type": "Feature", "properties": {"id": 1572, "object_type": "restriction", "restriction_type": "oks"}, "geometry": {"type": "Polygon", "coordinates": [[[37.7115683, 55.7907947], [37.7117045, 55.790777699999985], [37.7116552, 55.7906494], [37.7115158, 55.7906687], [37.7115683, 55.7907947]]]}}, {"type": "Feature", "properties": {"id": 1573, "object_type": "restriction", "restriction_type": "oks"}, "geometry": {"type": "Polygon", "coordinates": [[[37.7116697, 55.79059579999999], [37.711844000000006, 55.79057319999999], [37.7118278, 55.790532999999996], [37.7116549, 55.7905552], [37.7116697, 55.79059579999999]]]}}, {"type": "Feature", "properties": {"id": 1574, "object_type": "restriction", "restriction_type": "oks"}, "geometry": {"type": "Polygon", "coordinates": [[[37.7117463, 55.7906952], [37.7117828, 55.79069140000001], [37.7118007, 55.79072690000001], [37.7119811, 55.79070219999999], [37.7119491, 55.79062429999999], [37.7118524, 55.7906394], [37.7118465, 55.79062530000001], [37.7117256, 55.7906419], [37.7117463, 55.7906952]]]}}, {"type": "Feature", "properties": {"id": 1575, "object_type": "restriction", "restriction_type": "oks"}, "geometry": {"type": "Polygon", "coordinates": [[[37.709487, 55.79091929999999], [37.7094778, 55.7908909], [37.7094013, 55.79089859999999], [37.7094101, 55.790925699999995], [37.709487, 55.79091929999999]]]}}, {"type": "Feature", "properties": {"id": 1576, "object_type": "restriction", "restriction_type": "oks"}, "geometry": {"type": "Polygon", "coordinates": [[[37.7094993, 55.7909971], [37.709512, 55.79099540000001], [37.709487, 55.79091929999999], [37.7094101, 55.790925699999995], [37.7094354, 55.791002899999995], [37.7094993, 55.7909971]]]}}, {"type": "Feature", "properties": {"id": 1577, "object_type": "restriction", "restriction_type": "oks"}, "geometry": {"type": "Polygon", "coordinates": [[[37.7097673, 55.79103289999998], [37.7097209, 55.790879700000005], [37.7096474, 55.7908867], [37.7096516, 55.7909006], [37.7095977, 55.79090569999999], [37.7096399, 55.79104509999999], [37.7097673, 55.79103289999998]]]}}, {"type": "Feature", "properties": {"id": 1578, "object_type": "restriction", "restriction_type": "oks"}, "geometry": {"type": "Polygon", "coordinates": [[[37.7100327, 55.791326500000004], [37.7101102, 55.791321999999994], [37.7100949, 55.7912737], [37.7100193, 55.79127919999999], [37.7100327, 55.791326500000004]]]}}, {"type": "Feature", "properties": {"id": 1579, "object_type": "restriction", "restriction_type": "oks"}, "geometry": {"type": "Polygon", "coordinates": [[[37.7100327, 55.791326500000004], [37.7100193, 55.79127919999999], [37.7098443, 55.791292199999994], [37.7098568, 55.7913374], [37.7099134, 55.791332499999996], [37.7099411, 55.79144280000001], [37.7100638, 55.791435400000005], [37.7100327, 55.791326500000004]]]}}, {"type": "Feature", "properties": {"id": 1580, "object_type": "restriction", "restriction_type": "oks"}, "geometry": {"type": "Polygon", "coordinates": [[[37.7123769, 55.793558299999994], [37.7124539, 55.793548999999985], [37.7124227, 55.79346610000001], [37.7123447, 55.793474], [37.7123769, 55.793558299999994]]]}}, {"type": "Feature", "properties": {"id": 1581, "object_type": "restriction", "restriction_type": "oks"}, "geometry": {"type": "Polygon", "coordinates": [[[37.7139519, 55.792876], [37.7138572, 55.7926747], [37.7137275, 55.792698699999995], [37.7137846, 55.792804999999994], [37.7136493, 55.79282569999999], [37.7136907, 55.7929137], [37.7139519, 55.792876]]]}}, {"type": "Feature", "properties": {"id": 1582, "object_type": "restriction", "restriction_type": "oks"}, "geometry": {"type": "Polygon", "coordinates": [[[37.7134451, 55.792948499999994], [37.7136907, 55.7929137], [37.7136493, 55.79282569999999], [37.7136469, 55.7928204], [37.7134532, 55.79284869999999], [37.71346870000001, 55.7928842], [37.71342210000001, 55.7928921], [37.7134404, 55.7929372], [37.7134451, 55.792948499999994]]]}}, {"type": "Feature", "properties": {"id": 1583, "object_type": "restriction", "restriction_type": "oks"}, "geometry": {"type": "Polygon", "coordinates": [[[37.7085804, 55.7927344], [37.7085534, 55.79267019999998], [37.7085499, 55.792659499999985], [37.7083497, 55.7926818], [37.708374, 55.7927581], [37.7085804, 55.7927344]]]}}, {"type": "Feature", "properties": {"id": 1584, "object_type": "restriction", "restriction_type": "oks"}, "geometry": {"type": "Polygon", "coordinates": [[[37.70863460000001, 55.79287850000001], [37.7087771, 55.79286059999999], [37.7087552, 55.792807199999984], [37.708716, 55.79270099999999], [37.7086976, 55.792652], [37.7085534, 55.79267019999998], [37.7085804, 55.7927344], [37.7086186, 55.79283430000001], [37.70863460000001, 55.79287850000001]]]}}, {"type": "Feature", "properties": {"id": 1585, "object_type": "restriction", "restriction_type": "oks"}, "geometry": {"type": "Polygon", "coordinates": [[[37.7070921, 55.7923175], [37.7071236, 55.7923281], [37.7072453, 55.79230679999999], [37.7072179, 55.79226059999999], [37.7071629, 55.7922703], [37.70711880000001, 55.792201199999994], [37.7070498, 55.7922142], [37.7069499, 55.79203419999999], [37.7069416, 55.7920227], [37.7069094, 55.79200049999999], [37.7068931, 55.791994299999985], [37.7068572, 55.7919867], [37.706813, 55.79198689999999], [37.7067788, 55.7919891], [37.7067483, 55.7919946], [37.7067162, 55.79201059999999], [37.7066865, 55.79199489999999], [37.706602800000006, 55.792002499999995], [37.706602800000006, 55.792008], [37.7065386, 55.79201599999999], [37.7065551, 55.7920537], [37.7065913, 55.7920517], [37.7065794, 55.79209039999999], [37.7066781, 55.79210030000001], [37.7067747, 55.79229269999999], [37.7067869, 55.7923086], [37.7067954, 55.7923151], [37.7068047, 55.7923205], [37.7068145, 55.79232519999999], [37.7068284, 55.7923299], [37.7068432, 55.7923339], [37.7068615, 55.79233609999999], [37.7068801, 55.79233599999998], [37.7068962, 55.7923348], [37.7069106, 55.79233299999999], [37.7069238, 55.79232929999999], [37.7069408, 55.792322799999994], [37.7069547, 55.79231510000001], [37.706966, 55.79230569999999], [37.7069739, 55.79229509999999], [37.706978, 55.792282699999994], [37.7069786, 55.792274], [37.7069759, 55.7922635], [37.7070679, 55.792246899999995], [37.7070771, 55.7922455], [37.7070925, 55.7922724], [37.7070754, 55.7922874], [37.7070921, 55.7923175]]]}}, {"type": "Feature", "properties": {"id": 1586, "object_type": "restriction", "restriction_type": "oks"}, "geometry": {"type": "Polygon", "coordinates": [[[37.7048377, 55.793204200000005], [37.7048648, 55.7931797], [37.7048919, 55.79315520000001], [37.7047896, 55.7931203], [37.7047356, 55.7931699], [37.7048377, 55.793204200000005]]]}}, {"type": "Feature", "properties": {"id": 1587, "object_type": "restriction", "restriction_type": "oks"}, "geometry": {"type": "Polygon", "coordinates": [[[37.7074052, 55.793], [37.7073768, 55.7930028], [37.7073807, 55.79301529999999], [37.7073438, 55.79301889999999], [37.7073581, 55.793065], [37.7073949, 55.79306139999999], [37.7074099, 55.79310980000001], [37.7076151, 55.79308969999999], [37.7075748, 55.792959899999985], [37.7073982, 55.79297720000001], [37.7074052, 55.793]]]}}, {"type": "Feature", "properties": {"id": 1588, "object_type": "restriction", "restriction_type": "oks"}, "geometry": {"type": "Polygon", "coordinates": [[[37.7173928, 55.79403879999999], [37.7174185, 55.7939031], [37.7172791, 55.79389479999999], [37.7172665, 55.7939613], [37.7172189, 55.793958399999994], [37.7172058, 55.7940276], [37.7173928, 55.79403879999999]]]}}, {"type": "Feature", "properties": {"id": 1589, "object_type": "restriction", "restriction_type": "road"}, "geometry": {"type": "Polygon", "coordinates": [[[37.714443342542566, 55.795608105553335], [37.71445013381017, 55.79553959195648], [37.7144973070179, 55.79508963700517], [37.71451028844482, 55.79497709563298], [37.71431931157341, 55.79497010429292], [37.71430631129911, 55.795082804281556], [37.7143062763612, 55.7950831216179], [37.71425907526408, 55.79553332157616], [37.71425905764056, 55.79553349437856], [37.71425226591532, 55.79560200920946], [37.71423797450309, 55.79573842404899], [37.71442902551359, 55.79574477587687], [37.71444332518094, 55.79560827586422], [37.714443342542566, 55.795608105553335]]]}}, {"type": "Feature", "properties": {"id": 1590, "object_type": "restriction", "restriction_type": "oks"}, "geometry": {"type": "Polygon", "coordinates": [[[37.7209158, 55.7996025], [37.720955, 55.7995363], [37.7208316, 55.7995131], [37.7207923, 55.7995794], [37.7209158, 55.7996025]]]}}, {"type": "Feature", "properties": {"id": 1591, "object_type": "restriction", "restriction_type": "road"}, "geometry": {"type": "Polygon", "coordinates": [[[37.71731722217027, 55.79941566694281], [37.71731752140927, 55.799415092304464], [37.71743052884925, 55.799191974275445], [37.71761553219929, 55.798839257357955], [37.717726130989064, 55.79862845895815], [37.7177263059776, 55.79862811999532], [37.71774563382677, 55.79859006193354], [37.71790995939398, 55.79827520348867], [37.71791003243556, 55.79827506259037], [37.71792897635207, 55.79823827138472], [37.718001519025314, 55.79810027997005], [37.717863881015724, 55.79807731999161], [37.71779128079474, 55.79821541995013], [37.71779116766415, 55.79821563738201], [37.71777220389888, 55.79825246688446], [37.717607840141724, 55.798567396379], [37.71760769412397, 55.79856767997724], [37.71758838024351, 55.7986057102698], [37.71747786871439, 55.798816340940334], [37.71729276641283, 55.799169244144736], [37.717292578991454, 55.799169607721815], [37.7171796244733, 55.7993926197137], [37.716989777305926, 55.7997474329107], [37.71697026848585, 55.799783949287516], [37.71710773155572, 55.799807250674235], [37.717127227117366, 55.799770758862], [37.71731722217027, 55.79941566694281]]]}}, {"type": "Feature", "properties": {"id": 1592, "object_type": "restriction", "restriction_type": "road"}, "geometry": {"type": "Polygon", "coordinates": [[[37.711312357198345, 55.792704559768104], [37.71120324278344, 55.79271784020759], [37.71121854273006, 55.792757740214086], [37.71121894291575, 55.79275870929602], [37.71135214252235, 55.793059609352404], [37.71146045745687, 55.79304439062362], [37.71132747076557, 55.79274397343722], [37.711312357198345, 55.792704559768104]]]}}, {"type": "Feature", "properties": {"id": 1593, "object_type": "restriction", "restriction_type": "road"}, "geometry": {"type": "Polygon", "coordinates": [[[37.71197528009709, 55.794248203682315], [37.711948779971884, 55.7941573036935], [37.71194873323695, 55.794157145895255], [37.7118892329652, 55.793959345920406], [37.711888721483334, 55.79395786279497], [37.71186462140069, 55.793895962805166], [37.711755578580835, 55.79390943717054], [37.711779391128346, 55.79397059907999], [37.71183864302508, 55.794167575214345], [37.711864908396876, 55.794257670833574], [37.71188095720519, 55.79433524060549], [37.71199184278485, 55.794327959369454], [37.711975642674886, 55.79424965937618], [37.71197528009709, 55.794248203682315]]]}}, {"type": "Feature", "properties": {"id": 1594, "object_type": "restriction", "restriction_type": "road"}, "geometry": {"type": "Polygon", "coordinates": [[[37.711972433715324, 55.795323607832294], [37.71208356629358, 55.79532959214263], [37.712097666176525, 55.795246492135725], [37.71209787081071, 55.79524218767861], [37.712085970581555, 55.79508168768287], [37.711974429415086, 55.79508431229182], [37.7119861693218, 55.79524265611166], [37.711972433715324, 55.795323607832294]]]}}, {"type": "Feature", "properties": {"id": 1595, "object_type": "restriction", "restriction_type": "oks"}, "geometry": {"type": "Polygon", "coordinates": [[[37.7253018, 55.79158479999999], [37.7252944, 55.79159799999999], [37.7253886, 55.791614599999996], [37.7253961, 55.7916011], [37.725571, 55.79163199999998], [37.725583, 55.7916105], [37.7256734, 55.79162650000001], [37.7256553, 55.791658899999995], [37.72571, 55.791668599999994], [37.7257284, 55.79163579999999], [37.7259028, 55.79166659999999], [37.7258847, 55.791699], [37.7259415, 55.7917091], [37.7259597, 55.7916768], [37.7261727, 55.7917145], [37.7260288, 55.79197190000001], [37.7262959616059, 55.7920191050029], [37.72631123556757, 55.79155110301011], [37.7257578, 55.7914533], [37.7257656, 55.791439399999994], [37.7256691, 55.791422299999994], [37.7256613, 55.79143619999999], [37.7252353, 55.791361], [37.7251942, 55.791434599999995], [37.7252802, 55.7914498], [37.7252315, 55.7915368], [37.7251705, 55.79152609999999], [37.7251525, 55.79155840000001], [37.7253018, 55.79158479999999]]]}}, {"type": "Feature", "properties": {"id": 1596, "object_type": "restriction", "restriction_type": "school"}, "geometry": {"type": "Polygon", "coordinates": [[[37.7256063, 55.7920363], [37.7256488, 55.792018799999994], [37.7257458, 55.79203580000001], [37.7257618, 55.792063599999985], [37.7258196, 55.79207379999999], [37.726291475164395, 55.79215656923047], [37.726314283351634, 55.791457715689866], [37.7250153, 55.79122989999999], [37.724993, 55.7912701], [37.7248042, 55.791237], [37.72447110000001, 55.7918372], [37.7256063, 55.7920363]]]}}, {"type": "Feature", "properties": {"id": 1597, "object_type": "restriction", "restriction_type": "oks"}, "geometry": {"type": "Polygon", "coordinates": [[[37.7227486, 55.80007150000001], [37.7226986, 55.800169800000006], [37.7230954, 55.8002335], [37.7231453, 55.8001352], [37.7227486, 55.80007150000001]]]}}, {"type": "Feature", "properties": {"id": 1598, "object_type": "restriction", "restriction_type": "road"}, "geometry": {"type": "Polygon", "coordinates": [[[37.71296317504459, 55.792606508128756], [37.71285502493416, 55.79262209184734], [37.71297092460199, 55.792877391896404], [37.71304222768277, 55.793034299158805], [37.71315037229595, 55.7930187008173], [37.71307907373638, 55.79286180446638], [37.71296317504459, 55.792606508128756]]]}}, {"type": "Feature", "properties": {"id": 1599, "object_type": "restriction", "restriction_type": "oks"}, "geometry": {"type": "Polygon", "coordinates": [[[37.7224145, 55.8005557], [37.722436, 55.80051439999999], [37.7223725, 55.8005039], [37.7223509, 55.800545199999995], [37.7224145, 55.8005557]]]}}, {"type": "Feature", "properties": {"id": 1600, "object_type": "restriction", "restriction_type": "road"}, "geometry": {"type": "Polygon", "coordinates": [[[37.70437491865528, 55.800535264435865], [37.7044168813026, 55.80045793556011], [37.703690016148386, 55.800332788209786], [37.70368722266291, 55.80041686110256], [37.70437491865528, 55.800535264435865]]]}}, {"type": "Feature", "properties": {"id": 1601, "object_type": "restriction", "restriction_type": "road"}, "geometry": {"type": "Polygon", "coordinates": [[[37.70879812059285, 55.80005988588886], [37.70924030978059, 55.799134205090326], [37.709101690257285, 55.79911319487078], [37.70865948873949, 55.80003889461567], [37.70817536851674, 55.80105633325117], [37.70817534816375, 55.80105637611841], [37.70813564802608, 55.80114017609547], [37.70827435201155, 55.80116102386556], [37.70831404171784, 55.80107724528043], [37.70879812059285, 55.80005988588886]]]}}, {"type": "Feature", "properties": {"id": 1602, "object_type": "restriction", "restriction_type": "road"}, "geometry": {"type": "Polygon", "coordinates": [[[37.70981217408912, 55.79793067509797], [37.70983887399828, 55.797875175082595], [37.70984049662819, 55.79787089757573], [37.70987299642305, 55.797754797556095], [37.70973120360045, 55.79774220240312], [37.70969930903513, 55.79785613887235], [37.70967369735966, 55.797909376426], [37.709589070495205, 55.79808012825048], [37.70972732954387, 55.79810187171082], [37.70981202926614, 55.79793097166213], [37.70981217408912, 55.79793067509797]]]}}, {"type": "Feature", "properties": {"id": 1603, "object_type": "restriction", "restriction_type": "road"}, "geometry": {"type": "Polygon", "coordinates": [[[37.71289663479427, 55.792455149060146], [37.71278776518669, 55.79246905091565], [37.7128052651289, 55.792512550923064], [37.71280562866378, 55.792513399726246], [37.71285502852238, 55.79262209974715], [37.71296317145635, 55.79260650022895], [37.71291396354302, 55.79249822322933], [37.71289663479427, 55.792455149060146]]]}}, {"type": "Feature", "properties": {"id": 1604, "object_type": "restriction", "restriction_type": "road"}, "geometry": {"type": "Polygon", "coordinates": [[[37.7043707681403, 55.78997201455054], [37.70433323188789, 55.78991278544658], [37.70403412788389, 55.789972959445464], [37.70403189551052, 55.790040189176146], [37.7043707681403, 55.78997201455054]]]}}, {"type": "Feature", "properties": {"id": 1605, "object_type": "restriction", "restriction_type": "road"}, "geometry": {"type": "Polygon", "coordinates": [[[37.705563466717166, 55.79226391104167], [37.705670437636726, 55.79243776371029], [37.705740397498374, 55.7926075842783], [37.705778726933715, 55.79279038083837], [37.705795351326884, 55.79303965811346], [37.70576380997623, 55.79323450406311], [37.7059543900488, 55.79324429586313], [37.70598648956939, 55.79304599583609], [37.70598681752007, 55.79303907590019], [37.705969816896, 55.79278417591028], [37.705969223590294, 55.79277987564765], [37.70592982313823, 55.79259197567572], [37.70592800633056, 55.792586112216895], [37.7058557059323, 55.79241061226941], [37.70585290550082, 55.79240514357951], [37.7057427051333, 55.792226043658246], [37.705739115381824, 55.79222103557203], [37.70560151508659, 55.792053735667146], [37.70559766777284, 55.792049548382025], [37.70554566769912, 55.79199854841655], [37.705379732187296, 55.79205225152677], [37.70542964579032, 55.79210120535832], [37.705563466717166, 55.79226391104167]]]}}, {"type": "Feature", "properties": {"id": 1606, "object_type": "restriction", "restriction_type": "road"}, "geometry": {"type": "Polygon", "coordinates": [[[37.70514422467158, 55.79185424585394], [37.70529830948637, 55.79197237772965], [37.70537972795036, 55.79205224737088], [37.705545671936065, 55.791998552572444], [37.70546157181677, 55.79191605262826], [37.705455702122194, 55.79191097788994], [37.705296702008354, 55.7917890779885], [37.70529310849957, 55.7917864919123], [37.705082508413696, 55.791644092037025], [37.70507531689193, 55.79163974148436], [37.70399815719863, 55.79105621091984], [37.70399327814593, 55.79120313709862], [37.704938873990635, 55.79171539507773], [37.70514422467158, 55.79185424585394]]]}}, {"type": "Feature", "properties": {"id": 1607, "object_type": "restriction", "restriction_type": "road"}, "geometry": {"type": "Polygon", "coordinates": [[[37.70513246488853, 55.79407095574079], [37.70530513521504, 55.79411744419899], [37.7057932342433, 55.79354204385361], [37.705796048896595, 55.79353838340272], [37.705798375363244, 55.793534615711785], [37.705950574773475, 55.79325521559636], [37.70576762530161, 55.79322358433589], [37.70561750643098, 55.793499162765464], [37.70513246488853, 55.79407095574079]]]}}, {"type": "Feature", "properties": {"id": 1608, "object_type": "restriction", "restriction_type": "road"}, "geometry": {"type": "Polygon", "coordinates": [[[37.70866497021626, 55.79484042817826], [37.70866486715304, 55.79484007445729], [37.70857206815271, 55.79453017967489], [37.70851086933723, 55.79432548488011], [37.708510848171684, 55.79432541446603], [37.708505431750396, 55.79430749114336], [37.70845660822122, 55.79413116847133], [37.70845646898584, 55.79413068488781], [37.708392668608695, 55.793917284922486], [37.70839248827176, 55.79391670733552], [37.70823718743506, 55.79343960742006], [37.708096012539166, 55.793454192539265], [37.70825121781709, 55.793931004198754], [37.70831485877321, 55.79414387351704], [37.70836369144279, 55.79432023151415], [37.70836385183645, 55.794320785490136], [37.70836934116637, 55.794338950291035], [37.70843053027724, 55.79454361511227], [37.70852327990048, 55.79485334877004], [37.708570029467985, 55.795018371806144], [37.70857005394956, 55.79501845763127], [37.7086084537125, 55.79515215765211], [37.70875014626466, 55.79513924230694], [37.708711758350354, 55.79500558523262], [37.70866497021626, 55.79484042817826]]]}}, {"type": "Feature", "properties": {"id": 1609, "object_type": "restriction", "restriction_type": "road"}, "geometry": {"type": "Polygon", "coordinates": [[[37.708866203858676, 55.795216057565796], [37.70956000513613, 55.79520715755571], [37.709560694615945, 55.79520714765873], [37.710020395462095, 55.79519984764947], [37.71004516618194, 55.795199446515475], [37.71003783382953, 55.795055753483645], [37.71001316921346, 55.79505615291085], [37.70955385011026, 55.795063446867026], [37.708860924900854, 55.7950723356521], [37.70867745407169, 55.795073831339465], [37.708681145933085, 55.795217568659716], [37.708865146271975, 55.795216068658625], [37.708866203858676, 55.795216057565796]]]}}, {"type": "Feature", "properties": {"id": 1610, "object_type": "restriction", "restriction_type": "road"}, "geometry": {"type": "Polygon", "coordinates": [[[37.716929684569166, 55.79981868885682], [37.71701755653445, 55.79983418391513], [37.71706044342261, 55.79975701608068], [37.71697254350055, 55.7997415160963], [37.71642879085945, 55.79964590683765], [37.71570449454989, 55.79951850750208], [37.715661705407264, 55.79959569249377], [37.716386006050016, 55.799723092622116], [37.716929684569166, 55.79981868885682]]]}}, {"type": "Feature", "properties": {"id": 1611, "object_type": "restriction", "restriction_type": "road"}, "geometry": {"type": "Polygon", "coordinates": [[[37.71389372868826, 55.8020530632608], [37.71380087135344, 55.80201813672183], [37.7134968871586, 55.80227453262308], [37.713629509414346, 55.802275920062115], [37.71389372868826, 55.8020530632608]]]}}, {"type": "Feature", "properties": {"id": 1612, "object_type": "restriction", "restriction_type": "road"}, "geometry": {"type": "Polygon", "coordinates": [[[37.71271867385923, 55.791987748536776], [37.71268067373153, 55.79189184855288], [37.71260897278366, 55.791710946799306], [37.71260860481466, 55.79171007676957], [37.71257072291168, 55.79162583964079], [37.712553433000586, 55.79158440361277], [37.712517199773316, 55.79149776355082], [37.71236101042982, 55.79110414380831], [37.71222912615736, 55.79076080667299], [37.712046977077584, 55.79020726767366], [37.71193722290668, 55.790218732301774], [37.71211952215199, 55.790772732379], [37.71211984981778, 55.79077365147408], [37.71225194935783, 55.791117551530114], [37.71225203100911, 55.791117760647985], [37.71240833048472, 55.791511660714235], [37.71240847349684, 55.7915120116745], [37.71244477017797, 55.791598804027885], [37.712462166924645, 55.791640496370476], [37.7124623952744, 55.79164102319043], [37.712500200199365, 55.79172508966576], [37.7125717265942, 55.79190555229227], [37.7126096530171, 55.79200126694514], [37.71264368373193, 55.79209228198364], [37.71275291625028, 55.792079317992], [37.71271881612784, 55.79198811800646], [37.71271867385923, 55.791987748536776]]]}}, {"type": "Feature", "properties": {"id": 1613, "object_type": "restriction", "restriction_type": "road"}, "geometry": {"type": "Polygon", "coordinates": [[[37.70988544805221, 55.79336551800752], [37.70988075195119, 55.79330268199229], [37.7098006520156, 55.79330458199109], [37.709796212177565, 55.79330478754561], [37.70827921337524, 55.79340948746817], [37.70829278663523, 55.793471912531324], [37.709807575196166, 55.7933673651793], [37.70988544805221, 55.79336551800752]]]}}, {"type": "Feature", "properties": {"id": 1614, "object_type": "restriction", "restriction_type": "road"}, "geometry": {"type": "Polygon", "coordinates": [[[37.707620585536574, 55.791690010357875], [37.70751878501259, 55.79138991041332], [37.70740378428653, 55.79105091008048], [37.70740357583151, 55.79105031947658], [37.707186486419815, 55.79045832396478], [37.70716194359248, 55.79038578446401], [37.70703147826213, 55.78994554158919], [37.70703122937189, 55.78994475022713], [37.706924864450436, 55.789625080232945], [37.70677833657497, 55.7896235390474], [37.706890039177644, 55.789959254748], [37.7070205209351, 55.79039955844086], [37.70702081038665, 55.790400470680574], [37.70704561025864, 55.790473770694064], [37.707045825164414, 55.790474380364664], [37.70726291600982, 55.79106638561832], [37.707377815026355, 55.791405089739946], [37.70747953271785, 55.79170494870037], [37.70750525604953, 55.79178610727246], [37.70764654392536, 55.791771892686796], [37.70762074378225, 55.791690492700845], [37.707620585536574, 55.791690010357875]]]}}, {"type": "Feature", "properties": {"id": 1615, "object_type": "restriction", "restriction_type": "oks"}, "geometry": {"type": "Polygon", "coordinates": [[[37.7077324, 55.79274689999999], [37.7077233, 55.792720999999986], [37.7076809, 55.792725699999984], [37.70769, 55.79275169999999], [37.7077324, 55.79274689999999]]]}}, {"type": "Feature", "properties": {"id": 1616, "object_type": "restriction", "restriction_type": "oks"}, "geometry": {"type": "Polygon", "coordinates": [[[37.7111063, 55.7926972], [37.7105612, 55.79276649999999], [37.7105801, 55.7928135], [37.7111252, 55.7927441], [37.7111063, 55.7926972]]]}}, {"type": "Feature", "properties": {"id": 1617, "object_type": "restriction", "restriction_type": "oks"}, "geometry": {"type": "Polygon", "coordinates": [[[37.7110147, 55.7924948], [37.7106059, 55.79255239999999], [37.7106249, 55.79259499999999], [37.7110337, 55.79253750000001], [37.7110147, 55.7924948]]]}}, {"type": "Feature", "properties": {"id": 1618, "object_type": "restriction", "restriction_type": "oks"}, "geometry": {"type": "Polygon", "coordinates": [[[37.710932, 55.792615999999995], [37.7105202, 55.7926699], [37.7105382, 55.79271339999999], [37.71095, 55.7926595], [37.710932, 55.792615999999995]]]}}, {"type": "Feature", "properties": {"id": 1619, "object_type": "restriction", "restriction_type": "oks"}, "geometry": {"type": "Polygon", "coordinates": [[[37.7093076, 55.799675099999995], [37.7094235, 55.7994526], [37.7093264, 55.79943660000001], [37.7092105, 55.799659199999994], [37.7093076, 55.799675099999995]]]}}, {"type": "Feature", "properties": {"id": 1620, "object_type": "restriction", "restriction_type": "road"}, "geometry": {"type": "Polygon", "coordinates": [[[37.71207978660506, 55.79501553451437], [37.712076686569084, 55.79499023451559], [37.71196531342512, 55.79499456545916], [37.71196838198199, 55.79501960913463], [37.71197445792081, 55.79508465255627], [37.712085942074864, 55.79508134741843], [37.712079841981755, 55.79501604742073], [37.71207978660506, 55.79501553451437]]]}}, {"type": "Feature", "properties": {"id": 1621, "object_type": "restriction", "restriction_type": "road"}, "geometry": {"type": "Polygon", "coordinates": [[[37.71048817351261, 55.795009806254704], [37.710444773205005, 55.794791106272655], [37.71033382678545, 55.794798093702255], [37.71037722647783, 55.795016793720244], [37.71048817351261, 55.795009806254704]]]}}, {"type": "Feature", "properties": {"id": 1622, "object_type": "restriction", "restriction_type": "road"}, "geometry": {"type": "Polygon", "coordinates": [[[37.71049667309198, 55.7950755263372], [37.710488373000324, 55.795011026340475], [37.71037702699357, 55.79501557363431], [37.710385326901914, 55.79508007363759], [37.71049667309198, 55.7950755263372]]]}}, {"type": "Feature", "properties": {"id": 1623, "object_type": "restriction", "restriction_type": "road"}, "geometry": {"type": "Polygon", "coordinates": [[[37.71033389056224, 55.794798401357575], [37.71044470942736, 55.7947907986174], [37.71037490897469, 55.794467898646474], [37.71037484624868, 55.794467618926575], [37.710350846104355, 55.7943643189366], [37.71024015388444, 55.794372481038415], [37.710264121264515, 55.79447564126759], [37.71033389056224, 55.794798401357575]]]}}, {"type": "Feature", "properties": {"id": 1624, "object_type": "restriction", "restriction_type": "road"}, "geometry": {"type": "Polygon", "coordinates": [[[37.710020649676565, 55.79351437162386], [37.70993724943102, 55.79332647165916], [37.70982895054816, 55.793341728316875], [37.70991235030261, 55.79352962835218], [37.710020649676565, 55.79351437162386]]]}}, {"type": "Feature", "properties": {"id": 1625, "object_type": "restriction", "restriction_type": "road"}, "geometry": {"type": "Polygon", "coordinates": [[[37.71005598801378, 55.79360062993464], [37.71002088790022, 55.793514929949524], [37.70991211208043, 55.79352907002631], [37.70994721196686, 55.79361477004119], [37.71005598801378, 55.79360062993464]]]}}, {"type": "Feature", "properties": {"id": 1626, "object_type": "restriction", "restriction_type": "road"}, "geometry": {"type": "Polygon", "coordinates": [[[37.710233683086074, 55.79403361644091], [37.7100559825125, 55.793600616516244], [37.709947217468105, 55.79361478345959], [37.71012491689454, 55.79404778353493], [37.710233683086074, 55.79403361644091]]]}}, {"type": "Feature", "properties": {"id": 1627, "object_type": "restriction", "restriction_type": "road"}, "geometry": {"type": "Polygon", "coordinates": [[[37.708170408012656, 55.793258571924305], [37.708138702918895, 55.793164553863875], [37.70799769705444, 55.79317964609556], [37.708029496889665, 55.79327394611289], [37.70802969412342, 55.79327450916885], [37.70807199392177, 55.79339090919191], [37.70807211835255, 55.79339124436796], [37.70809641824211, 55.79345534438121], [37.70823678172811, 55.79343845557858], [37.708212545093375, 55.79337452303135], [37.708170408012656, 55.793258571924305]]]}}, {"type": "Feature", "properties": {"id": 1628, "object_type": "restriction", "restriction_type": "road"}, "geometry": {"type": "Polygon", "coordinates": [[[37.707999566377914, 55.792752885399594], [37.70798026893317, 55.792700492593724], [37.7079327713506, 55.792571299802894], [37.70779222862045, 55.792587700156794], [37.70783972839696, 55.7927169001827], [37.70785891361047, 55.79276898880298], [37.707997702441524, 55.79317966205314], [37.708138697531744, 55.79316453790629], [37.70799979681377, 55.792753537981966], [37.707999566377914, 55.792752885399594]]]}}, {"type": "Feature", "properties": {"id": 1629, "object_type": "restriction", "restriction_type": "road"}, "geometry": {"type": "Polygon", "coordinates": [[[37.70770272717141, 55.792344095018635], [37.70779222674999, 55.792587695067425], [37.70793277322109, 55.79257130489225], [37.70784327279968, 55.79232770494104], [37.70770272717141, 55.792344095018635]]]}}, {"type": "Feature", "properties": {"id": 1630, "object_type": "restriction", "restriction_type": "road"}, "geometry": {"type": "Polygon", "coordinates": [[[37.707726069296704, 55.792009196974135], [37.70758553067435, 55.79202560298553], [37.70767843023743, 55.7922782030362], [37.70770273770148, 55.79234412362747], [37.707843262269506, 55.79232767633222], [37.707818965950274, 55.79226178663645], [37.707726069296704, 55.792009196974135]]]}}, {"type": "Feature", "properties": {"id": 1631, "object_type": "restriction", "restriction_type": "road"}, "geometry": {"type": "Polygon", "coordinates": [[[37.7079748183395, 55.79177024536268], [37.707954981675876, 55.79170835463642], [37.70766108190204, 55.79173825461395], [37.70766095774853, 55.79173826732625], [37.707565857821635, 55.79174806731889], [37.70758594219394, 55.791809932680195], [37.707680980203314, 55.791800139068485], [37.7079748183395, 55.79177024536268]]]}}, {"type": "Feature", "properties": {"id": 1632, "object_type": "restriction", "restriction_type": "road"}, "geometry": {"type": "Polygon", "coordinates": [[[37.709072486882754, 55.791658528067096], [37.70916328695251, 55.79164912806002], [37.70914311306312, 55.79158727193906], [37.709052379083865, 55.791596665104514], [37.708732245304454, 55.7916293583423], [37.70875215471098, 55.7916912416568], [37.70907235495729, 55.791658541632245], [37.709072486882754, 55.791658528067096]]]}}, {"type": "Feature", "properties": {"id": 1633, "object_type": "restriction", "restriction_type": "road"}, "geometry": {"type": "Polygon", "coordinates": [[[37.70926759106994, 55.79176649296355], [37.709249325079384, 55.79172007954603], [37.70920775813829, 55.79161156624528], [37.70909864184352, 55.7916248337304], [37.7091402416982, 55.79173343374802], [37.70914030897338, 55.79173360700443], [37.70915856154337, 55.79177998665052], [37.70918951574219, 55.791861666096175], [37.7092986842398, 55.79184853387947], [37.709267684130175, 55.79176673389262], [37.70926759106994, 55.79176649296355]]]}}, {"type": "Feature", "properties": {"id": 1634, "object_type": "restriction", "restriction_type": "road"}, "geometry": {"type": "Polygon", "coordinates": [[[37.70989805969949, 55.79324059152082], [37.709867559631654, 55.79318579153363], [37.709821951902946, 55.79310397785925], [37.709715448071655, 55.79312282211754], [37.70976104415402, 55.79320461529058], [37.709791100131355, 55.79325861763944], [37.709829034429525, 55.79334191487528], [37.70993716554917, 55.79332628510083], [37.709898865439804, 55.79324218511703], [37.70989805969949, 55.79324059152082]]]}}, {"type": "Feature", "properties": {"id": 1635, "object_type": "restriction", "restriction_type": "road"}, "geometry": {"type": "Polygon", "coordinates": [[[37.71030843710285, 55.79322399341806], [37.71028416291589, 55.79316260658069], [37.70988896321249, 55.793212206543366], [37.70988890739286, 55.793212213565866], [37.70983260743508, 55.79321931356053], [37.709856992583745, 55.7932806864382], [37.70991326472969, 55.79327358995089], [37.71030843710285, 55.79322399341806]]]}}, {"type": "Feature", "properties": {"id": 1636, "object_type": "restriction", "restriction_type": "road"}, "geometry": {"type": "Polygon", "coordinates": [[[37.71094534677969, 55.793079508607505], [37.710284147275814, 55.79316260854497], [37.71030845274296, 55.793223991453786], [37.71096965323908, 55.793140891391225], [37.71094534677969, 55.793079508607505]]]}}, {"type": "Feature", "properties": {"id": 1637, "object_type": "restriction", "restriction_type": "road"}, "geometry": {"type": "Polygon", "coordinates": [[[37.711352407234806, 55.79306018416521], [37.71138460714818, 55.79312748417882], [37.71149239282955, 55.79311111579742], [37.711460192742926, 55.793043815811046], [37.711352407234806, 55.79306018416521]]]}}, {"type": "Feature", "properties": {"id": 1638, "object_type": "restriction", "restriction_type": "road"}, "geometry": {"type": "Polygon", "coordinates": [[[37.712769031942145, 55.79242361466292], [37.7127878318818, 55.79246921467089], [37.712896568098735, 55.79245498530497], [37.712877768038375, 55.79240938531292], [37.712769031942145, 55.79242361466292]]]}}, {"type": "Feature", "properties": {"id": 1639, "object_type": "restriction", "restriction_type": "road"}, "geometry": {"type": "Polygon", "coordinates": [[[37.71264371106081, 55.792092354648865], [37.71276881061754, 55.792423054701906], [37.71287798936447, 55.79240994527374], [37.712752888921216, 55.7920792453268], [37.71264371106081, 55.792092354648865]]]}}, {"type": "Feature", "properties": {"id": 1640, "object_type": "restriction", "restriction_type": "road"}, "geometry": {"type": "Polygon", "coordinates": [[[37.71362465881047, 55.79232231259744], [37.71362489990959, 55.79232225811155], [37.713662553721754, 55.79231369137042], [37.71398755191953, 55.79224094988307], [37.71415256643337, 55.79220992913358], [37.71411723359333, 55.79215027086386], [37.71395073370716, 55.79218157084063], [37.713947792644376, 55.79218217588035], [37.71362119285201, 55.79225527582694], [37.713620900097524, 55.79225534189119], [37.713583220557204, 55.792263914484195], [37.713142754448896, 55.79236278442028], [37.71307316744195, 55.792378381506545], [37.71311443258866, 55.79243681848999], [37.71318403263288, 55.7924212184786], [37.71362465881047, 55.79232231259744]]]}}, {"type": "Feature", "properties": {"id": 1641, "object_type": "restriction", "restriction_type": "road"}, "geometry": {"type": "Polygon", "coordinates": [[[37.714586647772435, 55.79216379605505], [37.71465522061128, 55.79216663845475], [37.71472017093171, 55.792180050274865], [37.71482403488809, 55.79221441561896], [37.714880565072434, 55.79216018437424], [37.71477236512092, 55.7921243843992], [37.71476793250713, 55.79212306488753], [37.71476330762057, 55.79212197478127], [37.71468630767063, 55.792106074793466], [37.71468137821557, 55.79210520045438], [37.71467632635184, 55.79210458673425], [37.71467119538962, 55.7921042388946], [37.71459399545124, 55.79210103889744], [37.71459230750021, 55.79210098339776], [37.71448130758934, 55.79209828340036], [37.71447577373256, 55.79209830349766], [37.714470270608274, 55.79209863223594], [37.71446485231445, 55.792099266383566], [37.71412085256576, 55.79214966634572], [37.714148947455804, 55.79221053365263], [37.71448485081881, 55.792161319915685], [37.714586647772435, 55.79216379605505]]]}}, {"type": "Feature", "properties": {"id": 1642, "object_type": "restriction", "restriction_type": "road"}, "geometry": {"type": "Polygon", "coordinates": [[[37.71476618415322, 55.79257380586596], [37.7147246831935, 55.79296770582929], [37.714724668196965, 55.79296785149782], [37.71467426697492, 55.793469151452975], [37.71486533304114, 55.79347524847285], [37.71491572449616, 55.792974021267845], [37.71495714866523, 55.79258083189899], [37.71497775431115, 55.7924412686439], [37.714787045711816, 55.792432331282235], [37.71476634537211, 55.79257253126463], [37.71476618415322, 55.79257380586596]]]}}, {"type": "Feature", "properties": {"id": 1643, "object_type": "restriction", "restriction_type": "road"}, "geometry": {"type": "Polygon", "coordinates": [[[37.71464199193028, 55.793884708507264], [37.714626991422605, 55.79409240849322], [37.71462691390797, 55.79409428908306], [37.71462341306973, 55.79443618907629], [37.71481478693293, 55.794436810849234], [37.714818276467525, 55.79409585151844], [37.714833202144455, 55.79388917363126], [37.71486539474871, 55.79347455580368], [37.71467420526396, 55.79346984412204], [37.714642004250805, 55.79388454409225], [37.71464199193028, 55.793884708507264]]]}}, {"type": "Feature", "properties": {"id": 1644, "object_type": "restriction", "restriction_type": "road"}, "geometry": {"type": "Polygon", "coordinates": [[[37.71192767308436, 55.78980276936838], [37.71188859298073, 55.78967718569769], [37.71177489660983, 55.78967599444301], [37.71181768408021, 55.78981349300276], [37.71193704287452, 55.79021815524009], [37.71204715711132, 55.79020784473519], [37.711927756554424, 55.78980304478562], [37.71192767308436, 55.78980276936838]]]}}, {"type": "Feature", "properties": {"id": 1645, "object_type": "restriction", "restriction_type": "road"}, "geometry": {"type": "Polygon", "coordinates": [[[37.70901303990229, 55.79094145881476], [37.70892343951682, 55.79065945885267], [37.70881356046794, 55.7906705411227], [37.70890308723841, 55.7909523118976], [37.70909811950532, 55.791623282134324], [37.70920828048071, 55.7916131178409], [37.70901317955616, 55.790941917923305], [37.70901303990229, 55.79094145881476]]]}}, {"type": "Feature", "properties": {"id": 1646, "object_type": "restriction", "restriction_type": "road"}, "geometry": {"type": "Polygon", "coordinates": [[[37.70884347767496, 55.790399614089395], [37.70873332231107, 55.790409785885885], [37.708761422178014, 55.79050638589776], [37.70876156030172, 55.790506839873125], [37.70881356007796, 55.79067053989512], [37.70892343990681, 55.79065946008024], [37.70887151169613, 55.79049598680494], [37.70884347767496, 55.790399614089395]]]}}, {"type": "Feature", "properties": {"id": 1647, "object_type": "restriction", "restriction_type": "road"}, "geometry": {"type": "Polygon", "coordinates": [[[37.71129344414944, 55.79265772681196], [37.71126774406776, 55.79259592682285], [37.71126769888731, 55.79259581903402], [37.71117889861022, 55.79238561907165], [37.711070301369865, 55.792400180904245], [37.71115907833429, 55.79261032707002], [37.71118471506918, 55.792671975145225], [37.71120337536095, 55.792718176989894], [37.71131222461993, 55.7927042229859], [37.71129352455846, 55.79265792299383], [37.71129344414944, 55.79265772681196]]]}}, {"type": "Feature", "properties": {"id": 1648, "object_type": "restriction", "restriction_type": "road"}, "geometry": {"type": "Polygon", "coordinates": [[[37.707892624394916, 55.798662494603896], [37.70786157558071, 55.79872290539389], [37.70820556176483, 55.798779003145555], [37.708496247901586, 55.798826500884346], [37.70852735207401, 55.7987660991134], [37.70823665227897, 55.79871859915094], [37.707892624394916, 55.798662494603896]]]}}, {"type": "Feature", "properties": {"id": 1649, "object_type": "restriction", "restriction_type": "road"}, "geometry": {"type": "Polygon", "coordinates": [[[37.70914298282069, 55.7990266107729], [37.70910168267866, 55.79911321074907], [37.709240317359175, 55.79913418921203], [37.70928161721713, 55.799047589188184], [37.70914298282069, 55.7990266107729]]]}}, {"type": "Feature", "properties": {"id": 1650, "object_type": "restriction", "restriction_type": "road"}, "geometry": {"type": "Polygon", "coordinates": [[[37.70933710187402, 55.798931120876674], [37.70919849816391, 55.79891007908444], [37.709187398125884, 55.79893327907804], [37.70918737301566, 55.79893333170157], [37.70914297286256, 55.79902663167593], [37.709281627175194, 55.79904756828515], [37.70932601449837, 55.798954294576426], [37.70933710187402, 55.798931120876674]]]}}, {"type": "Feature", "properties": {"id": 1651, "object_type": "restriction", "restriction_type": "road"}, "geometry": {"type": "Polygon", "coordinates": [[[37.709429173820226, 55.798735568597024], [37.70929042621721, 55.798714831364], [37.709227825998624, 55.79884773132782], [37.70919841976411, 55.79891024433709], [37.70933718027328, 55.79893095562393], [37.70936657710733, 55.79886846211871], [37.709429173820226, 55.798735568597024]]]}}, {"type": "Feature", "properties": {"id": 1652, "object_type": "restriction", "restriction_type": "road"}, "geometry": {"type": "Polygon", "coordinates": [[[37.709588822351016, 55.79808064196493], [37.70929042130769, 55.79871484179253], [37.70942917872971, 55.79873555816849], [37.70972757768638, 55.79810135799608], [37.709588822351016, 55.79808064196493]]]}}, {"type": "Feature", "properties": {"id": 1653, "object_type": "restriction", "restriction_type": "road"}, "geometry": {"type": "Polygon", "coordinates": [[[37.70989227609516, 55.79768544243183], [37.7099353756797, 55.797455342404966], [37.70979262433645, 55.797446857553695], [37.70974971583596, 55.79767593295754], [37.70973120001834, 55.79774221521281], [37.7098730000051, 55.7977547847464], [37.70989179988617, 55.797687484735064], [37.70989227609516, 55.79768544243183]]]}}, {"type": "Feature", "properties": {"id": 1654, "object_type": "restriction", "restriction_type": "road"}, "geometry": {"type": "Polygon", "coordinates": [[[37.709823012335754, 55.79728202375342], [37.70979261203785, 55.797446923734434], [37.709935387978064, 55.79745527622419], [37.70996578768016, 55.79729037620522], [37.709823012335754, 55.79728202375342]]]}}, {"type": "Feature", "properties": {"id": 1655, "object_type": "restriction", "restriction_type": "road"}, "geometry": {"type": "Polygon", "coordinates": [[[37.710105967275105, 55.7966195341479], [37.71023141837259, 55.796098433335644], [37.71008918164784, 55.7960875666233], [37.70996368071741, 55.79660886654664], [37.70996358829279, 55.79660926533424], [37.70993738808201, 55.79672686531813], [37.709937307965276, 55.796727238991146], [37.70982310696818, 55.79728153892051], [37.70996569304948, 55.79729086103824], [37.710079853538545, 55.79673674790911], [37.710105967275105, 55.7966195341479]]]}}, {"type": "Feature", "properties": {"id": 1656, "object_type": "restriction", "restriction_type": "oks"}, "geometry": {"type": "Polygon", "coordinates": [[[37.7088654, 55.792410999999994], [37.7088454, 55.792362], [37.7087005, 55.79238079999999], [37.7087206, 55.79242969999999], [37.7088654, 55.792410999999994]]]}}, {"type": "Feature", "properties": {"id": 1657, "object_type": "restriction", "restriction_type": "oks"}, "geometry": {"type": "Polygon", "coordinates": [[[37.7223, 55.7935355], [37.72232540000001, 55.79347589999999], [37.7222161, 55.7934611], [37.7221906, 55.793520699999995], [37.7223, 55.7935355]]]}}, {"type": "Feature", "properties": {"id": 1658, "object_type": "restriction", "restriction_type": "oks"}, "geometry": {"type": "Polygon", "coordinates": [[[37.7041878, 55.799503499999986], [37.7042118, 55.799433099999995], [37.7041084, 55.799421900000006], [37.7040843, 55.7994924], [37.7041878, 55.799503499999986]]]}}, {"type": "Feature", "properties": {"id": 1659, "object_type": "restriction", "restriction_type": "oks"}, "geometry": {"type": "Polygon", "coordinates": [[[37.7042074, 55.790472499999986], [37.7041612, 55.79039699999999], [37.7040281, 55.790419799999995], [37.7040823, 55.7904937], [37.7042074, 55.790472499999986]]]}}, {"type": "Feature", "properties": {"id": 1660, "object_type": "restriction", "restriction_type": "tram_tracks"}, "geometry": {"type": "Polygon", "coordinates": [[[37.703916106219786, 55.793526885283335], [37.70391425107782, 55.79358274184193], [37.70408492842594, 55.79342912723998], [37.70412392825175, 55.793394027379414], [37.70408067175674, 55.793378772616805], [37.704041671745124, 55.79341387260993], [37.703916106219786, 55.793526885283335]]]}}, {"type": "Feature", "properties": {"id": 1661, "object_type": "restriction", "restriction_type": "tram_tracks"}, "geometry": {"type": "Polygon", "coordinates": [[[37.703986335658, 55.7934567207405], [37.70405944762411, 55.79339070991459], [37.70405949333142, 55.79339066849029], [37.704115990195625, 55.7933392713173], [37.7041773859241, 55.793283475171336], [37.70424948479669, 55.79321797616281], [37.70429898893773, 55.79317297237699], [37.70436278889908, 55.793114972383115], [37.70444888696955, 55.79303667409901], [37.70457308295312, 55.7929238776904], [37.70457418637733, 55.792922768926594], [37.70457511163138, 55.79292160958131], [37.70457585148058, 55.79292040871961], [37.70459475146031, 55.79288470871579], [37.70459538889699, 55.79288321885089], [37.70459574118393, 55.79288169922129], [37.704600940642074, 55.79284350301904], [37.70460534010084, 55.79281140681506], [37.70460539991281, 55.792810807905646], [37.704614699816155, 55.792662607903274], [37.704620599949024, 55.79256800479166], [37.70456960005173, 55.79256699520305], [37.70456370008696, 55.792661593647274], [37.704554418901964, 55.79280949228275], [37.70455005987991, 55.792841293178675], [37.7045450677168, 55.79287796617651], [37.704527921888044, 55.792910352704055], [37.70440551701745, 55.79302152228386], [37.70431941006873, 55.79309982855912], [37.70425561108986, 55.79315782760179], [37.70420611313694, 55.793202825718325], [37.704134015189766, 55.79326832382065], [37.70407261293278, 55.79332412584353], [37.70401612946846, 55.79337551077182], [37.70394305835327, 55.79344148465975], [37.70391819859821, 55.79346388552408], [37.703916341824666, 55.793519791430526], [37.703986335658, 55.7934567207405]]]}}, {"type": "Feature", "properties": {"id": 1662, "object_type": "restriction", "restriction_type": "tram_tracks"}, "geometry": {"type": "Polygon", "coordinates": [[[37.70435182233401, 55.79235314104192], [37.704378577657565, 55.79232865895655], [37.703960714652325, 55.7921837083881], [37.7039596061559, 55.79221708702114], [37.70435182233401, 55.79235314104192]]]}}, {"type": "Feature", "properties": {"id": 1663, "object_type": "restriction", "restriction_type": "tram_tracks"}, "geometry": {"type": "Polygon", "coordinates": [[[37.70406457215971, 55.793412844807484], [37.70406432899894, 55.79341414439603], [37.704064296326024, 55.793415451055154], [37.704067996282646, 55.793481851055716], [37.704068261112425, 55.793483513909244], [37.70418120495401, 55.79391150746028], [37.70417253680758, 55.79394458785601], [37.704124083898705, 55.79400034184916], [37.704065064549866, 55.794047352511924], [37.703965591849986, 55.7940800260236], [37.70389766833103, 55.79408202379165], [37.703896711185045, 55.79411084155819], [37.703974430369705, 55.794108555679266], [37.70397684503676, 55.79410841956009], [37.70397922583118, 55.794108154829686], [37.70398155121944, 55.79410776388245], [37.703983800169155, 55.79410725025439], [37.703985952339316, 55.794106618591094], [37.704095552362695, 55.794070618579816], [37.704097829648404, 55.794069775689884], [37.704099934409456, 55.794068800801476], [37.70410184264509, 55.7940677050313], [37.704103532595546, 55.794066500874536], [37.7041669325824, 55.794016000863806], [37.704168045427714, 55.79401503452386], [37.704169017362936, 55.794014021089446], [37.70422011733698, 55.793955221079834], [37.70422114870643, 55.793953861343226], [37.704221926679516, 55.79395244911169], [37.70422244302468, 55.79395099932777], [37.704232243001066, 55.79391359932566], [37.70423248654406, 55.79391219708988], [37.7042324852588, 55.793910788157746], [37.70423223915765, 55.79390938606372], [37.70411895714493, 55.79348011317294], [37.70411541356795, 55.793416521079415], [37.7041270761886, 55.793389836963335], [37.70407752381584, 55.793382963031675], [37.70406502379886, 55.793411563029075], [37.70406457215971, 55.793412844807484]]]}}, {"type": "Feature", "properties": {"id": 1664, "object_type": "restriction", "restriction_type": "tram_tracks"}, "geometry": {"type": "Polygon", "coordinates": [[[37.70422484751169, 55.792467449777334], [37.70425155247989, 55.792442950221165], [37.70395550683804, 55.79234052354624], [37.703954399089625, 55.792373879324316], [37.70422484751169, 55.792467449777334]]]}}, {"type": "Feature", "properties": {"id": 1665, "object_type": "restriction", "restriction_type": "road"}, "geometry": {"type": "Polygon", "coordinates": [[[37.717189359802774, 55.796838056060864], [37.718488960973104, 55.79705555628122], [37.71852983898576, 55.79697804371495], [37.717230240156084, 55.796760543935314], [37.717189359802774, 55.796838056060864]]]}}, {"type": "Feature", "properties": {"id": 1666, "object_type": "restriction", "restriction_type": "oks"}, "geometry": {"type": "Polygon", "coordinates": [[[37.7115057, 55.7977145], [37.7114381, 55.797846], [37.7118136, 55.79790699999999], [37.7119335, 55.79767369999999], [37.7119028, 55.79766870000001], [37.7120135, 55.7974535], [37.7117764, 55.7974149], [37.7117164, 55.79753149999999], [37.7116649, 55.79763169999999], [37.7116852, 55.79763499999999], [37.7116537, 55.7976962], [37.7116336, 55.7977353], [37.7115057, 55.7977145]]]}}, {"type": "Feature", "properties": {"id": 1667, "object_type": "restriction", "restriction_type": "oks"}, "geometry": {"type": "Polygon", "coordinates": [[[37.7114886, 55.79832669999999], [37.7115352, 55.79823929999999], [37.712072, 55.79832969999999], [37.712169300000006, 55.7981473], [37.7113184, 55.798003900000005], [37.7111715, 55.7982794], [37.7114886, 55.79832669999999]]]}}, {"type": "Feature", "properties": {"id": 1668, "object_type": "restriction", "restriction_type": "oks"}, "geometry": {"type": "Polygon", "coordinates": [[[37.71264, 55.79710330000001], [37.7125255, 55.7973227], [37.7124891, 55.79739239999999], [37.7125186, 55.79739729999999], [37.7124836, 55.797464399999996], [37.712454, 55.797459599999996], [37.7123806, 55.7976002], [37.7124098, 55.797605000000004], [37.712374, 55.7976736], [37.7123809, 55.79767469999999], [37.7122814, 55.7978653], [37.7125312, 55.797906499999996], [37.7126322, 55.79771289999999], [37.7126254, 55.7977118], [37.7126605, 55.7976446], [37.7126297, 55.79763959999999], [37.7127023, 55.79750049999999], [37.7127321, 55.797505400000006], [37.7127671, 55.7974382], [37.7127373, 55.7974333], [37.7129018, 55.79711809999999], [37.7126536, 55.79707719999998], [37.71264, 55.79710330000001]]]}}, {"type": "Feature", "properties": {"id": 1669, "object_type": "restriction", "restriction_type": "oks"}, "geometry": {"type": "Polygon", "coordinates": [[[37.7132799, 55.79762509999998], [37.7131935, 55.797794399999994], [37.7132332, 55.797800800000005], [37.7132023, 55.7978613], [37.7132401, 55.797867399999994], [37.7131689, 55.798007], [37.712731700000006, 55.797936499999985], [37.7126633, 55.79807069999998], [37.7133498, 55.7981813], [37.71348940000001, 55.797907800000004], [37.7134516, 55.7979017], [37.7134825, 55.797840900000004], [37.7134428, 55.797834499999986], [37.7135287, 55.7976662], [37.7134844, 55.797659], [37.713534200000005, 55.797561400000006], [37.7132859, 55.797521399999994], [37.7132365, 55.797618099999994], [37.7132799, 55.79762509999998]]]}}, {"type": "Feature", "properties": {"id": 1670, "object_type": "restriction", "restriction_type": "oks"}, "geometry": {"type": "Polygon", "coordinates": [[[37.7129436, 55.79667119999999], [37.713512300000005, 55.79676359999999], [37.713307, 55.797162699999994], [37.7132967, 55.797182799999995], [37.7132442, 55.79728480000001], [37.7134954, 55.79732559999999], [37.7135375, 55.79724379999999], [37.71383540000001, 55.7966648], [37.7136524, 55.796635099999996], [37.7133336, 55.7965832], [37.712891, 55.79651119999998], [37.7127658, 55.7964909], [37.7127264, 55.7965676], [37.7126145, 55.7967849], [37.7125705, 55.79687059999999], [37.712708, 55.7968929], [37.7128351, 55.796913599999996], [37.7129026, 55.79675089999999], [37.7129436, 55.79667119999999]]]}}, {"type": "Feature", "properties": {"id": 1671, "object_type": "restriction", "restriction_type": "oks"}, "geometry": {"type": "Polygon", "coordinates": [[[37.7108534, 55.79712299999999], [37.7106382, 55.7970861], [37.7105154, 55.79731259999999], [37.71034670000001, 55.79728370000001], [37.710264, 55.797436399999995], [37.7104966, 55.797476200000006], [37.7104058, 55.7976437], [37.7111499, 55.79777109999999], [37.7112596, 55.79756869999999], [37.7108329, 55.7974957], [37.7108534, 55.79712299999999]]]}}, {"type": "Feature", "properties": {"id": 1672, "object_type": "restriction", "restriction_type": "oks"}, "geometry": {"type": "Polygon", "coordinates": [[[37.7112946, 55.7967636], [37.7110407, 55.79671350000001], [37.7111779, 55.79649160000001], [37.7111505, 55.79648509999999], [37.7111523, 55.7964577], [37.711332, 55.79645819999999], [37.7114222, 55.7964796], [37.7114559, 55.79647959999999], [37.7114674, 55.7964692], [37.7117639, 55.7964697], [37.7120303, 55.79658059999999], [37.7119896, 55.7966239], [37.7122189, 55.79669260000001], [37.7123994, 55.796501499999984], [37.711867500000004, 55.79634229999999], [37.7118161, 55.7963204], [37.7109011, 55.7963193], [37.7108934, 55.79632079999999], [37.7108892, 55.796323099999995], [37.7108874, 55.7963276], [37.7108761, 55.796445999999996], [37.7108801, 55.796452], [37.7108881, 55.796456], [37.7108996, 55.7964572], [37.7109177, 55.7964577], [37.7107885, 55.7966662], [37.7107818, 55.79666749999999], [37.7107743, 55.7966707], [37.7107695, 55.7966752], [37.7106898, 55.79680749999999], [37.7106889, 55.796814499999996], [37.7106942, 55.796820999999994], [37.710704, 55.796825199999994], [37.7111138, 55.7969483], [37.7112946, 55.7967636]]]}}, {"type": "Feature", "properties": {"id": 1673, "object_type": "restriction", "restriction_type": "oks"}, "geometry": {"type": "Polygon", "coordinates": [[[37.7105863, 55.79788740000001], [37.71015100000001, 55.798787999999995], [37.7106911, 55.7988705], [37.7107038, 55.79884439999999], [37.7111615, 55.7989143], [37.7111845, 55.798866700000005], [37.7115879, 55.798928299999986], [37.7119853, 55.79898899999999], [37.711999, 55.7989607], [37.7124583, 55.7990308], [37.71247210000001, 55.7990022], [37.7130096, 55.7990843], [37.7133392, 55.79840240000001], [37.7129659, 55.7983454], [37.7127067, 55.79888169999999], [37.7125396, 55.798856199999996], [37.7125273, 55.7988816], [37.7120709, 55.7988119], [37.7120571, 55.79884049999999], [37.71166920000001, 55.79878119999999], [37.71125630000001, 55.7987182], [37.7112339, 55.79876449999999], [37.710773, 55.79869409999999], [37.710752, 55.7987375], [37.7105889, 55.7987126], [37.7109602, 55.797944499999986], [37.7105863, 55.79788740000001]]]}}, {"type": "Feature", "properties": {"id": 1674, "object_type": "restriction", "restriction_type": "oks"}, "geometry": {"type": "Polygon", "coordinates": [[[37.7118906, 55.79695769999999], [37.7118865, 55.79696719999998], [37.7118912, 55.7969756], [37.7119022, 55.79698309999999], [37.7119175, 55.79698839999999], [37.7118953, 55.796985199999995], [37.7118471, 55.797075500000005], [37.7118719, 55.79708020000001], [37.7117807, 55.7972568], [37.7118042, 55.7972608], [37.7117798, 55.7973081], [37.7117798, 55.7973153], [37.7117845, 55.797321800000006], [37.7117922, 55.79732709999999], [37.7118028, 55.7973312], [37.7119825, 55.797361300000006], [37.7119961, 55.7973615], [37.7120085, 55.79735939999999], [37.7120194, 55.79735599999999], [37.7120277, 55.79735110000001], [37.7120547, 55.7973016], [37.7120308, 55.79729789999999], [37.7120488, 55.797262999999994], [37.7121224, 55.79712120000001], [37.7120994, 55.79711729999999], [37.7121166, 55.79708399999999], [37.7121467, 55.79702569999999], [37.7120879, 55.7970158], [37.7121016, 55.797015899999984], [37.7121143, 55.79701480000001], [37.7121256, 55.79701109999999], [37.7121343, 55.7970058], [37.7121832, 55.796911699999995], [37.71221030000001, 55.7968596], [37.7122117, 55.7968512], [37.7122074, 55.7968433], [37.7121977, 55.7968369], [37.7121857, 55.796831899999994], [37.7120131, 55.79680329999999], [37.7119978, 55.7968021], [37.7119827, 55.796804], [37.7119709, 55.79680880000001], [37.7119626, 55.796816199999995], [37.7118906, 55.79695769999999]]]}}, {"type": "Feature", "properties": {"id": 1675, "object_type": "restriction", "restriction_type": "road"}, "geometry": {"type": "Polygon", "coordinates": [[[37.71630423078167, 55.79001046526914], [37.71623005531286, 55.79024298661439], [37.71612547958515, 55.790565409385145], [37.7161253482487, 55.79056582343999], [37.716062747777464, 55.79076772339001], [37.716062537907824, 55.79076842775539], [37.71598831490433, 55.79102805623032], [37.715850796366404, 55.79147968511495], [37.71585077551083, 55.791479753873475], [37.715825418508025, 55.79156367991165], [37.71581081899326, 55.791607284772354], [37.715797113847714, 55.791641013473544], [37.715775502952944, 55.791674887571105], [37.715747003300756, 55.79170841648462], [37.71591959680292, 55.7917549834552], [37.715950196742234, 55.79171898343356], [37.71595394203632, 55.791713934053085], [37.71597914195752, 55.79167443403437], [37.715982368927804, 55.79166822966091], [37.715997768842335, 55.79163032964888], [37.715998523470574, 55.79162829245593], [37.71601362336614, 55.79158319244396], [37.71601392473145, 55.79158224607475], [37.716039414146024, 55.79149788043675], [37.71617700262213, 55.79104601470291], [37.716177162745744, 55.791045472231914], [37.71625136134261, 55.790785924746665], [37.71631378756342, 55.7905845836599], [37.71641831971334, 55.790262290459786], [37.71641836935718, 55.79026213612743], [37.71649256881582, 55.79002953606833], [37.71658536904157, 55.78973853316315], [37.716585435163125, 55.78973832343787], [37.71658916870475, 55.789726343939485], [37.716395482689094, 55.789724321938635], [37.71630423078167, 55.79001046526914]]]}}, {"type": "Feature", "properties": {"id": 1676, "object_type": "restriction", "restriction_type": "road"}, "geometry": {"type": "Polygon", "coordinates": [[[37.71578315971818, 55.791631866979344], [37.71578548907795, 55.79162726377256], [37.71581488892176, 55.79155756374969], [37.71581580566331, 55.79155514496617], [37.715822605616566, 55.791534944960766], [37.71582285182563, 55.79153418377065], [37.71596615064766, 55.79107238397907], [37.71611044738748, 55.790607390872616], [37.71616004494221, 55.79044779750299], [37.71616011410907, 55.79044757212584], [37.7162917121035, 55.790013275286995], [37.71637938301849, 55.789724153851076], [37.71618586904094, 55.789722133316], [37.71610308892762, 55.789995121388664], [37.71597152009556, 55.79042931507196], [37.71592195473135, 55.79058880238538], [37.7157776495033, 55.7910538156104], [37.71563446647856, 55.79151523506464], [37.71562820350586, 55.79153383964522], [37.71560128115599, 55.791597665406336], [37.71556268522325, 55.79164756428325], [37.715738114874334, 55.791690635654575], [37.71578011477638, 55.791636335624325], [37.71578315971818, 55.791631866979344]]]}}, {"type": "Feature", "properties": {"id": 1677, "object_type": "restriction", "restriction_type": "tram_tracks"}, "geometry": {"type": "Polygon", "coordinates": [[[37.72471476268698, 55.79766400597083], [37.72471394219058, 55.79766386688652], [37.72445807602824, 55.79762312005231], [37.72303280754479, 55.79737237838306], [37.72303263301578, 55.7973723480634], [37.71839196153405, 55.79657628730137], [37.7175657875081, 55.79642502867932], [37.71756518862971, 55.79642492359874], [37.71694292291894, 55.796320446150276], [37.71492968167968, 55.79596881362896], [37.71489598700796, 55.795961488700605], [37.714877612985674, 55.79598831129864], [37.714912112995684, 55.79599581130124], [37.71491374279346, 55.79599613038188], [37.71692794343032, 55.796347930508006], [37.71692821116598, 55.79634797636314], [37.717550310779394, 55.7964524259338], [37.718376412743666, 55.79660367137404], [37.71837686550349, 55.79660375165013], [37.723017679616795, 55.79739983695194], [37.72444319289957, 55.79765062170623], [37.72444385772129, 55.797650733098244], [37.72469964548334, 55.79769146745115], [37.72570493762257, 55.79787229409323], [37.725705377244076, 55.79787237071432], [37.726102704181244, 55.797939414418146], [37.72610367870179, 55.79790956620947], [37.72572024317445, 55.7978448664792], [37.72471476268698, 55.79766400597083]]]}}, {"type": "Feature", "properties": {"id": 1678, "object_type": "restriction", "restriction_type": "oks"}, "geometry": {"type": "Polygon", "coordinates": [[[37.7187326, 55.797379199999995], [37.7187263, 55.7973914], [37.7188177, 55.79740640000001], [37.7188232, 55.7973957], [37.7189142, 55.7974106], [37.7189442, 55.7973526], [37.7189745, 55.797357599999984], [37.719029, 55.79725270000001], [37.7190728, 55.7972614], [37.7191304, 55.797156699999995], [37.7191952, 55.797168], [37.7192152, 55.797129999999996], [37.7190239, 55.79709809999999], [37.7189971, 55.79714909999999], [37.7188225, 55.7971201], [37.7187789, 55.79720289999999], [37.7187317, 55.797195499999994], [37.7187027, 55.79725150000001], [37.7186716, 55.7972464], [37.718643, 55.797301799999985], [37.718607, 55.79729590000001], [37.7185771, 55.79735380000001], [37.7187326, 55.797379199999995]]]}}, {"type": "Feature", "properties": {"id": 1679, "object_type": "restriction", "restriction_type": "oks"}, "geometry": {"type": "Polygon", "coordinates": [[[37.7164034, 55.7955218], [37.7163921, 55.795545800000006], [37.7162704, 55.79552759999999], [37.7162491, 55.7956142], [37.716242300000005, 55.795641999999994], [37.7169316, 55.795752799999995], [37.7169449, 55.7957285], [37.7169953, 55.7956363], [37.7166125, 55.795578899999995], [37.7166239, 55.795554800000005], [37.7165033, 55.79553570000001], [37.7165472, 55.79531529999999], [37.7164457, 55.7953089], [37.7164034, 55.7955218]]]}}, {"type": "Feature", "properties": {"id": 1680, "object_type": "restriction", "restriction_type": "oks"}, "geometry": {"type": "Polygon", "coordinates": [[[37.7172623, 55.79134129999999], [37.7172993, 55.7912445], [37.71754010000001, 55.7912764], [37.7175765, 55.7912639], [37.7175693, 55.7912393], [37.7176, 55.7912219], [37.7175897, 55.79120129999999], [37.717615, 55.791185799999994], [37.7176048, 55.7911657], [37.717537, 55.7911548], [37.7173439, 55.79112750000001], [37.7173479, 55.7911169], [37.7171295, 55.791090499999996], [37.7170867, 55.79120259999999], [37.7170439, 55.79131499999999], [37.7172623, 55.79134129999999]]]}}, {"type": "Feature", "properties": {"id": 1681, "object_type": "restriction", "restriction_type": "park"}, "geometry": {"type": "Polygon", "coordinates": [[[37.7243417, 55.794080099999995], [37.7257875, 55.7943093], [37.7259967, 55.793823799999984], [37.7259216, 55.79372430000001], [37.7246234, 55.793511699999996], [37.7243417, 55.794080099999995]]]}}, {"type": "Feature", "properties": {"id": 1682, "object_type": "restriction", "restriction_type": "tram_tracks"}, "geometry": {"type": "Polygon", "coordinates": [[[37.70400084268389, 55.793421290739715], [37.70400654265658, 55.79337909073839], [37.70400661053887, 55.79337769685353], [37.70400643838844, 55.79337630582107], [37.70399813836316, 55.79333690582266], [37.703997736711386, 55.79333555379207], [37.70399710829252, 55.79333422946284], [37.70399625882125, 55.79333294487798], [37.703952358792606, 55.79327514488617], [37.70395113151493, 55.79327374463948], [37.70394964187155, 55.793272427656824], [37.703947907442554, 55.79327120948061], [37.70394594869686, 55.79327010448718], [37.70392498671737, 55.793259499220255], [37.70392331008663, 55.793309981838505], [37.70394789490882, 55.79334235092731], [37.703955468877155, 55.793378304574034], [37.70395008303725, 55.793418178494115], [37.70393972134176, 55.79344616470679], [37.70398967866207, 55.793452035288155], [37.704000378644444, 55.79342313528592], [37.70400084268389, 55.793421290739715]]]}}, {"type": "Feature", "properties": {"id": 1683, "object_type": "restriction", "restriction_type": "tram_tracks"}, "geometry": {"type": "Polygon", "coordinates": [[[37.70395040867037, 55.79327306609492], [37.703925273019024, 55.793250878786495], [37.7039242234276, 55.79328248156127], [37.70395040867037, 55.79327306609492]]]}}, {"type": "Feature", "properties": {"id": 1684, "object_type": "restriction", "restriction_type": "tram_tracks"}, "geometry": {"type": "Polygon", "coordinates": [[[37.70406770890481, 55.79334175651553], [37.70406756703058, 55.79334054793139], [37.70405796699852, 55.79329074793321], [37.70405765651076, 55.793289583753634], [37.70405717797773, 55.79328843779098], [37.704056534608775, 55.79328731773083], [37.704016134575916, 55.793225717738494], [37.70401516128169, 55.79322443023512], [37.704013970390434, 55.79322320214844], [37.704012573187896, 55.79322204511663], [37.70401098291493, 55.79322097010453], [37.70400921464209, 55.793219987299715], [37.70397271464393, 55.79320158730473], [37.70397097707446, 55.793200786067985], [37.703969121201766, 55.79320007399337], [37.703927442639916, 55.79318555217526], [37.70392633277064, 55.79321897002824], [37.70394036353483, 55.79322385868436], [37.703970462102475, 55.79323903166528], [37.70400757322568, 55.793295616992744], [37.70401660022379, 55.793342444702716], [37.704012330292514, 55.79338223245547], [37.704063269708705, 55.79338396753928], [37.704067669682075, 55.79334296753823], [37.70406770890481, 55.79334175651553]]]}}, {"type": "Feature", "properties": {"id": 1685, "object_type": "restriction", "restriction_type": "tram_tracks"}, "geometry": {"type": "Polygon", "coordinates": [[[37.70398661402792, 55.79319488321913], [37.703985479134, 55.793193975300454], [37.70393247912525, 55.79315487530908], [37.70393101188007, 55.7931538879017], [37.70392939367671, 55.793152978430285], [37.70392853781329, 55.79315257674245], [37.70392702191765, 55.79319822001314], [37.703943721880826, 55.79321054016926], [37.703969778841724, 55.79323756221818], [37.704014621150435, 55.7932238377777], [37.70398762113894, 55.793195837782534], [37.70398661402792, 55.79319488321913]]]}}, {"type": "Feature", "properties": {"id": 1686, "object_type": "restriction", "restriction_type": "tram_tracks"}, "geometry": {"type": "Polygon", "coordinates": [[[37.70413250857005, 55.79329641871067], [37.7041326146691, 55.79329494463588], [37.70413181464183, 55.79325324463592], [37.704131667550776, 55.793251850930915], [37.704123067522005, 55.79320715093254], [37.70412259349739, 55.793205543808774], [37.70412179974232, 55.79320397722296], [37.70412069645175, 55.793202471296254], [37.70408519643271, 55.793160871302746], [37.704084099926945, 55.79315972288587], [37.704082823209525, 55.79315863517435], [37.704081376786384, 55.79315761711882], [37.70407977255997, 55.793156677096746], [37.704049872560624, 55.79314067710102], [37.704047888753934, 55.793139719447744], [37.70404574153593, 55.79313888109279], [37.7039303309793, 55.793098584754546], [37.70392922049715, 55.793132021244666], [37.70401662910066, 55.79316254051368], [37.70404123241206, 55.79317570616887], [37.70407280471001, 55.7932127035914], [37.7040807987651, 55.793254254225765], [37.70408155691818, 55.79329377430277], [37.704069265120594, 55.79332892109579], [37.704119334883046, 55.79333447889914], [37.70413213486056, 55.793297878896425], [37.70413250857005, 55.79329641871067]]]}}, {"type": "Feature", "properties": {"id": 1687, "object_type": "restriction", "restriction_type": "tram_tracks"}, "geometry": {"type": "Polygon", "coordinates": [[[37.70404672772654, 55.79312050872081], [37.70404539368326, 55.793119468669936], [37.704003593677406, 55.79308976867666], [37.70400166684152, 55.79308854887577], [37.70399950689416, 55.793087460052135], [37.703997141704534, 55.79308651625451], [37.70393150085484, 55.7930633598592], [37.70393038730308, 55.79309688885], [37.70396633539051, 55.79310957040361], [37.704003986955136, 55.79313632284008], [37.70403970814579, 55.79317388835294], [37.70408469184644, 55.79316031164287], [37.70404789183033, 55.7931216116495], [37.70404672772654, 55.79312050872081]]]}}, {"type": "Feature", "properties": {"id": 1688, "object_type": "restriction", "restriction_type": "tram_tracks"}, "geometry": {"type": "Polygon", "coordinates": [[[37.70419460872298, 55.79320472902141], [37.7041948035972, 55.79320334995019], [37.70419476226655, 55.79320196671172], [37.70419448511386, 55.793200592117046], [37.70418348508986, 55.79316249211918], [37.704182989800984, 55.79316117139326], [37.70418227680208, 55.79315988266372], [37.704161276784625, 55.79312738266773], [37.70416035498465, 55.79312614041031], [37.70413535497091, 55.7930964404149], [37.70413417874884, 55.793095203001414], [37.70413279392054, 55.793094036115754], [37.70413121368989, 55.79309295088379], [37.70412945312385, 55.79309195765282], [37.7041275290088, 55.793091065892966], [37.70405832901767, 55.79306206590155], [37.704056214041096, 55.79306126866504], [37.70393295212056, 55.79301966221072], [37.7039318513487, 55.79305280649125], [37.70402889313605, 55.79308556246018], [37.70409196941894, 55.793111996169145], [37.704113732419614, 55.793137850630245], [37.704133500857374, 55.79316844467076], [37.70414351915497, 55.793203144488935], [37.70413659125879, 55.79323357097176], [37.704136478252266, 55.79323416478367], [37.70413027822612, 55.79327466478228], [37.70418112177558, 55.79327713521246], [37.70418727619616, 55.79323693277843], [37.70419460872298, 55.79320472902141]]]}}, {"type": "Feature", "properties": {"id": 1689, "object_type": "restriction", "restriction_type": "tram_tracks"}, "geometry": {"type": "Polygon", "coordinates": [[[37.704096273839994, 55.793060132502305], [37.704067073833514, 55.79303673250717], [37.704065573674555, 55.793035645043446], [37.70406389567917, 55.79303464345157], [37.704062055250176, 55.793033736925416], [37.70401975525453, 55.79301483693087], [37.70401706960465, 55.7930137874797], [37.70393408291045, 55.792985614013844], [37.70393298052977, 55.793018806807474], [37.70398932778659, 55.79303793634539], [37.70402745057574, 55.79305496993574], [37.704054037486415, 55.793076275893014], [37.70409049613328, 55.79311006685116], [37.704134103858415, 55.79309513314489], [37.70409720384617, 55.79306093315135], [37.704096273839994, 55.793060132502305]]]}}, {"type": "Feature", "properties": {"id": 1690, "object_type": "restriction", "restriction_type": "tram_tracks"}, "geometry": {"type": "Polygon", "coordinates": [[[37.704260198108884, 55.79318373953134], [37.70426259439077, 55.79314779495093], [37.704265089916966, 55.79311675035286], [37.70426506328836, 55.793115176095625], [37.704264731255215, 55.793113612919676], [37.70426409779994, 55.79311207957357], [37.70426317052021, 55.79311059444815], [37.70424227050588, 55.793082194452055], [37.70424195617071, 55.793081785363924], [37.70421695615576, 55.79305058536855], [37.70421599866913, 55.793049512355054], [37.704214885543884, 55.79304848811342], [37.70418688553673, 55.79302498811818], [37.704185259681395, 55.79302376871702], [37.704183413669035, 55.79302265322008], [37.70418136827774, 55.79302165418298], [37.70417914652974, 55.79302078285054], [37.7039357389298, 55.792935750973065], [37.703934628304566, 55.79296919211616], [37.70414757955403, 55.793043584375134], [37.70417132323101, 55.79306351211218], [37.7041952810249, 55.79309341146051], [37.70421385297828, 55.79311864801316], [37.70421161006371, 55.793146549641236], [37.704211601915375, 55.793146660463954], [37.704209251935026, 55.79318190982458], [37.70420254055511, 55.79320836621084], [37.7042530594476, 55.793212433784014], [37.7042599594304, 55.79318523378248], [37.704260198108884, 55.79318373953134]]]}}, {"type": "Feature", "properties": {"id": 1691, "object_type": "restriction", "restriction_type": "tram_tracks"}, "geometry": {"type": "Polygon", "coordinates": [[[37.70418581585427, 55.79301621362609], [37.704131615840225, 55.792970513635325], [37.704130006908045, 55.79296930058977], [37.70412818040246, 55.79296818962805], [37.70412615659182, 55.792967193078226], [37.704105356594056, 55.7929579930809], [37.70410299125594, 55.792957063603815], [37.70393694662775, 55.79289938687083], [37.703935837680525, 55.79293277756592], [37.70407497937497, 55.792981109369194], [37.70409144398042, 55.79298839179248], [37.70414253712287, 55.79303147219099], [37.704170947070146, 55.79306300627597], [37.70421645292231, 55.79304999371978], [37.704187352908164, 55.79301769372505], [37.70418581585427, 55.79301621362609]]]}}, {"type": "Feature", "properties": {"id": 1692, "object_type": "restriction", "restriction_type": "tram_tracks"}, "geometry": {"type": "Polygon", "coordinates": [[[37.70431702510347, 55.79313850677662], [37.704317338958205, 55.79313711664938], [37.70432123893995, 55.79310891664849], [37.70432131115674, 55.79310751884529], [37.70432031113791, 55.7930787188454], [37.70432024965045, 55.793077963856156], [37.704315349625645, 55.79303976385707], [37.704315085926574, 55.793038495295185], [37.704314623404215, 55.793037244927206], [37.70431396570985, 55.79303602262377], [37.704313118035465, 55.793034838034], [37.70428261801751, 55.79299713803964], [37.70428160787302, 55.79299602120275], [37.704280428876096, 55.792994958187904], [37.70427908999098, 55.79299395707746], [37.70424748998734, 55.79297235708247], [37.704245624737716, 55.79297121395332], [37.70424355152079, 55.792970190835064], [37.7042412945255, 55.79296929966478], [37.70393815914247, 55.79286287765057], [37.70393704705426, 55.79289636299851], [37.70421076398469, 55.79299245702993], [37.704237574500894, 55.79301078321171], [37.70426478078058, 55.79304441198283], [37.70426930198481, 55.79307965909938], [37.704270264541606, 55.79310738125718], [37.704266654951105, 55.79313348125069], [37.704252727496986, 55.793161526909486], [37.70430187250796, 55.79316927308561], [37.704316472490994, 55.79313987308262], [37.70431702510347, 55.79313850677662]]]}}, {"type": "Feature", "properties": {"id": 1693, "object_type": "restriction", "restriction_type": "tram_tracks"}, "geometry": {"type": "Polygon", "coordinates": [[[37.704233777263184, 55.79294952844134], [37.70419827725797, 55.792924028447075], [37.704196981925655, 55.79292316958528], [37.70419557114601, 55.792922370533695], [37.70416807114689, 55.79290797053757], [37.70416621568062, 55.79290708783601], [37.70416421966719, 55.79290630851038], [37.703939345461286, 55.79282715711582], [37.703938232602674, 55.7928606657368], [37.704135113716895, 55.79292996408514], [37.704159360163274, 55.79294266040907], [37.70419249861366, 55.79296646409348], [37.7042372894707, 55.793010274867484], [37.70428151052121, 55.792995925128494], [37.70423581050403, 55.79295122513657], [37.704233777263184, 55.79294952844134]]]}}, {"type": "Feature", "properties": {"id": 1694, "object_type": "restriction", "restriction_type": "tram_tracks"}, "geometry": {"type": "Polygon", "coordinates": [[[37.70437044372849, 55.79297798767897], [37.70434364370546, 55.79293548768407], [37.70434251889844, 55.79293398140186], [37.70434109791573, 55.792932556773515], [37.704304897905146, 55.79290065677977], [37.70430364611838, 55.79289965110815], [37.70430224651477, 55.79289870931222], [37.70424554651168, 55.79286370932085], [37.70424381025171, 55.79286273582093], [37.704241916297335, 55.79286186060611], [37.70423988210396, 55.792861091742644], [37.70394158612401, 55.79275968964352], [37.703940483391094, 55.79279289351775], [37.70421034868862, 55.7928846309314], [37.704263079693234, 55.7929171809433], [37.704296532043124, 55.79294665968621], [37.70432197707293, 55.79298701098468], [37.704336493931756, 55.79301869309152], [37.70438590606377, 55.79301150690348], [37.70437110604459, 55.792979206906345], [37.70437044372849, 55.79297798767897]]]}}, {"type": "Feature", "properties": {"id": 1695, "object_type": "restriction", "restriction_type": "tram_tracks"}, "geometry": {"type": "Polygon", "coordinates": [[[37.704451598804376, 55.79288533322598], [37.70441809878112, 55.79283943323226], [37.70441690387945, 55.79283802012423], [37.70441544335249, 55.79283668858555], [37.70441373451661, 55.79283545440325], [37.70433993451061, 55.7927877544147], [37.704338054859704, 55.792786662044016], [37.70433598081483, 55.79278568771038], [37.70433373560765, 55.79278484232743], [37.70399683567556, 55.792672042363264], [37.70397076431615, 55.79269675763529], [37.70430415096252, 55.79280838132424], [37.70437250111915, 55.79285255887877], [37.70440397439188, 55.79289568199383], [37.70442594035201, 55.79293537836961], [37.70447465964271, 55.792926821625514], [37.70445235961987, 55.79288652162979], [37.704451598804376, 55.79288533322598]]]}}, {"type": "Feature", "properties": {"id": 1696, "object_type": "restriction", "restriction_type": "tram_tracks"}, "geometry": {"type": "Polygon", "coordinates": [[[37.70446784415541, 55.79299137770285], [37.704475744117076, 55.79293217770103], [37.70447581515436, 55.79293121154748], [37.7044768151069, 55.79285861154707], [37.70447671145654, 55.79285720082451], [37.70447636265931, 55.79285580263527], [37.7044645626377, 55.79282100263757], [37.704463851919066, 55.79281940781314], [37.704462822578, 55.7928178691481], [37.70442832255678, 55.7927740691545], [37.70442722193524, 55.7927728353497], [37.70442591626871, 55.79277166673151], [37.704394416261586, 55.792746266736806], [37.70439265183868, 55.79274500125802], [37.70439064741734, 55.7927438548114], [37.70433744741967, 55.792716654818776], [37.70433581877309, 55.792715889202796], [37.704334082881005, 55.7927152024434], [37.704063082929466, 55.79261720247384], [37.70403551706195, 55.79264139752458], [37.70430472740901, 55.792738750360186], [37.70435422739601, 55.79276405863027], [37.70438267505899, 55.79278699739055], [37.70441498771523, 55.79282802044653], [37.704425765374275, 55.79285980546718], [37.704424791509425, 55.79293050469701], [37.70441709206945, 55.792988201485336], [37.704402283653934, 55.79302600185195], [37.70445211635009, 55.793032198143024], [37.70446731632663, 55.79299339813982], [37.70446784415541, 55.79299137770285]]]}}, {"type": "Feature", "properties": {"id": 1697, "object_type": "restriction", "restriction_type": "tram_tracks"}, "geometry": {"type": "Polygon", "coordinates": [[[37.70409575553992, 55.79258532661741], [37.70448405560347, 55.79273252666244], [37.70451254438778, 55.792708673335845], [37.70412424445134, 55.792561473380864], [37.70409575553992, 55.79258532661741]]]}}, {"type": "Feature", "properties": {"id": 1698, "object_type": "restriction", "restriction_type": "tram_tracks"}, "geometry": {"type": "Polygon", "coordinates": [[[37.704589682642, 55.792806847834854], [37.704570082618815, 55.79276714783865], [37.70456921082993, 55.792765689412406], [37.70456806730822, 55.79276429184703], [37.70452086728692, 55.79271389185553], [37.70440945675351, 55.79259518069341], [37.704408334077975, 55.79259410096608], [37.70440704898591, 55.792593080335884], [37.704368848980046, 55.79256538034209], [37.704367060254796, 55.79256421751153], [37.70436506116122, 55.79256316905853], [37.704334261163716, 55.79254866906262], [37.704332772872014, 55.79254801940368], [37.70433120360327, 55.792547433341134], [37.7041906036305, 55.79249903335638], [37.7041639963611, 55.792523566642096], [37.7043029865199, 55.79257141247942], [37.704330233945434, 55.792584240003926], [37.70436538439631, 55.79260972869105], [37.70447573794205, 55.79272731373202], [37.70452165251414, 55.79277634118878], [37.70454021453459, 55.79281393879782], [37.70455040912602, 55.7928450127572], [37.70460059087068, 55.79283978723765], [37.70459019085094, 55.79280808723966], [37.704589682642, 55.792806847834854]]]}}, {"type": "Feature", "properties": {"id": 1699, "object_type": "restriction", "restriction_type": "tram_tracks"}, "geometry": {"type": "Polygon", "coordinates": [[[37.70457235040612, 55.79259598144477], [37.704570773171646, 55.79259449479758], [37.704498673154106, 55.79253499480975], [37.70449714318945, 55.79253385780026], [37.70449542069641, 55.79253281183971], [37.704493522644036, 55.79253186723233], [37.70449146773087, 55.79253103328381], [37.704277664535766, 55.79245304156403], [37.70425265586903, 55.79244335441386], [37.70422374412217, 55.792467045584374], [37.70424904412613, 55.792476845587345], [37.70424963222281, 55.79247706669035], [37.70445942201768, 55.792553594418585], [37.70452688398611, 55.7926092669401], [37.70456530111781, 55.79266713583502], [37.70461309887608, 55.792657064160316], [37.70457359884451, 55.7925975641678], [37.70457235040612, 55.79259598144477]]]}}, {"type": "Feature", "properties": {"id": 1700, "object_type": "restriction", "restriction_type": "tram_tracks"}, "geometry": {"type": "Polygon", "coordinates": [[[37.70460152447175, 55.792519653597175], [37.70458682446041, 55.79249805359994], [37.70458560220743, 55.792496529411714], [37.70458407399513, 55.792495095521296], [37.70454857398649, 55.7924657955273], [37.70454721188976, 55.79246477224852], [37.70454569373779, 55.79246382123243], [37.70454403154952, 55.792462950008066], [37.70448393155393, 55.79243415001613], [37.70448211926116, 55.792433357821125], [37.704480188011225, 55.79243266052335], [37.70431898804486, 55.792380060540175], [37.70429341194695, 55.792404939458415], [37.704452621009956, 55.79245688981818], [37.70450835804772, 55.79248359908684], [37.704540243762594, 55.7925099160406], [37.70455323292028, 55.792529002166724], [37.704570231262146, 55.79257071655269], [37.70461996873383, 55.79256428344226], [37.70460256870795, 55.79252158344563], [37.70460152447175, 55.792519653597175]]]}}, {"type": "Feature", "properties": {"id": 1701, "object_type": "restriction", "restriction_type": "tram_tracks"}, "geometry": {"type": "Polygon", "coordinates": [[[37.70462338941574, 55.79252264822096], [37.70461878937848, 55.79246554822171], [37.704618534157994, 55.79246407071133], [37.704618009837525, 55.79246261590797], [37.7046026098175, 55.79242891591097], [37.70460179239352, 55.792427454617396], [37.7046007035577, 55.79242605063819], [37.70459935567899, 55.79242471992222], [37.70459776406898, 55.79242347758611], [37.70454696406241, 55.79238797759423], [37.70454502022265, 55.79238676689587], [37.704542845266516, 55.79238568817354], [37.704540467244335, 55.79238475533944], [37.70437856727537, 55.79232865535709], [37.7043518327162, 55.79235314464138], [37.70450999215829, 55.792407948510885], [37.704554567844625, 55.79243909885457], [37.704567930568025, 55.79246834069775], [37.704572363686786, 55.79252336963879], [37.704569600550094, 55.792566987274604], [37.704620599450664, 55.792568012720096], [37.704623399421834, 55.792523812719374], [37.70462338941574, 55.79252264822096]]]}}, {"type": "Feature", "properties": {"id": 1702, "object_type": "restriction", "restriction_type": "tram_tracks"}, "geometry": {"type": "Polygon", "coordinates": [[[37.704613401614175, 55.79236990288682], [37.70462414470302, 55.79241708308148], [37.70462647545582, 55.7924525302992], [37.70461332363566, 55.79284438713552], [37.7045989217894, 55.79289356175333], [37.70456558023738, 55.79293776524827], [37.70408060852896, 55.79337882981953], [37.7041239914795, 55.79339397017668], [37.70460999133073, 55.79295197009073], [37.70461095351313, 55.79295101539878], [37.7046117835674, 55.792950022122085], [37.70464708354453, 55.79290322211528], [37.704648103250605, 55.792901609611185], [37.70464877550721, 55.792899940251935], [37.70466397547473, 55.79284804024869], [37.70466431130727, 55.79284597176473], [37.704677511050356, 55.792452671760756], [37.70467749812005, 55.79245186783403], [37.704675098096224, 55.79241536783443], [37.70467490818153, 55.792414070840294], [37.70466290814783, 55.79236137084257], [37.70466249109395, 55.792360039140895], [37.704661853777054, 55.79235873540991], [37.70466100183682, 55.7923574711864], [37.70465994281215, 55.79235625765761], [37.70465868607444, 55.792355105562095], [37.70465724274467, 55.79235402509486], [37.70465562559497, 55.792353025816986], [37.704569025594665, 55.79230432582962], [37.704567066771055, 55.792303332605215], [37.704564936556515, 55.79230245850813], [37.70445033657644, 55.792260358521126], [37.70442246341493, 55.79228444147722], [37.70453484706459, 55.79232572727571], [37.704613401614175, 55.79236990288682]]]}}, {"type": "Feature", "properties": {"id": 1703, "object_type": "restriction", "restriction_type": "road"}, "geometry": {"type": "Polygon", "coordinates": [[[37.72023118177304, 55.79301117209211], [37.721472282621306, 55.79306567213349], [37.721479717373306, 55.79301192786625], [37.72023861822158, 55.79295742790763], [37.72023118177304, 55.79301117209211]]]}}, {"type": "Feature", "properties": {"id": 1704, "object_type": "restriction", "restriction_type": "oks"}, "geometry": {"type": "Polygon", "coordinates": [[[37.7175296, 55.79404059999999], [37.7176369, 55.7940451], [37.7176443, 55.79398969999999], [37.717537, 55.7939851], [37.7175296, 55.79404059999999]]]}}, {"type": "Feature", "properties": {"id": 1705, "object_type": "restriction", "restriction_type": "tram_tracks"}, "geometry": {"type": "Polygon", "coordinates": [[[37.71031887390015, 55.80193103798053], [37.710281326109225, 55.80191156201662], [37.70975202511553, 55.802235296355995], [37.709820246142336, 55.80223601215266], [37.71031887390015, 55.80193103798053]]]}}, {"type": "Feature", "properties": {"id": 1706, "object_type": "restriction", "restriction_type": "tram_tracks"}, "geometry": {"type": "Polygon", "coordinates": [[[37.71035647548774, 55.80195043701521], [37.71031892452162, 55.80193096298196], [37.709820264647746, 55.80223601234682], [37.70988848018657, 55.80223672804802], [37.71035647548774, 55.80195043701521]]]}}, {"type": "Feature", "properties": {"id": 1707, "object_type": "restriction", "restriction_type": "tram_tracks"}, "geometry": {"type": "Polygon", "coordinates": [[[37.71083550813972, 55.80161497801247], [37.71114906890959, 55.801425501664355], [37.711111731099805, 55.80140589833283], [37.71079813108937, 55.801595398285464], [37.7107980528407, 55.801595445782844], [37.710789852840385, 55.8016004457816], [37.710789823893755, 55.80160046346164], [37.7102813238733, 55.801911563384365], [37.71031887613607, 55.801931036612785], [37.71082736165436, 55.801619945383024], [37.71083550813972, 55.80161497801247]]]}}, {"type": "Feature", "properties": {"id": 1708, "object_type": "restriction", "restriction_type": "tram_tracks"}, "geometry": {"type": "Polygon", "coordinates": [[[37.71083552539671, 55.801614962537826], [37.710318925375994, 55.80193096245933], [37.71035647463338, 55.80195043753784], [37.710873021046844, 55.8016344702255], [37.71118646711004, 55.801445102757405], [37.711149132899344, 55.8014254972398], [37.710835632888944, 55.801614897192444], [37.71083552539671, 55.801614962537826]]]}}, {"type": "Feature", "properties": {"id": 1709, "object_type": "restriction", "restriction_type": "tram_tracks"}, "geometry": {"type": "Polygon", "coordinates": [[[37.71126460405781, 55.80135577496662], [37.71123954698914, 55.80137088874976], [37.71114913534095, 55.80142549576491], [37.71118646466843, 55.801445104232286], [37.711276858836285, 55.80139050773935], [37.71130205301944, 55.80137531124363], [37.71130233635333, 55.80137513750746], [37.7113716363498, 55.80133193749684], [37.71137168654526, 55.801331906113546], [37.711606586532525, 55.80118460607744], [37.71156861347684, 55.80116539391967], [37.71133373851898, 55.80131267817234], [37.71126460405781, 55.80135577496662]]]}}, {"type": "Feature", "properties": {"id": 1710, "object_type": "restriction", "restriction_type": "tram_tracks"}, "geometry": {"type": "Polygon", "coordinates": [[[37.7112644460708, 55.80135579348482], [37.71132864606792, 55.80131619347501], [37.711328796857, 55.80131609963848], [37.7115708968437, 55.801164099601245], [37.71153290316566, 55.80114490039584], [37.71129087818058, 55.801296853253184], [37.71122684282536, 55.801336351685066], [37.711111732710116, 55.801405897359864], [37.71114906729928, 55.80142550263732], [37.711264267295455, 55.80135590261994], [37.7112644460708, 55.80135579348482]]]}}, {"type": "Feature", "properties": {"id": 1711, "object_type": "restriction", "restriction_type": "tram_tracks"}, "geometry": {"type": "Polygon", "coordinates": [[[37.712667101265076, 55.80018353339666], [37.71240857863023, 55.800509283663295], [37.71221980399819, 55.80071672709559], [37.71187649559096, 55.80097234411317], [37.71156861425875, 55.801165393429365], [37.711606585750616, 55.80118460656773], [37.711915185733886, 55.80099110652029], [37.71191655324823, 55.800990172788374], [37.71226185319261, 55.80073307273131], [37.71226311396836, 55.80073204388605], [37.71226421128053, 55.80073095723115], [37.71245431119194, 55.80052205719583], [37.71245489889632, 55.80052136664843], [37.71271360852094, 55.80019538028277], [37.712899614714345, 55.79997149303408], [37.712853385292924, 55.7999593069616], [37.71266728519034, 55.80018330692633], [37.712667101265076, 55.80018353339666]]]}}, {"type": "Feature", "properties": {"id": 1712, "object_type": "restriction", "restriction_type": "tram_tracks"}, "geometry": {"type": "Polygon", "coordinates": [[[37.71187695842974, 55.80097196892191], [37.712218258374605, 55.80071766886547], [37.71221951369104, 55.80071664412707], [37.71222060688386, 55.80071556205036], [37.71229110685107, 55.80063816203726], [37.712408108569804, 55.8005096600684], [37.71240862319224, 55.800509061113274], [37.71260392307951, 55.800267661076084], [37.71285352523473, 55.79995895818548], [37.71280707477242, 55.79994704181014], [37.71255747578044, 55.800255740337555], [37.7123624218178, 55.80049683604955], [37.71224569227034, 55.800625038931585], [37.712176204950595, 55.800701327092035], [37.71183688980627, 55.80095414809012], [37.711532907823994, 55.801144897471936], [37.71157089218537, 55.801164102525135], [37.711875592168724, 55.8009729024783], [37.71187695842974, 55.80097196892191]]]}}, {"type": "Feature", "properties": {"id": 1713, "object_type": "restriction", "restriction_type": "tram_tracks"}, "geometry": {"type": "Polygon", "coordinates": [[[37.714364118498196, 55.79632442954898], [37.714354919337296, 55.79641982020228], [37.714354913392235, 55.79641988450812], [37.7143378132664, 55.79661318450398], [37.714331713088576, 55.79668228600573], [37.71433168581991, 55.79668326164795], [37.71433348578348, 55.796738961648146], [37.714333552118276, 55.79673976829025], [37.7143394520893, 55.79678436829132], [37.71433987809201, 55.796786122072696], [37.714355978064035, 55.796831422075805], [37.71435689188587, 55.796833312886], [37.714386091859936, 55.79688071289157], [37.714387270668645, 55.79688230928202], [37.71442707064788, 55.796928209289305], [37.71442893435274, 55.796930013359336], [37.71448743433859, 55.79697821336923], [37.71448883985302, 55.79697926467095], [37.71470846904632, 55.797128776150934], [37.71477703911677, 55.79718275061535], [37.71482320893755, 55.797230482233914], [37.71486235944381, 55.79727779317824], [37.71488738624763, 55.79732573730459], [37.71489742112883, 55.79736625561042], [37.71489474070247, 55.79741086507775], [37.71488293928376, 55.79745874775761], [37.71485943091521, 55.79750837646961], [37.714817381445876, 55.797567971003815], [37.71469402332595, 55.79771516296436], [37.71474017668137, 55.79772743703131], [37.71486387661423, 55.79757983700792], [37.71486451441119, 55.79757900969867], [37.71490741438033, 55.797518209690296], [37.71490835627515, 55.79751660613583], [37.714932656245196, 55.79746530613083], [37.714933276468216, 55.7974635768642], [37.71494547643685, 55.79741407686156], [37.71494570428102, 55.79741258628442], [37.714948504250614, 55.797365986283694], [37.7149484838392, 55.797364747191516], [37.71494827407179, 55.79736351369308], [37.714937674044535, 55.79732071369512], [37.71493734587054, 55.79731967093245], [37.71493688230892, 55.797318644609305], [37.7149107822801, 55.79726864461431], [37.71491017305438, 55.797267621176296], [37.71490942921801, 55.79726662637576], [37.714869129195186, 55.79721792638318], [37.714868408125, 55.79721712187945], [37.71482110810499, 55.79716822188791], [37.71481945199864, 55.79716673396697], [37.71474945198399, 55.79711163397865], [37.71474836016265, 55.797110835290965], [37.714528905655236, 55.79696144283539], [37.71447211405317, 55.79691465045988], [37.71443380409518, 55.796870468905006], [37.71440567967686, 55.79682481492952], [37.71439023092832, 55.79678134741115], [37.714384501165306, 55.79673803450053], [37.714382729953, 55.79668322642868], [37.714388786801265, 55.79661461473741], [37.71440588376413, 55.7964213476433], [37.714415080601746, 55.796325979790225], [37.714415082382466, 55.79632596110012], [37.71442228219983, 55.796249462510204], [37.71443628197025, 55.796101263916434], [37.714385318030835, 55.796099736078276], [37.71437131793442, 55.79624793607492], [37.714364118498196, 55.79632442954898]]]}}, {"type": "Feature", "properties": {"id": 1714, "object_type": "restriction", "restriction_type": "tram_tracks"}, "geometry": {"type": "Polygon", "coordinates": [[[37.714817507063486, 55.79756762009039], [37.71485880703388, 55.797509220082325], [37.71485975550864, 55.79750760774133], [37.714882455480655, 55.79745970773667], [37.71488307693808, 55.79745797494145], [37.71489447690874, 55.797411674939006], [37.71489470381568, 55.79741019393991], [37.714897303787886, 55.79736759393924], [37.71489728333181, 55.797366341751406], [37.71489706950019, 55.797365095317424], [37.714887469475755, 55.797326695319256], [37.71488668293235, 55.79732464579691], [37.71486278290595, 55.797278845801536], [37.71486216812899, 55.797277813826575], [37.71486141649342, 55.79727681101551], [37.71482331647196, 55.797230911022524], [37.71482263899293, 55.79723015388035], [37.714777738973694, 55.7971834538884], [37.714776039230806, 55.79718192391983], [37.714708839216826, 55.79712912393103], [37.71470776164872, 55.79712833629683], [37.71448790008738, 55.796978639132135], [37.714427691365024, 55.796929112625214], [37.71438315919231, 55.79687625490911], [37.71435628100305, 55.79683242134747], [37.714339427932124, 55.79678513653073], [37.714333301485254, 55.796739431514155], [37.71433152979283, 55.79668283696638], [37.71433778572111, 55.7966132268451], [37.71435528369333, 55.79641504845958], [37.71436468030707, 55.79631798278428], [37.714313719694026, 55.796316417210434], [37.71430431963087, 55.79641351720819], [37.71430431327609, 55.79641358587061], [37.71428681370852, 55.79661177950756], [37.71428051423429, 55.79668187314808], [37.714280485559854, 55.79668285345973], [37.71428228552225, 55.79674035345992], [37.71428235399475, 55.796741182387414], [37.71428865396424, 55.796788182388575], [37.71428908082551, 55.796789929759356], [37.714306580795196, 55.796839029762744], [37.714307479924585, 55.79684089343174], [37.71433537989965, 55.79688639343707], [37.714336446065886, 55.79688786351087], [37.71438244604063, 55.79694246351931], [37.714383377270536, 55.79694346513832], [37.71438444536326, 55.796944422430066], [37.71444644534833, 55.796995422440524], [37.714447838367015, 55.79699646366502], [37.71466787536379, 55.797146280386585], [37.714733625469506, 55.797197941206186], [37.71477740243229, 55.79724347317423], [37.71481436323874, 55.79728800079259], [37.71483719076127, 55.7973317456374], [37.71484621961124, 55.79736786113116], [37.714843741582335, 55.79740846224647], [37.71483273904507, 55.797453147872666], [37.714810834037074, 55.79749937027298], [37.71477038377394, 55.79755656865854], [37.71464781890711, 55.79770296824852], [37.71469398110019, 55.797715231747176], [37.71481688103338, 55.79756843172393], [37.714817507063486, 55.79756762009039]]]}}, {"type": "Feature", "properties": {"id": 1715, "object_type": "restriction", "restriction_type": "tram_tracks"}, "geometry": {"type": "Polygon", "coordinates": [[[37.7054801048566, 55.79523312014925], [37.704606682222064, 55.795110253043674], [37.70459431777344, 55.79513814695594], [37.705470818065834, 55.79526144700118], [37.70547287766597, 55.79526168640607], [37.70547496526507, 55.79526182945673], [37.70547706668412, 55.795261875181566], [37.70574856678413, 55.79526147518192], [37.70600418865365, 55.79526097514484], [37.70600401134634, 55.79523222485512], [37.70574842232793, 55.795232724834115], [37.7054801048566, 55.79523312014925]]]}}, {"type": "Feature", "properties": {"id": 1716, "object_type": "restriction", "restriction_type": "tram_tracks"}, "geometry": {"type": "Polygon", "coordinates": [[[37.705480081324914, 55.79523308674313], [37.705482176113534, 55.7952332299443], [37.705484284742326, 55.79523327515146], [37.705751384840724, 55.79523277515175], [37.70599349359184, 55.79523227513495], [37.70599330640813, 55.79520352486501], [37.70575121086079, 55.79520402485626], [37.705487297721554, 55.79520451889448], [37.70463428557955, 55.7950844535166], [37.704621914415945, 55.79511234648302], [37.7054780147015, 55.79523284652721], [37.705480081324914, 55.79523308674313]]]}}, {"type": "Feature", "properties": {"id": 1717, "object_type": "restriction", "restriction_type": "tram_tracks"}, "geometry": {"type": "Polygon", "coordinates": [[[37.70886389805632, 55.79520922654666], [37.70868359812274, 55.79521082654641], [37.708362291278355, 55.79521372660824], [37.70796346512048, 55.795217525899986], [37.70716506190715, 55.79522172539201], [37.70716489006191, 55.79522172662138], [37.706125891286824, 55.79523112661218], [37.70600369233695, 55.795232226602955], [37.70600450766327, 55.79526097339699], [37.706126707708286, 55.7952598733968], [37.70716562401972, 55.79525047415625], [37.70796403838712, 55.79524627460784], [37.7079642313629, 55.79524627318103], [37.70836312012091, 55.79524247328886], [37.70868440536011, 55.79523957342265], [37.708864673936496, 55.79523797370185], [37.70915264603179, 55.79523577391551], [37.709151953968394, 55.79520702608447], [37.70886395407448, 55.795209226084175], [37.70886389805632, 55.79520922654666]]]}}, {"type": "Feature", "properties": {"id": 1718, "object_type": "restriction", "restriction_type": "tram_tracks"}, "geometry": {"type": "Polygon", "coordinates": [[[37.70716502425559, 55.79522167415507], [37.70796343838677, 55.79521747460789], [37.70796363157866, 55.795217473179015], [37.7083623204759, 55.79521367328559], [37.70868320459829, 55.79521077342964], [37.708864399947714, 55.795209173471015], [37.70886452509854, 55.79520917219287], [37.70960602537163, 55.79520057219106], [37.70960497462868, 55.79517182780891], [37.708863537474755, 55.795180427081526], [37.708682400119244, 55.79518202652867], [37.70836149076947, 55.79518492661278], [37.70796286501347, 55.79518872590048], [37.7071644619075, 55.79519292539196], [37.70716428958907, 55.79519292662562], [37.70612649140588, 55.79520232661102], [37.70599299292248, 55.795203526597646], [37.705993807077725, 55.795232273402306], [37.70612730712691, 55.795231073402086], [37.70716502425559, 55.79522167415507]]]}}, {"type": "Feature", "properties": {"id": 1719, "object_type": "restriction", "restriction_type": "tram_tracks"}, "geometry": {"type": "Polygon", "coordinates": [[[37.711805748436255, 55.79538024397487], [37.71364584899023, 55.795748944104766], [37.71366295100377, 55.79572185589459], [37.71182285155775, 55.795353156024454], [37.711805748436255, 55.79538024397487]]]}}, {"type": "Feature", "properties": {"id": 1720, "object_type": "restriction", "restriction_type": "tram_tracks"}, "geometry": {"type": "Polygon", "coordinates": [[[37.71367908583203, 55.795691442893975], [37.71183918638789, 55.795325943022874], [37.711822213606155, 55.795353056976474], [37.71366211416202, 55.795718557105374], [37.71367908583203, 55.795691442893975]]]}}, {"type": "Feature", "properties": {"id": 1721, "object_type": "restriction", "restriction_type": "road"}, "geometry": {"type": "Polygon", "coordinates": [[[37.714459954580875, 55.79632419993919], [37.71426884543447, 55.79631839998662], [37.71425964519978, 55.79641459997836], [37.71425962695401, 55.79641479750544], [37.714242126474595, 55.79661119748962], [37.71443327353979, 55.79661660243616], [37.714450764259595, 55.796420301193244], [37.714459954580875, 55.79632419993919]]]}}, {"type": "Feature", "properties": {"id": 1722, "object_type": "restriction", "restriction_type": "tram_tracks"}, "geometry": {"type": "Polygon", "coordinates": [[[37.71455744716834, 55.79450692089676], [37.714570882148976, 55.79443357559341], [37.7145709782831, 55.794432890941394], [37.71464027580629, 55.793724411537184], [37.71466667351844, 55.793467932139855], [37.714717773773266, 55.79296802647578], [37.71471778005629, 55.79296796252745], [37.71475077982863, 55.79261796251956], [37.714699820172456, 55.792616437475154], [37.71466682295992, 55.792966405489125], [37.71461572619187, 55.79346627068087], [37.71458932631603, 55.79372276784863], [37.71458932217874, 55.79372280906983], [37.714520055265865, 55.79443096608027], [37.714506617805675, 55.79450432439834], [37.71450651915705, 55.79450503517615], [37.71445141877805, 55.79508763516296], [37.714451405353465, 55.79508779353969], [37.71442680513957, 55.795415993533595], [37.7144777948613, 55.79541720646111], [37.71450238871046, 55.7950890856642], [37.71455744716834, 55.79450692089676]]]}}, {"type": "Feature", "properties": {"id": 1723, "object_type": "restriction", "restriction_type": "tram_tracks"}, "geometry": {"type": "Polygon", "coordinates": [[[37.7146655257371, 55.793467975118936], [37.71463942544815, 55.79372417631351], [37.71463941202787, 55.79372432074368], [37.714579928360564, 55.79443272072976], [37.714570054987654, 55.79450662106919], [37.71457001943036, 55.79450693227655], [37.714514719422404, 55.79508942835591], [37.71448331958413, 55.795416824441546], [37.714534280416956, 55.79541837555318], [37.714565680204004, 55.79509097554566], [37.71462096578843, 55.794508623430495], [37.71463084496586, 55.79443467892328], [37.714630888434506, 55.79443427926552], [37.71469038190788, 55.79372575148517], [37.714716474325456, 55.79346962427407], [37.71476747393914, 55.79296972486371], [37.714802973766346, 55.79262152433061], [37.71475202623481, 55.79261987566414], [37.7147165260359, 55.79296807538697], [37.7146655257371, 55.793467975118936]]]}}, {"type": "Feature", "properties": {"id": 1724, "object_type": "restriction", "restriction_type": "tram_tracks"}, "geometry": {"type": "Polygon", "coordinates": [[[37.71478973550655, 55.79243677210579], [37.7148002434952, 55.7924028911381], [37.71482931445424, 55.79234133476407], [37.71486506567665, 55.79229301699581], [37.714892389662474, 55.79226139921944], [37.71493649380521, 55.79221759238295], [37.71489210620289, 55.79220340761308], [37.71484760618609, 55.79224760760501], [37.71484685913056, 55.79224840718221], [37.7148188591162, 55.79228080717694], [37.714818248854684, 55.79228156882017], [37.71478154883016, 55.79233116881306], [37.71478044231337, 55.792333003766124], [37.71475064227651, 55.79239610376002], [37.71475016520998, 55.79239732566086], [37.7147394651885, 55.79243182565856], [37.714707763743526, 55.79253423010944], [37.714707420320195, 55.79253593646605], [37.71469982026783, 55.792616436464236], [37.714750779733244, 55.792617963530496], [37.7147582985866, 55.79253832249573], [37.71478973550655, 55.79243677210579]]]}}, {"type": "Feature", "properties": {"id": 1725, "object_type": "restriction", "restriction_type": "tram_tracks"}, "geometry": {"type": "Polygon", "coordinates": [[[37.714901749271654, 55.79226130391925], [37.714871149256524, 55.79229600391353], [37.71487044556903, 55.792296873250116], [37.71483614554608, 55.79234327324346], [37.71483511988223, 55.79234494324536], [37.714813319856745, 55.792389043240924], [37.714812859551465, 55.792390138700505], [37.714798060867345, 55.79243273483437], [37.71476036214714, 55.79254093096248], [37.71475992681704, 55.79254287046251], [37.714752026767, 55.792619870460626], [37.714802973234164, 55.79262152953412], [37.71481077283364, 55.792545507640114], [37.71484813778997, 55.792438269024494], [37.71486274839636, 55.79239621410532], [37.714883858561386, 55.79235350954328], [37.71491722824857, 55.792308368005116], [37.71494689906014, 55.792274721670644], [37.71498714230782, 55.79223841417425], [37.71494385770065, 55.792223185821946], [37.7149029576884, 55.79226008581473], [37.714901749271654, 55.79226130391925]]]}}, {"type": "Feature", "properties": {"id": 1726, "object_type": "restriction", "restriction_type": "tram_tracks"}, "geometry": {"type": "Polygon", "coordinates": [[[37.71560816258872, 55.79179334194529], [37.7156093052962, 55.79179259333058], [37.71568360528706, 55.791740393318555], [37.7156856244951, 55.79173875319861], [37.715730424479965, 55.7916963531906], [37.71568657552833, 55.79168164680553], [37.715642683819624, 55.7917231871519], [37.71557004323694, 55.791774221297636], [37.71506043740043, 55.792085757974405], [37.71505935210755, 55.79208646638252], [37.714894452088046, 55.79220146635597], [37.714934147921156, 55.79221953364085], [37.71509852572944, 55.792104897774756], [37.71560816258872, 55.79179334194529]]]}}, {"type": "Feature", "properties": {"id": 1727, "object_type": "restriction", "restriction_type": "tram_tracks"}, "geometry": {"type": "Polygon", "coordinates": [[[37.71561674903775, 55.79179841768008], [37.71510753891733, 55.792109657040065], [37.71510650417339, 55.79211033018368], [37.71494570415504, 55.79222173015786], [37.71498529585418, 55.79223986983895], [37.7151455969761, 55.79212881541764], [37.7156548610719, 55.79181754287967], [37.715655995889, 55.7918167999444], [37.7157320958797, 55.79176339993212], [37.715733990672256, 55.79176187841186], [37.71578459065609, 55.79171507840288], [37.71574100935229, 55.79170012159328], [37.71569126925546, 55.791746126245414], [37.71561674903775, 55.79179841768008]]]}}, {"type": "Feature", "properties": {"id": 1728, "object_type": "restriction", "restriction_type": "tram_tracks"}, "geometry": {"type": "Polygon", "coordinates": [[[37.71576439124666, 55.791655935031095], [37.71578439122926, 55.79162363502712], [37.71578509737184, 55.791622285607794], [37.7158127766683, 55.79155793364694], [37.715830655393226, 55.791517581606726], [37.715831069784485, 55.791516456808544], [37.715856969729586, 55.791428656803], [37.71580663027353, 55.79142394319185], [37.71578089749771, 55.79151117611925], [37.71576324458734, 55.79155101838461], [37.715763202670885, 55.79155111439298], [37.71573579703414, 55.791614829932236], [37.71571665863033, 55.79164573842378], [37.71568544357487, 55.7916828430857], [37.71573155643245, 55.79169515691001], [37.71576335641532, 55.79165735690401], [37.71576439124666, 55.791655935031095]]]}}, {"type": "Feature", "properties": {"id": 1729, "object_type": "restriction", "restriction_type": "tram_tracks"}, "geometry": {"type": "Polygon", "coordinates": [[[37.715811141014115, 55.791615284619674], [37.715787274172364, 55.791647301088275], [37.71576629823731, 55.79167393562792], [37.715740394455445, 55.79170072247705], [37.7157852055525, 55.7917144775189], [37.71581160554163, 55.79168717751407], [37.71581252243429, 55.79168613022235], [37.71583402242131, 55.79165883021821], [37.71583422456936, 55.79165856645812], [37.71585882455312, 55.791625566453384], [37.71585989501256, 55.79162382557049], [37.71588689498064, 55.79156872556497], [37.71588738828354, 55.791567518255654], [37.71593068820205, 55.79143581824649], [37.71588051180139, 55.79143058174843], [37.71583741215963, 55.79156167209102], [37.715811141014115, 55.791615284619674]]]}}, {"type": "Feature", "properties": {"id": 1730, "object_type": "restriction", "restriction_type": "tram_tracks"}, "geometry": {"type": "Polygon", "coordinates": [[[37.71606424554582, 55.79072723707407], [37.71628952155221, 55.79001201179035], [37.716289537767224, 55.790011959752924], [37.71637825454521, 55.78972414206925], [37.71632662914416, 55.78972360306292], [37.716239270258654, 55.79000701421495], [37.716013978006586, 55.790722288156616], [37.716013932311384, 55.79072243782094], [37.71591683210608, 55.7910508378002], [37.715806631141426, 55.791423940251576], [37.71585696886169, 55.79142865974328], [37.71596716826207, 55.79105556096012], [37.71606424554582, 55.79072723707407]]]}}, {"type": "Feature", "properties": {"id": 1731, "object_type": "restriction", "restriction_type": "tram_tracks"}, "geometry": {"type": "Polygon", "coordinates": [[[37.71630623721462, 55.7900124228313], [37.71609273676643, 55.79072982278571], [37.71609272223151, 55.79072987215138], [37.716002745480196, 55.79103879164841], [37.71588047029781, 55.791430711293906], [37.71593072970547, 55.79143568870098], [37.71605302946163, 55.79104368867496], [37.71605307796499, 55.79104352786273], [37.71614307058036, 55.79073455253359], [37.71635654425244, 55.79001723944961], [37.71644824541752, 55.78972487278967], [37.71639659615165, 55.78972433356359], [37.71630627525764, 55.790012298353176], [37.71630623721462, 55.7900124228313]]]}}, {"type": "Feature", "properties": {"id": 1732, "object_type": "restriction", "restriction_type": "oks"}, "geometry": {"type": "Polygon", "coordinates": [[[37.7167886, 55.796839], [37.7165923, 55.796805], [37.7165779, 55.79683109999999], [37.71656380000001, 55.79685689999999], [37.71676010000001, 55.796890899999994], [37.7167886, 55.796839]]]}}, {"type": "Feature", "properties": {"id": 1733, "object_type": "restriction", "restriction_type": "oks"}, "geometry": {"type": "Polygon", "coordinates": [[[37.7133499, 55.7962075], [37.7133376, 55.796228], [37.7133255, 55.7962513], [37.7135501, 55.79629069999999], [37.7135744, 55.796247], [37.7133499, 55.7962075]]]}}, {"type": "Feature", "properties": {"id": 1734, "object_type": "restriction", "restriction_type": "oks"}, "geometry": {"type": "Polygon", "coordinates": [[[37.7136808, 55.7962657], [37.7136564, 55.7963095], [37.713881, 55.796349000000006], [37.7138931, 55.7963271], [37.7139053, 55.796305200000006], [37.7136808, 55.7962657]]]}}, {"type": "Feature", "properties": {"id": 1735, "object_type": "restriction", "restriction_type": "oks"}, "geometry": {"type": "Polygon", "coordinates": [[[37.7187211, 55.79211479999999], [37.7187317, 55.792065699999995], [37.7181347, 55.7920251], [37.7180686, 55.7920207], [37.718058, 55.79206969999999], [37.7187211, 55.79211479999999]]]}}, {"type": "Feature", "properties": {"id": 1736, "object_type": "restriction", "restriction_type": "park"}, "geometry": {"type": "Polygon", "coordinates": [[[37.7193783, 55.79111259999999], [37.7193381, 55.79108469999999], [37.7190015, 55.79105369999999], [37.7189411, 55.791054499999994], [37.7189197, 55.791111], [37.719014900000005, 55.791297300000004], [37.7189827, 55.79139299999999], [37.7193113, 55.791427], [37.7193783, 55.79111259999999]]]}}, {"type": "Feature", "properties": {"id": 1737, "object_type": "restriction", "restriction_type": "oks"}, "geometry": {"type": "Polygon", "coordinates": [[[37.7195574, 55.79125419999999], [37.7194306, 55.79124600000001], [37.7194072, 55.79136069999999], [37.7195339, 55.7913689], [37.7195574, 55.79125419999999]]]}}, {"type": "Feature", "properties": {"id": 1738, "object_type": "restriction", "restriction_type": "oks"}, "geometry": {"type": "Polygon", "coordinates": [[[37.7196187, 55.7917612], [37.7196391, 55.7916656], [37.7195305, 55.7916583], [37.7195094, 55.791753799999995], [37.7196187, 55.7917612]]]}}, {"type": "Feature", "properties": {"id": 1739, "object_type": "restriction", "restriction_type": "oks"}, "geometry": {"type": "Polygon", "coordinates": [[[37.7195006, 55.791528899999996], [37.7195306, 55.79138199999999], [37.719413, 55.7913744], [37.7193829, 55.79152129999999], [37.7195006, 55.791528899999996]]]}}, {"type": "Feature", "properties": {"id": 1740, "object_type": "restriction", "restriction_type": "oks"}, "geometry": {"type": "Polygon", "coordinates": [[[37.7178145, 55.7915909], [37.7174815, 55.79156489999999], [37.717452, 55.79168800000001], [37.7177846, 55.7917118], [37.7178145, 55.7915909]]]}}, {"type": "Feature", "properties": {"id": 1741, "object_type": "restriction", "restriction_type": "oks"}, "geometry": {"type": "Polygon", "coordinates": [[[37.7189218, 55.793028599999985], [37.7191651, 55.793040399999995], [37.7191723, 55.792993499999994], [37.718929100000004, 55.79298159999999], [37.7189218, 55.793028599999985]]]}}, {"type": "Feature", "properties": {"id": 1742, "object_type": "restriction", "restriction_type": "oks"}, "geometry": {"type": "Polygon", "coordinates": [[[37.7180942, 55.79188959999999], [37.718104, 55.7918459], [37.717881, 55.7918302], [37.7178713, 55.79187389999999], [37.7180942, 55.79188959999999]]]}}, {"type": "Feature", "properties": {"id": 1743, "object_type": "restriction", "restriction_type": "oks"}, "geometry": {"type": "Polygon", "coordinates": [[[37.7156176, 55.79215399999999], [37.7156146, 55.792177399999986], [37.715657400000005, 55.792179199999985], [37.7156604, 55.79215569999999], [37.7156176, 55.79215399999999]]]}}, {"type": "Feature", "properties": {"id": 1744, "object_type": "restriction", "restriction_type": "park"}, "geometry": {"type": "Polygon", "coordinates": [[[37.7176567, 55.7932323], [37.7176944, 55.7930699], [37.7169832, 55.79301769999999], [37.7169455, 55.793180099999994], [37.7176567, 55.7932323]]]}}, {"type": "Feature", "properties": {"id": 1745, "object_type": "restriction", "restriction_type": "park"}, "geometry": {"type": "Polygon", "coordinates": [[[37.7175776, 55.79356209999999], [37.7175961, 55.7934824], [37.7168849, 55.79343029999999], [37.7168664, 55.793510000000005], [37.7175776, 55.79356209999999]]]}}, {"type": "Feature", "properties": {"id": 1746, "object_type": "restriction", "restriction_type": "oks"}, "geometry": {"type": "Polygon", "coordinates": [[[37.7260189, 55.79030269999999], [37.7261482, 55.7903638], [37.7262936, 55.790266599999995], [37.7261643, 55.79020549999999], [37.7260189, 55.79030269999999]]]}}, {"type": "Feature", "properties": {"id": 1747, "object_type": "restriction", "restriction_type": "oks"}, "geometry": {"type": "Polygon", "coordinates": [[[37.7191248, 55.793551400000005], [37.7191561, 55.793413099999995], [37.719062, 55.7934063], [37.7190307, 55.7935447], [37.7191248, 55.793551400000005]]]}}, {"type": "Feature", "properties": {"id": 1748, "object_type": "restriction", "restriction_type": "oks"}, "geometry": {"type": "Polygon", "coordinates": [[[37.7191121, 55.7936074], [37.7190181, 55.793600699999985], [37.718983, 55.79375599999999], [37.719077, 55.793762699999995], [37.7191121, 55.7936074]]]}}, {"type": "Feature", "properties": {"id": 1749, "object_type": "restriction", "restriction_type": "oks"}, "geometry": {"type": "Polygon", "coordinates": [[[37.7241841, 55.7947924], [37.7242492, 55.79480259999998], [37.7242682, 55.794765000000005], [37.7242027, 55.79475469999999], [37.7241841, 55.7947924]]]}}, {"type": "Feature", "properties": {"id": 1750, "object_type": "restriction", "restriction_type": "oks"}, "geometry": {"type": "Polygon", "coordinates": [[[37.7254396, 55.7944699], [37.7254753, 55.79447499999999], [37.7254847, 55.7944544], [37.7254489, 55.794449199999995], [37.7254396, 55.7944699]]]}}, {"type": "Feature", "properties": {"id": 1751, "object_type": "restriction", "restriction_type": "road"}, "geometry": {"type": "Polygon", "coordinates": [[[37.72395924634468, 55.79471060791593], [37.72402814637881, 55.79468910790103], [37.723974053659134, 55.79463409209306], [37.72390515369325, 55.79465559207816], [37.72395924634468, 55.79471060791593]]]}}, {"type": "Feature", "properties": {"id": 1752, "object_type": "restriction", "restriction_type": "road"}, "geometry": {"type": "Polygon", "coordinates": [[[37.70397652896478, 55.797994268827644], [37.70402562873102, 55.797858468798616], [37.703884971298656, 55.79784233116129], [37.70383611538513, 55.79797745540104], [37.703813700382995, 55.798030184743254], [37.70395329965127, 55.79804901521729], [37.70397599956161, 55.797995615204016], [37.70397652896478, 55.797994268827644]]]}}, {"type": "Feature", "properties": {"id": 1753, "object_type": "restriction", "restriction_type": "road"}, "geometry": {"type": "Polygon", "coordinates": [[[37.70860073504769, 55.789642694674065], [37.70848696558108, 55.78964149960942], [37.708616358102155, 55.790049530911745], [37.70861638377591, 55.79004961126883], [37.70865478361304, 55.79016891128508], [37.70876461637154, 55.790157688690286], [37.70872622913824, 55.79003842887574], [37.70860073504769, 55.789642694674065]]]}}, {"type": "Feature", "properties": {"id": 1754, "object_type": "restriction", "restriction_type": "road"}, "geometry": {"type": "Polygon", "coordinates": [[[37.70870375502999, 55.79032152944182], [37.70873355490897, 55.79041052945445], [37.708843245075016, 55.79039887052102], [37.70881344495399, 55.79030987053363], [37.70870375502999, 55.79032152944182]]]}}, {"type": "Feature", "properties": {"id": 1755, "object_type": "restriction", "restriction_type": "oks"}, "geometry": {"type": "Polygon", "coordinates": [[[37.7186607, 55.79262369999999], [37.7186742, 55.79248629999999], [37.7185698, 55.79248299999998], [37.7185562, 55.7926205], [37.7186607, 55.79262369999999]]]}}, {"type": "Feature", "properties": {"id": 1756, "object_type": "restriction", "restriction_type": "oks"}, "geometry": {"type": "Polygon", "coordinates": [[[37.7184815, 55.79261449999999], [37.718494500000006, 55.79248179999999], [37.718395, 55.79247869999998], [37.7183819, 55.79261139999999], [37.7184815, 55.79261449999999]]]}}, {"type": "Feature", "properties": {"id": 1757, "object_type": "restriction", "restriction_type": "oks"}, "geometry": {"type": "Polygon", "coordinates": [[[37.7186717, 55.7923207], [37.7186823, 55.7922134], [37.7185748, 55.792210000000004], [37.7185643, 55.7923174], [37.7186717, 55.7923207]]]}}, {"type": "Feature", "properties": {"id": 1758, "object_type": "restriction", "restriction_type": "oks"}, "geometry": {"type": "Polygon", "coordinates": [[[37.7184961, 55.7923181], [37.7185079, 55.79219829999999], [37.7183883, 55.792194599999995], [37.7183765, 55.7923144], [37.7184961, 55.7923181]]]}}, {"type": "Feature", "properties": {"id": 1759, "object_type": "restriction", "restriction_type": "oks"}, "geometry": {"type": "Polygon", "coordinates": [[[37.7198514, 55.7931217], [37.7198675, 55.7930524], [37.7197565, 55.7930442], [37.7197404, 55.79311359999999], [37.7198514, 55.7931217]]]}}, {"type": "Feature", "properties": {"id": 1760, "object_type": "restriction", "restriction_type": "oks"}, "geometry": {"type": "Polygon", "coordinates": [[[37.7090115, 55.7939569], [37.7086867, 55.793985899999996], [37.7087518, 55.794216199999994], [37.7090766, 55.794187199999996], [37.7090115, 55.7939569]]]}}, {"type": "Feature", "properties": {"id": 1761, "object_type": "restriction", "restriction_type": "road"}, "geometry": {"type": "Polygon", "coordinates": [[[37.70419502372653, 55.79739058030398], [37.7040543763032, 55.797374419655924], [37.70393687574474, 55.7976989195864], [37.70388497413763, 55.79784232331331], [37.70402562589208, 55.7978584766466], [37.70407752496141, 55.79771507850543], [37.70419502372653, 55.79739058030398]]]}}, {"type": "Feature", "properties": {"id": 1762, "object_type": "restriction", "restriction_type": "road"}, "geometry": {"type": "Polygon", "coordinates": [[[37.70796699254236, 55.79522206741072], [37.70836405419334, 55.79521857303322], [37.70868001562705, 55.795217575052185], [37.708678584373565, 55.795073824946996], [37.70836198495675, 55.795074824948], [37.70836070673049, 55.79507483259129], [37.70796345118568, 55.79507832868413], [37.7071640964192, 55.79508222651884], [37.707166303582845, 55.79522597348034], [37.70796610505609, 55.79522207348037], [37.70796699254236, 55.79522206741072]]]}}, {"type": "Feature", "properties": {"id": 1763, "object_type": "restriction", "restriction_type": "road"}, "geometry": {"type": "Polygon", "coordinates": [[[37.71032963991214, 55.79520749773117], [37.71042074007924, 55.79520989773636], [37.7104326598968, 55.79506630226242], [37.71034169497621, 55.79506390582188], [37.71004773040961, 55.79505580955436], [37.71003526956545, 55.795199390444395], [37.71032937010477, 55.79520749046183], [37.71032963991214, 55.79520749773117]]]}}, {"type": "Feature", "properties": {"id": 1764, "object_type": "restriction", "restriction_type": "road"}, "geometry": {"type": "Polygon", "coordinates": [[[37.71206750160677, 55.795258255387694], [37.71189250187906, 55.79522615544489], [37.711813497980934, 55.79536284454098], [37.71198849825322, 55.7953949445982], [37.71206750160677, 55.795258255387694]]]}}, {"type": "Feature", "properties": {"id": 1765, "object_type": "restriction", "restriction_type": "oks"}, "geometry": {"type": "Polygon", "coordinates": [[[37.7039838, 55.7926844], [37.7040493, 55.7926293], [37.70411, 55.792573399999995], [37.7041773, 55.79251129999999], [37.7042382, 55.7924552], [37.704306200000005, 55.79239249999999], [37.7043652, 55.79234089999999], [37.704436400000006, 55.7922724], [37.7044657, 55.79224539999999], [37.70452120000001, 55.79219419999999], [37.7039863, 55.792010799999986], [37.703966680155915, 55.792004076147556], [37.7039427381818, 55.79272500049666], [37.7039838, 55.7926844]]]}}, {"type": "Feature", "properties": {"id": 1766, "object_type": "restriction", "restriction_type": "oks"}, "geometry": {"type": "Polygon", "coordinates": [[[37.716503100000004, 55.7912449], [37.7165316, 55.7911614], [37.7164511, 55.7911527], [37.7164602, 55.791126000000006], [37.7164767, 55.791077400000006], [37.7165005, 55.7910078], [37.7165107, 55.7909779], [37.7166087, 55.7909884], [37.7166184, 55.7909598], [37.71663110000001, 55.790922599999995], [37.7165411, 55.790912899999995], [37.7165466, 55.790896700000005], [37.7163098, 55.7908712], [37.7162473, 55.79105450000001], [37.7161938, 55.7912116], [37.716503100000004, 55.7912449]]]}}, {"type": "Feature", "properties": {"id": 1767, "object_type": "restriction", "restriction_type": "oks"}, "geometry": {"type": "Polygon", "coordinates": [[[37.7171483, 55.790959], [37.7171399, 55.790984399999985], [37.717279, 55.79099889999999], [37.717298, 55.7909414], [37.7173341, 55.79083200000001], [37.7173483, 55.790789], [37.7172204, 55.790775800000006], [37.7171859, 55.7908805], [37.7169663, 55.790857599999995], [37.71694, 55.79093730000001], [37.7171483, 55.790959]]]}}, {"type": "Feature", "properties": {"id": 1768, "object_type": "restriction", "restriction_type": "oks"}, "geometry": {"type": "Polygon", "coordinates": [[[37.7167999, 55.790922699999996], [37.7168744, 55.790697], [37.7166565, 55.7906742], [37.7165819, 55.79089989999999], [37.7167999, 55.790922699999996]]]}}, {"type": "Feature", "properties": {"id": 1769, "object_type": "restriction", "restriction_type": "oks"}, "geometry": {"type": "Polygon", "coordinates": [[[37.7162406, 55.7913277], [37.7164958, 55.7913552], [37.7165323, 55.79124809999998], [37.716503100000004, 55.7912449], [37.7161938, 55.7912116], [37.7161573, 55.791318700000005], [37.7162406, 55.7913277]]]}}, {"type": "Feature", "properties": {"id": 1770, "object_type": "restriction", "restriction_type": "oks"}, "geometry": {"type": "MultiPolygon", "coordinates": [[[[37.7166819, 55.80092369999999], [37.7168597, 55.800951200000014], [37.7168329, 55.801006], [37.7169375, 55.801022200000006], [37.7169643, 55.80096730000001], [37.717130600000004, 55.800993], [37.7172066, 55.800837699999995], [37.7170433, 55.8008125], [37.7170523, 55.80079409999999], [37.7169529, 55.8007788], [37.7169439, 55.8007972], [37.7167578, 55.800768399999995], [37.7166819, 55.80092369999999]]], [[[37.7172641, 55.80123669999999], [37.7172927, 55.8011781], [37.7172613, 55.8011733], [37.7173103, 55.8010729], [37.7170324, 55.801030000000004], [37.7169875, 55.80112179999999], [37.7168836, 55.80110579999999], [37.7168577, 55.8011587], [37.7169616, 55.80117469999999], [37.7169064, 55.80128779999999], [37.7171843, 55.801330699999994], [37.7172326, 55.80123179999999], [37.7172641, 55.80123669999999]]]]}}, {"type": "Feature", "properties": {"id": 1771, "object_type": "restriction", "restriction_type": "oks"}, "geometry": {"type": "Polygon", "coordinates": [[[37.7164337, 55.7944551], [37.7164586, 55.794349499999996], [37.7164898, 55.7943518], [37.7166084, 55.7943606], [37.7166504, 55.794182400000004], [37.7165006, 55.794171299999995], [37.7165131, 55.794118299999994], [37.7165225, 55.7940787], [37.7162335, 55.7940572], [37.7162068, 55.7941702], [37.7161889, 55.7942464], [37.7161447, 55.79443349999998], [37.7164337, 55.7944551]]]}}, {"type": "Feature", "properties": {"id": 1772, "object_type": "restriction", "restriction_type": "oks"}, "geometry": {"type": "Polygon", "coordinates": [[[37.7057875, 55.7896152], [37.705786217643684, 55.78961309930759], [37.70474616226834, 55.7896021465483], [37.7047548, 55.789615899999994], [37.7045293, 55.7896558], [37.7040784, 55.7897407], [37.7042021, 55.78993309999999], [37.7057875, 55.7896152]]]}}, {"type": "Feature", "properties": {"id": 1773, "object_type": "restriction", "restriction_type": "oks"}, "geometry": {"type": "Polygon", "coordinates": [[[37.7042021, 55.78993309999999], [37.7040784, 55.7897407], [37.7045293, 55.7896558], [37.70449577763865, 55.78959950844842], [37.70404668536369, 55.789594775448954], [37.70403442341795, 55.789964059176526], [37.7042021, 55.78993309999999]]]}}, {"type": "Feature", "properties": {"id": 1774, "object_type": "restriction", "restriction_type": "oks"}, "geometry": {"type": "Polygon", "coordinates": [[[37.7047052, 55.800922899999996], [37.7046764, 55.8009762], [37.70478080000001, 55.800993999999996], [37.7047966, 55.8009648], [37.7048076, 55.8009444], [37.705094, 55.80099319999999], [37.7050687, 55.80104009999999], [37.7051713, 55.8010576], [37.7051886, 55.80102539999999], [37.7051976, 55.801008599999996], [37.7052517, 55.801017699999996], [37.7055014, 55.80106], [37.7054746, 55.801109999999994], [37.7055712, 55.80112630000001], [37.7055898, 55.8010913], [37.7055973, 55.8010773], [37.7057364, 55.8011008], [37.7057219, 55.80112809999999], [37.7057596, 55.8011344], [37.7057973, 55.80114069999999], [37.705675, 55.80137169999999], [37.7057131, 55.801378099999994], [37.7057512, 55.80138449999999], [37.7056549, 55.801567000000006], [37.7055759, 55.80155390000001], [37.7055463, 55.8016102], [37.7055819, 55.80161609999998], [37.7056175, 55.801622], [37.7055331, 55.80178269999999], [37.705453, 55.8017694], [37.705425, 55.8018226], [37.7054648, 55.80182909999999], [37.7055045, 55.8018357], [37.7054124, 55.80201129999999], [37.7053457, 55.802000299999996], [37.7053185, 55.8020522], [37.7053534, 55.802058], [37.7053882, 55.8020637], [37.70532276767157, 55.802188742139506], [37.70619158046419, 55.80219788648027], [37.7063196, 55.80195669999999], [37.7065928, 55.801442], [37.7063865, 55.80140759999999], [37.7063333, 55.80139849999998], [37.7060227, 55.80134640000001], [37.7060118, 55.80136699999999], [37.7059456, 55.801354], [37.7060249, 55.801204399999996], [37.7060429, 55.8012075], [37.7060809, 55.80113649999999], [37.7059661, 55.80111699999998], [37.7059939, 55.801065400000006], [37.7059675, 55.801061], [37.705992, 55.8010157], [37.7056709, 55.80096069999999], [37.7056809, 55.8009423], [37.7055687, 55.800923], [37.7055569, 55.800944699999995], [37.7053157, 55.80090309999999], [37.7052728, 55.80089569999999], [37.705281500000005, 55.8008797], [37.7051711, 55.80086059999999], [37.7051595, 55.800881699999984], [37.7048638, 55.8008306], [37.7048724, 55.800814899999985], [37.7048186, 55.8008056], [37.7047715, 55.800797499999994], [37.7047598, 55.800819], [37.7046688, 55.80080339999999], [37.7046126, 55.800907099999996], [37.7047052, 55.800922899999996]], [[37.7062293, 55.801595999999996], [37.705931500000005, 55.801545999999995], [37.7059838, 55.8014362], [37.7060086, 55.801440299999996], [37.7060311, 55.801391], [37.7063126, 55.801438299999994], [37.706365500000004, 55.80144719999999], [37.7062816, 55.80160479999999], [37.7062293, 55.801595999999996]]]}}, {"type": "Feature", "properties": {"id": 1775, "object_type": "restriction", "restriction_type": "oks"}, "geometry": {"type": "MultiPolygon", "coordinates": [[[[37.7085234, 55.8008417], [37.708557, 55.8008473], [37.7085214, 55.800915700000004], [37.7085859, 55.800926399999994], [37.7085746, 55.80094809999999], [37.7087024, 55.800969200000004], [37.7086961, 55.8009813], [37.7088425, 55.8010054], [37.709006300000006, 55.80103230000001], [37.7090658, 55.8010421], [37.7090562, 55.80106059999999], [37.7091462, 55.801075499999996], [37.7091568, 55.80105519999999], [37.7092413, 55.80106909999999], [37.7093134, 55.801080899999995], [37.7092952, 55.801116], [37.7093962, 55.80113260000001], [37.7093877, 55.80114889999999], [37.7095542, 55.801176299999995], [37.7095649, 55.80115579999999], [37.7096422, 55.80116849999999], [37.7097157, 55.80118060000001], [37.7097084, 55.801194699999996], [37.709748, 55.801201199999994], [37.7098038, 55.801210399999995], [37.7097956, 55.8012261], [37.7099623, 55.8012535], [37.7099703, 55.8012382], [37.710078, 55.801255899999994], [37.7102092, 55.80127749999998], [37.7102186, 55.8012595], [37.7104161, 55.801291899999995], [37.7104243, 55.801276200000004], [37.7104965, 55.8012881], [37.7105303, 55.8012233], [37.7105514, 55.801226799999995], [37.7106005, 55.8011324], [37.7106373, 55.80106179999999], [37.7106531, 55.8010644], [37.7106905, 55.800992599999994], [37.7108002, 55.8007818], [37.7106924, 55.80076410000001], [37.7105264, 55.800736799999996], [37.7104743, 55.8008369], [37.7104511, 55.800833], [37.7104104, 55.800911299999996], [37.710443, 55.8009166], [37.7104261, 55.80094909999999], [37.7103932, 55.8010123], [37.7103675, 55.8010081], [37.7103263, 55.8010873], [37.710305, 55.80112809999999], [37.7101573, 55.80110379999999], [37.7098271, 55.8010494], [37.7097856, 55.801042599999995], [37.7097916, 55.80103119999999], [37.7093706, 55.8009619], [37.7093681, 55.8009668], [37.7093004, 55.8009557], [37.709265, 55.8009499], [37.7092733, 55.80093389999999], [37.7090745, 55.80090119999999], [37.7089108, 55.80087429999999], [37.7088, 55.8008561], [37.7088183, 55.80082099999999], [37.7088726, 55.800716699999995], [37.7088542, 55.800713600000016], [37.7089019, 55.800622], [37.708928, 55.8006263], [37.708957, 55.800570699999994], [37.7089696, 55.8005465], [37.7089407, 55.80054169999998], [37.7089823, 55.800461799999994], [37.7089962, 55.800464100000006], [37.709024, 55.80041059999999], [37.7090753, 55.800312100000006], [37.7092034, 55.800333099999996], [37.7092098, 55.800320899999996], [37.709361, 55.8003458], [37.70943930000001, 55.80035869999998], [37.7094309, 55.800374799999986], [37.7095143, 55.80038859999999], [37.7095212, 55.80037539999999], [37.709637, 55.80039450000001], [37.7096169, 55.8004331], [37.709744300000004, 55.80045410000001], [37.7100647, 55.800506799999994], [37.7100713, 55.8004942], [37.7101441, 55.8005062], [37.710444, 55.800555499999994], [37.7104262, 55.80058970000001], [37.7105695, 55.80061329999999], [37.710755, 55.800643799999996], [37.7108629, 55.8006615], [37.7109448, 55.800504200000006], [37.7106515, 55.80045590000001], [37.7105081, 55.800432300000004], [37.710515, 55.8004192], [37.710215, 55.800369800000006], [37.7101468, 55.800358599999996], [37.7101433, 55.800365199999995], [37.7098185, 55.8003118], [37.7096909, 55.8002908], [37.7096951, 55.80028289999999], [37.70941800000001, 55.80023649999999], [37.7092668, 55.8002112], [37.70926430000001, 55.80021589999999], [37.7090105, 55.80017409999999], [37.7090034, 55.8001879], [37.708912, 55.80017279999999], [37.7088872, 55.80022060000001], [37.7088591, 55.800216000000006], [37.7087789, 55.800370199999996], [37.708751, 55.8004237], [37.7087418, 55.800422199999986], [37.7086876, 55.800526299999994], [37.7086109, 55.8006736], [37.7085566, 55.8007779], [37.7085234, 55.8008417]]], [[[37.7113782, 55.8005642], [37.7111065, 55.80051949999999], [37.7107941, 55.80111949999999], [37.7109395, 55.8011434], [37.7115035, 55.80079520000001], [37.71160450000001, 55.800601400000005], [37.7113782, 55.8005642]]]]}}, {"type": "Feature", "properties": {"id": 1776, "object_type": "restriction", "restriction_type": "oks"}, "geometry": {"type": "Polygon", "coordinates": [[[37.7055802, 55.7976037], [37.7057995, 55.7976426], [37.7058615, 55.79753109999999], [37.7055688, 55.7974799], [37.7055087, 55.79759099999999], [37.7055802, 55.7976037]]]}}, {"type": "Feature", "properties": {"id": 1777, "object_type": "restriction", "restriction_type": "oks"}, "geometry": {"type": "Polygon", "coordinates": [[[37.7053014, 55.7975732], [37.7050597, 55.79753480000001], [37.7050686, 55.79751290000001], [37.7048977, 55.79749300000001], [37.7048744, 55.79755440000001], [37.7048646, 55.797553], [37.7048493, 55.79760159999999], [37.7048022, 55.797596399999996], [37.7047946, 55.7976105], [37.7047509, 55.7976055], [37.7047593, 55.7975672], [37.7047053, 55.7975623], [37.7047028, 55.79756969999999], [37.7046831, 55.7975679], [37.7046755, 55.7975916], [37.7046951, 55.7975939], [37.7046934, 55.7976001], [37.7042378, 55.797546999999994], [37.7041836, 55.797698000000004], [37.7052156, 55.7978233], [37.7053014, 55.7975732]]]}}, {"type": "Feature", "properties": {"id": 1778, "object_type": "restriction", "restriction_type": "oks"}, "geometry": {"type": "Polygon", "coordinates": [[[37.7070816, 55.795922899999994], [37.707048, 55.7959229], [37.7070492, 55.795904], [37.7067942, 55.7958996], [37.7067868, 55.796016299999984], [37.7070418, 55.79602069999999], [37.7070441, 55.7959832], [37.7070771, 55.795983199999995], [37.7070607, 55.796204700000004], [37.7070589, 55.79622839999999], [37.7072603, 55.796231799999994], [37.7072688, 55.79608959999999], [37.7072839, 55.7959252], [37.70731610000001, 55.79592589999999], [37.7074448, 55.7959285], [37.707446, 55.795910400000004], [37.7074519, 55.79582039999999], [37.7070897, 55.79581369999999], [37.707086, 55.795863999999995], [37.7070816, 55.795922899999994]]]}}, {"type": "Feature", "properties": {"id": 1779, "object_type": "restriction", "restriction_type": "oks"}, "geometry": {"type": "Polygon", "coordinates": [[[37.706553, 55.7980728], [37.7065703, 55.798038399999996], [37.7065208, 55.79803050000001], [37.7065559, 55.797959599999984], [37.7065748, 55.79796199999999], [37.706579700000006, 55.79794319999999], [37.706578, 55.797929], [37.7065671, 55.797915499999995], [37.7065473, 55.79790439999999], [37.7065249, 55.7978983], [37.7065309, 55.79788390000001], [37.7064353, 55.7978714], [37.7064414, 55.797859], [37.7063787, 55.79784939999999], [37.7063666, 55.79787309999999], [37.7059028, 55.7978068], [37.7058485, 55.79792530000001], [37.7058364, 55.797926], [37.7058244, 55.797931699999985], [37.7058211, 55.7979374], [37.7058206, 55.797947999999984], [37.705828, 55.797954600000004], [37.7058353, 55.7979573], [37.7058957, 55.79796579999999], [37.7058771, 55.798006099999995], [37.7058118, 55.7980028], [37.70579810000001, 55.798042599999995], [37.705801900000004, 55.7980875], [37.7058361, 55.798142899999995], [37.7058722, 55.798172699999995], [37.7059163, 55.79819700000001], [37.7060141, 55.7982274], [37.7060815, 55.798235999999996], [37.7061474, 55.79823650000001], [37.7061643, 55.7982083], [37.7063969, 55.798243199999995], [37.7063844, 55.798268799999995], [37.7063854, 55.79827669999999], [37.7063936, 55.7982842], [37.706407500000005, 55.7982887], [37.7064271, 55.7982881], [37.7064378, 55.7982843], [37.7064447, 55.79827869999998], [37.706553, 55.7980728]], [[37.7062891, 55.79802339999999], [37.706297, 55.79802599999999], [37.7063026, 55.7980283], [37.7063078, 55.79803339999999], [37.7063072, 55.79804539999999], [37.7062586, 55.7981546], [37.706229, 55.7981489], [37.7062177, 55.79817059999999], [37.7061066, 55.7981488], [37.7060419, 55.798131899999994], [37.705998, 55.79809840000001], [37.7059805, 55.79806710000001], [37.7059763, 55.798017900000005], [37.7060182, 55.7980244], [37.7060345, 55.7979882], [37.7062891, 55.79802339999999]]]}}, {"type": "Feature", "properties": {"id": 1780, "object_type": "restriction", "restriction_type": "oks"}, "geometry": {"type": "Polygon", "coordinates": [[[37.7218077, 55.802260000000004], [37.7217999, 55.802211199999995], [37.7202255, 55.80195940000001], [37.7200538, 55.8019835], [37.7199992, 55.80201749999999], [37.71982688787, 55.80234059487084], [37.72175536707998, 55.802360656407295], [37.7218077, 55.802260000000004]]]}}, {"type": "Feature", "properties": {"id": 1781, "object_type": "restriction", "restriction_type": "water"}, "geometry": {"type": "Polygon", "coordinates": [[[37.7040124, 55.7915849], [37.704545100000004, 55.7918682], [37.704721, 55.79198419999999], [37.7048765, 55.7921083], [37.7050144, 55.79224739999999], [37.7051187, 55.792387600000005], [37.70519230000001, 55.792506599999996], [37.7052481, 55.7926435], [37.7052852, 55.792806], [37.7052847, 55.792973999999994], [37.7052625, 55.793143699999995], [37.7051996, 55.7933097], [37.7050829, 55.7934878], [37.7049398, 55.7936567], [37.7047089, 55.7939254], [37.704451, 55.794177399999995], [37.7041161, 55.79450729999999], [37.70387661013178, 55.79471603225198], [37.703862499396536, 55.79514085612651], [37.7041714, 55.794891499999984], [37.7044769, 55.79462089999999], [37.7048133, 55.7942913], [37.7050454, 55.794044400000004], [37.7053049, 55.7937534], [37.7054393, 55.7935822], [37.7055615, 55.79338859999999], [37.7056374, 55.7931803], [37.7056788, 55.7930011], [37.7056953, 55.792788299999984], [37.705648200000006, 55.792612600000005], [37.7055774, 55.792455199999985], [37.7054829, 55.7922901], [37.705366, 55.7921241], [37.70521320000001, 55.791987799999994], [37.7050387, 55.791848599999994], [37.7048608, 55.791725899999996], [37.7046574, 55.791607699999986], [37.703991545400115, 55.79125531610389], [37.703981147113474, 55.79156844107517], [37.7040124, 55.7915849]]]}}, {"type": "Feature", "properties": {"id": 1782, "object_type": "restriction", "restriction_type": "oks"}, "geometry": {"type": "Polygon", "coordinates": [[[37.7049886, 55.792712599999994], [37.7050086, 55.79269560000001], [37.7049806, 55.7926852], [37.7049429, 55.792671199999994], [37.7049144, 55.7926183], [37.7049424, 55.79259540000001], [37.7049584, 55.792582999999986], [37.7049287, 55.7925709], [37.7048832, 55.7925524], [37.7047868, 55.7925176], [37.7046776, 55.792613200000005], [37.7048024, 55.79265829999999], [37.7047452, 55.792708399999995], [37.7047018, 55.792692699999996], [37.7046699, 55.79272060000001], [37.7046659, 55.79277569999999], [37.7048389, 55.792839999999984], [37.7049886, 55.792712599999994]]]}}, {"type": "Feature", "properties": {"id": 1783, "object_type": "restriction", "restriction_type": "oks"}, "geometry": {"type": "Polygon", "coordinates": [[[37.7039959, 55.7918748], [37.70408820000001, 55.791820699999995], [37.70397493871869, 55.79175539232483], [37.7039714587388, 55.79186018279096], [37.7039959, 55.7918748]]]}}, {"type": "Feature", "properties": {"id": 1784, "object_type": "restriction", "restriction_type": "park"}, "geometry": {"type": "Polygon", "coordinates": [[[37.7122374, 55.7958802], [37.7125574, 55.79593630000001], [37.7126379, 55.7959503], [37.7126195, 55.7959821], [37.7126537, 55.7959881], [37.7127241, 55.7959654], [37.7133038, 55.796066900000014], [37.7132333, 55.7960895], [37.7133342, 55.7961072], [37.7134116, 55.79612079999999], [37.7135192, 55.79613959999999], [37.7135896, 55.796116999999995], [37.71383500000001, 55.796159900000006], [37.7137646, 55.79618260000001], [37.7139242, 55.7962105], [37.7140167, 55.796226499999996], [37.7140638, 55.796234699999985], [37.7140867, 55.79623600000001], [37.7141061, 55.79623049999999], [37.7141293, 55.7962158], [37.7141401, 55.79619600000001], [37.7141492, 55.796176700000004], [37.7141513, 55.79613659999998], [37.7141381, 55.7960897], [37.71411690000001, 55.7960363], [37.7140803, 55.7959897], [37.7140293, 55.79595239999999], [37.7139121, 55.79592239999999], [37.7137375, 55.79588819999999], [37.7135544, 55.795876899999996], [37.7132861, 55.7958742], [37.7130535, 55.7958267], [37.713, 55.7958159], [37.7127342, 55.79576049999999], [37.7126533, 55.7957475], [37.7124201, 55.795698599999994], [37.7122772, 55.79565959999999], [37.7116106, 55.795534399999994], [37.7115059, 55.79579089999999], [37.712167, 55.7959028], [37.7122374, 55.7958802]]]}}, {"type": "Feature", "properties": {"id": 1785, "object_type": "restriction", "restriction_type": "park"}, "geometry": {"type": "Polygon", "coordinates": [[[37.7130463, 55.78973309999999], [37.7135313, 55.78979069999999], [37.7133685, 55.790282], [37.7133389, 55.7903713], [37.71595980000001, 55.7906535], [37.716249785980466, 55.78972280072483], [37.713024961791106, 55.78968908623135], [37.7130463, 55.78973309999999]]]}}, {"type": "Feature", "properties": {"id": 1786, "object_type": "restriction", "restriction_type": "oks"}, "geometry": {"type": "Polygon", "coordinates": [[[37.7100147, 55.79096519999999], [37.7101073, 55.790951299999996], [37.710048, 55.7908258], [37.7099553, 55.79083969999999], [37.7100147, 55.79096519999999]]]}}, {"type": "Feature", "properties": {"id": 1787, "object_type": "restriction", "restriction_type": "oks"}, "geometry": {"type": "Polygon", "coordinates": [[[37.7102485, 55.79102280000001], [37.7104475, 55.7909985], [37.7103629, 55.7907774], [37.7101633, 55.7908021], [37.7102485, 55.79102280000001]]]}}, {"type": "Feature", "properties": {"id": 1788, "object_type": "restriction", "restriction_type": "oks"}, "geometry": {"type": "Polygon", "coordinates": [[[37.7101025, 55.79056849999999], [37.7100392, 55.79057459999999], [37.7100711, 55.79067899999999], [37.7101423, 55.79067210000001], [37.7101557, 55.7907162], [37.7103386, 55.79069849999999], [37.7102719, 55.790480499999994], [37.7102145, 55.7904861], [37.7102084, 55.790465999999995], [37.7102312, 55.7904638], [37.7102122, 55.7904018], [37.7101601, 55.79040679999999], [37.7101285, 55.79030369999998], [37.7098001, 55.790335400000004], [37.7098567, 55.7905206], [37.7100812, 55.7904989], [37.7101025, 55.79056849999999]]]}}, {"type": "Feature", "properties": {"id": 1789, "object_type": "restriction", "restriction_type": "oks"}, "geometry": {"type": "Polygon", "coordinates": [[[37.72636679758459, 55.78984853748899], [37.72636746684378, 55.789828028518805], [37.726269818124436, 55.789827016915545], [37.7263411, 55.78986259999999], [37.72636679758459, 55.78984853748899]]]}}, {"type": "Feature", "properties": {"id": 1790, "object_type": "restriction", "restriction_type": "oks"}, "geometry": {"type": "Polygon", "coordinates": [[[37.726336184781694, 55.790786616525864], [37.726337910980455, 55.79073372148312], [37.726199, 55.7907075], [37.7262598, 55.790605600000006], [37.7261703, 55.7905887], [37.7260809, 55.790738399999995], [37.726336184781694, 55.790786616525864]]]}}, {"type": "Feature", "properties": {"id": 1791, "object_type": "restriction", "restriction_type": "oks"}, "geometry": {"type": "Polygon", "coordinates": [[[37.7053245, 55.790760100000014], [37.7056784, 55.79133559999998], [37.7059502, 55.791282800000005], [37.7055962, 55.79070730000001], [37.7053245, 55.790760100000014]]]}}, {"type": "Feature", "properties": {"id": 1792, "object_type": "restriction", "restriction_type": "oks"}, "geometry": {"type": "Polygon", "coordinates": [[[37.7069338, 55.7910778], [37.707084, 55.79104759999999], [37.7071418, 55.79103599999999], [37.7069449, 55.790443499999995], [37.7066085, 55.79050769999999], [37.7069338, 55.7910778]]]}}, {"type": "Feature", "properties": {"id": 1793, "object_type": "restriction", "restriction_type": "oks"}, "geometry": {"type": "Polygon", "coordinates": [[[37.7058969, 55.7906466], [37.7066085, 55.79050769999999], [37.7069449, 55.790443499999995], [37.7068265, 55.79012440000001], [37.7066111, 55.79015179999999], [37.7065964, 55.7901533], [37.7066123, 55.7901985], [37.7066469, 55.790194500000005], [37.7066705, 55.79026129999999], [37.7067091, 55.79037079999999], [37.7058384, 55.79054140000001], [37.705743, 55.79055820000001], [37.7058015, 55.79066329999999], [37.7058969, 55.7906466]]]}}, {"type": "Feature", "properties": {"id": 1794, "object_type": "restriction", "restriction_type": "oks"}, "geometry": {"type": "Polygon", "coordinates": [[[37.7066111, 55.79015179999999], [37.7068265, 55.79012440000001], [37.7066818, 55.78973200000001], [37.7064718, 55.78976199999998], [37.7066111, 55.79015179999999]]]}}, {"type": "Feature", "properties": {"id": 1795, "object_type": "restriction", "restriction_type": "oks"}, "geometry": {"type": "Polygon", "coordinates": [[[37.7066947, 55.7918408], [37.7066992, 55.79185129999999], [37.7073381, 55.79177440000001], [37.7071134, 55.79113989999999], [37.7068557, 55.79116749999999], [37.7070174, 55.791655199999994], [37.7066397, 55.79169790000001], [37.7066947, 55.7918408]]]}}, {"type": "Feature", "properties": {"id": 1796, "object_type": "restriction", "restriction_type": "oks"}, "geometry": {"type": "Polygon", "coordinates": [[[37.7066237, 55.79169989999998], [37.7065987, 55.7916281], [37.7060164, 55.791681499999996], [37.7046685, 55.790941], [37.7043766, 55.7911208], [37.70445550000001, 55.79116400000001], [37.7044776, 55.7911516], [37.7058741, 55.7919144], [37.7066947, 55.7918408], [37.7066397, 55.79169790000001], [37.7066237, 55.79169989999998]]]}}, {"type": "Feature", "properties": {"id": 1797, "object_type": "restriction", "restriction_type": "oks"}, "geometry": {"type": "MultiPolygon", "coordinates": [[[[37.7116333, 55.79942839999999], [37.711844600000006, 55.79946319999999], [37.7120306, 55.7994937], [37.7120149, 55.79952379999999], [37.7119011, 55.79974249999999], [37.7117973, 55.7999419], [37.7116986, 55.8001317], [37.7116661, 55.80019399999999], [37.7118784, 55.800229], [37.7119109, 55.80016659999999], [37.7119628, 55.800175199999984], [37.7119865, 55.8001791], [37.7120853, 55.7999893], [37.7121288, 55.79990579999999], [37.712105, 55.7999019], [37.7121654, 55.799785899999996], [37.7122393, 55.799644], [37.7122654, 55.79964830000001], [37.7122688, 55.799641699999995], [37.7123667, 55.79965779999999], [37.7124469, 55.799671], [37.7122878, 55.7999762], [37.7124527, 55.800003399999994], [37.712725, 55.799699700000005], [37.7129232, 55.79947860000001], [37.71257700000001, 55.7994216], [37.712464, 55.79963819999998], [37.7123838, 55.799625], [37.7122859, 55.7996089], [37.7123053, 55.799571499999985], [37.7123345, 55.7995154], [37.712401, 55.7993877], [37.7121106, 55.7993399], [37.7119246, 55.799309400000006], [37.7117133, 55.7992746], [37.711502, 55.799239899999996], [37.7113147, 55.7992091], [37.7110216, 55.7991609], [37.7109738, 55.799252700000004], [37.710926, 55.79934459999999], [37.7108853, 55.7994229], [37.7109026, 55.7994257], [37.7108439, 55.7995386], [37.7107874, 55.7996471], [37.7107679, 55.79964389999999], [37.7107234, 55.79972939999998], [37.7106592, 55.79985279999998], [37.7106766, 55.799855599999994], [37.7106385, 55.799929], [37.7105758, 55.8000494], [37.7105563, 55.8000462], [37.7105309, 55.800095000000006], [37.7104462, 55.800257800000004], [37.7107093, 55.800301], [37.710794, 55.80013829999999], [37.7108113, 55.80010510000001], [37.7108429, 55.80011029999999], [37.710913700000006, 55.7999742], [37.710957, 55.7998909], [37.7109274, 55.799886099999995], [37.7109864, 55.799772700000005], [37.7110222, 55.799703900000004], [37.7110544, 55.7997092], [37.7111196, 55.799583899999995], [37.711219, 55.79939279999999], [37.7112346, 55.7993629], [37.711422, 55.799393699999996], [37.7116333, 55.79942839999999]]], [[[37.7115852, 55.80044509999999], [37.711802000000006, 55.8004808], [37.7118811, 55.8003291], [37.7116643, 55.800293399999994], [37.7112307, 55.80022189999999], [37.7110139, 55.80018619999999], [37.7108808, 55.800164399999986], [37.7108018, 55.8003162], [37.71086830000001, 55.800327100000004], [37.7109349, 55.800337999999996], [37.7111517, 55.800373699999994], [37.7115852, 55.80044509999999]]]]}}, {"type": "Feature", "properties": {"id": 1798, "object_type": "restriction", "restriction_type": "oks"}, "geometry": {"type": "Polygon", "coordinates": [[[37.7079681, 55.79439070000001], [37.707925, 55.7942452], [37.707668, 55.79426889999999], [37.7077355, 55.7945006], [37.708314900000005, 55.7944469], [37.70828980000001, 55.79436129999999], [37.7079681, 55.79439070000001]]]}}, {"type": "Feature", "properties": {"id": 1799, "object_type": "restriction", "restriction_type": "oks"}, "geometry": {"type": "Polygon", "coordinates": [[[37.7081525, 55.7939012], [37.7080995, 55.7937118], [37.7079296, 55.79372540000001], [37.7079837, 55.79391759999999], [37.7081525, 55.7939012]]]}}, {"type": "Feature", "properties": {"id": 1800, "object_type": "restriction", "restriction_type": "oks"}, "geometry": {"type": "Polygon", "coordinates": [[[37.7076077, 55.79409330000001], [37.7080227, 55.794054800000005], [37.7080558, 55.7941632], [37.7082295, 55.794144599999996], [37.7081525, 55.7939012], [37.7079837, 55.79391759999999], [37.7075676, 55.793956099999996], [37.7076077, 55.79409330000001]]]}}, {"type": "Feature", "properties": {"id": 1801, "object_type": "restriction", "restriction_type": "oks"}, "geometry": {"type": "Polygon", "coordinates": [[[37.7067999, 55.793333999999994], [37.7068541, 55.79332899999999], [37.7068504, 55.793301899999996], [37.7070887, 55.79328069999999], [37.7070842, 55.79325899999999], [37.7077263, 55.7932082], [37.7077093, 55.7931404], [37.7067691, 55.793209899999994], [37.7067999, 55.793333999999994]]]}}, {"type": "Feature", "properties": {"id": 1802, "object_type": "restriction", "restriction_type": "oks"}, "geometry": {"type": "Polygon", "coordinates": [[[37.7077263, 55.7932082], [37.7077531, 55.793205499999985], [37.7077833, 55.793302], [37.7078098, 55.79338049999999], [37.7079911, 55.7933648], [37.7079648, 55.79328399999999], [37.7078954, 55.7930721], [37.7078794, 55.79307369999999], [37.7078065, 55.79308120000001], [37.7078064, 55.793087], [37.7077529, 55.7930931], [37.7077661, 55.7931363], [37.7077093, 55.7931404], [37.7077263, 55.7932082]]]}}, {"type": "Feature", "properties": {"id": 1803, "object_type": "restriction", "restriction_type": "oks"}, "geometry": {"type": "Polygon", "coordinates": [[[37.7074957, 55.79364249999999], [37.7075085, 55.7936982], [37.7080758, 55.7936476], [37.7080624, 55.793586199999986], [37.7079911, 55.7933648], [37.7078098, 55.79338049999999], [37.7075107, 55.7934065], [37.7074731, 55.793279899999995], [37.7073154, 55.79329429999999], [37.7072873, 55.793300899999984], [37.7070008, 55.793344499999996], [37.706934, 55.7933594], [37.7069683, 55.793489300000005], [37.7070042, 55.79348670000001], [37.70701, 55.79350680000001], [37.7071319, 55.7934972], [37.707185, 55.7936652], [37.7074957, 55.79364249999999]]]}}, {"type": "Feature", "properties": {"id": 1804, "object_type": "restriction", "restriction_type": "oks"}, "geometry": {"type": "Polygon", "coordinates": [[[37.7102271, 55.793649299999984], [37.7104365, 55.7936256], [37.7105145, 55.79384299999999], [37.710271, 55.793870600000005], [37.710324, 55.7940184], [37.7107638, 55.7939685], [37.7105849, 55.7934697], [37.7101792, 55.79351570000001], [37.7102271, 55.793649299999984]]]}}, {"type": "Feature", "properties": {"id": 1805, "object_type": "restriction", "restriction_type": "oks"}, "geometry": {"type": "Polygon", "coordinates": [[[37.7176293, 55.79449339999999], [37.7176794, 55.79437020000001], [37.7173298, 55.79432529999999], [37.7172797, 55.7944485], [37.7176293, 55.79449339999999]]]}}, {"type": "Feature", "properties": {"id": 1806, "object_type": "restriction", "restriction_type": "oks"}, "geometry": {"type": "Polygon", "coordinates": [[[37.717137, 55.7943678], [37.7171547, 55.7943131], [37.717043200000006, 55.7943017], [37.7170261, 55.7943563], [37.717137, 55.7943678]]]}}, {"type": "Feature", "properties": {"id": 1807, "object_type": "restriction", "restriction_type": "oks"}, "geometry": {"type": "Polygon", "coordinates": [[[37.7167804, 55.79447069999999], [37.71678200000001, 55.794447399999996], [37.7170196, 55.7944525], [37.7170261, 55.7943563], [37.716739, 55.79435019999999], [37.7167346, 55.79441550000001], [37.7167336, 55.7944307], [37.7166664, 55.79442929999999], [37.7166639, 55.7944662], [37.7167804, 55.79447069999999]]]}}, {"type": "Feature", "properties": {"id": 1808, "object_type": "restriction", "restriction_type": "oks"}, "geometry": {"type": "Polygon", "coordinates": [[[37.7152446, 55.7926302], [37.7152508, 55.7925795], [37.7153294, 55.7925826], [37.7153235, 55.7926308], [37.7154993, 55.79263759999999], [37.715505, 55.7925913], [37.7156055, 55.7925952], [37.7156021, 55.79262299999999], [37.7157615, 55.792629200000015], [37.7157811, 55.792469000000004], [37.7156733, 55.792464800000005], [37.7151633, 55.792444999999994], [37.7150613, 55.79244109999999], [37.7150391, 55.79262229999999], [37.7152446, 55.7926302]]]}}, {"type": "Feature", "properties": {"id": 1809, "object_type": "restriction", "restriction_type": "oks"}, "geometry": {"type": "Polygon", "coordinates": [[[37.7164097, 55.793964300000006], [37.7164417, 55.7938787], [37.715938900000005, 55.79381990000001], [37.7159184, 55.7938916], [37.71591320000001, 55.793905699999996], [37.7164097, 55.793964300000006]]]}}, {"type": "Feature", "properties": {"id": 1810, "object_type": "restriction", "restriction_type": "oks"}, "geometry": {"type": "Polygon", "coordinates": [[[37.7158804, 55.79401519999999], [37.7159225, 55.79402219999999], [37.7159681, 55.79400789999999], [37.7159734, 55.79399579999999], [37.7159797, 55.79398170000001], [37.7159551, 55.793958700000005], [37.7159084, 55.79395109999999], [37.7158673, 55.7939649], [37.7158556, 55.79399209999999], [37.7158804, 55.79401519999999]]]}}, {"type": "Feature", "properties": {"id": 1811, "object_type": "restriction", "restriction_type": "oks"}, "geometry": {"type": "Polygon", "coordinates": [[[37.7152935, 55.7938884], [37.7158556, 55.79399209999999], [37.7158673, 55.7939649], [37.7159084, 55.79395109999999], [37.71591320000001, 55.793905699999996], [37.7159184, 55.7938916], [37.7157143, 55.79385899999999], [37.7157435, 55.793809], [37.715662, 55.79379339999999], [37.7156389, 55.7938267], [37.7155944, 55.7938179], [37.7156064, 55.7937981], [37.7154614, 55.7937707], [37.7154687, 55.7937592], [37.71504800000001, 55.79367859999999], [37.7150545, 55.793629599999996], [37.7149161, 55.793624200000004], [37.714888, 55.7938136], [37.7152935, 55.7938884]]]}}, {"type": "Feature", "properties": {"id": 1812, "object_type": "restriction", "restriction_type": "oks"}, "geometry": {"type": "Polygon", "coordinates": [[[37.7150545, 55.793629599999996], [37.7150593, 55.7935902], [37.7150664, 55.79353210000001], [37.7149281, 55.7935268], [37.7149161, 55.793624200000004], [37.7150545, 55.793629599999996]]]}}, {"type": "Feature", "properties": {"id": 1813, "object_type": "restriction", "restriction_type": "oks"}, "geometry": {"type": "Polygon", "coordinates": [[[37.7151823, 55.7935949], [37.7151894, 55.7935369], [37.7150664, 55.79353210000001], [37.7150593, 55.7935902], [37.7151823, 55.7935949]]]}}, {"type": "Feature", "properties": {"id": 1814, "object_type": "restriction", "restriction_type": "oks"}, "geometry": {"type": "Polygon", "coordinates": [[[37.7150664, 55.79353210000001], [37.7151894, 55.7935369], [37.7156911, 55.79355640000001], [37.715706, 55.7934348], [37.7155878, 55.793430199999996], [37.7155812, 55.7934834], [37.715364, 55.793474999999994], [37.7153659, 55.79345949999999], [37.7152637, 55.79345549999999], [37.7152616, 55.793472799999996], [37.715071, 55.7934654], [37.7150858, 55.793345300000006], [37.7150986, 55.79334579999999], [37.7151769, 55.7927079], [37.715029300000005, 55.79270219999999], [37.7149281, 55.7935268], [37.7150664, 55.79353210000001]]]}}, {"type": "Feature", "properties": {"id": 1815, "object_type": "restriction", "restriction_type": "oks"}, "geometry": {"type": "Polygon", "coordinates": [[[37.7151813, 55.7936032], [37.7156829, 55.79362270000001], [37.7156911, 55.79355640000001], [37.7151894, 55.7935369], [37.7151823, 55.7935949], [37.7151813, 55.7936032]]]}}, {"type": "Feature", "properties": {"id": 1816, "object_type": "restriction", "restriction_type": "oks"}, "geometry": {"type": "Polygon", "coordinates": [[[37.7171269, 55.79576000000001], [37.7174136, 55.7958095], [37.7177004, 55.79585900000001], [37.7178816, 55.7958903], [37.7179872, 55.79590850000001], [37.7182739, 55.79595799999999], [37.7185607, 55.796007499999995], [37.7188474, 55.79605699999998], [37.7190294, 55.7960885], [37.7190921, 55.79597369999999], [37.7170076, 55.7956138], [37.7169953, 55.7956363], [37.7169449, 55.7957285], [37.7171269, 55.79576000000001]]]}}, {"type": "Feature", "properties": {"id": 1817, "object_type": "restriction", "restriction_type": "oks"}, "geometry": {"type": "Polygon", "coordinates": [[[37.7193611, 55.794614800000005], [37.7194207, 55.79451699999999], [37.7193131, 55.7944963], [37.71899, 55.794434100000004], [37.7189406, 55.79451509999999], [37.7189278, 55.79453610000001], [37.7193611, 55.794614800000005]]]}}, {"type": "Feature", "properties": {"id": 1818, "object_type": "restriction", "restriction_type": "oks"}, "geometry": {"type": "Polygon", "coordinates": [[[37.7196635, 55.7929868], [37.7199453, 55.793000600000006], [37.7199521, 55.79295649999999], [37.7196703, 55.79294269999999], [37.7196635, 55.7929868]]]}}, {"type": "Feature", "properties": {"id": 1819, "object_type": "restriction", "restriction_type": "oks"}, "geometry": {"type": "Polygon", "coordinates": [[[37.7199813, 55.7923832], [37.7200062, 55.7919875], [37.719883, 55.7919851], [37.7198581, 55.79238079999998], [37.7199813, 55.7923832]]]}}, {"type": "Feature", "properties": {"id": 1820, "object_type": "restriction", "restriction_type": "oks"}, "geometry": {"type": "Polygon", "coordinates": [[[37.7196869, 55.7924723], [37.7196837, 55.792522299999995], [37.7197757, 55.79252419999999], [37.7197697, 55.7926192], [37.719992, 55.7926236], [37.7200071, 55.792383699999995], [37.7199813, 55.7923832], [37.7198581, 55.79238079999998], [37.719751, 55.79237859999999], [37.7197527, 55.7923508], [37.7195861, 55.7923475], [37.7195784, 55.7924702], [37.7196869, 55.7924723]]]}}, {"type": "Feature", "properties": {"id": 1821, "object_type": "restriction", "restriction_type": "oks"}, "geometry": {"type": "Polygon", "coordinates": [[[37.719499, 55.7946421], [37.7194934, 55.7946548], [37.7195182, 55.7946779], [37.7195603, 55.79468490000001], [37.7196059, 55.794670599999996], [37.7196175, 55.7946444], [37.7195929, 55.7946214], [37.7195752, 55.794618500000006], [37.7195743, 55.7946183], [37.7195462, 55.79461380000001], [37.7195051, 55.794627600000005], [37.7194992, 55.7946416], [37.719499, 55.7946421]]]}}, {"type": "Feature", "properties": {"id": 1822, "object_type": "restriction", "restriction_type": "oks"}, "geometry": {"type": "Polygon", "coordinates": [[[37.7194992, 55.7946416], [37.7195051, 55.794627600000005], [37.7195462, 55.79461380000001], [37.7195743, 55.7946183], [37.7196326, 55.794469899999996], [37.71944, 55.7944569], [37.7194207, 55.79451699999999], [37.7193611, 55.794614800000005], [37.7194992, 55.7946416]]]}}, {"type": "Feature", "properties": {"id": 1823, "object_type": "restriction", "restriction_type": "oks"}, "geometry": {"type": "Polygon", "coordinates": [[[37.7194207, 55.79451699999999], [37.71944, 55.7944569], [37.7194701, 55.794315100000006], [37.7193595, 55.79430479999999], [37.7193131, 55.7944963], [37.7194207, 55.79451699999999]]]}}, {"type": "Feature", "properties": {"id": 1824, "object_type": "restriction", "restriction_type": "oks"}, "geometry": {"type": "Polygon", "coordinates": [[[37.7196326, 55.794469899999996], [37.71966270000001, 55.79432799999999], [37.7194701, 55.794315100000006], [37.71944, 55.7944569], [37.7196326, 55.794469899999996]]]}}, {"type": "Feature", "properties": {"id": 1825, "object_type": "restriction", "restriction_type": "oks"}, "geometry": {"type": "Polygon", "coordinates": [[[37.71966270000001, 55.79432799999999], [37.7197202, 55.794057], [37.7195275, 55.794044099999994], [37.7194701, 55.794315100000006], [37.71966270000001, 55.79432799999999]]]}}, {"type": "Feature", "properties": {"id": 1826, "object_type": "restriction", "restriction_type": "oks"}, "geometry": {"type": "Polygon", "coordinates": [[[37.7197202, 55.794057], [37.7197473, 55.793929], [37.7195547, 55.79391609999998], [37.7195275, 55.794044099999994], [37.7197202, 55.794057]]]}}, {"type": "Feature", "properties": {"id": 1827, "object_type": "restriction", "restriction_type": "oks"}, "geometry": {"type": "Polygon", "coordinates": [[[37.7197473, 55.793929], [37.7198864, 55.793273199999994], [37.7196938, 55.7932602], [37.7195547, 55.79391609999998], [37.7197473, 55.793929]]]}}, {"type": "Feature", "properties": {"id": 1828, "object_type": "restriction", "restriction_type": "oks"}, "geometry": {"type": "Polygon", "coordinates": [[[37.7198864, 55.793273199999994], [37.7199158, 55.7931349], [37.7197231, 55.793122000000004], [37.7196938, 55.7932602], [37.7198864, 55.793273199999994]]]}}, {"type": "Feature", "properties": {"id": 1829, "object_type": "restriction", "restriction_type": "oks"}, "geometry": {"type": "Polygon", "coordinates": [[[37.7200026, 55.79278349999999], [37.7200388, 55.7927623], [37.7200363, 55.7927353], [37.7200008, 55.792717399999994], [37.7199823, 55.792717499999995], [37.7199522, 55.79271779999999], [37.71992, 55.79273770000001], [37.7199216, 55.7927521], [37.7199217, 55.7927526], [37.719923, 55.7927656], [37.7199587, 55.792783699999994], [37.7199806, 55.79278359999999], [37.7200026, 55.79278349999999]]]}}, {"type": "Feature", "properties": {"id": 1830, "object_type": "restriction", "restriction_type": "oks"}, "geometry": {"type": "Polygon", "coordinates": [[[37.7174564, 55.79095789999999], [37.7174925, 55.790848600000004], [37.7173341, 55.79083200000001], [37.717298, 55.7909414], [37.7174564, 55.79095789999999]]]}}, {"type": "Feature", "properties": {"id": 1831, "object_type": "restriction", "restriction_type": "oks"}, "geometry": {"type": "Polygon", "coordinates": [[[37.7175866, 55.7909735], [37.7177307, 55.79098859999999], [37.7178847, 55.7910046], [37.7179214, 55.7908933], [37.7176234, 55.79086219999999], [37.7175866, 55.7909735]]]}}, {"type": "Feature", "properties": {"id": 1832, "object_type": "restriction", "restriction_type": "oks"}, "geometry": {"type": "Polygon", "coordinates": [[[37.7200061, 55.7947692], [37.720121, 55.79450320000001], [37.7198847, 55.794470999999994], [37.71976980000001, 55.794736999999984], [37.7200061, 55.7947692]]]}}, {"type": "Feature", "properties": {"id": 1833, "object_type": "restriction", "restriction_type": "oks"}, "geometry": {"type": "Polygon", "coordinates": [[[37.720309, 55.794475899999995], [37.7202317, 55.79446380000001], [37.7201132, 55.79474210000001], [37.7201897, 55.794754100000006], [37.720309, 55.794475899999995]]]}}, {"type": "Feature", "properties": {"id": 1834, "object_type": "restriction", "restriction_type": "park"}, "geometry": {"type": "Polygon", "coordinates": [[[37.7148345, 55.7943739], [37.7148491, 55.794389100000004], [37.7148642, 55.7943968], [37.71489, 55.79440459999999], [37.71554810000001, 55.7944284], [37.7155696, 55.794393799999995], [37.7157815, 55.7944013], [37.7157815, 55.794413299999995], [37.7159378, 55.7944181], [37.716, 55.794154799999994], [37.7160365, 55.79400590000001], [37.7159734, 55.79399579999999], [37.7159681, 55.79400789999999], [37.7159225, 55.79402219999999], [37.7158804, 55.79401519999999], [37.7158556, 55.79399209999999], [37.7152935, 55.7938884], [37.7151726, 55.794202299999995], [37.7148414, 55.79419399999999], [37.7148345, 55.7943739]]]}}, {"type": "Feature", "properties": {"id": 1835, "object_type": "restriction", "restriction_type": "oks"}, "geometry": {"type": "Polygon", "coordinates": [[[37.7161139, 55.7925067], [37.7161472, 55.7925261], [37.7161654, 55.7925271], [37.7161911, 55.79252770000001], [37.7162298, 55.792507999999984], [37.7162303, 55.79249509999999], [37.7162307, 55.792480999999995], [37.7161976, 55.7924616], [37.7161856, 55.7924612], [37.7161792, 55.79246109999998], [37.7161782, 55.792460899999995], [37.7161491, 55.7924601], [37.7161152, 55.79247839999999], [37.7161145, 55.792492399999986], [37.7161139, 55.7925067]]]}}, {"type": "Feature", "properties": {"id": 1836, "object_type": "restriction", "restriction_type": "oks"}, "geometry": {"type": "Polygon", "coordinates": [[[37.7184952, 55.79385319999999], [37.7185983, 55.793858199999995], [37.718607, 55.79380090000001], [37.7184952, 55.793795599999996], [37.7183885, 55.79379050000001], [37.7183798, 55.7938477], [37.7184952, 55.79385319999999]]]}}, {"type": "Feature", "properties": {"id": 1837, "object_type": "restriction", "restriction_type": "oks"}, "geometry": {"type": "Polygon", "coordinates": [[[37.7184952, 55.793795599999996], [37.7185981, 55.7931158], [37.7184914, 55.79311069999999], [37.7183885, 55.79379050000001], [37.7184952, 55.793795599999996]]]}}, {"type": "Feature", "properties": {"id": 1838, "object_type": "restriction", "restriction_type": "oks"}, "geometry": {"type": "Polygon", "coordinates": [[[37.7177525, 55.79279100000001], [37.7178494, 55.792796199999984], [37.7180747, 55.792822], [37.7181652, 55.79278089999999], [37.7181635, 55.7927391], [37.717925, 55.7927423], [37.7179159, 55.792526800000005], [37.7179994, 55.79252569999999], [37.7180067, 55.792698899999984], [37.7181731, 55.792696699999986], [37.718149700000005, 55.7921458], [37.7178866, 55.79214929999999], [37.7178876, 55.792186799999996], [37.7177878, 55.7921877], [37.7178186, 55.7925834], [37.7177361, 55.792584899999994], [37.7177525, 55.79279100000001]]]}}, {"type": "Feature", "properties": {"id": 1839, "object_type": "restriction", "restriction_type": "oks"}, "geometry": {"type": "Polygon", "coordinates": [[[37.7176051, 55.79218929999999], [37.7177878, 55.7921877], [37.7178876, 55.792186799999996], [37.7178866, 55.79214929999999], [37.717885, 55.79209259999999], [37.7177643, 55.79209369999999], [37.7177653, 55.7921295], [37.7177016, 55.792130099999994], [37.7177006, 55.792094299999995], [37.7176024, 55.7920951], [37.7176051, 55.79218929999999]]]}}, {"type": "Feature", "properties": {"id": 1840, "object_type": "restriction", "restriction_type": "oks"}, "geometry": {"type": "Polygon", "coordinates": [[[37.7184914, 55.79311069999999], [37.7185765, 55.79306809999999], [37.7185113, 55.7930226], [37.7181652, 55.79278089999999], [37.7180747, 55.792822], [37.7184914, 55.79311069999999]]]}}, {"type": "Feature", "properties": {"id": 1841, "object_type": "restriction", "restriction_type": "oks"}, "geometry": {"type": "Polygon", "coordinates": [[[37.7188738, 55.7943514], [37.718917, 55.7942053], [37.7188216, 55.7941928], [37.7187978, 55.79427259999999], [37.7186224, 55.79426069999999], [37.7185948, 55.7943197], [37.7188738, 55.7943514]]]}}, {"type": "Feature", "properties": {"id": 1842, "object_type": "restriction", "restriction_type": "oks"}, "geometry": {"type": "Polygon", "coordinates": [[[37.7186224, 55.79426069999999], [37.7187978, 55.79427259999999], [37.7188216, 55.7941928], [37.7188448, 55.7940545], [37.7188062, 55.7940515], [37.7185714, 55.79403549999999], [37.7185244, 55.794253999999995], [37.7186224, 55.79426069999999]]]}}, {"type": "Feature", "properties": {"id": 1843, "object_type": "restriction", "restriction_type": "oks"}, "geometry": {"type": "Polygon", "coordinates": [[[37.7188448, 55.7940545], [37.7189565, 55.79406129999999], [37.7189806, 55.79393979999999], [37.7188302, 55.79393030000001], [37.7188062, 55.7940515], [37.7188448, 55.7940545]]]}}, {"type": "Feature", "properties": {"id": 1844, "object_type": "restriction", "restriction_type": "oks"}, "geometry": {"type": "Polygon", "coordinates": [[[37.7186797, 55.79393799999999], [37.7186997, 55.79380539999999], [37.718607, 55.79380090000001], [37.7185983, 55.793858199999995], [37.7185869, 55.793933499999994], [37.7186797, 55.79393799999999]]]}}, {"type": "Feature", "properties": {"id": 1845, "object_type": "restriction", "restriction_type": "oks"}, "geometry": {"type": "Polygon", "coordinates": [[[37.717499100000005, 55.7927773], [37.7174788, 55.792896599999985], [37.7178291, 55.79291549999999], [37.7178494, 55.792796199999984], [37.7177525, 55.79279100000001], [37.717499100000005, 55.7927773]]]}}, {"type": "Feature", "properties": {"id": 1846, "object_type": "restriction", "restriction_type": "oks"}, "geometry": {"type": "Polygon", "coordinates": [[[37.7189164, 55.7920899], [37.7188999, 55.79225730000001], [37.7188839, 55.7924202], [37.7191302, 55.792427800000006], [37.7191801, 55.79192189999999], [37.7189346, 55.791904599999995], [37.7189164, 55.7920899]]]}}, {"type": "Feature", "properties": {"id": 1847, "object_type": "restriction", "restriction_type": "oks"}, "geometry": {"type": "Polygon", "coordinates": [[[37.7196838, 55.7920644], [37.7196711, 55.7921365], [37.7197798, 55.79214259999999], [37.7198115, 55.791962599999984], [37.7194157, 55.7919405], [37.7193966, 55.7920484], [37.7196838, 55.7920644]]]}}, {"type": "Feature", "properties": {"id": 1848, "object_type": "restriction", "restriction_type": "oks"}, "geometry": {"type": "Polygon", "coordinates": [[[37.7194802, 55.7922783], [37.7195068, 55.7921274], [37.7196711, 55.7921365], [37.7196838, 55.7920644], [37.7193966, 55.7920484], [37.7193573, 55.7922714], [37.7194802, 55.7922783]]]}}, {"type": "Feature", "properties": {"id": 1849, "object_type": "restriction", "restriction_type": "oks"}, "geometry": {"type": "Polygon", "coordinates": [[[37.7196531, 55.792238399999995], [37.7197618, 55.79224439999999], [37.7197798, 55.79214259999999], [37.7196711, 55.7921365], [37.7196531, 55.792238399999995]]]}}, {"type": "Feature", "properties": {"id": 1850, "object_type": "restriction", "restriction_type": "oks"}, "geometry": {"type": "Polygon", "coordinates": [[[37.7175941, 55.792073099999996], [37.7177003, 55.79206839999999], [37.717669, 55.791844899999994], [37.7175628, 55.79184959999999], [37.7175941, 55.792073099999996]]]}}, {"type": "Feature", "properties": {"id": 1851, "object_type": "restriction", "restriction_type": "oks"}, "geometry": {"type": "Polygon", "coordinates": [[[37.7168665, 55.79292660000001], [37.7168571, 55.7929766], [37.7169802, 55.792983899999996], [37.7169898, 55.79293309999999], [37.7172769, 55.7929502], [37.71730180000001, 55.7928179], [37.7168524, 55.79279129999999], [37.7168632, 55.7927338], [37.7167518, 55.7927272], [37.7167409, 55.79278519999999], [37.716617, 55.79277789999999], [37.7165922, 55.7929103], [37.7168665, 55.79292660000001]]]}}, {"type": "Feature", "properties": {"id": 1852, "object_type": "restriction", "restriction_type": "oks"}, "geometry": {"type": "Polygon", "coordinates": [[[37.7166439, 55.79263529999999], [37.7163066, 55.792616399999986], [37.7162865, 55.7927294], [37.716397, 55.79273560000001], [37.7163901, 55.7927746], [37.7164973, 55.79278059999999], [37.7165036, 55.792744899999995], [37.7166232, 55.792751599999995], [37.7166439, 55.79263529999999]]]}}, {"type": "Feature", "properties": {"id": 1853, "object_type": "restriction", "restriction_type": "oks"}, "geometry": {"type": "Polygon", "coordinates": [[[37.7187854, 55.79451029999999], [37.7188539, 55.794390699999994], [37.7185763, 55.7943583], [37.7185223, 55.794462499999995], [37.7187854, 55.79451029999999]]]}}, {"type": "Feature", "properties": {"id": 1854, "object_type": "restriction", "restriction_type": "oks"}, "geometry": {"type": "Polygon", "coordinates": [[[37.7173483, 55.790789], [37.7173924, 55.7906554], [37.7172456, 55.7906401], [37.7171619, 55.7906313], [37.7171177, 55.790765099999994], [37.7172204, 55.790775800000006], [37.7173483, 55.790789]]]}}, {"type": "Feature", "properties": {"id": 1855, "object_type": "restriction", "restriction_type": "oks"}, "geometry": {"type": "Polygon", "coordinates": [[[37.7173924, 55.7906554], [37.7175073, 55.790307299999995], [37.7173605, 55.7902919], [37.7172456, 55.7906401], [37.7173924, 55.7906554]]]}}, {"type": "Feature", "properties": {"id": 1856, "object_type": "restriction", "restriction_type": "oks"}, "geometry": {"type": "Polygon", "coordinates": [[[37.7258819, 55.7898558], [37.72592372705792, 55.78982343092006], [37.725799592848006, 55.78982214447566], [37.7258819, 55.7898558]]]}}, {"type": "Feature", "properties": {"id": 1857, "object_type": "restriction", "restriction_type": "oks"}, "geometry": {"type": "Polygon", "coordinates": [[[37.7258677, 55.79066049999998], [37.7261652, 55.790414500000004], [37.7260986, 55.790385699999995], [37.7257983, 55.7906339], [37.7258677, 55.79066049999998]]]}}, {"type": "Feature", "properties": {"id": 1858, "object_type": "restriction", "restriction_type": "oks"}, "geometry": {"type": "Polygon", "coordinates": [[[37.7256468, 55.7905673], [37.725738, 55.790609199999984], [37.7260528, 55.7903649], [37.7259617, 55.790323], [37.7256468, 55.7905673]]]}}, {"type": "Feature", "properties": {"id": 1859, "object_type": "restriction", "restriction_type": "oks"}, "geometry": {"type": "Polygon", "coordinates": [[[37.72538070000001, 55.790498199999995], [37.7255355, 55.7905691], [37.7259006, 55.79029479999999], [37.7257457, 55.790224], [37.72538070000001, 55.790498199999995]]]}}, {"type": "Feature", "properties": {"id": 1860, "object_type": "restriction", "restriction_type": "oks"}, "geometry": {"type": "Polygon", "coordinates": [[[37.7251971, 55.790539], [37.7257004, 55.790202699999995], [37.7255827, 55.79014699999998], [37.7251346, 55.7904464], [37.7250793, 55.79048329999999], [37.7251971, 55.790539]]]}}, {"type": "Feature", "properties": {"id": 1861, "object_type": "restriction", "restriction_type": "oks"}, "geometry": {"type": "Polygon", "coordinates": [[[37.7180545, 55.794536199999996], [37.7180996, 55.7944025], [37.7180005, 55.7943919], [37.7179555, 55.79452559999999], [37.7180545, 55.794536199999996]]]}}, {"type": "Feature", "properties": {"id": 1862, "object_type": "restriction", "restriction_type": "oks"}, "geometry": {"type": "Polygon", "coordinates": [[[37.7182217, 55.794209699999996], [37.7182951, 55.79403669999999], [37.7181615, 55.7940188], [37.718088, 55.7941917], [37.7182217, 55.794209699999996]]]}}, {"type": "Feature", "properties": {"id": 1863, "object_type": "restriction", "restriction_type": "oks"}, "geometry": {"type": "Polygon", "coordinates": [[[37.7183907, 55.794352399999994], [37.7184379, 55.79424339999999], [37.7185244, 55.794253999999995], [37.7185714, 55.79403549999999], [37.7185869, 55.793933499999994], [37.7185983, 55.793858199999995], [37.7184952, 55.79385319999999], [37.7184449, 55.7941254], [37.7183805, 55.79412229999999], [37.7182814, 55.79433509999999], [37.7183907, 55.794352399999994]]]}}, {"type": "Feature", "properties": {"id": 1864, "object_type": "restriction", "restriction_type": "oks"}, "geometry": {"type": "Polygon", "coordinates": [[[37.7184771, 55.7943642], [37.7185244, 55.794253999999995], [37.7184379, 55.79424339999999], [37.7183907, 55.794352399999994], [37.7184771, 55.7943642]]]}}, {"type": "Feature", "properties": {"id": 1865, "object_type": "restriction", "restriction_type": "oks"}, "geometry": {"type": "Polygon", "coordinates": [[[37.7183547, 55.79443579999999], [37.718441, 55.79444759999999], [37.7184771, 55.7943642], [37.7183907, 55.794352399999994], [37.7183547, 55.79443579999999]]]}}, {"type": "Feature", "properties": {"id": "source", "object_type": "source"}, "geometry": {"type": "Point", "coordinates": [37.72596982130346, 55.790679754713125]}}, {"type": "Feature", "properties": {"id": 5001, "object_type": "heat_network", "diameter": 500}, "geometry": {"type": "LineString", "coordinates": [[37.72596982130346, 55.790679754713125], [37.72550403570812, 55.79059495735211], [37.7252122909359, 55.79054179637864], [37.725028463368915, 55.79054504516669]]}}, {"type": "Feature", "properties": {"id": 5002, "object_type": "heat_network", "diameter": 500}, "geometry": {"type": "LineString", "coordinates": [[37.725028463368915, 55.79054504516669], [37.72487483395669, 55.79059620935543], [37.7244816776512, 55.79086268394388], [37.72427263380908, 55.79100421653314]]}}, {"type": "Feature", "properties": {"id": 5003, "object_type": "heat_network", "diameter": 500}, "geometry": {"type": "LineString", "coordinates": [[37.72427263380908, 55.79100421653314], [37.723988688724376, 55.791200478283415], [37.722165384237016, 55.79243095432653], [37.72138752983131, 55.79300044501652]]}}, {"type": "Feature", "properties": {"id": 5004, "object_type": "heat_network", "diameter": 300}, "geometry": {"type": "LineString", "coordinates": [[37.71457400523762, 55.794978900996576], [37.71462317046465, 55.79451026737985], [37.71463463799979, 55.79443643060845], [37.714683448669994, 55.79387884046878], [37.714726013617586, 55.79346956144687], [37.71477610342839, 55.792970042744614]]}}, {"type": "Feature", "properties": {"id": 5005, "object_type": "heat_network", "diameter": 300}, "geometry": {"type": "LineString", "coordinates": [[37.71477610342839, 55.792970042744614], [37.714832285483766, 55.792446083459716], [37.71487048191918, 55.79236050882152], [37.71489010959941, 55.79233141624504], [37.71492017754477, 55.79229602276278], [37.71498269359662, 55.792239307885886]]}}, {"type": "Feature", "properties": {"id": 5006, "object_type": "heat_network", "diameter": 300}, "geometry": {"type": "LineString", "coordinates": [[37.71498269359662, 55.792239307885886], [37.7151440199015, 55.79212606806735], [37.71565798505119, 55.791816090041024], [37.715742408412694, 55.79175800571774], [37.715787711011494, 55.79171478852461]]}}, {"type": "Feature", "properties": {"id": 5007, "object_type": "heat_network", "diameter": 300}, "geometry": {"type": "LineString", "coordinates": [[37.70401940165555, 55.794546357594335], [37.70407615252348, 55.79449473449707], [37.70442903291688, 55.79417427993696], [37.70468001059963, 55.793928272260125], [37.70493417439035, 55.793643016036384], [37.70505129363227, 55.79351562967022], [37.705075781359334, 55.79348884251779]]}}, {"type": "Feature", "properties": {"id": 5008, "object_type": "heat_network", "diameter": 300}, "geometry": {"type": "LineString", "coordinates": [[37.705075781359334, 55.79348884251779], [37.70520111278675, 55.79331738568555], [37.705273299845175, 55.79315193750171], [37.70530609765611, 55.792981621098825], [37.70530163311028, 55.79280508747304], [37.705267931788924, 55.792652692475706], [37.705220022158116, 55.792524100043224]]}}, {"type": "Feature", "properties": {"id": 5009, "object_type": "heat_network", "diameter": 300}, "geometry": {"type": "LineString", "coordinates": [[37.705220022158116, 55.792524100043224], [37.705129303070045, 55.792389233897396], [37.7050317271106, 55.79224751471381], [37.7049396152389, 55.79215327925149], [37.70481025310441, 55.79205166088898], [37.70461657066491, 55.79192163512923], [37.70431099437381, 55.79174752801618]]}}, {"type": "Feature", "properties": {"id": 5010, "object_type": "heat_network", "diameter": 400}, "geometry": {"type": "LineString", "coordinates": [[37.71583478099699, 55.80231964794101], [37.71587288915196, 55.80224841750144], [37.7158969876664, 55.80220192007025], [37.71593643768982, 55.80212819987194], [37.71602595265009, 55.80196027076193], [37.716067246977424, 55.80188288091188]]}}, {"type": "Feature", "properties": {"id": 5011, "object_type": "heat_network", "diameter": 400}, "geometry": {"type": "LineString", "coordinates": [[37.716067246977424, 55.80188288091188], [37.716199850260764, 55.80163427321156], [37.71637675057789, 55.80130257055392], [37.71640565000111, 55.8012483712988], [37.716470244985786, 55.80112727994759], [37.71655584221274, 55.80096688414688]]}}, {"type": "Feature", "properties": {"id": 5012, "object_type": "heat_network", "diameter": 400}, "geometry": {"type": "LineString", "coordinates": [[37.71655584221274, 55.80096688414688], [37.71671574377241, 55.80066697936426], [37.71677323620192, 55.80055929287511], [37.71678680205009, 55.80053384439756], [37.71682331512716, 55.800467220133065], [37.71713806533031, 55.799875333991096]]}}, {"type": "Feature", "properties": {"id": 5013, "object_type": "heat_network", "diameter": 400}, "geometry": {"type": "LineString", "coordinates": [[37.71713806533031, 55.799875333991096], [37.717168854046164, 55.799817554807454]]}}, {"type": "Feature", "properties": {"id": 6001, "object_type": "heat_chamber"}, "geometry": {"type": "Point", "coordinates": [37.72596982130346, 55.790679754713125]}}, {"type": "Feature", "properties": {"id": 6002, "object_type": "heat_chamber"}, "geometry": {"type": "Point", "coordinates": [37.72138752983131, 55.79300044501652]}}, {"type": "Feature", "properties": {"id": 6003, "object_type": "heat_chamber"}, "geometry": {"type": "Point", "coordinates": [37.71457400523762, 55.794978900996576]}}, {"type": "Feature", "properties": {"id": 6004, "object_type": "heat_chamber"}, "geometry": {"type": "Point", "coordinates": [37.715787711011494, 55.79171478852461]}}, {"type": "Feature", "properties": {"id": 6005, "object_type": "heat_chamber"}, "geometry": {"type": "Point", "coordinates": [37.70401940165555, 55.794546357594335]}}, {"type": "Feature", "properties": {"id": 6006, "object_type": "heat_chamber"}, "geometry": {"type": "Point", "coordinates": [37.70431099437381, 55.79174752801618]}}, {"type": "Feature", "properties": {"id": 6007, "object_type": "heat_chamber"}, "geometry": {"type": "Point", "coordinates": [37.71583478099699, 55.80231964794101]}}, {"type": "Feature", "properties": {"id": 6008, "object_type": "heat_chamber"}, "geometry": {"type": "Point", "coordinates": [37.717168854046164, 55.799817554807454]}}, {"type": "Feature", "properties": {"id": 1866, "object_type": "restriction", "restriction_type": "gas_pipeline"}, "geometry": {"type": "LineString", "coordinates": [[37.723918761123734, 55.79470896850134], [37.72204715222283, 55.79440036701054], [37.72164715475271, 55.79433436742309], [37.72107177376059, 55.79423947055109], [37.720826156916765, 55.79419906777004], [37.71989855635768, 55.79404606766653]]}}, {"type": "Feature", "properties": {"id": 1867, "object_type": "restriction", "restriction_type": "power_cable"}, "geometry": {"type": "LineString", "coordinates": [[37.7078630253116, 55.79871846114555], [37.70776854628833, 55.79870208211702], [37.70660199986801, 55.79850364224942], [37.706452736392855, 55.798479181009064], [37.705402741383445, 55.79830718181397], [37.70533449931793, 55.798296007673784], [37.704007460400334, 55.79808417704033], [37.70387227596535, 55.79806580149092]]}}, {"type": "Feature", "properties": {"id": 1868, "object_type": "restriction", "restriction_type": "gas_pipeline"}, "geometry": {"type": "LineString", "coordinates": [[37.70539406653302, 55.79827675708798], [37.705258868811406, 55.79857555283527], [37.70520554354788, 55.79869356643949], [37.70488689598632, 55.799496284831974], [37.70484155695066, 55.799610435224], [37.70463320112475, 55.80007638493936], [37.70444230159793, 55.80050318501326]]}}, {"type": "Feature", "properties": {"id": 1869, "object_type": "restriction", "restriction_type": "power_cable"}, "geometry": {"type": "LineString", "coordinates": [[37.713453126301225, 55.79916133886897], [37.714350226221825, 55.798062417955926], [37.71465072732496, 55.79770369773806], [37.71477339232665, 55.797557256017875], [37.71481389833123, 55.797499912693624], [37.714835910943876, 55.79745345214628], [37.71484696460629, 55.79740858199155], [37.7148494382659, 55.79736772162735], [37.71484040321288, 55.7973314023255], [37.714817414912126, 55.797287356641796], [37.7147803607753, 55.79724264584884], [37.71473637840392, 55.79719704151771], [37.7146695139556, 55.797144505121786]]}}, {"type": "Feature", "properties": {"id": 1, "object_type": "oks_connection_point", "flow_tph": 7.39}, "geometry": {"type": "Point", "coordinates": [37.72245438587684, 55.79986021730387]}}, {"type": "Feature", "properties": {"id": 2, "object_type": "oks_connection_point", "flow_tph": 11.6}, "geometry": {"type": "Point", "coordinates": [37.70872293294691, 55.78973683100295]}}, {"type": "Feature", "properties": {"id": 3, "object_type": "oks_connection_point", "flow_tph": 5.12}, "geometry": {"type": "Point", "coordinates": [37.72565452373737, 55.79835226408429]}}, {"type": "Feature", "properties": {"id": 4, "object_type": "oks_connection_point", "flow_tph": 21.33}, "geometry": {"type": "Point", "coordinates": [37.72107366738774, 55.79401195945726]}}, {"type": "Feature", "properties": {"id": 5, "object_type": "oks_connection_point", "flow_tph": 13.57}, "geometry": {"type": "Point", "coordinates": [37.71512062783182, 55.79121760203988]}}, {"type": "Feature", "properties": {"id": 6, "object_type": "oks_connection_point", "flow_tph": 4.76}, "geometry": {"type": "Point", "coordinates": [37.72134998186605, 55.800253134424786]}}, {"type": "Feature", "properties": {"id": 7, "object_type": "oks_connection_point", "flow_tph": 18.53}, "geometry": {"type": "Point", "coordinates": [37.7056881100619, 55.79977369846121]}}, {"type": "Feature", "properties": {"id": 8, "object_type": "oks_connection_point", "flow_tph": 17.94}, "geometry": {"type": "Point", "coordinates": [37.70903279082862, 55.790719663052855]}}, {"type": "Feature", "properties": {"id": 9, "object_type": "oks_connection_point", "flow_tph": 45.92}, "geometry": {"type": "Point", "coordinates": [37.71628129694584, 55.7944165196408]}}, {"type": "Feature", "properties": {"id": 10, "object_type": "oks_connection_point", "flow_tph": 36.57}, "geometry": {"type": "Point", "coordinates": [37.72438348658069, 55.80071584021796]}}, {"type": "Feature", "properties": {"id": 11, "object_type": "oks_connection_point", "flow_tph": 20.18}, "geometry": {"type": "Point", "coordinates": [37.71373307521409, 55.79376127401259]}}, {"type": "Feature", "properties": {"id": 12, "object_type": "oks_connection_point", "flow_tph": 39.36}, "geometry": {"type": "Point", "coordinates": [37.72062930817534, 55.793545687921174]}}, {"type": "Feature", "properties": {"id": 13, "object_type": "oks_connection_point", "flow_tph": 11.23}, "geometry": {"type": "Point", "coordinates": [37.707901350395346, 55.794457913050095]}}, {"type": "Feature", "properties": {"id": 14, "object_type": "oks_connection_point", "flow_tph": 9.08}, "geometry": {"type": "Point", "coordinates": [37.708231309305376, 55.79285204721994]}}, {"type": "Feature", "properties": {"id": 15, "object_type": "oks_connection_point", "flow_tph": 40.8}, "geometry": {"type": "Point", "coordinates": [37.708826423776586, 55.800374697041775]}}, {"type": "Feature", "properties": {"id": 16, "object_type": "oks_connection_point", "flow_tph": 77.5}, "geometry": {"type": "Point", "coordinates": [37.71506762298076, 55.801809364495846]}}, {"type": "Feature", "properties": {"id": 17, "object_type": "oks_connection_point", "flow_tph": 8.72}, "geometry": {"type": "Point", "coordinates": [37.712364895345694, 55.792065366543454]}}, {"type": "Feature", "properties": {"id": 18, "object_type": "oks_connection_point", "flow_tph": 10.4}, "geometry": {"type": "Point", "coordinates": [37.721655701965425, 55.79572498091373]}}, {"type": "Feature", "properties": {"id": 19, "object_type": "oks_connection_point", "flow_tph": 27.59}, "geometry": {"type": "Point", "coordinates": [37.71070308701891, 55.79393531460243]}}, {"type": "Feature", "properties": {"id": 20, "object_type": "oks_connection_point", "flow_tph": 23.68}, "geometry": {"type": "Point", "coordinates": [37.707679333641465, 55.795567934438466]}}, {"type": "Feature", "properties": {"id": 21, "object_type": "oks_connection_point", "flow_tph": 22.35}, "geometry": {"type": "Point", "coordinates": [37.706119771225744, 55.79673390053713]}}, {"type": "Feature", "properties": {"id": 22, "object_type": "oks_connection_point", "flow_tph": 59.79}, "geometry": {"type": "Point", "coordinates": [37.72282759652105, 55.79471956763732]}}, {"type": "Feature", "properties": {"id": 23, "object_type": "oks_connection_point", "flow_tph": 7.43}, "geometry": {"type": "Point", "coordinates": [37.712138438429584, 55.80025610306522]}}, {"type": "Feature", "properties": {"id": 24, "object_type": "oks_connection_point", "flow_tph": 57.32}, "geometry": {"type": "Point", "coordinates": [37.71145638687219, 55.79064407630167]}}, {"type": "Feature", "properties": {"id": 25, "object_type": "oks_connection_point", "flow_tph": 11.24}, "geometry": {"type": "Point", "coordinates": [37.71804794975055, 55.79341556036329]}}]}