{"type": "FeatureCollection", "features": [{"type": "Feature", "properties": {"id": 1001, "object_type": "restriction", "restriction_type": "road"}, "geometry": {"type": "Polygon", "coordinates": [[[37.60789673329546, 55.715593649268456], [37.60784238595612, 55.71559633677452], [37.60777583884605, 55.71559922579592], [37.607771006757716, 55.715599576289755], [37.60767790681896, 55.71560907628369], [37.607673374775004, 55.71560966873639], [37.6076689663724, 55.71561050734075], [37.60754790889361, 55.71563730936515], [37.607485054750306, 55.71565041638929], [37.60748422967276, 55.71565059335237], [37.60745882968669, 55.715656193348885], [37.60745876077491, 55.715656208576775], [37.606034401419414, 55.71597166667143], [37.60304444994594, 55.716578335037106], [37.60304306550824, 55.71657862967198], [37.60287076560222, 55.71661702964801], [37.602905834420014, 55.716667170349496], [37.60307744633804, 55.71662892369796], [37.60606735177563, 55.716022264578875], [37.60606863846757, 55.71602199161776], [37.607493604804375, 55.71570639904922], [37.60751855925842, 55.71570089727944], [37.60758144530644, 55.715687783600195], [37.60758233358324, 55.71568759267357], [37.607699487357735, 55.71566165492505], [37.60778559306459, 55.715652868627764], [37.60784996120434, 55.71565007420214], [37.60785046667272, 55.715650050732954], [37.607903761083186, 55.715647415295535], [37.607913351155574, 55.71564723933089], [37.60791024884625, 55.71559336066896], [37.607899348853756, 55.715593560668864], [37.60789673329546, 55.715593649268456]]]}}, {"type": "Feature", "properties": {"id": 1002, "object_type": "restriction", "restriction_type": "road"}, "geometry": {"type": "Polygon", "coordinates": [[[37.60700186741994, 55.71989650436316], [37.607001792946114, 55.71989651750271], [37.60666519324738, 55.71995601744598], [37.60666291887551, 55.71995644318358], [37.60536393400671, 55.72021328085566], [37.60523914913605, 55.720237220397166], [37.605285250908494, 55.72031377959852], [37.60541035101752, 55.72028977957577], [37.605410980050344, 55.72028965705495], [37.60670915029108, 55.720032980418864], [37.6070445698629, 55.71997368907515], [37.60753233305867, 55.719887795551216], [37.607533184617495, 55.71988764229517], [37.60854208550948, 55.719702142118756], [37.60849771453354, 55.719625257877226], [37.60748924035779, 55.71981067957335], [37.60700186741994, 55.71989650436316]]]}}, {"type": "Feature", "properties": {"id": 1003, "object_type": "restriction", "restriction_type": "road"}, "geometry": {"type": "Polygon", "coordinates": [[[37.600958674641525, 55.72056933236023], [37.60074097426532, 55.72038883220024], [37.6006620257042, 55.72041916778687], [37.60087972560417, 55.720599667855886], [37.60132742512227, 55.72097086776882], [37.60132778085356, 55.72097115859483], [37.60142478081267, 55.72104935862533], [37.601503019156524, 55.72101844136202], [37.60140619867051, 55.72094038614729], [37.600958674641525, 55.72056933236023]]]}}, {"type": "Feature", "properties": {"id": 1004, "object_type": "restriction", "restriction_type": "road"}, "geometry": {"type": "Polygon", "coordinates": [[[37.61163058526179, 55.72131816363211], [37.611631423755334, 55.72131808934878], [37.61193011918364, 55.72129008977803], [37.61220461461289, 55.721264390206606], [37.61417693341411, 55.72107928844869], [37.61418353204067, 55.72107839318577], [37.61425953208585, 55.72106479317712], [37.61426315477139, 55.721064052877246], [37.61432215480304, 55.721050452868795], [37.61432667242022, 55.72104925235742], [37.61441387245845, 55.72102285234169], [37.61441847882481, 55.721021262228106], [37.614422737708885, 55.721019388769946], [37.614509237720156, 55.72097668874801], [37.614512106888185, 55.72097514937396], [37.614514740309225, 55.7209734811598], [37.61451711988718, 55.72097169556901], [37.61484021723252, 55.72070708891311], [37.61503267639549, 55.72056356669808], [37.61503357124743, 55.720562876911984], [37.61546966882795, 55.72021527856816], [37.61553216551658, 55.72016548116767], [37.615616264365485, 55.72009848203223], [37.61553833566565, 55.72006731795552], [37.61545423563331, 55.72013431792885], [37.61539173344582, 55.720184119632684], [37.61495606651804, 55.72053137417727], [37.614763423578374, 55.720675033230414], [37.61476218028011, 55.72067600452222], [37.6144418682177, 55.720938329719225], [37.61436394634753, 55.720976795182246], [37.61428373073726, 55.72100108063707], [37.61422883011565, 55.72101373569437], [37.61415791079033, 55.721026426520986], [37.61218897664571, 55.721211210612225], [37.611914485579426, 55.72123690977645], [37.61161619491678, 55.72126487140603], [37.61114451506298, 55.721304236342384], [37.61087251506838, 55.72132693634271], [37.610886484940856, 55.721380263656826], [37.61115848512266, 55.7213575636424], [37.61163058526179, 55.72131816363211]]]}}, {"type": "Feature", "properties": {"id": 1005, "object_type": "restriction", "restriction_type": "road"}, "geometry": {"type": "Polygon", "coordinates": [[[37.61294633669196, 55.71663455741675], [37.61265913327623, 55.716639255835574], [37.61146795322026, 55.716655454208336], [37.611209256024786, 55.716658954171336], [37.61121154397648, 55.71671284582855], [37.61147024415458, 55.7167093458271], [37.61266155034084, 55.716693145747534], [37.61266178309661, 55.7166931422607], [37.612949073276894, 55.71668844242242], [37.613476163672374, 55.71667994257922], [37.61347640399799, 55.716679938361345], [37.61361870409589, 55.716677238360006], [37.61361549590602, 55.71662336163986], [37.61347331615874, 55.71662605935878], [37.61294633669196, 55.71663455741675]]]}}, {"type": "Feature", "properties": {"id": 1006, "object_type": "restriction", "restriction_type": "road"}, "geometry": {"type": "Polygon", "coordinates": [[[37.60872667352956, 55.71466313028471], [37.60954728002654, 55.714663830296075], [37.60973946747148, 55.71466403028405], [37.61059776741215, 55.71466493028864], [37.61100047419119, 55.71466533029771], [37.61100059997506, 55.714665330360106], [37.61104813785834, 55.71466533036038], [37.61145697610511, 55.71466573030211], [37.61181088413262, 55.71466603031189], [37.612014869767954, 55.71466623029892], [37.61220146411847, 55.714666430293875], [37.612501873456644, 55.714666730305154], [37.612619879589346, 55.71466683031242], [37.61347836744318, 55.71466773030431], [37.61360459953616, 55.71466783033447], [37.61360480046296, 55.71458696966526], [37.61347861656125, 55.71458686967871], [37.61262013344264, 55.714585969701005], [37.61250211706173, 55.71458586968511], [37.61220173132914, 55.71458556970099], [37.61201513607331, 55.71458536970708], [37.61181112448428, 55.7145851696963], [37.61145721577317, 55.71458486968971], [37.611048324316315, 55.71458446970027], [37.61104819997508, 55.71458446963935], [37.61100066290928, 55.71458446963961], [37.61059802945275, 55.71458406970781], [37.609739733473454, 55.7145831697167], [37.609547532114284, 55.714582969716304], [37.60872691756633, 55.71458226970615], [37.60832632922179, 55.71458186971995], [37.60784443188033, 55.714581369725344], [37.607844168118696, 55.71466223027441], [37.60832606861648, 55.71466273027755], [37.60872667352956, 55.71466313028471]]]}}, {"type": "Feature", "properties": {"id": 1007, "object_type": "restriction", "restriction_type": "road"}, "geometry": {"type": "Polygon", "coordinates": [[[37.6062128123907, 55.71099041991145], [37.60620585525429, 55.710911090884856], [37.60620974976912, 55.71082063693511], [37.60622882865268, 55.710670289193615], [37.606085971358546, 55.71066451076488], [37.60606677108426, 55.71081581075232], [37.60606660914209, 55.710817717453054], [37.60606260897237, 55.710910617449855], [37.606062675432426, 55.71091359931208], [37.60606987528264, 55.71099569931546], [37.60607024343966, 55.71099825418621], [37.60608534330443, 55.71107345419416], [37.60608599187657, 55.71107597295242], [37.606098391807606, 55.711115372959135], [37.60623940816757, 55.71110122700023], [37.606227402638595, 55.71106308061996], [37.6062128123907, 55.71099041991145]]]}}, {"type": "Feature", "properties": {"id": 1008, "object_type": "restriction", "restriction_type": "road"}, "geometry": {"type": "Polygon", "coordinates": [[[37.61929865761556, 55.70996555723067], [37.61929932268277, 55.7099660832236], [37.62003972212192, 55.710544283684335], [37.62007483187044, 55.710571691338295], [37.620229568005065, 55.71050850861217], [37.620194472881856, 55.710481112461686], [37.61945441251905, 55.709903178597386], [37.61934429775344, 55.709814977011874], [37.619107341494825, 55.70981231280543], [37.61929865761556, 55.70996555723067]]]}}, {"type": "Feature", "properties": {"id": 1009, "object_type": "restriction", "restriction_type": "park"}, "geometry": {"type": "Polygon", "coordinates": [[[37.6176383, 55.711341700000006], [37.6157175, 55.71139639999999], [37.6135262, 55.7114589], [37.6132961, 55.71146539999999], [37.6099867, 55.71155819999999], [37.60695400000001, 55.71164259999999], [37.6067777, 55.71164869999999], [37.6067888, 55.7117309], [37.6068103, 55.711886899999996], [37.6068197, 55.711954600000006], [37.6100059, 55.711844400000004], [37.6135287, 55.7117284], [37.6136897, 55.7117247], [37.615728, 55.71167839999999], [37.6176597, 55.711634399999994], [37.620806, 55.7115628], [37.6207974, 55.7114839], [37.62079630000001, 55.7114738], [37.6207797, 55.7113206], [37.6207787, 55.711310999999995], [37.6207723, 55.71125229999999], [37.6176383, 55.711341700000006]]]}}, {"type": "Feature", "properties": {"id": 1010, "object_type": "restriction", "restriction_type": "road"}, "geometry": {"type": "Polygon", "coordinates": [[[37.61365444286793, 55.712465573186435], [37.613654442196406, 55.712465508906455], [37.6136506418273, 55.71216290890597], [37.61355515817253, 55.71216329107544], [37.61355895739987, 55.712465858935424], [37.6135591571028, 55.71248982679492], [37.613560257083016, 55.712608541002226], [37.61365574291695, 55.7126082589792], [37.613654642838, 55.712489566082645], [37.61365444286793, 55.712465573186435]]]}}, {"type": "Feature", "properties": {"id": 1011, "object_type": "restriction", "restriction_type": "road"}, "geometry": {"type": "Polygon", "coordinates": [[[37.615609763567456, 55.71472014402177], [37.61565995672004, 55.71612370043548], [37.61566785341832, 55.716591538653944], [37.61566845310461, 55.71663292049137], [37.61576394689517, 55.71663247949006], [37.61576334684466, 55.71659107949003], [37.615763346274804, 55.7165910431653], [37.615755445703805, 55.716123043165375], [37.61575543814359, 55.716122755949264], [37.61570523926787, 55.71471913526937], [37.6157031411761, 55.71463631458739], [37.615607658823265, 55.714637085394045], [37.61560975872214, 55.71471998539432], [37.615609763567456, 55.71472014402177]]]}}, {"type": "Feature", "properties": {"id": 1012, "object_type": "restriction", "restriction_type": "road"}, "geometry": {"type": "Polygon", "coordinates": [[[37.6197962430298, 55.71338975022281], [37.61979775696884, 55.71333584977707], [37.61957435712259, 55.71333384977925], [37.619574055858, 55.71333384761863], [37.61946275593462, 55.71333324761944], [37.61946184406445, 55.71338715238042], [37.619572993501905, 55.71338775156925], [37.6197962430298, 55.71338975022281]]]}}, {"type": "Feature", "properties": {"id": 1013, "object_type": "restriction", "restriction_type": "road"}, "geometry": {"type": "Polygon", "coordinates": [[[37.6195086649992, 55.71286522100826], [37.61951116547564, 55.712936037190886], [37.61960663452336, 55.71293496279053], [37.6196041347227, 55.71286417088136], [37.619602134928606, 55.712805778973575], [37.61959823468304, 55.71269257584399], [37.619502765316, 55.712693624137444], [37.61950666512412, 55.71280682257597], [37.6195086649992, 55.71286522100826]]]}}, {"type": "Feature", "properties": {"id": 1014, "object_type": "restriction", "restriction_type": "road"}, "geometry": {"type": "Polygon", "coordinates": [[[37.61908606031434, 55.72049730481023], [37.61968834999631, 55.72057803641265], [37.620219647555096, 55.720649236092086], [37.62097595771761, 55.72075066160403], [37.62097887295877, 55.72066794089876], [37.6202527582933, 55.720570564694114], [37.61972144834927, 55.72049936336749], [37.61911865053893, 55.72041856366841], [37.61911762704393, 55.720418430941166], [37.61793043094505, 55.72026963144318], [37.61777093410399, 55.72024963184105], [37.61773986586406, 55.720328568156596], [37.61789936601633, 55.720348568177435], [37.61908606031434, 55.72049730481023]]]}}, {"type": "Feature", "properties": {"id": 1015, "object_type": "restriction", "restriction_type": "road"}, "geometry": {"type": "Polygon", "coordinates": [[[37.620951027536464, 55.71129023304813], [37.620961968127126, 55.71153016432085], [37.620953200978875, 55.711571351180424], [37.62094280446698, 55.71161993433108], [37.621132395565525, 55.71163286559591], [37.62114279544981, 55.711584265587305], [37.621152402531024, 55.71153913189694], [37.62115305298095, 55.711531312579666], [37.62114175237681, 55.71128351258526], [37.621140376443094, 55.71127567804724], [37.62112447632219, 55.71122397805872], [37.6211221835988, 55.7112183384283], [37.621096783490586, 55.71116833844659], [37.620913216440755, 55.711198061484396], [37.62093720154073, 55.71124527647001], [37.620951027536464, 55.71129023304813]]]}}, {"type": "Feature", "properties": {"id": 1016, "object_type": "restriction", "restriction_type": "road"}, "geometry": {"type": "Polygon", "coordinates": [[[37.620991058889096, 55.71126900368439], [37.621026458865444, 55.71129570370618], [37.621179341008734, 55.71123109624539], [37.62114564383489, 55.71120568061915], [37.62108470832219, 55.71115351990959], [37.62092529155741, 55.711212880037884], [37.620987791494535, 55.71126638007787], [37.620991058889096, 55.71126900368439]]]}}, {"type": "Feature", "properties": {"id": 1017, "object_type": "restriction", "restriction_type": "road"}, "geometry": {"type": "Polygon", "coordinates": [[[37.613587042164326, 55.71097294661541], [37.61358794112083, 55.71082219074879], [37.61349245887972, 55.71082200923264], [37.613491558695685, 55.71097290923132], [37.613491559706425, 55.71097319749766], [37.61349605928356, 55.71131989749716], [37.61349610448552, 55.711320889127286], [37.613501204406155, 55.71138608912884], [37.613596595591254, 55.71138371085261], [37.61359153427716, 55.71131900643437], [37.613587042164326, 55.71097294661541]]]}}, {"type": "Feature", "properties": {"id": 1018, "object_type": "restriction", "restriction_type": "road"}, "geometry": {"type": "Polygon", "coordinates": [[[37.5994489131577, 55.72112384468902], [37.598873914459865, 55.72142484385926], [37.59887348571287, 55.721425070681796], [37.598658246523264, 55.72154014896892], [37.59865508347036, 55.72162846834407], [37.59894990101849, 55.72147084335567], [37.59952468563804, 55.72116995595321], [37.599579885750465, 55.72114105588021], [37.59975488335238, 55.721049457090366], [37.59967911669223, 55.72100334289811], [37.59950411670847, 55.72109494284454], [37.5994489131577, 55.72112384468902]]]}}, {"type": "Feature", "properties": {"id": 1019, "object_type": "restriction", "restriction_type": "road"}, "geometry": {"type": "Polygon", "coordinates": [[[37.621155273756216, 55.71123384263219], [37.62131140145457, 55.71122952282368], [37.62131520702941, 55.711121473622164], [37.62114640584599, 55.71112614409803], [37.621001285850696, 55.711129333549245], [37.621008714158314, 55.711237066450224], [37.62115431435851, 55.7112338664469], [37.621155273756216, 55.71123384263219]]]}}, {"type": "Feature", "properties": {"id": 1020, "object_type": "restriction", "restriction_type": "road"}, "geometry": {"type": "Polygon", "coordinates": [[[37.618564005920014, 55.711634444800076], [37.618508464971875, 55.71163584581972], [37.61819929244569, 55.711643545137775], [37.617661270543564, 55.71165704568826], [37.61757318071366, 55.71165924543494], [37.617329470844616, 55.71166534568347], [37.61733792916582, 55.71177305431598], [37.61758162441083, 55.71176695443679], [37.61766971941781, 55.711764754562125], [37.61820772390544, 55.71175125445475], [37.6185169079896, 55.711743554853356], [37.618572428116266, 55.71174215435475], [37.619518995391225, 55.71171865517403], [37.61979305509318, 55.71171175368311], [37.61978454491732, 55.71160404631633], [37.61951057495613, 55.71161094556193], [37.618564005920014, 55.711634444800076]]]}}, {"type": "Feature", "properties": {"id": 1021, "object_type": "restriction", "restriction_type": "road"}, "geometry": {"type": "Polygon", "coordinates": [[[37.6020548721349, 55.709834962299205], [37.60272158413533, 55.70993986419578], [37.60389118364641, 55.71012386413204], [37.60408308144811, 55.710154063788245], [37.60408313548391, 55.710154072272694], [37.60412143550723, 55.71016007227679], [37.6041217268408, 55.71016011735651], [37.60512608478911, 55.71031359566055], [37.605165542389166, 55.71031977336603], [37.60516662673097, 55.71031993541612], [37.60534222684019, 55.71034493543329], [37.60545735650035, 55.71036129701779], [37.605921467781, 55.710430753813434], [37.60592187472135, 55.71043081363174], [37.606085374822776, 55.710454413647916], [37.60608554788439, 55.71045443843339], [37.60617914794263, 55.71046773844254], [37.60620245204154, 55.710415461556174], [37.60610893866995, 55.71040217386642], [37.60594572896634, 55.71037861577017], [37.60548153248829, 55.710309146232625], [37.605480953541736, 55.710309061776115], [37.60536556338191, 55.71029266317561], [37.605190517109456, 55.71026774201131], [37.60515145761775, 55.71026162663667], [37.60515117252703, 55.71026158253737], [37.6041468189364, 55.71010810492186], [37.60410869151238, 55.71010213195763], [37.60391681865134, 55.71007193623074], [37.60274721531076, 55.709887935718235], [37.60208052209384, 55.70978303679301], [37.6018005307596, 55.70973893816102], [37.601767533651525, 55.70973373861709], [37.60174186633119, 55.70978566138136], [37.60177486635126, 55.7097908613849], [37.6020548721349, 55.709834962299205]]]}}, {"type": "Feature", "properties": {"id": 1022, "object_type": "restriction", "restriction_type": "road"}, "geometry": {"type": "Polygon", "coordinates": [[[37.60052178463982, 55.72123127172578], [37.600330415128504, 55.72132612819811], [37.601683949500966, 55.722196034169734], [37.60202903335679, 55.72219996225834], [37.60052178463982, 55.72123127172578]]]}}, {"type": "Feature", "properties": {"id": 1023, "object_type": "restriction", "restriction_type": "road"}, "geometry": {"type": "Polygon", "coordinates": [[[37.6030788167054, 55.71846978348114], [37.60290362080891, 55.718503482687616], [37.60280714385253, 55.71852197826897], [37.60280566408885, 55.71852227737453], [37.60261947039015, 55.71856187603167], [37.60213757685963, 55.718664274649875], [37.600990770018704, 55.718908076087], [37.60017857031415, 55.71908077601218], [37.5999183738641, 55.7191360752539], [37.59991666061918, 55.719136460849654], [37.59944953445858, 55.71924754328064], [37.59940800817975, 55.71925732591272], [37.59940767904025, 55.71925740426752], [37.59932037908596, 55.71927840425457], [37.599357820937556, 55.71932799574264], [37.599444956673985, 55.71930703525429], [37.59948639186546, 55.719297274078464], [37.59948653915788, 55.71929723921636], [37.599952889378734, 55.719186341285535], [37.60021222630249, 55.71913122470913], [37.60102443169654, 55.718958523550626], [37.602171226902776, 55.71871472455291], [37.602653123430635, 55.71861232528365], [37.60283860041132, 55.71857287905055], [37.60293435622334, 55.71855452171741], [37.602934402190144, 55.71855451289039], [37.603109592806746, 55.718520814693576], [37.6038758837594, 55.7183736164239], [37.60387885435242, 55.71837298282425], [37.60403245443391, 55.71833688280186], [37.603995745589216, 55.71828711719543], [37.603843612292934, 55.71832287247989], [37.6030788167054, 55.71846978348114]]]}}, {"type": "Feature", "properties": {"id": 1024, "object_type": "restriction", "restriction_type": "road"}, "geometry": {"type": "Polygon", "coordinates": [[[37.60513991291464, 55.7135702548535], [37.6051354779026, 55.71357092348916], [37.6051311771321, 55.713571829477495], [37.60512705035924, 55.713572964443614], [37.60512313573175, 55.71357431789594], [37.60511946943626, 55.7135758773232], [37.60511608536386, 55.71357762831016], [37.6051130147968, 55.71357955467075], [37.60511028611932, 55.7135816385978], [37.60510792455524, 55.71358386082757], [37.605105951934824, 55.713586200817865], [37.60510438649297, 55.71358863693789], [37.60510324270063, 55.71359114666828], [37.605102531131074, 55.71359370680916], [37.60510225836209, 55.71359629369467], [37.60510242691525, 55.713598883411755], [37.60510303523253, 55.713601452021145], [37.60519973488537, 55.71389975205606], [37.6052000890705, 55.713900739951946], [37.60530313230982, 55.714162842012854], [37.60532859715118, 55.714238341556495], [37.605328824265605, 55.714238973659896], [37.60536742415002, 55.71434017367386], [37.605641526531834, 55.71505768215906], [37.6057348734549, 55.715046317823116], [37.605460774236136, 55.71432882211198], [37.605422295977995, 55.71422794160688], [37.605396802749055, 55.71415235843476], [37.60539651121438, 55.714151559992914], [37.60529350437219, 55.71388955210847], [37.60520528985535, 55.71361742929567], [37.605357587225924, 55.71359884513017], [37.60623580875533, 55.71349144250041], [37.606215591258, 55.71343875749871], [37.60533740230226, 55.713546156148404], [37.60513991291464, 55.7135702548535]]]}}, {"type": "Feature", "properties": {"id": 1025, "object_type": "restriction", "restriction_type": "oks"}, "geometry": {"type": "Polygon", "coordinates": [[[37.6210965, 55.714117900000005], [37.6210603, 55.7141187], [37.6208922, 55.71412099999999], [37.620896, 55.7141988], [37.6208974, 55.7142289], [37.6210566, 55.7142264], [37.62120594887197, 55.71422327585306], [37.621209723613305, 55.714116122354696], [37.6210965, 55.714117900000005]]]}}, {"type": "Feature", "properties": {"id": 1026, "object_type": "restriction", "restriction_type": "oks"}, "geometry": {"type": "Polygon", "coordinates": [[[37.6201403, 55.71361519999999], [37.619912400000004, 55.713615299999994], [37.6199125, 55.7136788], [37.6199115, 55.713803799999994], [37.6199104, 55.71398529999998], [37.6199093, 55.7141667], [37.6199082, 55.7143482], [37.61990740000001, 55.7144546], [37.6199075, 55.7145019], [37.6201721, 55.714501799999994], [37.6201709, 55.7136152], [37.6201403, 55.71361519999999]]]}}, {"type": "Feature", "properties": {"id": 1027, "object_type": "restriction", "restriction_type": "oks"}, "geometry": {"type": "Polygon", "coordinates": [[[37.6204133, 55.71328799999999], [37.6207212, 55.71328849999999], [37.6207227, 55.713265899999996], [37.6207736, 55.713234199999995], [37.6207789, 55.71321329999999], [37.6207857, 55.71318660000001], [37.6207602, 55.71315179999999], [37.6207567, 55.7130011], [37.6206951, 55.7129874], [37.6206627, 55.71298670000001], [37.6206423, 55.712995899999996], [37.6196812, 55.712997699999995], [37.619681, 55.71303139999999], [37.6196804, 55.713054899999996], [37.6196791, 55.71314079999999], [37.6196789, 55.7132151], [37.6196785, 55.71324510000001], [37.6196794, 55.71328669999999], [37.6204133, 55.71328799999999]]]}}, {"type": "Feature", "properties": {"id": 1028, "object_type": "restriction", "restriction_type": "oks"}, "geometry": {"type": "Polygon", "coordinates": [[[37.6210338, 55.710861], [37.6210264, 55.710761299999994], [37.6210258, 55.7107527], [37.620983, 55.71007429999998], [37.6209812, 55.7100471], [37.62096730916376, 55.70983321296565], [37.620692490363275, 55.709830126645286], [37.6206956, 55.70987840000001], [37.6207019, 55.70997609999999], [37.6207068, 55.710053], [37.6207152, 55.71018359999999], [37.6207219, 55.7102881], [37.6207348, 55.7104885], [37.620746, 55.7106643], [37.6207468, 55.71067769999999], [37.6207492, 55.7107245], [37.6207504, 55.7107394], [37.6207516, 55.7107592], [37.6207522, 55.710766799999995], [37.620756300000004, 55.71082140000001], [37.6207597, 55.71086739999999], [37.6210338, 55.710861]]]}}, {"type": "Feature", "properties": {"id": 1029, "object_type": "restriction", "restriction_type": "oks"}, "geometry": {"type": "Polygon", "coordinates": [[[37.6191625, 55.71399799999999], [37.6191627, 55.7139702], [37.6191924, 55.7139702], [37.61919410000001, 55.7136287], [37.619023, 55.71362839999999], [37.61902130000001, 55.713978499999996], [37.61904, 55.71397850000001], [37.6190399, 55.7139978], [37.6191625, 55.71399799999999]]]}}, {"type": "Feature", "properties": {"id": 1030, "object_type": "restriction", "restriction_type": "oks"}, "geometry": {"type": "Polygon", "coordinates": [[[37.6192217, 55.714287399999996], [37.6190606, 55.7142875], [37.6190603, 55.714176099999996], [37.6192327, 55.714175999999995], [37.6192326, 55.7141298], [37.6192322, 55.713998999999994], [37.6191625, 55.71399799999999], [37.6190399, 55.7139978], [37.6182712, 55.713999799999996], [37.6182717, 55.71417300000001], [37.618562, 55.7141728], [37.6185622, 55.7142328], [37.6189408, 55.714232499999994], [37.6189406, 55.714168], [37.6189925, 55.714168], [37.6189928, 55.71428790000001], [37.6182834, 55.71428850000001], [37.6182838, 55.7144439], [37.6190322, 55.7144433], [37.6192221, 55.7144431], [37.6192217, 55.714287399999996]]]}}, {"type": "Feature", "properties": {"id": 1031, "object_type": "restriction", "restriction_type": "oks"}, "geometry": {"type": "Polygon", "coordinates": [[[37.6193473, 55.7131046], [37.6178211, 55.71309789999999], [37.6178197, 55.713203799999995], [37.6179624, 55.7132044], [37.6188571, 55.71320839999999], [37.6191989, 55.713209899999995], [37.6193459, 55.7132105], [37.6193473, 55.7131046]]]}}, {"type": "Feature", "properties": {"id": 1032, "object_type": "restriction", "restriction_type": "oks"}, "geometry": {"type": "Polygon", "coordinates": [[[37.6168389, 55.71445049999999], [37.6168385, 55.7144765], [37.6173105, 55.714478699999994], [37.6173109, 55.7144528], [37.6174389, 55.7144534], [37.6174416, 55.714321700000006], [37.6172981, 55.71432179999999], [37.6172984, 55.71435389999999], [37.6168622, 55.71435249999998], [37.6168612, 55.7143219], [37.6167143, 55.71432129999999], [37.6167115, 55.7144499], [37.6168389, 55.71445049999999]]]}}, {"type": "Feature", "properties": {"id": 1033, "object_type": "restriction", "restriction_type": "oks"}, "geometry": {"type": "Polygon", "coordinates": [[[37.6161319, 55.71450269999999], [37.6161301, 55.71419529999999], [37.6158793, 55.71419569999999], [37.6158803, 55.714359599999995], [37.6158811, 55.7145032], [37.6161319, 55.71450269999999]]]}}, {"type": "Feature", "properties": {"id": 1034, "object_type": "restriction", "restriction_type": "oks"}, "geometry": {"type": "Polygon", "coordinates": [[[37.6207508, 55.71602219999999], [37.620953, 55.71555469999999], [37.620726, 55.715523600000004], [37.6205238, 55.715990999999995], [37.6207508, 55.71602219999999]]]}}, {"type": "Feature", "properties": {"id": 1035, "object_type": "restriction", "restriction_type": "oks"}, "geometry": {"type": "Polygon", "coordinates": [[[37.6203383, 55.715818899999995], [37.620435, 55.7156167], [37.6205288, 55.715420599999995], [37.6205773, 55.71531910000001], [37.6206959, 55.7153371], [37.6209003, 55.71536809999999], [37.6209637, 55.71523549999999], [37.6205284, 55.7151695], [37.6204964, 55.71523639999999], [37.6203878, 55.715219899999994], [37.6200634, 55.71589840000001], [37.6202843, 55.715931899999994], [37.6203383, 55.715818899999995]]]}}, {"type": "Feature", "properties": {"id": 1036, "object_type": "restriction", "restriction_type": "oks"}, "geometry": {"type": "Polygon", "coordinates": [[[37.6199958, 55.7160887], [37.6197949, 55.7165306], [37.6199929, 55.7165592], [37.62003800000001, 55.71646], [37.6200731, 55.71646499999999], [37.6200822, 55.716445], [37.6200913, 55.71642509999999], [37.6200562, 55.71641999999999], [37.6201297, 55.71625840000001], [37.6201648, 55.7162634], [37.6201742, 55.716242799999996], [37.6201822, 55.7162252], [37.6201471, 55.71622010000001], [37.6201938, 55.7161172], [37.6199958, 55.7160887]]]}}, {"type": "Feature", "properties": {"id": 1037, "object_type": "restriction", "restriction_type": "oks"}, "geometry": {"type": "Polygon", "coordinates": [[[37.6208213, 55.71662859999998], [37.6206439, 55.716606], [37.6204969, 55.716587199999985], [37.6206602, 55.71618079999999], [37.6204549, 55.716154700000004], [37.6202768, 55.71659799999999], [37.6203519, 55.71660949999999], [37.6203921, 55.716654000000005], [37.6203833, 55.7166964], [37.6207741, 55.7167462], [37.6208213, 55.71662859999998]]]}}, {"type": "Feature", "properties": {"id": 1038, "object_type": "restriction", "restriction_type": "oks"}, "geometry": {"type": "Polygon", "coordinates": [[[37.62111635047006, 55.7167664907889], [37.62112118288527, 55.716629335032195], [37.6210481, 55.7166281], [37.6210408, 55.71676519999998], [37.62111635047006, 55.7167664907889]]]}}, {"type": "Feature", "properties": {"id": 1039, "object_type": "restriction", "restriction_type": "road"}, "geometry": {"type": "Polygon", "coordinates": [[[37.60173148902325, 55.70971391794395], [37.601709426709014, 55.70975114802629], [37.60170935079426, 55.709751277215254], [37.60162195064037, 55.70990127718235], [37.60155594990798, 55.71001457821496], [37.60131664998499, 55.710425277269565], [37.60131582467129, 55.71042685420935], [37.60129226282869, 55.710477512044136], [37.60126512031409, 55.71052239019488], [37.60126498765711, 55.71052261269721], [37.601247887627345, 55.710551712690794], [37.60133851239256, 55.71056868729259], [37.601355546892606, 55.71053969870064], [37.601383179659905, 55.71049400977822], [37.6013841754015, 55.710492145782624], [37.601407805309336, 55.71044134135344], [37.60164664961341, 55.710031422623715], [37.60171264994923, 55.709918121823016], [37.601800011556975, 55.70976818741701], [37.60182237327247, 55.70973045194871], [37.60182300339313, 55.70972930419755], [37.60187963460546, 55.709617388157035], [37.60178090360096, 55.709616264085895], [37.60173148902325, 55.70971391794395]]]}}, {"type": "Feature", "properties": {"id": 1040, "object_type": "restriction", "restriction_type": "oks"}, "geometry": {"type": "Polygon", "coordinates": [[[37.62117809758165, 55.71501386739419], [37.62118684373176, 55.71476560191767], [37.6210959, 55.7147651], [37.6210914, 55.7150134], [37.62117809758165, 55.71501386739419]]]}}, {"type": "Feature", "properties": {"id": 1041, "object_type": "restriction", "restriction_type": "oks"}, "geometry": {"type": "Polygon", "coordinates": [[[37.620921, 55.7147651], [37.6207156, 55.714766], [37.6205852, 55.71481070000001], [37.6204992, 55.71488519999999], [37.6204698, 55.7149421], [37.6204805, 55.7149436], [37.6207145, 55.714977100000006], [37.6207524, 55.7149815], [37.620800700000004, 55.7148651], [37.621039, 55.714865100000004], [37.621032, 55.71476460000001], [37.620921, 55.7147651]]]}}, {"type": "Feature", "properties": {"id": 1042, "object_type": "restriction", "restriction_type": "oks"}, "geometry": {"type": "Polygon", "coordinates": [[[37.5992648, 55.710049899999994], [37.5991693, 55.71003369999999], [37.599070784125594, 55.71001696893545], [37.59906684333441, 55.710127084519875], [37.5992124, 55.710151800000006], [37.59933000000001, 55.7101717], [37.5993843, 55.7100702], [37.5992648, 55.710049899999994]]]}}, {"type": "Feature", "properties": {"id": 1043, "object_type": "restriction", "restriction_type": "oks"}, "geometry": {"type": "Polygon", "coordinates": [[[37.6066549, 55.7138697], [37.6066041, 55.71373869999999], [37.6065234, 55.71353109999998], [37.605968, 55.7135995], [37.60535, 55.7136757], [37.6054827, 55.71401720000001], [37.6056961, 55.7139909], [37.6056689, 55.71392089999999], [37.6056064, 55.713759899999985], [37.6057016, 55.71374809999998], [37.6060132, 55.7137097], [37.6063156, 55.71367239999999], [37.6063595, 55.71366699999999], [37.6064121, 55.713802499999986], [37.6064481, 55.7138952], [37.6066549, 55.7138697]]]}}, {"type": "Feature", "properties": {"id": 1044, "object_type": "restriction", "restriction_type": "oks"}, "geometry": {"type": "Polygon", "coordinates": [[[37.6056799, 55.714701699999985], [37.6057926, 55.7149869], [37.606347, 55.7149173], [37.6063013, 55.71480179999999], [37.6061122, 55.714825499999996], [37.6060251, 55.7148364], [37.6060357, 55.7148631], [37.6059918, 55.7148686], [37.6059548, 55.71487319999999], [37.6059191, 55.714782699999994], [37.6058772, 55.71467689999999], [37.6056969, 55.71469950000001], [37.6056799, 55.714701699999985]]]}}, {"type": "Feature", "properties": {"id": 1045, "object_type": "restriction", "restriction_type": "oks"}, "geometry": {"type": "Polygon", "coordinates": [[[37.606949, 55.714964], [37.6070178, 55.7149557], [37.6070988, 55.71494599999998], [37.6069213, 55.7144761], [37.6067889, 55.714491899999985], [37.6067277, 55.71449929999999], [37.6067532, 55.7145667], [37.606816, 55.714732999999995], [37.60688, 55.7149025], [37.6069052, 55.7149692], [37.606949, 55.714964]]]}}, {"type": "Feature", "properties": {"id": 1046, "object_type": "restriction", "restriction_type": "oks"}, "geometry": {"type": "Polygon", "coordinates": [[[37.6095429, 55.713102899999996], [37.609423, 55.7130366], [37.609187, 55.7129061], [37.609015500000005, 55.7128113], [37.6090037, 55.71281810000001], [37.6089567, 55.71279220000001], [37.6089352, 55.7128045], [37.608896, 55.7127828], [37.6088807, 55.712774399999994], [37.6088306, 55.712803099999995], [37.6088105, 55.712792], [37.6087533, 55.712824799999986], [37.6087379, 55.7128163], [37.6085745, 55.71291010000001], [37.6083608, 55.71303279999999], [37.608235900000004, 55.7131045], [37.60836110000001, 55.7131737], [37.608453, 55.71312089999999], [37.608484, 55.713137999999994], [37.6085267, 55.71311349999999], [37.6084957, 55.71309639999998], [37.6086814, 55.712989799999995], [37.6087135, 55.713007499999996], [37.608757, 55.71298259999999], [37.6087248, 55.712964799999995], [37.608866, 55.7128838], [37.6089049, 55.71288419999999], [37.6090498, 55.712964299999996], [37.6090178, 55.71298269999999], [37.6090636, 55.713008], [37.6090956, 55.7129896], [37.6092795, 55.713091299999995], [37.6092489, 55.7131089], [37.609295800000005, 55.71313479999999], [37.6093264, 55.71311719999999], [37.609424, 55.71317109999999], [37.6095429, 55.713102899999996]]]}}, {"type": "Feature", "properties": {"id": 1047, "object_type": "restriction", "restriction_type": "oks"}, "geometry": {"type": "Polygon", "coordinates": [[[37.6085187, 55.7123439], [37.6085081, 55.71222349999999], [37.6084976, 55.712103400000004], [37.6082724, 55.712109700000006], [37.6082935, 55.7123502], [37.6085187, 55.7123439]]]}}, {"type": "Feature", "properties": {"id": 1048, "object_type": "restriction", "restriction_type": "oks"}, "geometry": {"type": "Polygon", "coordinates": [[[37.6100841, 55.71231559999999], [37.6100728, 55.71218609999999], [37.6100631, 55.7120751], [37.6098379, 55.712081399999995], [37.6098427, 55.7121364], [37.6098589, 55.7123219], [37.6100841, 55.71231559999999]]]}}, {"type": "Feature", "properties": {"id": 1049, "object_type": "restriction", "restriction_type": "oks"}, "geometry": {"type": "Polygon", "coordinates": [[[37.6115291, 55.71368350000001], [37.6114892, 55.7136613], [37.6115059, 55.713651799999994], [37.6114016, 55.71359360000001], [37.6113849, 55.7136031], [37.6112675, 55.713537699999996], [37.6112965, 55.71352129999999], [37.6112309, 55.713484699999995], [37.611202000000006, 55.713501199999996], [37.61111460000001, 55.713452499999995], [37.6111007, 55.71346030000001], [37.6109952, 55.713401499999996], [37.6109731, 55.7134141], [37.6109267, 55.713388300000005], [37.6108697, 55.7134207], [37.6108517, 55.71341069999999], [37.6107547, 55.71346590000001], [37.6107351, 55.713455], [37.6106548, 55.71350079999999], [37.6106257, 55.713484499999986], [37.6105565, 55.713523899999984], [37.6105857, 55.7135401], [37.6104621, 55.71361050000001], [37.6104431, 55.7135999], [37.6103492, 55.71365339999999], [37.6103682, 55.713664], [37.6103276, 55.7136871], [37.6104514, 55.7137561], [37.6105271, 55.71371289999999], [37.6105547, 55.7137283], [37.6105838, 55.7137117], [37.610616500000006, 55.71369309999999], [37.610589, 55.71367779999999], [37.610747, 55.713587800000006], [37.6109158, 55.713491600000005], [37.610925, 55.71349130000001], [37.6109353, 55.713491], [37.6111177, 55.7135926], [37.611267700000006, 55.713676199999995], [37.6112387, 55.7136927], [37.6112714, 55.7137109], [37.6113037, 55.7137289], [37.611332600000004, 55.7137124], [37.6114062, 55.7137534], [37.6115291, 55.71368350000001]]]}}, {"type": "Feature", "properties": {"id": 1050, "object_type": "restriction", "restriction_type": "oks"}, "geometry": {"type": "Polygon", "coordinates": [[[37.6101944, 55.7136813], [37.610153, 55.7136581], [37.6101582, 55.7136552], [37.6100952, 55.71361999999999], [37.6100523, 55.713596], [37.6100471, 55.7135989], [37.6099268, 55.7135317], [37.6099532, 55.7135167], [37.6098968, 55.713485199999994], [37.6098704, 55.71350009999999], [37.6097553, 55.713435799999985], [37.6097421, 55.713443299999994], [37.6096401, 55.713386199999995], [37.6096031, 55.713407200000006], [37.609578, 55.7133932], [37.6095598, 55.713382999999986], [37.60950900000001, 55.7134118], [37.6094775, 55.713394099999995], [37.609384, 55.7134472], [37.6093695, 55.71343910000001], [37.6092624, 55.7134998], [37.6092418, 55.713488299999995], [37.6091853, 55.7135203], [37.609206, 55.713531800000005], [37.6090742, 55.713606599999984], [37.6090661, 55.713602099999996], [37.6090189, 55.71362899999999], [37.608971100000005, 55.713656099999994], [37.6089791, 55.71366059999998], [37.6089385, 55.7136836], [37.6090843, 55.713765099999996], [37.6091608, 55.71372169999999], [37.6091965, 55.71374169999999], [37.6092552, 55.7137084], [37.6092194, 55.7136884], [37.6092985, 55.7136435], [37.6095694, 55.713489800000005], [37.6097832, 55.713609399999996], [37.6099234, 55.7136878], [37.6098828, 55.7137108], [37.6099238, 55.7137337], [37.6099643, 55.7137107], [37.6100078, 55.71373499999999], [37.610054100000006, 55.71376089999999], [37.6101944, 55.7136813]]]}}, {"type": "Feature", "properties": {"id": 1051, "object_type": "restriction", "restriction_type": "oks"}, "geometry": {"type": "Polygon", "coordinates": [[[37.611311900000004, 55.71256870000001], [37.61124420000001, 55.7125313], [37.6112505, 55.7125276], [37.6112563, 55.7125243], [37.6111536, 55.71246750000001], [37.6111414, 55.7124745], [37.6108636, 55.7123209], [37.6108497, 55.7123289], [37.6107361, 55.712266099999994], [37.6107151, 55.7122782], [37.6106815, 55.7122596], [37.6106336, 55.71228709999998], [37.6106046, 55.712271099999995], [37.6104965, 55.7123332], [37.610484, 55.71232619999999], [37.6102215, 55.71247699999999], [37.6102063, 55.7124686], [37.6101008, 55.7125291], [37.6101161, 55.712537600000005], [37.6100493, 55.712575999999984], [37.6101818, 55.7126492], [37.6102509, 55.71261109999999], [37.6104707, 55.71247879999999], [37.6106713, 55.7123682], [37.6108011, 55.7124399], [37.6110315, 55.7125672], [37.6111757, 55.7126469], [37.611311900000004, 55.71256870000001]]]}}, {"type": "Feature", "properties": {"id": 1052, "object_type": "restriction", "restriction_type": "oks"}, "geometry": {"type": "Polygon", "coordinates": [[[37.6122372, 55.713089599999996], [37.6120292, 55.712972199999996], [37.6117787, 55.7128308], [37.6117223, 55.712799000000004], [37.6117101, 55.71280589999999], [37.6116555, 55.712775099999995], [37.6116333, 55.7127876], [37.6116055, 55.71277189999999], [37.6115841, 55.71275980000001], [37.611533, 55.7127886], [37.6115131, 55.712777399999986], [37.6114709, 55.7128011], [37.6114574, 55.712808700000004], [37.6114439, 55.7128011], [37.6111279, 55.71297880000001], [37.6109275, 55.7130915], [37.6110584, 55.71316539999999], [37.6111541, 55.7131115], [37.6111857, 55.7131293], [37.6112372, 55.7131004], [37.6112056, 55.71308259999999], [37.6113892, 55.7129793], [37.6114153, 55.712994], [37.6114593, 55.7129693], [37.6114332, 55.71295459999999], [37.6115985, 55.71286159999998], [37.6117474, 55.71294559999999], [37.6117149, 55.71296379999999], [37.6117673, 55.712993399999995], [37.6117998, 55.712975199999995], [37.6119773, 55.7130753], [37.6119476, 55.713091999999996], [37.612, 55.713121599999994], [37.6120297, 55.71310489999999], [37.6121197, 55.713155699999994], [37.6122372, 55.713089599999996]]]}}, {"type": "Feature", "properties": {"id": 1053, "object_type": "restriction", "restriction_type": "oks"}, "geometry": {"type": "Polygon", "coordinates": [[[37.6115787, 55.71226349999999], [37.61156830000001, 55.7121439], [37.6115577, 55.712023], [37.6113325, 55.71202920000001], [37.61135350000001, 55.71226969999999], [37.6115787, 55.71226349999999]]]}}, {"type": "Feature", "properties": {"id": 1054, "object_type": "restriction", "restriction_type": "oks"}, "geometry": {"type": "Polygon", "coordinates": [[[37.6133612, 55.7122241], [37.6133599, 55.71220979999998], [37.6133499, 55.71209509999999], [37.6133402, 55.71198360000001], [37.613115, 55.71198979999999], [37.6131359, 55.712230299999995], [37.6133612, 55.7122241]]]}}, {"type": "Feature", "properties": {"id": 1055, "object_type": "restriction", "restriction_type": "oks"}, "geometry": {"type": "Polygon", "coordinates": [[[37.6099351, 55.712577599999996], [37.6098657, 55.7125393], [37.6098806, 55.71253069999999], [37.6098431, 55.7125101], [37.6097683, 55.7124689], [37.6097534, 55.712477500000006], [37.6096151, 55.71240139999998], [37.6096503, 55.712380999999986], [37.6095995, 55.712353], [37.6095642, 55.71237339999999], [37.6094967, 55.7123362], [37.6094892, 55.71234050000001], [37.6094058, 55.7122946], [37.6094133, 55.7122903], [37.6093761, 55.712269799999994], [37.6093749, 55.71226919999999], [37.6093431, 55.712287499999995], [37.6093004, 55.71226399999999], [37.6092604, 55.712287], [37.6092318, 55.71227129999998], [37.6091955, 55.71229230000001], [37.6092025, 55.712296099999996], [37.6091095, 55.712349799999984], [37.6091025, 55.71234590000001], [37.6090466, 55.7123781], [37.6090011, 55.712353], [37.6089518, 55.71238139999999], [37.6089974, 55.7124065], [37.60885960000001, 55.712485999999984], [37.6088451, 55.71247799999999], [37.6087913, 55.71250900000001], [37.6087403, 55.7125384], [37.6087548, 55.712546399999994], [37.6086838, 55.7125873], [37.6088095, 55.71265650000001], [37.6088848, 55.71261309999999], [37.6089222, 55.71263369999999], [37.6089767, 55.7126022], [37.6089393, 55.71258160000001], [37.6091202, 55.712477400000004], [37.609247, 55.7124043], [37.609298, 55.7123749], [37.6094423, 55.7124544], [37.6096675, 55.7125783], [37.6096324, 55.71259859999999], [37.609687, 55.7126286], [37.6097222, 55.7126084], [37.6098037, 55.7126533], [37.6099351, 55.712577599999996]]]}}, {"type": "Feature", "properties": {"id": 1056, "object_type": "restriction", "restriction_type": "oks"}, "geometry": {"type": "Polygon", "coordinates": [[[37.6106653, 55.7131784], [37.610682, 55.7131687], [37.61081020000001, 55.7130946], [37.6107739, 55.713074599999985], [37.6108188, 55.71304859999999], [37.610609, 55.71293359999999], [37.6106193, 55.7129276], [37.6105741, 55.712902899999996], [37.6105639, 55.712908799999994], [37.610433, 55.71283700000001], [37.610397, 55.712857799999995], [37.6102161, 55.7127586], [37.6100504, 55.7128544], [37.6100242, 55.71284000000001], [37.6098914, 55.712916899999996], [37.609876, 55.712908399999996], [37.6098252, 55.71293769999998], [37.6098407, 55.71294619999998], [37.6096512, 55.7130558], [37.6096954, 55.7130801], [37.6096758, 55.7130914], [37.6096556, 55.71310309999999], [37.609804, 55.71318449999999], [37.609853, 55.71315609999999], [37.6098194, 55.713137700000004], [37.6100713, 55.712991900000006], [37.6101003, 55.71300779999999], [37.6101614, 55.712972499999985], [37.6101324, 55.71295659999999], [37.6101574, 55.71295619999999], [37.6102236, 55.712955099999995], [37.6102966, 55.71295390000001], [37.6103245, 55.7129534], [37.6102998, 55.7129677], [37.6103622, 55.71300190000001], [37.6103869, 55.712987700000006], [37.6106591, 55.713136999999996], [37.6106254, 55.7131565], [37.6106433, 55.7131663], [37.6106653, 55.7131784]]]}}, {"type": "Feature", "properties": {"id": 1057, "object_type": "restriction", "restriction_type": "oks"}, "geometry": {"type": "Polygon", "coordinates": [[[37.6094822, 55.71426129999998], [37.6095208, 55.7142395], [37.609577, 55.7142712], [37.6096279, 55.71424249999999], [37.6096552, 55.7142579], [37.6101881, 55.7139577], [37.6100501, 55.7138799], [37.6099613, 55.71392989999999], [37.6097025, 55.7140757], [37.6095669, 55.7141521], [37.609425400000006, 55.714072399999985], [37.609204, 55.71394759999998], [37.6090954, 55.71388639999999], [37.6089561, 55.71396489999999], [37.6094822, 55.71426129999998]]]}}, {"type": "Feature", "properties": {"id": 1058, "object_type": "restriction", "restriction_type": "oks"}, "geometry": {"type": "Polygon", "coordinates": [[[37.6087765, 55.7136624], [37.6087927, 55.71365350000001], [37.6087373, 55.71362249999999], [37.6086795, 55.71359009999999], [37.608662, 55.7135996], [37.6085038, 55.7135109], [37.6083959, 55.71345050000001], [37.6082723, 55.713520599999995], [37.6083677, 55.7135735], [37.6083413, 55.7135886], [37.6083877, 55.7136143], [37.6084141, 55.71359919999999], [37.608581, 55.71369180000001], [37.6085538, 55.713707299999996], [37.6086025, 55.7137343], [37.6086296, 55.713718799999995], [37.6087071, 55.713761799999986], [37.6088318, 55.71369339999999], [37.6087765, 55.7136624]]]}}, {"type": "Feature", "properties": {"id": 1059, "object_type": "restriction", "restriction_type": "oks"}, "geometry": {"type": "Polygon", "coordinates": [[[37.610396, 55.71400989999999], [37.6103719, 55.7140236], [37.610393, 55.71403539999999], [37.6104218, 55.7140508], [37.6104453, 55.714037399999995], [37.6105998, 55.714123199999996], [37.6105749, 55.714137400000006], [37.6105981, 55.7141503], [37.6106318, 55.714169], [37.6106566, 55.71415489999998], [37.6108436, 55.7142588], [37.6108769, 55.7142397], [37.6109311, 55.7142699], [37.6109538, 55.714256899999995], [37.6109925, 55.71423479999999], [37.6110229, 55.7142517], [37.6112104, 55.7141446], [37.6112405, 55.71416130000001], [37.611267, 55.71414620000001], [37.6112935, 55.714131099999996], [37.6112636, 55.71411439999999], [37.6114166, 55.714026999999994], [37.6114487, 55.71404489999999], [37.6114781, 55.71402809999999], [37.6115055, 55.7140125], [37.6114734, 55.7139946], [37.6115412, 55.71395590000001], [37.61141580000001, 55.7138862], [37.6113673, 55.71391389999999], [37.6113527, 55.7139058], [37.6109819, 55.71411750000001], [37.6109964, 55.714125499999994], [37.6109282, 55.7141645], [37.6104383, 55.71389229999998], [37.610313100000006, 55.71396380000001], [37.610396, 55.71400989999999]]]}}, {"type": "Feature", "properties": {"id": 1060, "object_type": "restriction", "restriction_type": "oks"}, "geometry": {"type": "Polygon", "coordinates": [[[37.6086826, 55.7138933], [37.6086064, 55.71393759999999], [37.608417, 55.71404769999998], [37.6083167, 55.7141059], [37.6084333, 55.71416959999999], [37.6084957, 55.71413329999999], [37.608528, 55.714151], [37.60859, 55.714114999999985], [37.6085577, 55.71409729999999], [37.6086769, 55.7140281], [37.6087092, 55.7140457], [37.60877320000001, 55.71400849999999], [37.6087409, 55.71399079999999], [37.6087992, 55.713956999999986], [37.6086826, 55.7138933]]]}}, {"type": "Feature", "properties": {"id": 1061, "object_type": "restriction", "restriction_type": "oks"}, "geometry": {"type": "Polygon", "coordinates": [[[37.6097811, 55.71447279999999], [37.6098957, 55.71447299999999], [37.6098956, 55.7145007], [37.6099571, 55.714500699999995], [37.6099572, 55.71447309999999], [37.6102106, 55.7144734], [37.6102105, 55.7145015], [37.6102784, 55.71450159999999], [37.6102785, 55.71447359999999], [37.6105372, 55.7144739], [37.6105371, 55.714501600000006], [37.6106007, 55.71450169999999], [37.6106009, 55.714474], [37.610733, 55.7144742], [37.6107334, 55.7143688], [37.6105854, 55.7143686], [37.6105854, 55.7143791], [37.6105722, 55.7143791], [37.6102845, 55.71437869999999], [37.6099325, 55.71437819999999], [37.609902000000005, 55.71437819999999], [37.6099021, 55.714367599999996], [37.6097815, 55.71436740000001], [37.6097811, 55.71447279999999]]]}}, {"type": "Feature", "properties": {"id": 1062, "object_type": "restriction", "restriction_type": "oks"}, "geometry": {"type": "Polygon", "coordinates": [[[37.608111, 55.71426969999999], [37.608169, 55.7142628], [37.6081616, 55.7142429], [37.6081548, 55.7142248], [37.6080968, 55.7142317], [37.6080652, 55.714147], [37.6078957, 55.7141648], [37.6079704, 55.71436090000001], [37.6079819, 55.7143603], [37.6080184, 55.7144562], [37.6080721, 55.71445349999999], [37.6080896, 55.714476], [37.6082249, 55.71447529999999], [37.6082292, 55.71448079999999], [37.6086215, 55.714478799999995], [37.608622, 55.7145109], [37.6086931, 55.7145105], [37.6086926, 55.7144784], [37.6087209, 55.714478299999996], [37.6089046, 55.714477299999984], [37.6089052, 55.714509700000015], [37.6089805, 55.7145093], [37.6089799, 55.71447690000001], [37.6090068, 55.7144768], [37.6091557, 55.71447609999999], [37.6091856, 55.714475900000004], [37.6091862, 55.714512199999994], [37.6092573, 55.7145119], [37.6092567, 55.71447549999999], [37.6093702, 55.7144749], [37.6093706, 55.714379599999994], [37.6093511, 55.714379699999995], [37.6093509, 55.714369], [37.6092883, 55.71436939999999], [37.6092885, 55.7143801], [37.6092137, 55.714380500000004], [37.6091718, 55.7143806], [37.6091718, 55.714368699999994], [37.6090159, 55.71436909999999], [37.609016, 55.7143809], [37.6089446, 55.7143811], [37.6088887, 55.714381200000005], [37.6088887, 55.7143708], [37.6087476, 55.714371099999994], [37.6087477, 55.7143815], [37.6086564, 55.7143817], [37.6086099, 55.714381800000005], [37.6086098, 55.71437159999999], [37.6084539, 55.7143719], [37.608454, 55.714382199999996], [37.6084179, 55.71438229999999], [37.6084177, 55.714349199999994], [37.6083752, 55.71434930000001], [37.6083297, 55.7143494], [37.6083299, 55.7143825], [37.6081868, 55.714382799999996], [37.6081681, 55.71437569999999], [37.6081477, 55.71436800000001], [37.608111, 55.71426969999999]]]}}, {"type": "Feature", "properties": {"id": 1063, "object_type": "restriction", "restriction_type": "oks"}, "geometry": {"type": "Polygon", "coordinates": [[[37.6121823, 55.71352540000001], [37.6120575, 55.713455700000004], [37.6119333, 55.713526200000004], [37.6117338, 55.71363959999999], [37.6116632, 55.713679799999994], [37.611788, 55.71374949999999], [37.6121823, 55.71352540000001]]]}}, {"type": "Feature", "properties": {"id": 1064, "object_type": "restriction", "restriction_type": "oks"}, "geometry": {"type": "Polygon", "coordinates": [[[37.6127625, 55.714488700000004], [37.6127623, 55.714498199999994], [37.61292, 55.7144994], [37.6129203, 55.7144899], [37.613021800000006, 55.714490600000005], [37.6130216, 55.714500699999995], [37.613177, 55.714501899999995], [37.6131772, 55.7144918], [37.6134151, 55.71449350000001], [37.6134177, 55.714383299999994], [37.6134317, 55.71438340000001], [37.6134338, 55.714295099999994], [37.6134198, 55.714294999999986], [37.613421, 55.714244199999996], [37.6134347, 55.714244300000004], [37.6134368, 55.7141541], [37.6134231, 55.714154], [37.6134243, 55.7141009], [37.6134395, 55.714101], [37.6134417, 55.714006600000005], [37.6134265, 55.7140065], [37.6134272, 55.71397679999999], [37.6133946, 55.7139766], [37.6133958, 55.713923099999995], [37.613227, 55.7139218], [37.6132257, 55.713978399999995], [37.6132245, 55.714030999999984], [37.6131829, 55.7140307], [37.613182, 55.714070099999994], [37.6132236, 55.71407039999998], [37.6132211, 55.7141767], [37.6131808, 55.7141764], [37.61318, 55.7142135], [37.6132202, 55.714213799999996], [37.6132163, 55.714379099999995], [37.6131358, 55.7143785], [37.6131364, 55.71435489999998], [37.61306220000001, 55.714354300000004], [37.6130616, 55.714377999999996], [37.612912, 55.7143769], [37.6128845, 55.71437670000001], [37.6128851, 55.7143531], [37.6128088, 55.714352599999984], [37.6128082, 55.7143761], [37.6127149, 55.7143754], [37.6127134, 55.7144387], [37.6127131, 55.71445219999999], [37.6127123, 55.7144883], [37.6127625, 55.714488700000004]]]}}, {"type": "Feature", "properties": {"id": 1065, "object_type": "restriction", "restriction_type": "oks"}, "geometry": {"type": "Polygon", "coordinates": [[[37.6132054, 55.71473559999999], [37.6126215, 55.71474029999999], [37.612625, 55.7148733], [37.613126, 55.7148692], [37.613131100000004, 55.7150704], [37.6133413, 55.71506870000001], [37.613335, 55.714820700000004], [37.6132077, 55.7148218], [37.6132054, 55.71473559999999]]]}}, {"type": "Feature", "properties": {"id": 1066, "object_type": "restriction", "restriction_type": "oks"}, "geometry": {"type": "Polygon", "coordinates": [[[37.6128781, 55.71540639999999], [37.6128818, 55.71551709999999], [37.6131816, 55.7155139], [37.6131801, 55.715470499999995], [37.6133592, 55.715468599999994], [37.6133476, 55.715125399999984], [37.6131735, 55.71512719999999], [37.6131828, 55.71540319999999], [37.6128781, 55.71540639999999]]]}}, {"type": "Feature", "properties": {"id": 1067, "object_type": "restriction", "restriction_type": "oks"}, "geometry": {"type": "Polygon", "coordinates": [[[37.6122443, 55.7153261], [37.612243, 55.7150431], [37.6122421, 55.7148603], [37.6122857, 55.7148603], [37.6123704, 55.71486019999999], [37.61237, 55.71476619999999], [37.612059, 55.714766700000006], [37.6120611, 55.715184199999996], [37.6120618, 55.71534979999999], [37.6120621, 55.7154028], [37.6122447, 55.7154026], [37.6122443, 55.7153261]]]}}, {"type": "Feature", "properties": {"id": 1068, "object_type": "restriction", "restriction_type": "oks"}, "geometry": {"type": "Polygon", "coordinates": [[[37.6128706, 55.71581520000001], [37.6131655, 55.7158127], [37.6131816, 55.7164161], [37.6129489, 55.71641799999999], [37.6129518, 55.7165261], [37.6131362, 55.71652449999999], [37.6132739, 55.71652339999999], [37.6132918, 55.7165232], [37.613289, 55.71641739999999], [37.6133651, 55.7164167], [37.6133479, 55.715772], [37.61319300000001, 55.715773299999995], [37.6131915, 55.7157172], [37.612868, 55.715720000000005], [37.6128706, 55.71581520000001]]]}}, {"type": "Feature", "properties": {"id": 1069, "object_type": "restriction", "restriction_type": "oks"}, "geometry": {"type": "Polygon", "coordinates": [[[37.6080024, 55.7148022], [37.6081827, 55.715271], [37.6083746, 55.7152484], [37.6083496, 55.715182399999996], [37.6082856, 55.7150138], [37.6082215, 55.714845], [37.608197, 55.714779], [37.6080024, 55.7148022]]]}}, {"type": "Feature", "properties": {"id": 1070, "object_type": "restriction", "restriction_type": "oks"}, "geometry": {"type": "Polygon", "coordinates": [[[37.6065389, 55.714414699999985], [37.6064467, 55.714175299999994], [37.6062536, 55.714199099999995], [37.6063448, 55.71443880000001], [37.6065389, 55.714414699999985]]]}}, {"type": "Feature", "properties": {"id": 1071, "object_type": "restriction", "restriction_type": "oks"}, "geometry": {"type": "Polygon", "coordinates": [[[37.608101, 55.717349399999996], [37.6078388, 55.71738150000001], [37.6078616, 55.7174409], [37.6079667, 55.71771579999999], [37.6079962, 55.7177919], [37.6080884, 55.717781200000005], [37.6080823, 55.717763399999995], [37.6081683, 55.71775350000001], [37.608162, 55.7177353], [37.6082449, 55.71772459999999], [37.6082293, 55.7176841], [37.60812440000001, 55.7174093], [37.608101, 55.717349399999996]]]}}, {"type": "Feature", "properties": {"id": 1072, "object_type": "restriction", "restriction_type": "oks"}, "geometry": {"type": "Polygon", "coordinates": [[[37.6077735, 55.716969899999995], [37.6077749, 55.71697339999999], [37.6078745, 55.71696190000001], [37.6078734, 55.716958], [37.6079541, 55.7169487], [37.6078507, 55.71667039999999], [37.6077684, 55.71668089999999], [37.6077672, 55.7166785], [37.6076673, 55.71669039999998], [37.607668, 55.716694900000014], [37.607585500000006, 55.716704], [37.6076215, 55.716797499999984], [37.60768980000001, 55.7169751], [37.6076912, 55.7169789], [37.6077735, 55.716969899999995]]]}}, {"type": "Feature", "properties": {"id": 1073, "object_type": "restriction", "restriction_type": "oks"}, "geometry": {"type": "Polygon", "coordinates": [[[37.6082364, 55.71253480000001], [37.6081833, 55.7125647], [37.6081099, 55.712523299999994], [37.608014, 55.71257740000001], [37.6080874, 55.7126187], [37.6080309, 55.712650499999995], [37.6083312, 55.712819700000004], [37.6085367, 55.71270389999999], [37.6082364, 55.71253480000001]]]}}, {"type": "Feature", "properties": {"id": 1074, "object_type": "restriction", "restriction_type": "oks"}, "geometry": {"type": "Polygon", "coordinates": [[[37.6149616, 55.7099739], [37.61496087787882, 55.70976561819272], [37.61478417607828, 55.70976362518683], [37.6147843, 55.709796499999996], [37.6147849, 55.7099646], [37.6147852, 55.71005839999999], [37.6149619, 55.71005819999999], [37.6149616, 55.7099739]]]}}, {"type": "Feature", "properties": {"id": 1075, "object_type": "restriction", "restriction_type": "oks"}, "geometry": {"type": "Polygon", "coordinates": [[[37.61546, 55.70999509999999], [37.6154593, 55.7098056], [37.61545917366629, 55.70977123706191], [37.61528248022807, 55.709769244867736], [37.6152835, 55.710069000000004], [37.6154603, 55.7100688], [37.61546, 55.70999509999999]]]}}, {"type": "Feature", "properties": {"id": 1076, "object_type": "restriction", "restriction_type": "oks"}, "geometry": {"type": "Polygon", "coordinates": [[[37.61595644672575, 55.70977684238179], [37.61577969407055, 55.70977485023606], [37.6157798, 55.7098033], [37.6157805, 55.7099931], [37.6157808, 55.7100688], [37.6159063, 55.71006869999999], [37.6159575, 55.7100686], [37.61595644672575, 55.70977684238179]]]}}, {"type": "Feature", "properties": {"id": 1077, "object_type": "restriction", "restriction_type": "oks"}, "geometry": {"type": "Polygon", "coordinates": [[[37.6140752, 55.7109254], [37.614072, 55.71080169999999], [37.6140652, 55.71054649999999], [37.6140628, 55.71045329999999], [37.6137889, 55.710455599999996], [37.613791, 55.7105348], [37.6138265, 55.710534499999994], [37.6138273, 55.71056339999999], [37.6138337, 55.71080729999999], [37.6138345, 55.71083809999999], [37.613799, 55.710838399999986], [37.6138013, 55.710927699999985], [37.6140752, 55.7109254]]]}}, {"type": "Feature", "properties": {"id": 1078, "object_type": "restriction", "restriction_type": "oks"}, "geometry": {"type": "Polygon", "coordinates": [[[37.6144933, 55.7110029], [37.6142585, 55.711008799999995], [37.6141201, 55.711012299999986], [37.6141336, 55.71118370000001], [37.6142691, 55.71118030000001], [37.6142961, 55.711179599999994], [37.61429890000001, 55.711214600000005], [37.6147579, 55.711203099999985], [37.614751, 55.71111599999998], [37.6145027, 55.71112219999999], [37.6144933, 55.7110029]]]}}, {"type": "Feature", "properties": {"id": 1079, "object_type": "restriction", "restriction_type": "oks"}, "geometry": {"type": "Polygon", "coordinates": [[[37.6154974, 55.71105969999999], [37.6154039, 55.711062000000005], [37.6151857, 55.7110675], [37.6148352, 55.711076199999994], [37.614748, 55.71107839999999], [37.614751, 55.71111599999998], [37.6147579, 55.711203099999985], [37.6154078, 55.7111869], [37.6156227, 55.71118150000001], [37.6156129, 55.7110568], [37.6154974, 55.71105969999999]]]}}, {"type": "Feature", "properties": {"id": 1080, "object_type": "restriction", "restriction_type": "oks"}, "geometry": {"type": "Polygon", "coordinates": [[[37.6157724, 55.719037900000004], [37.615361400000005, 55.719005599999996], [37.6149599, 55.71897399999999], [37.6149336, 55.719080000000005], [37.6150962, 55.71909279999999], [37.6150872, 55.7191292], [37.615199, 55.719138], [37.6152074, 55.719104200000004], [37.6152409, 55.719106799999985], [37.6153339, 55.71911409999999], [37.6154425, 55.71912269999999], [37.6154331, 55.71916070000001], [37.6155558, 55.7191704], [37.6155649, 55.719133799999994], [37.6155947, 55.719136199999994], [37.6157451, 55.71914799999999], [37.6157724, 55.719037900000004]]]}}, {"type": "Feature", "properties": {"id": 1081, "object_type": "restriction", "restriction_type": "oks"}, "geometry": {"type": "Polygon", "coordinates": [[[37.6194439, 55.717527999999994], [37.619498, 55.717421899999984], [37.6195469, 55.717429800000005], [37.6195655, 55.7173932], [37.6195167, 55.7173853], [37.6195945, 55.717232799999984], [37.6196433, 55.7172407], [37.6196687, 55.71719099999999], [37.6196199, 55.717183], [37.6196795, 55.717066100000004], [37.6197284, 55.717074000000004], [37.6197516, 55.717028400000004], [37.6197028, 55.717020500000004], [37.6197321, 55.71696310000001], [37.6197687, 55.71689139999999], [37.6195935, 55.71686299999998], [37.6195834, 55.71686139999999], [37.6195719, 55.716859499999984], [37.6192471, 55.717496199999985], [37.6194439, 55.717527999999994]]]}}, {"type": "Feature", "properties": {"id": 1082, "object_type": "restriction", "restriction_type": "oks"}, "geometry": {"type": "Polygon", "coordinates": [[[37.6205751, 55.7174239], [37.6203992, 55.7174117], [37.6204016, 55.717390099999996], [37.620322900000005, 55.7173847], [37.6203162, 55.71740609999999], [37.6202399, 55.71740119999999], [37.6202554, 55.71732619999999], [37.6202977, 55.7173291], [37.6203063, 55.717280900000006], [37.6202582, 55.717277199999984], [37.6202946, 55.71711849999999], [37.6203423, 55.71712200000001], [37.6203545, 55.7170665], [37.6203109, 55.717063100000004], [37.6203266, 55.716996399999985], [37.62040590000001, 55.71700160000001], [37.620404, 55.7170234], [37.620479, 55.71702849999999], [37.6204857, 55.717005199999996], [37.6206615, 55.71701780000001], [37.6206865, 55.71689889999999], [37.6202913, 55.71687219999998], [37.620278500000005, 55.716919099999984], [37.6202107, 55.71694779999999], [37.6201183, 55.71693879999999], [37.6200141, 55.7174212], [37.6200894, 55.717426399999994], [37.6201471, 55.7174568], [37.6201374, 55.7175181], [37.6205499, 55.7175471], [37.6205751, 55.7174239]]]}}, {"type": "Feature", "properties": {"id": 1083, "object_type": "restriction", "restriction_type": "oks"}, "geometry": {"type": "MultiPolygon", "coordinates": [[[[37.6210633, 55.71745159999999], [37.6210659, 55.7174353], [37.6209764, 55.71743], [37.6209733, 55.7174494], [37.620788, 55.717437100000005], [37.6207597, 55.7175608], [37.62108757689395, 55.717583130614486], [37.62109214206873, 55.71745356650969], [37.6210633, 55.71745159999999]]], [[[37.6208998, 55.71691169999998], [37.6208773, 55.717036], [37.62105590000001, 55.717048399999996], [37.6210541, 55.717068399999995], [37.621096, 55.717072], [37.62110556249083, 55.71707267572354], [37.62111074808736, 55.71692549861786], [37.6208998, 55.71691169999998]]]]}}, {"type": "Feature", "properties": {"id": 1084, "object_type": "restriction", "restriction_type": "oks"}, "geometry": {"type": "Polygon", "coordinates": [[[37.615919, 55.7164582], [37.6159203, 55.7165604], [37.6162466, 55.716559000000004], [37.6170779, 55.7165554], [37.6170771, 55.71649059999999], [37.6170909, 55.716490499999985], [37.6171276, 55.716490400000005], [37.6171519, 55.71649029999999], [37.6171521, 55.71650590000001], [37.6173162, 55.716505199999986], [37.6173152, 55.7164289], [37.617133, 55.716429700000006], [37.6166702, 55.7164317], [37.616671, 55.716494700000005], [37.6165986, 55.71649500000001], [37.616598, 55.71644779999999], [37.6162488, 55.716449399999995], [37.61609680000001, 55.716449999999995], [37.6160971, 55.7164709], [37.6160367, 55.7164711], [37.616034, 55.7162777], [37.616033, 55.7162017], [37.61585790000001, 55.71620239999999], [37.6158613, 55.71645839999999], [37.615919, 55.7164582]]]}}, {"type": "Feature", "properties": {"id": 1085, "object_type": "restriction", "restriction_type": "oks"}, "geometry": {"type": "Polygon", "coordinates": [[[37.6174951, 55.715984999999996], [37.6174844, 55.71550150000001], [37.6173127, 55.71550150000001], [37.6173146, 55.7155869], [37.6173183, 55.715754000000004], [37.6173215, 55.7158937], [37.6173235, 55.715984999999996], [37.6174951, 55.715984999999996]]]}}, {"type": "Feature", "properties": {"id": 1086, "object_type": "restriction", "restriction_type": "oks"}, "geometry": {"type": "Polygon", "coordinates": [[[37.617494, 55.7153719], [37.617506500000005, 55.71477530000001], [37.617247500000005, 55.7147735], [37.6172454, 55.7148731], [37.6172911, 55.71487340000001], [37.6172826, 55.7152791], [37.6172252, 55.715278700000006], [37.6172233, 55.71537010000001], [37.617494, 55.7153719]]]}}, {"type": "Feature", "properties": {"id": 1087, "object_type": "restriction", "restriction_type": "oks"}, "geometry": {"type": "Polygon", "coordinates": [[[37.61969200000001, 55.71490929999999], [37.6196888, 55.71510509999999], [37.6196871, 55.7152124], [37.6198332, 55.7152132], [37.6198765, 55.7152134], [37.6198831, 55.71481060000001], [37.6196937, 55.7148096], [37.61969200000001, 55.71490929999999]]]}}, {"type": "Feature", "properties": {"id": 1088, "object_type": "restriction", "restriction_type": "road"}, "geometry": {"type": "Polygon", "coordinates": [[[37.620540692458476, 55.71471962843843], [37.621188336128704, 55.71472323881691], [37.62119118431918, 55.71464238991805], [37.62054274666727, 55.71463877512585], [37.62035178577807, 55.714635785133325], [37.62034781421715, 55.71471661486635], [37.620539414414736, 55.71471961487046], [37.620540692458476, 55.71471962843843]]]}}, {"type": "Feature", "properties": {"id": 1089, "object_type": "restriction", "restriction_type": "oks"}, "geometry": {"type": "Polygon", "coordinates": [[[37.6186752, 55.711978599999995], [37.6187875, 55.7119775], [37.6187887, 55.71201609999999], [37.6190745, 55.712013299999995], [37.6190731, 55.7119682], [37.6192338, 55.71196659999999], [37.6192293, 55.71182199999999], [37.618958400000004, 55.71182459999999], [37.6189462, 55.711824799999995], [37.6189335, 55.71182499999999], [37.6186705, 55.71182749999999], [37.6186752, 55.711978599999995]]]}}, {"type": "Feature", "properties": {"id": 1090, "object_type": "restriction", "restriction_type": "oks"}, "geometry": {"type": "Polygon", "coordinates": [[[37.6168745, 55.71261409999999], [37.6166195, 55.71261809999999], [37.6166204, 55.71270789999999], [37.61669, 55.712708], [37.6172723, 55.7127093], [37.6172732, 55.71274919999998], [37.6174553, 55.712749499999994], [37.617455, 55.7125553], [37.6168739, 55.71255459999999], [37.6168745, 55.71261409999999]]]}}, {"type": "Feature", "properties": {"id": 1091, "object_type": "restriction", "restriction_type": "oks"}, "geometry": {"type": "Polygon", "coordinates": [[[37.6169697, 55.71307399999999], [37.6169699, 55.71323469999999], [37.6169704, 55.7136176], [37.6172602, 55.713617600000006], [37.6172634, 55.713131499999996], [37.6172632, 55.7130737], [37.6169697, 55.71307399999999]]]}}, {"type": "Feature", "properties": {"id": 1092, "object_type": "restriction", "restriction_type": "oks"}, "geometry": {"type": "Polygon", "coordinates": [[[37.6160259, 55.71398239999999], [37.6160217, 55.713453799999996], [37.6160211, 55.71337799999999], [37.6158089, 55.71337859999999], [37.615814, 55.7140349], [37.6160263, 55.7140343], [37.6160259, 55.71398239999999]]]}}, {"type": "Feature", "properties": {"id": 1093, "object_type": "restriction", "restriction_type": "oks"}, "geometry": {"type": "Polygon", "coordinates": [[[37.6184831, 55.71099710000001], [37.618286700000006, 55.7110002], [37.6178347, 55.71100719999998], [37.6178421, 55.711156800000005], [37.6178697, 55.71115639999999], [37.6180847, 55.711152899999995], [37.6180961, 55.7111528], [37.6182355, 55.711150499999995], [37.6182505, 55.7111503], [37.618491, 55.71114649999999], [37.6184835, 55.7110149], [37.6184831, 55.71099710000001]]]}}, {"type": "Feature", "properties": {"id": 1094, "object_type": "restriction", "restriction_type": "oks"}, "geometry": {"type": "Polygon", "coordinates": [[[37.6191477, 55.71112289999999], [37.6191762, 55.71112329999999], [37.6191826, 55.71042009999999], [37.6192077, 55.710420099999986], [37.6192087, 55.71032689999999], [37.6190279, 55.7103266], [37.6190278, 55.7103808], [37.6189879, 55.7103811], [37.6189884, 55.7104198], [37.6190029, 55.71041989999999], [37.619003, 55.71046749999999], [37.6189616, 55.7104674], [37.6189619, 55.7105187], [37.6190039, 55.7105187], [37.6190041, 55.71056029999999], [37.618965, 55.7105604], [37.6189651, 55.710612199999986], [37.6190046, 55.7106121], [37.6190054, 55.7106995], [37.6189669, 55.7106997], [37.6189671, 55.7107511], [37.6190057, 55.71075119999998], [37.6190069, 55.710873299999996], [37.6189744, 55.71087320000001], [37.6189746, 55.71091979999999], [37.6190076, 55.71091989999999], [37.6190081, 55.7109997], [37.6190094, 55.711121999999996], [37.6191477, 55.71112289999999]]]}}, {"type": "Feature", "properties": {"id": 1095, "object_type": "restriction", "restriction_type": "oks"}, "geometry": {"type": "Polygon", "coordinates": [[[37.6185525, 55.71032650000001], [37.6183827, 55.71032869999999], [37.61839160000001, 55.710536399999995], [37.6183989, 55.7107067], [37.6184057, 55.710866599999996], [37.6184066, 55.7108932], [37.6185773, 55.7108907], [37.6185525, 55.71032650000001]]]}}, {"type": "Feature", "properties": {"id": 1096, "object_type": "restriction", "restriction_type": "oks"}, "geometry": {"type": "Polygon", "coordinates": [[[37.6178367, 55.7107486], [37.6178526, 55.710748499999994], [37.6178553, 55.7108986], [37.6180189, 55.7108977], [37.6180176, 55.71082189999999], [37.6180164, 55.7107523], [37.6180005, 55.7107523], [37.6179994, 55.7106923], [37.6179961, 55.710504199999995], [37.6179947, 55.71042569999999], [37.6180686, 55.7104253], [37.6180665, 55.71030999999999], [37.6180629, 55.7101094], [37.6180617, 55.7100402], [37.6180005, 55.7100405], [37.617999, 55.70995549999999], [37.61799628183114, 55.70979981455724], [37.617825418175045, 55.70979789162919], [37.6178297, 55.7100417], [37.6178851, 55.710041399999994], [37.6178918, 55.710426], [37.6178311, 55.7104263], [37.6178367, 55.7107486]]]}}, {"type": "Feature", "properties": {"id": 1097, "object_type": "restriction", "restriction_type": "oks"}, "geometry": {"type": "Polygon", "coordinates": [[[37.618389, 55.7099054], [37.6183947, 55.7101268], [37.6185705, 55.710126300000006], [37.6185685, 55.7100513], [37.618561968148875, 55.70980617918792], [37.61838639533809, 55.70980420406812], [37.618389, 55.7099054]]]}}, {"type": "Feature", "properties": {"id": 1098, "object_type": "restriction", "restriction_type": "oks"}, "geometry": {"type": "Polygon", "coordinates": [[[37.6163902, 55.7100053], [37.6163901, 55.710197], [37.6165641, 55.710197099999995], [37.6165639, 55.71025339999999], [37.6171992, 55.7102534], [37.6171991, 55.7102019], [37.6173718, 55.710201999999995], [37.6173718, 55.7100055], [37.6172038, 55.71000519999999], [37.617204, 55.71016099999999], [37.6165649, 55.71016109999999], [37.6165644, 55.71000549999999], [37.6163902, 55.7100053]]]}}, {"type": "Feature", "properties": {"id": 1099, "object_type": "restriction", "restriction_type": "oks"}, "geometry": {"type": "Polygon", "coordinates": [[[37.6123139, 55.7106565], [37.6123215, 55.71075399999999], [37.6125133, 55.7107493], [37.6124957, 55.7105223], [37.6121723, 55.7105302], [37.6118459, 55.71053829999999], [37.6118637, 55.710766199999995], [37.6120582, 55.7107614], [37.6120506, 55.71066299999999], [37.6123139, 55.7106565]]]}}, {"type": "Feature", "properties": {"id": 1100, "object_type": "restriction", "restriction_type": "oks"}, "geometry": {"type": "Polygon", "coordinates": [[[37.6130987, 55.711071899999986], [37.6130707, 55.71107349999999], [37.6130817, 55.71116199999999], [37.6127657, 55.7111719], [37.6127117, 55.711173300000006], [37.6126117, 55.711176099999996], [37.612108, 55.711190499999994], [37.6118271, 55.711198499999995], [37.6116085, 55.7112041], [37.6112964, 55.71121350000001], [37.6112754, 55.710989299999994], [37.6112703, 55.71093509999999], [37.6110576, 55.71094129999999], [37.6110833, 55.711224], [37.6110849, 55.71123789999999], [37.6110858, 55.7112509], [37.61109330000001, 55.711339899999984], [37.6116182, 55.71132489999999], [37.6122667, 55.7113057], [37.6127756, 55.7112938], [37.6133179, 55.71128109999999], [37.6133044, 55.71118119999999], [37.6132883, 55.7110676], [37.6130987, 55.711071899999986]]]}}, {"type": "Feature", "properties": {"id": 1101, "object_type": "restriction", "restriction_type": "oks"}, "geometry": {"type": "MultiPolygon", "coordinates": [[[[37.6126555, 55.70992739999999], [37.6125595, 55.7099276], [37.6125592, 55.70995369999999], [37.6126261, 55.7099546], [37.6126265, 55.7099939], [37.6131428, 55.70999359999999], [37.6131419, 55.709876599999994], [37.6128084, 55.70987670000001], [37.612807604950326, 55.70974131425577], [37.61265490314393, 55.70973958927983], [37.6126555, 55.70992739999999]]], [[[37.6119154, 55.70977359999999], [37.611583, 55.7097747], [37.6115836, 55.70985420000001], [37.6119152, 55.70985409999999], [37.61191590000001, 55.709945399999995], [37.61207, 55.709944799999995], [37.6120687, 55.709777], [37.6125721, 55.709775400000005], [37.6125724, 55.70973889999999], [37.61258865754676, 55.709738840886025], [37.611915212939806, 55.70973123077717], [37.6119154, 55.70977359999999]]]]}}, {"type": "Feature", "properties": {"id": 1102, "object_type": "restriction", "restriction_type": "oks"}, "geometry": {"type": "Polygon", "coordinates": [[[37.6110358, 55.710356700000006], [37.6114382, 55.71035549999999], [37.6114363, 55.710164799999994], [37.611334400000004, 55.71016509999999], [37.6113347, 55.710239400000006], [37.6111312, 55.710240099999986], [37.6111301, 55.710168900000006], [37.6110343, 55.71016910000001], [37.6110358, 55.710356700000006]]]}}, {"type": "Feature", "properties": {"id": 1103, "object_type": "restriction", "restriction_type": "oks"}, "geometry": {"type": "Polygon", "coordinates": [[[37.6051752, 55.7101809], [37.6052414, 55.71005449999999], [37.6051329, 55.7100365], [37.6048472, 55.709989], [37.6045699, 55.70994279999999], [37.6044186, 55.709917700000005], [37.6043524, 55.7100441], [37.6051752, 55.7101809]]]}}, {"type": "Feature", "properties": {"id": 1104, "object_type": "restriction", "restriction_type": "oks"}, "geometry": {"type": "Polygon", "coordinates": [[[37.6055706, 55.70997279999999], [37.6055075, 55.710141], [37.605481, 55.71021149999999], [37.6056995, 55.7102376], [37.6058227, 55.709909199999984], [37.6056042, 55.7098832], [37.6055706, 55.70997279999999]]]}}, {"type": "Feature", "properties": {"id": 1105, "object_type": "restriction", "restriction_type": "oks"}, "geometry": {"type": "Polygon", "coordinates": [[[37.6033971, 55.7096772], [37.6036958, 55.709724099999995], [37.6039923, 55.7097706], [37.6042859, 55.709816599999996], [37.6044076, 55.7098358], [37.6044605, 55.70972919999999], [37.6044093, 55.7097211], [37.60435420000001, 55.7097123], [37.6038940949886, 55.70964030582668], [37.60310464686705, 55.70963132854686], [37.6033971, 55.7096772]]]}}, {"type": "Feature", "properties": {"id": 1106, "object_type": "restriction", "restriction_type": "oks"}, "geometry": {"type": "Polygon", "coordinates": [[[37.6027601, 55.709698700000004], [37.602255612285646, 55.70962166800688], [37.60191683493467, 55.709617811669226], [37.6018871, 55.70967989999999], [37.6020191, 55.7097004], [37.6020982, 55.709712599999996], [37.6022836, 55.70974090000001], [37.6025129, 55.7097753], [37.6025876, 55.7097865], [37.6027081, 55.70980529999999], [37.6027601, 55.709698700000004]]]}}, {"type": "Feature", "properties": {"id": 1107, "object_type": "restriction", "restriction_type": "oks"}, "geometry": {"type": "Polygon", "coordinates": [[[37.6174007, 55.713111600000005], [37.6172929, 55.713123], [37.6172934, 55.71313109999999], [37.6172634, 55.713131499999996], [37.6172602, 55.713617600000006], [37.6172894, 55.71361729999998], [37.6172918, 55.713663000000004], [37.6168843, 55.71366200000001], [37.6168921, 55.7140349], [37.6172759, 55.714032], [37.617272, 55.7139279], [37.6173866, 55.71388919999999], [37.6173868, 55.713863], [37.6174194, 55.7138627], [37.6174196, 55.713833900000004], [37.6174776, 55.7138336], [37.6174805, 55.71345989999999], [37.617514, 55.7134597], [37.6175137, 55.71335729999999], [37.6174829, 55.713357499999994], [37.6174869, 55.71323989999999], [37.6174566, 55.7132136], [37.6174871, 55.7132071], [37.6174552, 55.7131792], [37.6174886, 55.713171], [37.6174891, 55.7131483], [37.6174007, 55.713111600000005]]]}}, {"type": "Feature", "properties": {"id": 1108, "object_type": "restriction", "restriction_type": "oks"}, "geometry": {"type": "Polygon", "coordinates": [[[37.6167181, 55.71372730000001], [37.6167341, 55.71372730000001], [37.6167367, 55.71358169999999], [37.6166953, 55.7135816], [37.6166983, 55.7134875], [37.6167342, 55.7134875], [37.6167367, 55.7133549], [37.6167153, 55.713354800000005], [37.6167144, 55.71329649999999], [37.6165719, 55.713295300000006], [37.6165716, 55.71335439999999], [37.6165586, 55.7133545], [37.6165553, 55.713446600000005], [37.6165362, 55.71344669999999], [37.6165364, 55.713476799999995], [37.6165585, 55.713476699999994], [37.616556, 55.71357749999999], [37.6165619, 55.7135776], [37.6165615, 55.713602399999985], [37.6165389, 55.713602699999996], [37.6165392, 55.7136339], [37.6165612, 55.713634], [37.6165592, 55.713728499999995], [37.6165711, 55.7137285], [37.6165715, 55.713766799999995], [37.6167175, 55.71376889999999], [37.6167181, 55.71372730000001]]]}}, {"type": "Feature", "properties": {"id": 1109, "object_type": "restriction", "restriction_type": "oks"}, "geometry": {"type": "Polygon", "coordinates": [[[37.6158082, 55.71256739999999], [37.6158192, 55.71321370000001], [37.616012600000005, 55.7132085], [37.6160132, 55.7125633], [37.6158082, 55.71256739999999]]]}}, {"type": "Feature", "properties": {"id": 1110, "object_type": "restriction", "restriction_type": "oks"}, "geometry": {"type": "Polygon", "coordinates": [[[37.6159165, 55.712286199999994], [37.615925600000004, 55.71240540000001], [37.6160828, 55.7124016], [37.616144, 55.71240019999999], [37.616135, 55.712281], [37.6159165, 55.712286199999994]]]}}, {"type": "Feature", "properties": {"id": 1111, "object_type": "restriction", "restriction_type": "oks"}, "geometry": {"type": "Polygon", "coordinates": [[[37.6143741, 55.712595], [37.6143552, 55.713058499999995], [37.6145077, 55.71306109999999], [37.6145165, 55.712866], [37.6146747, 55.71286779999999], [37.6146771, 55.712783], [37.6145195, 55.712782000000004], [37.6145272, 55.71259770000001], [37.6143741, 55.712595]]]}}, {"type": "Feature", "properties": {"id": 1112, "object_type": "restriction", "restriction_type": "oks"}, "geometry": {"type": "Polygon", "coordinates": [[[37.6128034, 55.712658299999994], [37.6128174, 55.71311990000001], [37.6130905, 55.7131173], [37.6130835, 55.712887699999996], [37.6130765, 55.7126557], [37.6128034, 55.712658299999994]]]}}, {"type": "Feature", "properties": {"id": 1113, "object_type": "restriction", "restriction_type": "oks"}, "geometry": {"type": "Polygon", "coordinates": [[[37.6118833, 55.72110909999999], [37.6119151, 55.7211064], [37.6118849, 55.720997799999985], [37.611853, 55.72100009999999], [37.6118191, 55.7210025], [37.6117949, 55.720930700000004], [37.6106797, 55.721026599999995], [37.6103948, 55.7202485], [37.6104882, 55.720237], [37.6104697, 55.720186300000016], [37.6104619, 55.72016699999999], [37.6103695, 55.720178499999996], [37.6103099, 55.7199782], [37.6101235, 55.720000899999995], [37.6099314, 55.720023299999994], [37.60996490000001, 55.7201113], [37.6103603, 55.7211623], [37.6104093, 55.721301], [37.6108101, 55.7212546], [37.6107918, 55.7212056], [37.6116016, 55.721135799999985], [37.6118833, 55.72110909999999]]]}}, {"type": "Feature", "properties": {"id": 1114, "object_type": "restriction", "restriction_type": "oks"}, "geometry": {"type": "Polygon", "coordinates": [[[37.6094839, 55.7154402], [37.6094912, 55.715267], [37.6094985, 55.7150938], [37.6095021, 55.7150072], [37.6093276, 55.71500489999999], [37.6093058, 55.715524499999994], [37.6094803, 55.715526800000006], [37.6094839, 55.7154402]]]}}, {"type": "Feature", "properties": {"id": 1115, "object_type": "restriction", "restriction_type": "oks"}, "geometry": {"type": "Polygon", "coordinates": [[[37.6099634, 55.7150128], [37.6097889, 55.715010499999984], [37.6097862, 55.7150754], [37.6097807, 55.7152053], [37.6097753, 55.715335199999984], [37.60976980000001, 55.715465099999996], [37.6097671, 55.71553], [37.6099416, 55.71553229999999], [37.6099634, 55.7150128]]]}}, {"type": "Feature", "properties": {"id": 1116, "object_type": "restriction", "restriction_type": "oks"}, "geometry": {"type": "Polygon", "coordinates": [[[37.616506, 55.716853500000006], [37.6163177, 55.7168529], [37.6163153, 55.717096999999995], [37.6163078, 55.71786319999999], [37.6163072, 55.71793079999998], [37.616307, 55.717946899999994], [37.6164957, 55.717947499999994], [37.616506, 55.716853500000006]]]}}, {"type": "Feature", "properties": {"id": 1117, "object_type": "restriction", "restriction_type": "oks"}, "geometry": {"type": "Polygon", "coordinates": [[[37.6176106, 55.7168417], [37.6174363, 55.7168417], [37.6174363, 55.7176106], [37.6174363, 55.7176803], [37.6176106, 55.71768029999999], [37.6176106, 55.7168417]]]}}, {"type": "Feature", "properties": {"id": 1118, "object_type": "restriction", "restriction_type": "oks"}, "geometry": {"type": "Polygon", "coordinates": [[[37.6181949, 55.717586], [37.6181633, 55.7175857], [37.6181633, 55.7168371], [37.617989, 55.716837100000006], [37.617989, 55.717675699999994], [37.6181919, 55.71767659999998], [37.6181949, 55.717586]]]}}, {"type": "Feature", "properties": {"id": 1119, "object_type": "restriction", "restriction_type": "oks"}, "geometry": {"type": "Polygon", "coordinates": [[[37.605262, 55.7208379], [37.6050642, 55.720878500000005], [37.6055515, 55.7216573], [37.6057455, 55.721620699999995], [37.605262, 55.7208379]]]}}, {"type": "Feature", "properties": {"id": 1120, "object_type": "restriction", "restriction_type": "oks"}, "geometry": {"type": "Polygon", "coordinates": [[[37.6069149, 55.72193059999999], [37.6069827, 55.7220457], [37.6071958, 55.72200579999999], [37.6070621, 55.721778799999996], [37.6068489, 55.7218186], [37.6069149, 55.72193059999999]]]}}, {"type": "Feature", "properties": {"id": 1121, "object_type": "restriction", "restriction_type": "oks"}, "geometry": {"type": "Polygon", "coordinates": [[[37.6065377, 55.7216644], [37.6066119, 55.7217903], [37.6068251, 55.7217504], [37.6066913, 55.7215234], [37.6066049, 55.72153949999999], [37.6064781, 55.7215632], [37.6065377, 55.7216644]]]}}, {"type": "Feature", "properties": {"id": 1122, "object_type": "restriction", "restriction_type": "oks"}, "geometry": {"type": "Polygon", "coordinates": [[[37.6152296, 55.72098299999999], [37.615673, 55.721035099999995], [37.616117, 55.7210871], [37.6165675, 55.72114], [37.6167871, 55.7211657], [37.6168362, 55.7210328], [37.6150457, 55.7208228], [37.6149965, 55.72095569999999], [37.6152296, 55.72098299999999]]]}}, {"type": "Feature", "properties": {"id": 1123, "object_type": "restriction", "restriction_type": "oks"}, "geometry": {"type": "Polygon", "coordinates": [[[37.6153528, 55.71566429999999], [37.6150977, 55.715665400000006], [37.6151037, 55.716361799999994], [37.6153586, 55.71636139999999], [37.6153528, 55.71566429999999]]]}}, {"type": "Feature", "properties": {"id": 1124, "object_type": "restriction", "restriction_type": "oks"}, "geometry": {"type": "Polygon", "coordinates": [[[37.6181289, 55.72059449999999], [37.6181824, 55.720468], [37.6179477, 55.72043539999999], [37.6177818, 55.72096359999998], [37.6180116, 55.720986499999995], [37.6181289, 55.72059449999999]]]}}, {"type": "Feature", "properties": {"id": 1125, "object_type": "restriction", "restriction_type": "oks"}, "geometry": {"type": "Polygon", "coordinates": [[[37.6199189, 55.7210768], [37.6200114, 55.720799], [37.6200276, 55.7207503], [37.6200384, 55.720717699999994], [37.6190402, 55.720583999999995], [37.618854, 55.720558], [37.6188005, 55.7206845], [37.6189843, 55.72071269999999], [37.6197555, 55.72081649999999], [37.6196773, 55.7210513], [37.6199189, 55.7210768]]]}}, {"type": "Feature", "properties": {"id": 1126, "object_type": "restriction", "restriction_type": "oks"}, "geometry": {"type": "Polygon", "coordinates": [[[37.6168663, 55.716888200000014], [37.6168194, 55.71688830000001], [37.6168195, 55.7169132], [37.6168195, 55.71693439999999], [37.6168635, 55.71693429999999], [37.6168639, 55.717049300000006], [37.61681, 55.71704940000001], [37.61681, 55.717072599999995], [37.61681010000001, 55.71709649999999], [37.6168635, 55.71709649999999], [37.6168638, 55.71719879999999], [37.6168147, 55.71719879999999], [37.6168148, 55.717223], [37.6168148, 55.71724639999999], [37.6168586, 55.717246399999986], [37.6168589, 55.717354299999975], [37.6168135, 55.71735439999999], [37.6168136, 55.71737929999999], [37.6168137, 55.7173974], [37.6168593, 55.7173974], [37.6168596, 55.717511999999985], [37.6168124, 55.71751199999999], [37.6168124, 55.71752969999999], [37.6168125, 55.7175505], [37.6168605, 55.71755039999999], [37.6168609, 55.7176638], [37.6170446, 55.7176637], [37.6170421, 55.716823000000005], [37.6168661, 55.7168232], [37.6168663, 55.716888200000014]]]}}, {"type": "Feature", "properties": {"id": 1127, "object_type": "restriction", "restriction_type": "oks"}, "geometry": {"type": "Polygon", "coordinates": [[[37.6142566, 55.71794169999999], [37.6142598, 55.7176534], [37.6147928, 55.7176553], [37.6147914, 55.71778250000001], [37.6147079, 55.7177822], [37.6147061, 55.717943000000005], [37.6149731, 55.71794369999999], [37.6149763, 55.717651599999996], [37.615473, 55.717653299999995], [37.6154742, 55.717544399999994], [37.6147859, 55.717542], [37.6147857, 55.71755960000001], [37.6142973, 55.7175579], [37.6142976, 55.7175243], [37.613975, 55.71752320000001], [37.6139704, 55.717940999999996], [37.6142566, 55.71794169999999]]]}}, {"type": "Feature", "properties": {"id": 1128, "object_type": "restriction", "restriction_type": "oks"}, "geometry": {"type": "Polygon", "coordinates": [[[37.6202847, 55.7207683], [37.6202694, 55.720819], [37.6201805, 55.72111249999998], [37.6202799, 55.7211221], [37.62025340000001, 55.721209699999996], [37.62055740000001, 55.721238899999996], [37.6205918, 55.721125099999995], [37.6203979, 55.7211064], [37.6204646, 55.720886099999994], [37.6209362, 55.720955000000004], [37.620968589723105, 55.72095972838471], [37.62097379871007, 55.720811923710336], [37.6204702, 55.7207384], [37.6204492, 55.72078409999999], [37.6202847, 55.7207683]]]}}, {"type": "Feature", "properties": {"id": 1129, "object_type": "restriction", "restriction_type": "oks"}, "geometry": {"type": "Polygon", "coordinates": [[[37.6187489, 55.7174794], [37.6189138, 55.717125899999985], [37.6189735, 55.71713609999999], [37.6190684, 55.7169495], [37.619084, 55.71691289999999], [37.6190763, 55.71688129999998], [37.6190447, 55.716853], [37.6190064, 55.7168341], [37.6190119, 55.71681319999998], [37.6189402, 55.7168058], [37.6188973, 55.71680129999999], [37.6188927, 55.71681590000001], [37.6188083, 55.7168288], [37.6187432, 55.716861099999996], [37.6187136, 55.7168961], [37.6186447, 55.7170423], [37.6186751, 55.7170481], [37.6186621, 55.71707619999999], [37.6187167, 55.71708420000001], [37.618647, 55.7172336], [37.6185925, 55.717225600000006], [37.6185811, 55.7172499], [37.6186349, 55.7172579], [37.6185941, 55.7173453], [37.6185404, 55.71733729999999], [37.6185259, 55.717368699999994], [37.618579, 55.717376599999994], [37.6185289, 55.71748399999999], [37.6184759, 55.71747609999998], [37.6184632, 55.7175033], [37.6185156, 55.717511099999996], [37.6184636, 55.7176224], [37.6184114, 55.717614700000006], [37.6183978, 55.7176439], [37.6184494, 55.71765150000001], [37.6184035, 55.7177499], [37.618352, 55.717742300000005], [37.6183392, 55.71776959999998], [37.6183903, 55.7177771], [37.6183459, 55.71787209999999], [37.6182951, 55.717864600000006], [37.6182815, 55.7178938], [37.6183318, 55.71790119999999], [37.6182898, 55.7179934], [37.6182841, 55.7180033], [37.618234, 55.717995899999984], [37.618220400000006, 55.71802499999999], [37.61827, 55.71803239999999], [37.6182441, 55.7180881], [37.6184507, 55.718118700000005], [37.6187489, 55.7174794]]]}}, {"type": "Feature", "properties": {"id": 1130, "object_type": "restriction", "restriction_type": "oks"}, "geometry": {"type": "Polygon", "coordinates": [[[37.6184055, 55.7183034], [37.6181907, 55.7182716], [37.6177797, 55.71915119999999], [37.6179945, 55.719183099999995], [37.6184055, 55.7183034]]]}}, {"type": "Feature", "properties": {"id": 1131, "object_type": "restriction", "restriction_type": "oks"}, "geometry": {"type": "Polygon", "coordinates": [[[37.6175737, 55.7198445], [37.6175865, 55.71984639999999], [37.6177159, 55.7195775], [37.6177551, 55.7195833], [37.617889, 55.719307499999985], [37.6177195, 55.7192817], [37.6176748, 55.719372099999994], [37.6175789, 55.7195548], [37.6175389, 55.71954819999999], [37.6173352, 55.719942200000006], [37.6172841, 55.7199689], [37.6171977, 55.71996250000001], [37.6170811, 55.719950299999994], [37.617051200000006, 55.7200428], [37.6173171, 55.72006669999999], [37.617323, 55.72005], [37.6173565, 55.720052599999995], [37.617396, 55.7200462], [37.6174336, 55.72003149999999], [37.6174577, 55.72001029999999], [37.6174681, 55.7199942], [37.6175019, 55.71999829999999], [37.6175737, 55.7198445]]]}}, {"type": "Feature", "properties": {"id": 1132, "object_type": "restriction", "restriction_type": "oks"}, "geometry": {"type": "Polygon", "coordinates": [[[37.6207242, 55.717726], [37.620739, 55.717687], [37.6204962, 55.71765739999999], [37.6204802, 55.717696], [37.6200777, 55.717643699999996], [37.620083400000006, 55.71762779999999], [37.62001670000001, 55.71761870000001], [37.6200097, 55.717633199999995], [37.6199535, 55.71762590000001], [37.6199591, 55.71761180000001], [37.6199016, 55.71760460000001], [37.6198953, 55.71761699999999], [37.6196118, 55.7175793], [37.6195603, 55.71769609999999], [37.6203026, 55.717794899999994], [37.6203054, 55.717791299999995], [37.620358, 55.71779889999999], [37.6203327, 55.7178608], [37.6206481, 55.7179045], [37.6206714, 55.7178492], [37.6207242, 55.717726]]]}}, {"type": "Feature", "properties": {"id": 1133, "object_type": "restriction", "restriction_type": "oks"}, "geometry": {"type": "Polygon", "coordinates": [[[37.6005768, 55.7097049], [37.6008127, 55.709741300000005], [37.6007582, 55.70985699999999], [37.600847, 55.7098708], [37.6008121, 55.709944499999985], [37.600792, 55.7099858], [37.6006968, 55.709971], [37.6006455, 55.71007770000001], [37.6004075, 55.7100411], [37.6003568, 55.7101474], [37.6004901, 55.7101677], [37.6004943, 55.710159299999994], [37.6006892, 55.710189], [37.6007007, 55.710167], [37.6007843, 55.7101799], [37.600879, 55.7101948], [37.6008688, 55.710216900000006], [37.6010864, 55.7102502], [37.6010669, 55.71029069999999], [37.6011957, 55.710311], [37.6012313, 55.710233099999996], [37.6011603, 55.7102221], [37.601189, 55.71016259999999], [37.6012588, 55.710172400000005], [37.6014178, 55.709841999999995], [37.601348, 55.7098319], [37.6013773, 55.7097683], [37.601448, 55.709778899999996], [37.601484, 55.70970429999999], [37.6013542, 55.7096842], [37.6013348, 55.7097239], [37.6011372, 55.70969370000001], [37.6011412, 55.70968499999999], [37.6010572, 55.709671799999995], [37.6009651, 55.7096577], [37.6009603, 55.70966630000001], [37.6007502, 55.709634099999995], [37.6007575, 55.7096179], [37.60066411120189, 55.709603543662915], [37.600626264204486, 55.70960311240224], [37.6005768, 55.7097049]]]}}, {"type": "Feature", "properties": {"id": 1134, "object_type": "restriction", "restriction_type": "oks"}, "geometry": {"type": "Polygon", "coordinates": [[[37.6165051, 55.71577109999999], [37.6165379, 55.7157711], [37.6165389, 55.7155298], [37.6162436, 55.7155293], [37.6162425, 55.715770799999994], [37.6165051, 55.71577109999999]]]}}, {"type": "Feature", "properties": {"id": 1135, "object_type": "restriction", "restriction_type": "oks"}, "geometry": {"type": "Polygon", "coordinates": [[[37.6165098, 55.71616130000001], [37.6166762, 55.716161699999994], [37.6166834, 55.7159976], [37.6163822, 55.715996], [37.61637670000001, 55.7161614], [37.6165098, 55.71616130000001]]]}}, {"type": "Feature", "properties": {"id": 1136, "object_type": "restriction", "restriction_type": "oks"}, "geometry": {"type": "Polygon", "coordinates": [[[37.6191036, 55.71654850000001], [37.6192585, 55.7165489], [37.6192964, 55.716526099999996], [37.6193408, 55.7165106], [37.6195383, 55.7160999], [37.6195555, 55.71606429999999], [37.6193791, 55.71603739999999], [37.619183, 55.71644539999999], [37.6186328, 55.7164439], [37.6186319, 55.716547199999994], [37.6191036, 55.71654850000001]]]}}, {"type": "Feature", "properties": {"id": 1137, "object_type": "restriction", "restriction_type": "oks"}, "geometry": {"type": "Polygon", "coordinates": [[[37.6178915, 55.71610839999999], [37.6178907, 55.7165498], [37.61804560000001, 55.7165499], [37.6183636, 55.7165501], [37.6184948, 55.7165502], [37.618495, 55.716448299999996], [37.6180591, 55.716448], [37.6180593, 55.7163477], [37.6180595, 55.7161961], [37.6180597, 55.71610849999998], [37.6178915, 55.71610839999999]]]}}, {"type": "Feature", "properties": {"id": 1138, "object_type": "restriction", "restriction_type": "oks"}, "geometry": {"type": "Polygon", "coordinates": [[[37.6189247, 55.7158301], [37.6189258, 55.715624999999996], [37.6191464, 55.7156254], [37.6191462, 55.71564509999999], [37.6192266, 55.71564519999999], [37.6192273, 55.71552750000001], [37.6184724, 55.71552619999999], [37.6184718, 55.715641299999994], [37.6185789, 55.7156415], [37.618579, 55.7156182], [37.618732, 55.7156185], [37.6187308, 55.7158298], [37.6189247, 55.7158301]]]}}, {"type": "Feature", "properties": {"id": 1139, "object_type": "restriction", "restriction_type": "oks"}, "geometry": {"type": "Polygon", "coordinates": [[[37.6180397, 55.7159613], [37.6180401, 55.71591240000001], [37.6180418, 55.7157046], [37.6180432, 55.715527900000005], [37.6180442, 55.71540529999999], [37.6178564, 55.71540490000001], [37.617852, 55.715960899999985], [37.6180397, 55.7159613]]]}}, {"type": "Feature", "properties": {"id": 1140, "object_type": "restriction", "restriction_type": "oks"}, "geometry": {"type": "Polygon", "coordinates": [[[37.6181723, 55.71536439999999], [37.6181708, 55.71527849999999], [37.6181216, 55.7152787], [37.6181143, 55.71487709999999], [37.6181741, 55.7148768], [37.6181722, 55.71476919999999], [37.6179009, 55.7147707], [37.6179117, 55.71536589999999], [37.6181723, 55.71536439999999]]]}}, {"type": "Feature", "properties": {"id": 1141, "object_type": "restriction", "restriction_type": "oks"}, "geometry": {"type": "Polygon", "coordinates": [[[37.6139941, 55.715503899999995], [37.6140354, 55.715504100000004], [37.6140317, 55.715407199999994], [37.613825, 55.71540649999999], [37.6138156, 55.7158572], [37.6139877, 55.7158582], [37.6139941, 55.715503899999995]]]}}, {"type": "Feature", "properties": {"id": 1142, "object_type": "restriction", "restriction_type": "oks"}, "geometry": {"type": "Polygon", "coordinates": [[[37.6142015, 55.716160499999994], [37.6142013, 55.7163498], [37.6142899, 55.716349799999996], [37.61429, 55.71633919999999], [37.6145133, 55.71633909999999], [37.6145517, 55.7163679], [37.6146309, 55.71636790000001], [37.6146691, 55.716337200000005], [37.6149064, 55.716335799999996], [37.6149059, 55.71635209999999], [37.6149787, 55.7163535], [37.6149825, 55.716157100000004], [37.61464430000001, 55.716155300000004], [37.61464430000001, 55.7161337], [37.6146827, 55.716133600000006], [37.614683, 55.7159594], [37.6144943, 55.7159596], [37.6144947, 55.7161321], [37.6145516, 55.7161324], [37.6145513, 55.7161606], [37.6142015, 55.716160499999994]]]}}, {"type": "Feature", "properties": {"id": 1143, "object_type": "restriction", "restriction_type": "oks"}, "geometry": {"type": "Polygon", "coordinates": [[[37.6117564, 55.7126423], [37.6122091, 55.7123889], [37.6120749, 55.71231289999999], [37.6119556, 55.712379699999985], [37.6118238, 55.71245350000001], [37.6118108, 55.7124462], [37.6116991, 55.712508699999994], [37.6117105, 55.712515199999984], [37.6116772, 55.7125338], [37.6116208, 55.7125654], [37.6117564, 55.7126423]]]}}, {"type": "Feature", "properties": {"id": 1144, "object_type": "restriction", "restriction_type": "oks"}, "geometry": {"type": "Polygon", "coordinates": [[[37.6125902, 55.7136638], [37.6125808, 55.71356519999999], [37.6124929, 55.7135679], [37.6123157, 55.71357329999999], [37.61234830000001, 55.713915], [37.6124355, 55.71391239999999], [37.6124399, 55.713958600000005], [37.6124814, 55.7139573], [37.6126178, 55.71395319999999], [37.6125902, 55.7136638]]]}}, {"type": "Feature", "properties": {"id": 1145, "object_type": "restriction", "restriction_type": "oks"}, "geometry": {"type": "Polygon", "coordinates": [[[37.6123293, 55.71422330000001], [37.6123233, 55.71412829999999], [37.6115967, 55.7141428], [37.6116026, 55.714237499999996], [37.6118813, 55.71423200000001], [37.6118935, 55.71442579999999], [37.6121191, 55.714421300000005], [37.6121069, 55.714227699999995], [37.6123293, 55.71422330000001]]]}}, {"type": "Feature", "properties": {"id": 1146, "object_type": "restriction", "restriction_type": "oks"}, "geometry": {"type": "Polygon", "coordinates": [[[37.6108862, 55.7150776], [37.61088, 55.714768199999995], [37.610699, 55.714769399999994], [37.610705100000004, 55.71507739999999], [37.6107613, 55.715077000000015], [37.6107687, 55.7154434], [37.6109462, 55.71544229999999], [37.610947, 55.71548229999999], [37.6109485, 55.7155567], [37.6115925, 55.71555260000001], [37.611591, 55.715479800000004], [37.61158960000001, 55.7154099], [37.6117036, 55.7154092], [37.6116969, 55.7150763], [37.6118144, 55.7150755], [37.6118081, 55.7147661], [37.6116028, 55.71476740000001], [37.6116033, 55.71479159999999], [37.6116073, 55.7149915], [37.6116091, 55.7150813], [37.6114699, 55.71508219999999], [37.6114762, 55.715396000000005], [37.611009700000004, 55.71539899999999], [37.6110032, 55.7150769], [37.6108862, 55.7150776]]]}}, {"type": "Feature", "properties": {"id": 1147, "object_type": "restriction", "restriction_type": "oks"}, "geometry": {"type": "Polygon", "coordinates": [[[37.6091365, 55.715727999999984], [37.6092019, 55.71589920000001], [37.6092409, 55.7158948], [37.6093438, 55.71588309999999], [37.6094148, 55.71607989999999], [37.6093096, 55.71609219999999], [37.6092728, 55.7160964], [37.6093312, 55.7162685], [37.6096014, 55.71623819999999], [37.6094711, 55.715843299999996], [37.609461, 55.71581270000001], [37.6094221, 55.71569499999999], [37.6091365, 55.715727999999984]]]}}, {"type": "Feature", "properties": {"id": 1148, "object_type": "restriction", "restriction_type": "oks"}, "geometry": {"type": "Polygon", "coordinates": [[[37.6168259, 55.71804759999999], [37.6170205, 55.71807509999999], [37.6170302, 55.71805319999999], [37.6177098, 55.7181489], [37.6177372, 55.718152799999984], [37.6177226, 55.718185600000005], [37.61787280000001, 55.7182068], [37.6179426, 55.71804959999999], [37.6168908, 55.717901499999996], [37.6168259, 55.71804759999999]]]}}, {"type": "Feature", "properties": {"id": 1149, "object_type": "restriction", "restriction_type": "oks"}, "geometry": {"type": "Polygon", "coordinates": [[[37.616307, 55.717946899999994], [37.6163072, 55.71793079999998], [37.6161447, 55.717934799999995], [37.616153, 55.718034199999984], [37.6162751, 55.718029099999995], [37.6162892, 55.71813650000001], [37.6164834, 55.71812849999999], [37.6164725, 55.7179962], [37.6164971, 55.71799550000001], [37.6164957, 55.717947499999994], [37.616307, 55.717946899999994]]]}}, {"type": "Feature", "properties": {"id": 1150, "object_type": "restriction", "restriction_type": "oks"}, "geometry": {"type": "Polygon", "coordinates": [[[37.6143649, 55.721988499999995], [37.6143401, 55.72206380000001], [37.6145278, 55.7220834], [37.6146829, 55.721613100000006], [37.6144952, 55.72159349999999], [37.6144675, 55.721677400000004], [37.614409800000004, 55.72167129999999], [37.6141908, 55.721708799999995], [37.6141935, 55.72173609999999], [37.6141518, 55.7217538], [37.6141162, 55.7218477], [37.6141428, 55.721864499999995], [37.614125, 55.72188699999998], [37.6143072, 55.72198249999999], [37.6143649, 55.721988499999995]]]}}, {"type": "Feature", "properties": {"id": 1151, "object_type": "restriction", "restriction_type": "oks"}, "geometry": {"type": "Polygon", "coordinates": [[[37.6128065, 55.7220216], [37.6128157, 55.7222918], [37.6129394, 55.7222904], [37.6132825, 55.7222867], [37.6133842, 55.722015299999995], [37.6128065, 55.7220216]]]}}, {"type": "Feature", "properties": {"id": 1152, "object_type": "restriction", "restriction_type": "oks"}, "geometry": {"type": "Polygon", "coordinates": [[[37.6121523, 55.7186884], [37.6123615, 55.7186868], [37.6127269, 55.71868409999998], [37.6127102, 55.717981699999996], [37.6127084, 55.71790680000001], [37.6125425, 55.71790809999999], [37.61254180000001, 55.7178802], [37.6124309, 55.7178811], [37.6124318, 55.71791729999999], [37.6124136, 55.7179175], [37.6124144, 55.7179529], [37.6124325, 55.717952700000005], [37.6124327, 55.71796229999999], [37.6121462, 55.7179645], [37.6121494, 55.71809919999999], [37.6124409, 55.71809699999999], [37.6124524, 55.718582500000004], [37.612359, 55.71858319999999], [37.6121499, 55.718584799999995], [37.6121523, 55.7186884]]]}}, {"type": "Feature", "properties": {"id": 1153, "object_type": "restriction", "restriction_type": "oks"}, "geometry": {"type": "Polygon", "coordinates": [[[37.6119532, 55.719184], [37.6120188, 55.71961559999999], [37.6125984, 55.71958759999998], [37.6125328, 55.71915609999999], [37.6119532, 55.719184]]]}}, {"type": "Feature", "properties": {"id": 1154, "object_type": "restriction", "restriction_type": "oks"}, "geometry": {"type": "Polygon", "coordinates": [[[37.6121523, 55.7186884], [37.6121499, 55.718584799999995], [37.6121449, 55.71835319999999], [37.6121604, 55.71835319999999], [37.6121494, 55.71809919999999], [37.6121462, 55.7179645], [37.6121436, 55.717911300000004], [37.6113572, 55.71791979999999], [37.6113728, 55.7183519], [37.611357, 55.71835419999999], [37.611354, 55.718555899999984], [37.6113741, 55.7185557], [37.6113795, 55.7186981], [37.6115545, 55.71869650000001], [37.6115564, 55.7187302], [37.6121529, 55.71872309999999], [37.6121523, 55.7186884]]]}}, {"type": "Feature", "properties": {"id": 1155, "object_type": "restriction", "restriction_type": "oks"}, "geometry": {"type": "Polygon", "coordinates": [[[37.6121961, 55.71900939999999], [37.6127925, 55.7190328], [37.6128079, 55.71890909999999], [37.6126446, 55.71890260000001], [37.6126422, 55.7189219], [37.6123803, 55.7189116], [37.6123828, 55.718891199999995], [37.6122116, 55.71888439999999], [37.6121961, 55.71900939999999]]]}}, {"type": "Feature", "properties": {"id": 1156, "object_type": "restriction", "restriction_type": "oks"}, "geometry": {"type": "Polygon", "coordinates": [[[37.6097426, 55.7186772], [37.6098905, 55.71904399999999], [37.6105045, 55.718965399999995], [37.6105461, 55.7190685], [37.6107102, 55.7190475], [37.610667, 55.718940499999995], [37.6107322, 55.7189322], [37.6105858, 55.71856929999999], [37.6097426, 55.7186772]]]}}, {"type": "Feature", "properties": {"id": 1157, "object_type": "restriction", "restriction_type": "oks"}, "geometry": {"type": "Polygon", "coordinates": [[[37.6102065, 55.71950720000001], [37.6101024, 55.7195181], [37.6100675, 55.719426000000006], [37.610347, 55.719394499999986], [37.6103817, 55.719361199999994], [37.6103822, 55.71934509999999], [37.6103744, 55.7193333], [37.6103551, 55.719318], [37.6103376, 55.71930629999999], [37.6103279, 55.719273900000005], [37.6101508, 55.719297299999994], [37.610137, 55.71930609999998], [37.6101363, 55.719323499999994], [37.610142700000004, 55.7193422], [37.6100779, 55.71934900000001], [37.6100552, 55.719283999999995], [37.6100191, 55.71928770000001], [37.6100025, 55.7192417], [37.610098300000004, 55.71923079999999], [37.61007420000001, 55.7191526], [37.6099879, 55.71916180000001], [37.609997, 55.719184899999995], [37.6097575, 55.719212600000006], [37.6097198, 55.71921729999999], [37.6097777, 55.71937379999999], [37.6097691, 55.719374900000005], [37.6097905, 55.71943289999999], [37.60981240000001, 55.71949140000001], [37.6098215, 55.7194904], [37.6098793, 55.7196461], [37.6101485, 55.71961470000001], [37.6101554, 55.719630599999995], [37.6102477, 55.71961999999999], [37.6102065, 55.71950720000001]]]}}, {"type": "Feature", "properties": {"id": 1158, "object_type": "restriction", "restriction_type": "oks"}, "geometry": {"type": "Polygon", "coordinates": [[[37.6101896, 55.71701959999998], [37.6101893, 55.7170008], [37.6102338, 55.7170006], [37.6106684, 55.7169986], [37.6107123, 55.716998399999994], [37.6107124, 55.71701179999999], [37.6108784, 55.71701109999999], [37.6108762, 55.7168511], [37.6104434, 55.71685299999999], [37.6099923, 55.716854999999995], [37.6099947, 55.7170204], [37.6101896, 55.71701959999998]]]}}, {"type": "Feature", "properties": {"id": 1159, "object_type": "restriction", "restriction_type": "oks"}, "geometry": {"type": "Polygon", "coordinates": [[[37.6097918, 55.7174951], [37.6097544, 55.717394800000015], [37.6097404, 55.717396099999995], [37.6096335, 55.71710229999999], [37.6096478, 55.71710019999998], [37.6096122, 55.7170012], [37.6092748, 55.7170403], [37.609303, 55.717118], [37.6093229, 55.71717249999998], [37.6094716, 55.717155399999996], [37.6095543, 55.717383], [37.6094069, 55.7174004], [37.6094267, 55.71745479999999], [37.6094552, 55.7175332], [37.6097918, 55.7174951]]]}}, {"type": "Feature", "properties": {"id": 1160, "object_type": "restriction", "restriction_type": "oks"}, "geometry": {"type": "Polygon", "coordinates": [[[37.6098686, 55.718195099999996], [37.6098211, 55.7182026], [37.6098527, 55.7182798], [37.6098977, 55.7182746], [37.6099363, 55.7183666], [37.6102892, 55.71831999999999], [37.6102807, 55.71829929999999], [37.6103889, 55.718284700000005], [37.6102927, 55.718057], [37.6098366, 55.7181183], [37.6098686, 55.718195099999996]]]}}, {"type": "Feature", "properties": {"id": 1161, "object_type": "restriction", "restriction_type": "oks"}, "geometry": {"type": "Polygon", "coordinates": [[[37.6154326, 55.71854689999999], [37.6155062, 55.7182316], [37.6153342, 55.718218799999995], [37.6150816, 55.71820009999999], [37.6150467, 55.71834929999999], [37.6151605, 55.71835779999999], [37.6151301, 55.71848820000001], [37.6151217, 55.7185239], [37.6154326, 55.71854689999999]]]}}, {"type": "Feature", "properties": {"id": 1162, "object_type": "restriction", "restriction_type": "oks"}, "geometry": {"type": "Polygon", "coordinates": [[[37.6163169, 55.7188046], [37.6163225, 55.7187806], [37.6164541, 55.7187905], [37.6164352, 55.71887029999999], [37.6166382, 55.7188856], [37.6166546, 55.718816700000005], [37.6167893, 55.7188268], [37.6167835, 55.718851], [37.6169104, 55.718860499999984], [37.6169449, 55.718714799999994], [37.616900300000005, 55.7187115], [37.6169254, 55.71860529999999], [37.6169929, 55.7186104], [37.6170345, 55.71843450000001], [37.6169362, 55.71842709999999], [37.6169282, 55.718460799999995], [37.6167878, 55.71845030000001], [37.6168037, 55.71838339999999], [37.6167056, 55.71837599999999], [37.6166065, 55.71836859999999], [37.616593, 55.7184254], [37.6164499, 55.718414599999996], [37.6164579, 55.71838079999999], [37.6163324, 55.718371399999995], [37.6162937, 55.718534700000006], [37.6163494, 55.7185389], [37.6163225, 55.718652500000005], [37.6162506, 55.7186471], [37.6162151, 55.71879690000001], [37.6163169, 55.7188046]]]}}, {"type": "Feature", "properties": {"id": 1163, "object_type": "restriction", "restriction_type": "oks"}, "geometry": {"type": "Polygon", "coordinates": [[[37.6119021, 55.71653319999999], [37.6124171, 55.7165326], [37.6124169, 55.71647129999999], [37.6125854, 55.71647109999999], [37.6125837, 55.71598889999999], [37.6124151, 55.715989099999994], [37.6124157, 55.71612960000001], [37.612416200000006, 55.7162868], [37.6124167, 55.7164165], [37.6124168, 55.7164435], [37.6119018, 55.716444100000004], [37.6119002, 55.716001], [37.6117361, 55.71600120000001], [37.6117378, 55.71647440000001], [37.6119019, 55.71647419999999], [37.6119021, 55.71653319999999]]]}}, {"type": "Feature", "properties": {"id": 1164, "object_type": "restriction", "restriction_type": "oks"}, "geometry": {"type": "Polygon", "coordinates": [[[37.6109007, 55.716538699999994], [37.610901, 55.7165458], [37.6109015, 55.71655630000001], [37.61100690000001, 55.7165548], [37.6110062, 55.71653839999999], [37.6110846, 55.7165374], [37.61108, 55.71643079999999], [37.6110734, 55.71628170000001], [37.6109887, 55.7162828], [37.610988, 55.716268699999986], [37.6109045, 55.7162698], [37.6109051, 55.7162849], [37.6108149, 55.716286100000005], [37.6108207, 55.7164178], [37.6108261, 55.716539699999984], [37.6109007, 55.716538699999994]]]}}, {"type": "Feature", "properties": {"id": 1165, "object_type": "restriction", "restriction_type": "oks"}, "geometry": {"type": "Polygon", "coordinates": [[[37.6099395, 55.71585839999998], [37.6107939, 55.7158485], [37.61078990000001, 55.715740200000006], [37.6099356, 55.7157501], [37.6099395, 55.71585839999998]]]}}, {"type": "Feature", "properties": {"id": 1166, "object_type": "restriction", "restriction_type": "oks"}, "geometry": {"type": "Polygon", "coordinates": [[[37.6128825, 55.71653369999999], [37.6128834, 55.7164539], [37.6128837, 55.71643180000001], [37.6126319, 55.71643079999998], [37.6126314, 55.716470900000004], [37.6126307, 55.716532699999995], [37.6128825, 55.71653369999999]]]}}, {"type": "Feature", "properties": {"id": 1167, "object_type": "restriction", "restriction_type": "oks"}, "geometry": {"type": "Polygon", "coordinates": [[[37.610010900000006, 55.716565], [37.6100118, 55.716578799999986], [37.6100264, 55.71657849999998], [37.6100604, 55.716577900000004], [37.6100636, 55.71657780000001], [37.6100949, 55.716577199999996], [37.610094, 55.716562899999985], [37.610181, 55.7165611], [37.6101727, 55.716431099999994], [37.6101643, 55.71630019999999], [37.6100844, 55.7163018], [37.6100834, 55.71628619999999], [37.6099831, 55.71628820000001], [37.6099841, 55.71630340000001], [37.6099036, 55.716305000000006], [37.6099204, 55.71656689999999], [37.610010900000006, 55.716565]]]}}, {"type": "Feature", "properties": {"id": 1168, "object_type": "restriction", "restriction_type": "oks"}, "geometry": {"type": "Polygon", "coordinates": [[[37.6158259, 55.716057], [37.6160223, 55.71605739999999], [37.616024, 55.7157839], [37.6160268, 55.7153517], [37.6160274, 55.71525189999999], [37.615831, 55.715251499999994], [37.6158259, 55.716057]]]}}, {"type": "Feature", "properties": {"id": 1169, "object_type": "restriction", "restriction_type": "oks"}, "geometry": {"type": "Polygon", "coordinates": [[[37.6167162, 55.7195815], [37.6169721, 55.71960649999999], [37.6169965, 55.71952729999999], [37.6167405, 55.71950219999999], [37.6167162, 55.7195815]]]}}, {"type": "Feature", "properties": {"id": 1170, "object_type": "restriction", "restriction_type": "oks"}, "geometry": {"type": "Polygon", "coordinates": [[[37.6195858, 55.715987999999996], [37.6198132, 55.71549079999999], [37.6197763, 55.7154859], [37.6196456, 55.71546659999999], [37.6196081, 55.71555080000001], [37.6195816, 55.71554700000001], [37.6195749, 55.715561799999996], [37.6195656, 55.7155823], [37.6195883, 55.71558559999999], [37.61953, 55.715714600000005], [37.6195009, 55.715710399999985], [37.6194861, 55.715743200000006], [37.6195103, 55.71574669999998], [37.6194475, 55.7158856], [37.6194166, 55.7158812], [37.6194013, 55.715915], [37.6194286, 55.715918899999984], [37.61940890000001, 55.715962600000005], [37.6195858, 55.715987999999996]]]}}, {"type": "Feature", "properties": {"id": 1171, "object_type": "restriction", "restriction_type": "oks"}, "geometry": {"type": "Polygon", "coordinates": [[[37.6193838, 55.7209194], [37.6192002, 55.72089309999999], [37.6191406, 55.72102520000001], [37.6185419, 55.7209396], [37.6185984, 55.7208142], [37.6184121, 55.7207875], [37.6183203, 55.72099109999999], [37.6184776, 55.72101359999999], [37.6184657, 55.72104], [37.6190873, 55.72112889999999], [37.6190993, 55.7211025], [37.619289, 55.72112969999999], [37.6193838, 55.7209194]]]}}, {"type": "Feature", "properties": {"id": 1172, "object_type": "restriction", "restriction_type": "oks"}, "geometry": {"type": "Polygon", "coordinates": [[[37.6034291, 55.7188591], [37.6035966, 55.7188243], [37.6036494, 55.71881339999998], [37.6038073, 55.71905499999999], [37.6038855, 55.719174699999996], [37.6039577, 55.7192851], [37.6039841, 55.719325500000004], [37.6037486, 55.7193743], [37.6038282, 55.7194961], [37.6041513, 55.719429099999985], [37.6042625, 55.71940609999999], [37.6042399, 55.71937160000001], [37.6042357, 55.7193651], [37.6040903, 55.719142599999984], [37.6040732, 55.71911860000001], [37.6040568, 55.719091399999996], [37.6037685, 55.7186502], [37.60366160000001, 55.7186723], [37.6035916, 55.71868679999999], [37.6033494, 55.718737], [37.6034291, 55.7188591]]]}}, {"type": "Feature", "properties": {"id": 1173, "object_type": "restriction", "restriction_type": "oks"}, "geometry": {"type": "Polygon", "coordinates": [[[37.6032995, 55.72213279999999], [37.6034968, 55.722096400000005], [37.6035068, 55.722108500000004], [37.6037686, 55.7220582], [37.6037604, 55.72204299999999], [37.603952, 55.7220055], [37.6038497, 55.72184479999999], [37.6032045, 55.72197739999999], [37.6032995, 55.72213279999999]]]}}, {"type": "Feature", "properties": {"id": 1174, "object_type": "restriction", "restriction_type": "oks"}, "geometry": {"type": "Polygon", "coordinates": [[[37.6040889, 55.7213342], [37.6041419, 55.72132339999999], [37.6043273, 55.7216117], [37.6042582, 55.7216258], [37.6044881, 55.7219833], [37.604661400000005, 55.7219479], [37.6044505, 55.72161989999999], [37.6045234, 55.72160509999999], [37.6043009, 55.72125919999999], [37.6042364, 55.72127239999999], [37.60402830000001, 55.72094870000001], [37.6038627, 55.7209824], [37.6040889, 55.7213342]]]}}, {"type": "Feature", "properties": {"id": 1175, "object_type": "restriction", "restriction_type": "oks"}, "geometry": {"type": "Polygon", "coordinates": [[[37.607952, 55.7219176], [37.6082141, 55.7218706], [37.6081328, 55.72171989999999], [37.6078657, 55.721766099999996], [37.607952, 55.7219176]]]}}, {"type": "Feature", "properties": {"id": 1176, "object_type": "restriction", "restriction_type": "oks"}, "geometry": {"type": "Polygon", "coordinates": [[[37.6068523, 55.7211897], [37.6071188, 55.72114179999999], [37.6070374, 55.72099829999999], [37.6067709, 55.721046199999996], [37.6068523, 55.7211897]]]}}, {"type": "Feature", "properties": {"id": 1177, "object_type": "restriction", "restriction_type": "oks"}, "geometry": {"type": "Polygon", "coordinates": [[[37.6030289, 55.721490800000005], [37.603036, 55.7215026], [37.6030438, 55.7215155], [37.6031222, 55.7215005], [37.6031346, 55.72152099999999], [37.6032855, 55.7214922], [37.6034181, 55.721466799999995], [37.6034059, 55.72144659999999], [37.6034963, 55.721429199999996], [37.6034315, 55.7213218], [37.6033457, 55.72133820000001], [37.6033317, 55.7213152], [37.6032282, 55.721334999999996], [37.6032133, 55.7213103], [37.6031129, 55.7213296], [37.6031276, 55.721353900000004], [37.6030364, 55.72137140000001], [37.6030493, 55.72139279999999], [37.602978, 55.721406400000006], [37.6030289, 55.721490800000005]]]}}, {"type": "Feature", "properties": {"id": 1178, "object_type": "restriction", "restriction_type": "oks"}, "geometry": {"type": "Polygon", "coordinates": [[[37.6113307, 55.72177289999998], [37.6113489, 55.721772], [37.6113871, 55.7219032], [37.6113667, 55.721905299999996], [37.6113846, 55.7219703], [37.6116399, 55.7219485], [37.61161210000001, 55.721860099999994], [37.6115884, 55.7218625], [37.6115508, 55.721747900000004], [37.6115806, 55.72174479999999], [37.6115523, 55.721682799999996], [37.6113124, 55.721706499999996], [37.6113307, 55.72177289999998]]]}}, {"type": "Feature", "properties": {"id": 1179, "object_type": "restriction", "restriction_type": "oks"}, "geometry": {"type": "Polygon", "coordinates": [[[37.6093032, 55.72106980000001], [37.609329, 55.72113879999999], [37.6095237, 55.7211155], [37.6093466, 55.720646599999995], [37.609153, 55.72066900000001], [37.6093032, 55.72106980000001]]]}}, {"type": "Feature", "properties": {"id": 1180, "object_type": "restriction", "restriction_type": "oks"}, "geometry": {"type": "Polygon", "coordinates": [[[37.6089001, 55.722166399999985], [37.6095508, 55.7220661], [37.6095169, 55.72199690000001], [37.6094936, 55.7219486], [37.6091191, 55.72200670000001], [37.6091057, 55.721979899999994], [37.6088304, 55.7220196], [37.6089001, 55.722166399999985]]]}}, {"type": "Feature", "properties": {"id": 1181, "object_type": "restriction", "restriction_type": "oks"}, "geometry": {"type": "Polygon", "coordinates": [[[37.6098551, 55.722153199999994], [37.6095937, 55.7221834], [37.6095955, 55.722188], [37.60961, 55.7221861], [37.60964874495195, 55.722286450211385], [37.60990720595309, 55.72228937559317], [37.6098551, 55.722153199999994]]]}}, {"type": "Feature", "properties": {"id": 1182, "object_type": "restriction", "restriction_type": "oks"}, "geometry": {"type": "Polygon", "coordinates": [[[37.6095845, 55.7218157], [37.6097791, 55.72179249999999], [37.6096027, 55.7213219], [37.6094044, 55.72134619999999], [37.6095845, 55.7218157]]]}}, {"type": "Feature", "properties": {"id": 1183, "object_type": "restriction", "restriction_type": "oks"}, "geometry": {"type": "Polygon", "coordinates": [[[37.6015138, 55.719183799999996], [37.60151770000001, 55.7191684], [37.6015008, 55.719147], [37.6015376, 55.7191391], [37.6015744, 55.719131099999984], [37.6015873, 55.719150400000004], [37.6021288, 55.71903609999998], [37.6020206, 55.71884930000001], [37.6019697, 55.71885799999999], [37.6019556, 55.7188384], [37.6014804, 55.71893839999999], [37.601108800000006, 55.71901579999999], [37.6011676, 55.719126200000005], [37.60121430000001, 55.719214199999996], [37.6011838, 55.7192189], [37.6012016, 55.719250299999985], [37.601501, 55.7191939], [37.6015138, 55.719183799999996]]]}}, {"type": "Feature", "properties": {"id": 1184, "object_type": "restriction", "restriction_type": "oks"}, "geometry": {"type": "Polygon", "coordinates": [[[37.6025291, 55.717783999999995], [37.6026388, 55.71776279999999], [37.6027385, 55.717742799999996], [37.6027263, 55.7177171], [37.602997, 55.717665], [37.6031975, 55.7180007], [37.6029391, 55.71805169999999], [37.6029184, 55.718017599999996], [37.6028103, 55.7180394], [37.6026961, 55.718062399999994], [37.6027947, 55.71820679999999], [37.6034709, 55.71807750000001], [37.6033016, 55.7178002], [37.6032907, 55.71778229999998], [37.6032788, 55.7177627], [37.603123, 55.7175074], [37.6024397, 55.7176445], [37.6025291, 55.717783999999995]]]}}, {"type": "Feature", "properties": {"id": 1185, "object_type": "restriction", "restriction_type": "oks"}, "geometry": {"type": "Polygon", "coordinates": [[[37.6051598, 55.7159013], [37.6052342, 55.71600369999999], [37.6057835, 55.71587649999999], [37.6057008, 55.715770400000004], [37.6051598, 55.7159013]]]}}, {"type": "Feature", "properties": {"id": 1186, "object_type": "restriction", "restriction_type": "oks"}, "geometry": {"type": "Polygon", "coordinates": [[[37.6074894, 55.717484299999995], [37.6076644, 55.7174633], [37.6076393, 55.71739699999999], [37.6075755, 55.71722789999998], [37.6075128, 55.717061799999996], [37.6074896, 55.7170004], [37.6073146, 55.71702139999999], [37.6074894, 55.717484299999995]]]}}, {"type": "Feature", "properties": {"id": 1187, "object_type": "restriction", "restriction_type": "oks"}, "geometry": {"type": "Polygon", "coordinates": [[[37.6068254, 55.7163861], [37.6070195, 55.71634470000001], [37.607008, 55.716327500000006], [37.6072204, 55.71628230000001], [37.6072304, 55.71629709999999], [37.6074671, 55.71624659999999], [37.6073401, 55.71605759999999], [37.6066968, 55.7161947], [37.6068254, 55.7163861]]]}}, {"type": "Feature", "properties": {"id": 1188, "object_type": "restriction", "restriction_type": "oks"}, "geometry": {"type": "Polygon", "coordinates": [[[37.6077501, 55.718999], [37.6082144, 55.7189427], [37.6081462, 55.718764099999994], [37.6081228, 55.7187029], [37.6080269, 55.7187146], [37.6078904, 55.71873110000001], [37.6076586, 55.7187592], [37.6077501, 55.718999]]]}}, {"type": "Feature", "properties": {"id": 1189, "object_type": "restriction", "restriction_type": "oks"}, "geometry": {"type": "Polygon", "coordinates": [[[37.6042166, 55.71685779999999], [37.6044743, 55.7167921], [37.6043713, 55.716663799999985], [37.6041135, 55.71672960000001], [37.6042166, 55.71685779999999]]]}}, {"type": "Feature", "properties": {"id": 1190, "object_type": "restriction", "restriction_type": "oks"}, "geometry": {"type": "Polygon", "coordinates": [[[37.6038762, 55.71742759999999], [37.6040175, 55.7176486], [37.6041741, 55.7176168], [37.6040407, 55.717408400000004], [37.604032700000005, 55.717395899999985], [37.6038762, 55.71742759999999]]]}}, {"type": "Feature", "properties": {"id": 1191, "object_type": "restriction", "restriction_type": "oks"}, "geometry": {"type": "Polygon", "coordinates": [[[37.6024074, 55.71729649999998], [37.6025591, 55.7172624], [37.6026414, 55.717387599999995], [37.6025565, 55.71740590000001], [37.6025828, 55.717452900000005], [37.602929, 55.7173807], [37.6027503, 55.717093999999996], [37.6023308, 55.717188799999995], [37.6024074, 55.71729649999998]]]}}, {"type": "Feature", "properties": {"id": 1192, "object_type": "restriction", "restriction_type": "oks"}, "geometry": {"type": "Polygon", "coordinates": [[[37.6054467, 55.71828839999999], [37.6057059, 55.7182355], [37.6056041, 55.7180845], [37.6053463, 55.7181348], [37.6054467, 55.71828839999999]]]}}, {"type": "Feature", "properties": {"id": 1193, "object_type": "restriction", "restriction_type": "oks"}, "geometry": {"type": "Polygon", "coordinates": [[[37.6058904, 55.7189498], [37.6059516, 55.719037400000005], [37.6060798, 55.71901139999999], [37.6060644, 55.71899080000001], [37.6061849, 55.7189662], [37.60608700000001, 55.7188149], [37.6058349, 55.71887039999999], [37.6058904, 55.7189498]]]}}, {"type": "Feature", "properties": {"id": 1194, "object_type": "restriction", "restriction_type": "oks"}, "geometry": {"type": "Polygon", "coordinates": [[[37.605615, 55.72005579999999], [37.6064582, 55.71989369999999], [37.6063874, 55.71977690000001], [37.6063422, 55.719785599999994], [37.6061411, 55.71982429999999], [37.6056576, 55.71991719999998], [37.6055442, 55.719939], [37.605615, 55.72005579999999]]]}}, {"type": "Feature", "properties": {"id": 1195, "object_type": "restriction", "restriction_type": "oks"}, "geometry": {"type": "Polygon", "coordinates": [[[37.6159202, 55.71516020000001], [37.6161387, 55.7151596], [37.6161379, 55.71506670000001], [37.6161363, 55.714863900000005], [37.6161354, 55.71476089999999], [37.6159169, 55.7147615], [37.6159202, 55.71516020000001]]]}}, {"type": "Feature", "properties": {"id": 1196, "object_type": "restriction", "restriction_type": "oks"}, "geometry": {"type": "Polygon", "coordinates": [[[37.6163444, 55.71532760000001], [37.6162581, 55.71532770000001], [37.6162583, 55.71535959999999], [37.6164185, 55.715359299999996], [37.6164186, 55.71537359999999], [37.6167617, 55.715373199999995], [37.6167617, 55.7153593], [37.6169093, 55.715358999999985], [37.6169091, 55.7153056], [37.6169308, 55.7153056], [37.6169304, 55.71522000000001], [37.616875, 55.71522010000001], [37.6168749, 55.71521390000001], [37.6168275, 55.71521400000001], [37.6168274, 55.71518919999999], [37.616746600000006, 55.7151893], [37.61674680000001, 55.715214499999995], [37.6167016, 55.7152145], [37.6167016, 55.715226699999995], [37.6166408, 55.71522680000001], [37.616640700000005, 55.7152031], [37.616422, 55.7152035], [37.616422, 55.715214800000005], [37.6163615, 55.715214899999985], [37.6163618, 55.71527769999999], [37.6163441, 55.71527770000001], [37.6163444, 55.71532760000001]]]}}, {"type": "Feature", "properties": {"id": 1197, "object_type": "restriction", "restriction_type": "oks"}, "geometry": {"type": "Polygon", "coordinates": [[[37.6138799, 55.7144381], [37.6140549, 55.7144401], [37.6140578, 55.71434970000001], [37.6142743, 55.71435129999999], [37.6142729, 55.71443119999999], [37.6144569, 55.714432399999986], [37.614564, 55.714433299999996], [37.6145654, 55.71435340000001], [37.6147915, 55.714355600000005], [37.6147884, 55.7144455], [37.614994700000004, 55.714447499999984], [37.6153432, 55.71444950000001], [37.6153428, 55.7144023], [37.6154198, 55.7144026], [37.6154197, 55.7143589], [37.6149932, 55.71435769999999], [37.614993, 55.7142462], [37.6149636, 55.71424559999999], [37.6149653, 55.7141878], [37.6149402, 55.714186999999995], [37.61388560000001, 55.714178699999984], [37.6138799, 55.7144381]]]}}, {"type": "Feature", "properties": {"id": 1198, "object_type": "restriction", "restriction_type": "oks"}, "geometry": {"type": "Polygon", "coordinates": [[[37.6100243, 55.7148159], [37.6100199, 55.7149793], [37.6100186, 55.7150271], [37.6102226, 55.7150288], [37.6102301, 55.71475089999999], [37.6100261, 55.7147492], [37.6100243, 55.7148159]]]}}, {"type": "Feature", "properties": {"id": 1199, "object_type": "restriction", "restriction_type": "oks"}, "geometry": {"type": "Polygon", "coordinates": [[[37.6090178, 55.714751699999994], [37.6090138, 55.715059], [37.6092016, 55.7150598], [37.6092027, 55.7149745], [37.609205, 55.71480379999999], [37.6092059, 55.7147306], [37.6090181, 55.71472979999999], [37.6090178, 55.714751699999994]]]}}, {"type": "Feature", "properties": {"id": 1200, "object_type": "restriction", "restriction_type": "oks"}, "geometry": {"type": "Polygon", "coordinates": [[[37.6110135, 55.715981199999995], [37.611479, 55.7159773], [37.6114763, 55.71586419999999], [37.6110136, 55.71586539999999], [37.6110135, 55.715981199999995]]]}}, {"type": "Feature", "properties": {"id": 1201, "object_type": "restriction", "restriction_type": "oks"}, "geometry": {"type": "Polygon", "coordinates": [[[37.6105663, 55.71622419999999], [37.610775, 55.716224], [37.6107745, 55.71602250000001], [37.6105658, 55.7160227], [37.6105663, 55.71622419999999]]]}}, {"type": "Feature", "properties": {"id": 1202, "object_type": "restriction", "restriction_type": "oks"}, "geometry": {"type": "Polygon", "coordinates": [[[37.6047153, 55.7148871], [37.6053795, 55.7148061], [37.6053398, 55.71469160000001], [37.6046758, 55.714772599999996], [37.6047153, 55.7148871]]]}}, {"type": "Feature", "properties": {"id": 1203, "object_type": "restriction", "restriction_type": "oks"}, "geometry": {"type": "Polygon", "coordinates": [[[37.6011701, 55.71345920000001], [37.6015477, 55.713507599999986], [37.6015894, 55.713401299999994], [37.6012016, 55.7133531], [37.6011701, 55.71345920000001]]]}}, {"type": "Feature", "properties": {"id": 1204, "object_type": "restriction", "restriction_type": "oks"}, "geometry": {"type": "Polygon", "coordinates": [[[37.6010938, 55.713642599999986], [37.6010331, 55.7136324], [37.60101860000001, 55.713659899999996], [37.6010818, 55.7136705], [37.6010207, 55.7137858], [37.60097420000001, 55.713777999999984], [37.6009415, 55.713839699999994], [37.6009261, 55.71386869999999], [37.6009209, 55.71387850000001], [37.600956, 55.7138844], [37.6008956, 55.71399829999999], [37.6008415, 55.7139892], [37.6008242, 55.7140219], [37.6008769, 55.714030799999996], [37.6007855, 55.71420309999999], [37.6009938, 55.71423819999999], [37.6013256, 55.71361219999999], [37.6011276, 55.7135788], [37.6010938, 55.713642599999986]]]}}, {"type": "Feature", "properties": {"id": 1205, "object_type": "restriction", "restriction_type": "oks"}, "geometry": {"type": "Polygon", "coordinates": [[[37.6007015, 55.71365069999999], [37.6008846, 55.71368240000001], [37.6011329, 55.7132182], [37.6009262, 55.713191099999996], [37.6007015, 55.71365069999999]]]}}, {"type": "Feature", "properties": {"id": 1206, "object_type": "restriction", "restriction_type": "oks"}, "geometry": {"type": "Polygon", "coordinates": [[[37.6005739, 55.713927999999996], [37.6007405, 55.713955999999996], [37.6007982, 55.7138472], [37.6009261, 55.71386869999999], [37.6009415, 55.713839699999994], [37.6008115, 55.713817799999994], [37.6008567, 55.71373259999999], [37.60069210000001, 55.71370489999999], [37.6005739, 55.713927999999996]]]}}, {"type": "Feature", "properties": {"id": 1207, "object_type": "restriction", "restriction_type": "oks"}, "geometry": {"type": "Polygon", "coordinates": [[[37.5988791, 55.721353199999996], [37.599339, 55.7211158], [37.5992232, 55.72104459999999], [37.5987633, 55.721281999999995], [37.5988791, 55.721353199999996]]]}}, {"type": "Feature", "properties": {"id": 1208, "object_type": "restriction", "restriction_type": "oks"}, "geometry": {"type": "Polygon", "coordinates": [[[37.5986902, 55.7211841], [37.5992267, 55.72093029999999], [37.5990872, 55.7208336], [37.5986902, 55.72101489999999], [37.59867737825174, 55.72100593864004], [37.59867147031609, 55.721170906330414], [37.5986902, 55.7211841]]]}}, {"type": "Feature", "properties": {"id": 1209, "object_type": "restriction", "restriction_type": "oks"}, "geometry": {"type": "Polygon", "coordinates": [[[37.6045516, 55.7212226], [37.6046214, 55.7212088], [37.6046537, 55.72126359999999], [37.6048188, 55.72123039999998], [37.6047887, 55.7211751], [37.6049257, 55.721149100000005], [37.6048709, 55.7210645], [37.6044974, 55.721139199999996], [37.6045516, 55.7212226]]]}}, {"type": "Feature", "properties": {"id": 1210, "object_type": "restriction", "restriction_type": "oks"}, "geometry": {"type": "Polygon", "coordinates": [[[37.607847, 55.7194671], [37.6077219, 55.71948999999999], [37.6078106, 55.7196364], [37.6088816, 55.7194302], [37.6087168, 55.7189871], [37.6085868, 55.71900229999999], [37.6084528, 55.71901799999999], [37.6084552, 55.719024499999996], [37.6084883, 55.71911339999998], [37.6085412, 55.719107099999995], [37.6085451, 55.719116299999996], [37.6086154, 55.71930409999999], [37.6086325, 55.719349799999996], [37.6083388, 55.71940659999999], [37.6079076, 55.71948999999999], [37.6078901, 55.719459199999996], [37.607847, 55.7194671]]]}}, {"type": "Feature", "properties": {"id": 1211, "object_type": "restriction", "restriction_type": "oks"}, "geometry": {"type": "Polygon", "coordinates": [[[37.601789, 55.721761300000004], [37.6018104, 55.7216042], [37.6025909, 55.7214576], [37.6025078, 55.721338300000006], [37.6015851, 55.7215075], [37.6015496, 55.72174239999999], [37.601542200000004, 55.721791499999995], [37.60215647630322, 55.72220141269577], [37.60247456285363, 55.72220503228463], [37.601789, 55.721761300000004]]]}}, {"type": "Feature", "properties": {"id": 1212, "object_type": "restriction", "restriction_type": "oks"}, "geometry": {"type": "Polygon", "coordinates": [[[37.6004679, 55.7193203], [37.6005122, 55.7193114], [37.60060690000001, 55.71937609999999], [37.60106280000001, 55.7192803], [37.6010592, 55.71927350000001], [37.6010483, 55.719259099999995], [37.6010671, 55.719255899999986], [37.6010423, 55.71921289999999], [37.6010243, 55.71921619999999], [37.6009648, 55.71911659999999], [37.6009826, 55.719112899999985], [37.600969, 55.71909029999999], [37.6009514, 55.71909309999999], [37.6009339, 55.7190655], [37.6003784, 55.719185199999984], [37.6004679, 55.7193203]]]}}, {"type": "Feature", "properties": {"id": 1213, "object_type": "restriction", "restriction_type": "oks"}, "geometry": {"type": "Polygon", "coordinates": [[[37.6034095, 55.7203286], [37.6034734, 55.72043219999999], [37.6038596, 55.7203566], [37.6034519, 55.719694999999994], [37.6030656, 55.7197705], [37.6034095, 55.7203286]]]}}, {"type": "Feature", "properties": {"id": 1214, "object_type": "restriction", "restriction_type": "oks"}, "geometry": {"type": "Polygon", "coordinates": [[[37.6066876, 55.717407599999994], [37.60673760000001, 55.717404499999994], [37.6067514, 55.7174488], [37.606816, 55.7174441], [37.6068416, 55.71752029999999], [37.6067768, 55.71752629999999], [37.6067923, 55.717574599999985], [37.6067242, 55.7175827], [37.6067453, 55.717638799999996], [37.6070206, 55.717611399999996], [37.6069427, 55.717329199999995], [37.6066762, 55.71735000000001], [37.6066876, 55.717407599999994]]]}}, {"type": "Feature", "properties": {"id": 1215, "object_type": "restriction", "restriction_type": "oks"}, "geometry": {"type": "Polygon", "coordinates": [[[37.6035145, 55.710762899999985], [37.6035087, 55.7107732], [37.6038311, 55.7108224], [37.6039617, 55.7108426], [37.6039687, 55.710828500000005], [37.6042109, 55.710865399999996], [37.6042131, 55.7108608], [37.6042827, 55.71071629999999], [37.6041682, 55.7106988], [37.6037704, 55.710643700000006], [37.6037838, 55.7106139], [37.6037372, 55.71060730000001], [37.6037449, 55.71059120000001], [37.6035565, 55.710565300000006], [37.6035368, 55.71061149999999], [37.6033495, 55.7105857], [37.6032848, 55.71072060000001], [37.6032792, 55.710732500000006], [37.6035145, 55.710762899999985]]]}}, {"type": "Feature", "properties": {"id": 1216, "object_type": "restriction", "restriction_type": "oks"}, "geometry": {"type": "Polygon", "coordinates": [[[37.6088508, 55.7212314], [37.6088696, 55.72122949999999], [37.6089198, 55.7213609], [37.6089015, 55.72136329999999], [37.6089252, 55.721427199999994], [37.609195, 55.72139510000001], [37.6091698, 55.72133109999999], [37.609151, 55.7213333], [37.609101300000006, 55.721201699999995], [37.6091197, 55.7211993], [37.6090971, 55.721135499999995], [37.6088279, 55.7211676], [37.6088508, 55.7212314]]]}}, {"type": "Feature", "properties": {"id": 1217, "object_type": "restriction", "restriction_type": "oks"}, "geometry": {"type": "Polygon", "coordinates": [[[37.6017537, 55.7167317], [37.6017684, 55.7167329], [37.6019524, 55.71701329999999], [37.6024974, 55.716899799999986], [37.6023144, 55.7166208], [37.6022587, 55.7166313], [37.6021873, 55.7165209], [37.6021637, 55.7164785], [37.602137, 55.7164678], [37.6018559, 55.716524099999994], [37.601832, 55.7164807], [37.60182, 55.71647070000001], [37.601808, 55.7164668], [37.601794, 55.716466399999995], [37.6017814, 55.7164682], [37.6016053, 55.7165026], [37.6017537, 55.7167317]]]}}, {"type": "Feature", "properties": {"id": 1218, "object_type": "restriction", "restriction_type": "oks"}, "geometry": {"type": "Polygon", "coordinates": [[[37.605694, 55.712515100000005], [37.6057182, 55.712523899999994], [37.6057471, 55.71252479999998], [37.6061485, 55.71247659999999], [37.6061743, 55.7124692], [37.60619, 55.71245550000001], [37.6061915, 55.712439299999986], [37.6060734, 55.71212700000001], [37.6060603, 55.712112499999996], [37.606036, 55.71210369999999], [37.6060072, 55.7121028], [37.6056057, 55.71215099999999], [37.60558, 55.7121584], [37.6055642, 55.7121721], [37.6055628, 55.712188299999994], [37.6056809, 55.71250059999999], [37.605694, 55.712515100000005]]]}}, {"type": "Feature", "properties": {"id": 1219, "object_type": "restriction", "restriction_type": "oks"}, "geometry": {"type": "Polygon", "coordinates": [[[37.6171001, 55.720934199999995], [37.6171883, 55.7207066], [37.6169572, 55.7206781], [37.6169187, 55.7207776], [37.616869, 55.7209058], [37.6171001, 55.720934199999995]]]}}, {"type": "Feature", "properties": {"id": 1220, "object_type": "restriction", "restriction_type": "road"}, "geometry": {"type": "Polygon", "coordinates": [[[37.62106816705572, 55.71294994463445], [37.62103818580736, 55.71301290494544], [37.621222614259636, 55.713040894985646], [37.62124959556051, 55.71298423398405], [37.62126548880342, 55.71253303263719], [37.62106816705572, 55.71294994463445]]]}}, {"type": "Feature", "properties": {"id": 1221, "object_type": "restriction", "restriction_type": "road"}, "geometry": {"type": "Polygon", "coordinates": [[[37.62103302184808, 55.71157255475275], [37.621042178163314, 55.71168024524669], [37.62111597826468, 55.71167824524449], [37.62112094600887, 55.71167803717291], [37.62129595382953, 55.71166810958301], [37.621299778005444, 55.71155953525934], [37.6211043330731, 55.71157062219941], [37.62103302184808, 55.71157255475275]]]}}, {"type": "Feature", "properties": {"id": 1222, "object_type": "restriction", "restriction_type": "oks"}, "geometry": {"type": "Polygon", "coordinates": [[[37.606818, 55.7152326], [37.6068359, 55.715230899999995], [37.6068956, 55.7153727], [37.6066525, 55.7154277], [37.6066451, 55.715417900000006], [37.6064899, 55.715433999999995], [37.6064962, 55.71544600000001], [37.6064935, 55.7154465], [37.6064991, 55.715456099999976], [37.606461, 55.715462300000006], [37.606453, 55.71544649999999], [37.606427, 55.715449799999995], [37.606434, 55.7154665], [37.606373, 55.7154758], [37.6064121, 55.715575], [37.6064545, 55.7155651], [37.6065081, 55.7155525], [37.6065559, 55.71561249999999], [37.6068848, 55.715538099999996], [37.6068466, 55.71548469999999], [37.6070052, 55.7154485], [37.6070035, 55.715444399999996], [37.6070182, 55.7154372], [37.6070308, 55.71542889999999], [37.6070397, 55.71542159999999], [37.6070472, 55.7154137], [37.6070538, 55.71540489999999], [37.6070585, 55.71539560000001], [37.6070624, 55.7153796], [37.6070652, 55.7153773], [37.60703, 55.71528699999999], [37.6071264, 55.71527489999998], [37.607119, 55.71525549999999], [37.6071032, 55.7152153], [37.6070547, 55.715091099999995], [37.6069506, 55.7151036], [37.6069431, 55.71508189999999], [37.6067654, 55.7151043], [37.606818, 55.7152326]]]}}, {"type": "Feature", "properties": {"id": 1223, "object_type": "restriction", "restriction_type": "oks"}, "geometry": {"type": "Polygon", "coordinates": [[[37.6119666, 55.71552340000001], [37.6125661, 55.71552239999999], [37.6125655, 55.7154021], [37.6122447, 55.7154026], [37.6120621, 55.7154028], [37.6119661, 55.715402999999995], [37.6119666, 55.71552340000001]]]}}, {"type": "Feature", "properties": {"id": 1224, "object_type": "restriction", "restriction_type": "road"}, "geometry": {"type": "Polygon", "coordinates": [[[37.61734290830335, 55.72021859839866], [37.617342560895075, 55.72021856277876], [37.616971961137615, 55.72018136280511], [37.61695523885075, 55.720234437194144], [37.61732566527208, 55.72027161977299], [37.617590091857004, 55.72029930162011], [37.61759013993193, 55.720299306638466], [37.617746740034036, 55.72031560664998], [37.617764059953956, 55.720262593349254], [37.61760748410082, 55.72024629586351], [37.61734290830335, 55.72021859839866]]]}}, {"type": "Feature", "properties": {"id": 1225, "object_type": "restriction", "restriction_type": "road"}, "geometry": {"type": "Polygon", "coordinates": [[[37.61895554303244, 55.716607146417246], [37.61856364330234, 55.7166069464188], [37.61795472946175, 55.71660674641503], [37.61768163106672, 55.716606646416594], [37.61768156893292, 55.71666055358329], [37.61795466912101, 55.71666065358435], [37.618563564575965, 55.716660853585125], [37.61895487557025, 55.71666105328685], [37.61924889456147, 55.71666524500399], [37.61925130543657, 55.71661135499589], [37.61895670563917, 55.716607154999814], [37.61895554303244, 55.716607146417246]]]}}, {"type": "Feature", "properties": {"id": 1226, "object_type": "restriction", "restriction_type": "road"}, "geometry": {"type": "Polygon", "coordinates": [[[37.613697605706655, 55.71952258008128], [37.61369310624431, 55.71933241424937], [37.61369000832149, 55.71917603035356], [37.61368770887844, 55.71895861229174], [37.61368770837203, 55.71895856932637], [37.61368570851124, 55.71880469689595], [37.61368490866874, 55.71872382446557], [37.61368490502914, 55.71872359999277], [37.61367631106689, 55.71834229198926], [37.613680007531954, 55.71798568399904], [37.61356859246899, 55.71798531597566], [37.613564891961005, 55.71834221597134], [37.61356489551337, 55.71834279998094], [37.613573492440935, 55.718724287749275], [37.61357429121601, 55.718805075508904], [37.613574291846845, 55.71880513064862], [37.61357629134859, 55.71895900916563], [37.61357859081179, 55.7191764876824], [37.613578593301035, 55.71917665155638], [37.61358169307823, 55.71933315155659], [37.613581694563344, 55.71933321989283], [37.613586190975745, 55.71952327969466], [37.61358828949358, 55.71979033948373], [37.613699710506445, 55.71979006049098], [37.61369761012602, 55.719522860489924], [37.613697605706655, 55.71952258008128]]]}}, {"type": "Feature", "properties": {"id": 1227, "object_type": "restriction", "restriction_type": "road"}, "geometry": {"type": "Polygon", "coordinates": [[[37.599620217928184, 55.72107311316705], [37.600543817498796, 55.721682713888114], [37.60073738227046, 55.72158928603404], [37.59981378184107, 55.720979686755115], [37.599620217928184, 55.72107311316705]]]}}, {"type": "Feature", "properties": {"id": 1228, "object_type": "restriction", "restriction_type": "oks"}, "geometry": {"type": "Polygon", "coordinates": [[[37.610535, 55.71767539999999], [37.6105017, 55.7176793], [37.6105445, 55.7177943], [37.6105777, 55.7177903], [37.6105957, 55.7178385], [37.6109912, 55.71779179999999], [37.6108633, 55.71744809999999], [37.6104678, 55.71749479999999], [37.610535, 55.71767539999999]]]}}, {"type": "Feature", "properties": {"id": 1229, "object_type": "restriction", "restriction_type": "oks"}, "geometry": {"type": "Polygon", "coordinates": [[[37.6026295, 55.711733300000006], [37.6025471, 55.7119528], [37.6026365, 55.7119634], [37.6027375, 55.71169439999999], [37.6021868, 55.7116288], [37.6021682, 55.71167839999999], [37.6026295, 55.711733300000006]]]}}, {"type": "Feature", "properties": {"id": 1230, "object_type": "restriction", "restriction_type": "oks"}, "geometry": {"type": "Polygon", "coordinates": [[[37.6034061, 55.71151], [37.6034361, 55.7114388], [37.6033644, 55.71142919999999], [37.6033578, 55.711444799999995], [37.6032714, 55.7114332], [37.6032775, 55.711418699999996], [37.6031718, 55.71140450000001], [37.6031421, 55.7114747], [37.6034061, 55.71151]]]}}, {"type": "Feature", "properties": {"id": 1231, "object_type": "restriction", "restriction_type": "oks"}, "geometry": {"type": "Polygon", "coordinates": [[[37.6030922, 55.71099509999999], [37.603111, 55.710954599999994], [37.6030151, 55.7109405], [37.6029963, 55.7109809], [37.6030922, 55.71099509999999]]]}}, {"type": "Feature", "properties": {"id": 1232, "object_type": "restriction", "restriction_type": "oks"}, "geometry": {"type": "Polygon", "coordinates": [[[37.5989261, 55.71696719999999], [37.5988298, 55.71688610000001], [37.59902700000001, 55.71681169999999], [37.598833393419945, 55.7166488941423], [37.59882057144301, 55.71700701945767], [37.5989261, 55.71696719999999]]]}}, {"type": "Feature", "properties": {"id": 1233, "object_type": "restriction", "restriction_type": "oks"}, "geometry": {"type": "Polygon", "coordinates": [[[37.5989001, 55.7187696], [37.59902760000001, 55.7187465], [37.5991761, 55.7189825], [37.5994534, 55.71918289999999], [37.6018997, 55.71866270000001], [37.6017685, 55.7184556], [37.6015962, 55.71849129999999], [37.6015382, 55.718399899999994], [37.6013997, 55.71842840000001], [37.6014228, 55.71846649999999], [37.601362, 55.7184786], [37.6013846, 55.71851709999999], [37.6009875, 55.71859119999999], [37.6009195, 55.7184835], [37.6013527, 55.7183959], [37.6012354, 55.7182099], [37.6007948, 55.7183004], [37.6006305, 55.718046099999995], [37.6005879, 55.7180555], [37.5997259, 55.7167814], [37.5994732, 55.716837700000006], [37.5996938, 55.71716299999999], [37.5996549, 55.7171714], [37.599847, 55.717454700000005], [37.599422, 55.7175462], [37.5993588, 55.717562], [37.5993201, 55.71750639999999], [37.5991869, 55.71753549999999], [37.5992264, 55.717591599999984], [37.59879628172475, 55.71768542328386], [37.59878221790144, 55.718078207944274], [37.5987833, 55.7180799], [37.5987821484362, 55.71808014799562], [37.59876471392758, 55.71856705801117], [37.5989001, 55.7187696]]]}}, {"type": "Feature", "properties": {"id": 1234, "object_type": "restriction", "restriction_type": "oks"}, "geometry": {"type": "Polygon", "coordinates": [[[37.6012062, 55.7171727], [37.6016643, 55.7170747], [37.6014691, 55.716791099999995], [37.6005805, 55.7169743], [37.6007784, 55.71726309999999], [37.6012062, 55.7171727]]]}}, {"type": "Feature", "properties": {"id": 1235, "object_type": "restriction", "restriction_type": "oks"}, "geometry": {"type": "Polygon", "coordinates": [[[37.6017141, 55.71792339999998], [37.6017253, 55.7179351], [37.6021887, 55.7178393], [37.6021532, 55.717785299999996], [37.6022144, 55.717769999999994], [37.602059800000006, 55.7175372], [37.6019811, 55.7175529], [37.6018996, 55.7174267], [37.6019794, 55.71740880000001], [37.6018583, 55.717232599999996], [37.6017782, 55.717250299999996], [37.6016643, 55.7170747], [37.6012062, 55.7171727], [37.6017141, 55.71792339999998]]]}}, {"type": "Feature", "properties": {"id": 1236, "object_type": "restriction", "restriction_type": "oks"}, "geometry": {"type": "Polygon", "coordinates": [[[37.6015217, 55.7163946], [37.6014966, 55.71635349999998], [37.6014632, 55.7163467], [37.6013947, 55.7163608], [37.6013879, 55.7163506], [37.6013199, 55.716365200000006], [37.60128, 55.7163106], [37.6011858, 55.7163304], [37.6011647, 55.716302299999995], [37.600943, 55.71634860000001], [37.6009461, 55.716354200000005], [37.6009028, 55.71636289999999], [37.6008287, 55.71637779999999], [37.6008421, 55.71640069999999], [37.6006429, 55.716440699999985], [37.6007296, 55.716564299999995], [37.6015217, 55.7163946]]]}}, {"type": "Feature", "properties": {"id": 1237, "object_type": "restriction", "restriction_type": "oks"}, "geometry": {"type": "Polygon", "coordinates": [[[37.6018486, 55.7125042], [37.6024165, 55.712571], [37.6025122, 55.7123126], [37.6024032, 55.7122998], [37.6023691, 55.712391999999994], [37.601910100000005, 55.71233809999999], [37.6018486, 55.7125042]]]}}, {"type": "Feature", "properties": {"id": 1238, "object_type": "restriction", "restriction_type": "oks"}, "geometry": {"type": "Polygon", "coordinates": [[[37.6030016, 55.7122792], [37.6029689, 55.71236029999999], [37.6030955, 55.71237589999999], [37.6031275, 55.71237589999999], [37.6031557, 55.7123696], [37.6031775, 55.712357600000004], [37.6031895, 55.712341900000006], [37.6031898, 55.7123248], [37.6031786, 55.712308900000004], [37.60316530000001, 55.712299200000004], [37.6030016, 55.7122792]]]}}, {"type": "Feature", "properties": {"id": 1239, "object_type": "restriction", "restriction_type": "oks"}, "geometry": {"type": "Polygon", "coordinates": [[[37.6007786, 55.717266499999994], [37.6007377, 55.717274999999994], [37.6007303, 55.7172668], [37.6006803, 55.71727690000001], [37.6007285, 55.717351099999995], [37.6007317, 55.7173564], [37.6007348, 55.7173589], [37.600739100000006, 55.717361], [37.6007441, 55.71736260000001], [37.6007501, 55.71736359999999], [37.6007566, 55.717363699999986], [37.6007632, 55.717362900000005], [37.6007693, 55.717361], [37.6007737, 55.7173588], [37.6007769, 55.717356299999985], [37.6007791, 55.7173533], [37.60078010000001, 55.7173502], [37.60078, 55.71734709999999], [37.6007784, 55.7173437], [37.6007765, 55.71734039999998], [37.6008173, 55.717332899999995], [37.6012614, 55.7180202], [37.6017141, 55.71792339999998], [37.6012062, 55.7171727], [37.6007784, 55.71726309999999], [37.6007786, 55.717266499999994]]]}}, {"type": "Feature", "properties": {"id": 1240, "object_type": "restriction", "restriction_type": "oks"}, "geometry": {"type": "Polygon", "coordinates": [[[37.6199822, 55.7101047], [37.6202118, 55.710218999999995], [37.6204607, 55.710342700000005], [37.6207152, 55.71018359999999], [37.6207068, 55.710053], [37.6207019, 55.70997609999999], [37.6204153, 55.7098362], [37.6199822, 55.7101047]]]}}, {"type": "Feature", "properties": {"id": 1241, "object_type": "restriction", "restriction_type": "road"}, "geometry": {"type": "Polygon", "coordinates": [[[37.62092234345593, 55.71325789297107], [37.620873293558724, 55.71336158653631], [37.62080854384502, 55.713496281270395], [37.620563440998914, 55.71400628470131], [37.6205630249505, 55.71400718078912], [37.62045320417556, 55.71425227950393], [37.620307396384675, 55.714557875147264], [37.62025759837694, 55.71466217046176], [37.62044200169022, 55.714690229469326], [37.6204918014636, 55.71458592943099], [37.62063780523597, 55.71427992002169], [37.620638175653895, 55.71427911922664], [37.620747973910355, 55.714034068194685], [37.62099285709319, 55.713524516849546], [37.6210576559301, 55.7133897186109], [37.62105775633238, 55.71338950806391], [37.62110685610638, 55.71328570802606], [37.621154056882865, 55.713185905888565], [37.62122265871319, 55.71304080129679], [37.62103814135341, 55.71301299863422], [37.62096954211174, 55.71315809630906], [37.62092234345593, 55.71325789297107]]]}}, {"type": "Feature", "properties": {"id": 1242, "object_type": "restriction", "restriction_type": "park"}, "geometry": {"type": "Polygon", "coordinates": [[[37.5999399, 55.71146639999999], [37.600163, 55.71150299999999], [37.6005204, 55.71155389999999], [37.6006792, 55.71161699999998], [37.6006237, 55.71175169999999], [37.6006611, 55.711755800000006], [37.6007285, 55.7117677], [37.6011269, 55.71079509999999], [37.6002006, 55.7106191], [37.5999399, 55.71146639999999]]]}}, {"type": "Feature", "properties": {"id": 1243, "object_type": "restriction", "restriction_type": "road"}, "geometry": {"type": "Polygon", "coordinates": [[[37.606761596994566, 55.711954375919454], [37.60671549354059, 55.71195576398077], [37.60658347221398, 55.711959458980964], [37.6065929277978, 55.71206714101846], [37.60672512797937, 55.71206344101435], [37.60672548493726, 55.712063430645514], [37.60677198500109, 55.712062030643935], [37.606772420977016, 55.71206201695326], [37.60680912064253, 55.712060816964474], [37.60691312019111, 55.712057416979995], [37.606902079822845, 55.711949783019364], [37.606798079965515, 55.711953183015474], [37.606761596994566, 55.711954375919454]]]}}, {"type": "Feature", "properties": {"id": 1244, "object_type": "restriction", "restriction_type": "oks"}, "geometry": {"type": "Polygon", "coordinates": [[[37.6208024, 55.7211228], [37.6207071, 55.721407], [37.6208371, 55.7214208], [37.6207729, 55.721612300000004], [37.6206565, 55.72159990000001], [37.6205626, 55.72187999999999], [37.6208352, 55.72190899999999], [37.6209104, 55.721684599999996], [37.62094292123299, 55.72168805000393], [37.620962242160694, 55.721139838199186], [37.6208024, 55.7211228]]]}}, {"type": "Feature", "properties": {"id": 1245, "object_type": "restriction", "restriction_type": "oks"}, "geometry": {"type": "Polygon", "coordinates": [[[37.6196432, 55.7212163], [37.6196248, 55.72128579999998], [37.6197066, 55.72129270000001], [37.619688, 55.7213631], [37.6196508, 55.72150400000002], [37.6196322, 55.7215744], [37.6195379, 55.72156650000001], [37.619517, 55.72164569999998], [37.6194961, 55.7217248], [37.6196935, 55.721741400000006], [37.6197312, 55.721598899999975], [37.6198236, 55.721606699999995], [37.6199034, 55.72130489999999], [37.619811, 55.721297099999994], [37.6198466, 55.7211622], [37.6196616, 55.7211467], [37.6196432, 55.7212163]]]}}, {"type": "Feature", "properties": {"id": 1246, "object_type": "restriction", "restriction_type": "oks"}, "geometry": {"type": "Polygon", "coordinates": [[[37.6204444, 55.722086199999985], [37.62044910000001, 55.7222121], [37.62045649882367, 55.72240831299173], [37.62064676438311, 55.72241044980686], [37.6206486, 55.72236149999999], [37.6206173, 55.722361200000016], [37.6206121, 55.722203699999994], [37.62092400765981, 55.722224685144745], [37.62092787418585, 55.72211498161357], [37.6204444, 55.722086199999985]]]}}, {"type": "Feature", "properties": {"id": 1247, "object_type": "restriction", "restriction_type": "oks"}, "geometry": {"type": "Polygon", "coordinates": [[[37.6200319, 55.7220796], [37.6200587, 55.7219786], [37.620159, 55.721987], [37.6201915, 55.72186429999999], [37.6203565, 55.7218781], [37.6203878, 55.72176], [37.6200876, 55.7217347], [37.6200675, 55.7218102], [37.6199776, 55.7218026], [37.619938, 55.72195189999999], [37.6194768, 55.72191310000001], [37.6194457, 55.7220303], [37.6200319, 55.7220796]]]}}, {"type": "Feature", "properties": {"id": 1248, "object_type": "restriction", "restriction_type": "road"}, "geometry": {"type": "Polygon", "coordinates": [[[37.601399613971815, 55.70962968432353], [37.60129742577364, 55.70961075845266], [37.60097102834182, 55.709607040505084], [37.60137041981913, 55.70968101081308], [37.60137155665861, 55.70968121252479], [37.601693854289245, 55.70973591212693], [37.601763351812735, 55.709747711707394], [37.60179084816887, 55.70969608829088], [37.60172134821029, 55.70968428829884], [37.601399613971815, 55.70962968432353]]]}}, {"type": "Feature", "properties": {"id": 1249, "object_type": "restriction", "restriction_type": "oks"}, "geometry": {"type": "Polygon", "coordinates": [[[37.606705, 55.7168645], [37.6069123, 55.716828099999994], [37.6066205, 55.716364299999995], [37.6064204, 55.7164051], [37.606705, 55.7168645]]]}}, {"type": "Feature", "properties": {"id": 1250, "object_type": "restriction", "restriction_type": "oks"}, "geometry": {"type": "Polygon", "coordinates": [[[37.6068348, 55.71694099999999], [37.6067835, 55.71695059999999], [37.6067496, 55.716896899999995], [37.6064406, 55.71696169999999], [37.6064339, 55.71695369999998], [37.6064037, 55.71695950000001], [37.60639260000001, 55.71694320000001], [37.6063016, 55.71696229999999], [37.6062954, 55.71695229999998], [37.6055277, 55.717112799999995], [37.605549, 55.71714690000001], [37.6055099, 55.7171552], [37.6054485, 55.7171682], [37.6054816, 55.71722009999999], [37.6054285, 55.71723110000001], [37.6054618, 55.7172806], [37.6055111, 55.71727049999999], [37.606868, 55.7169935], [37.6068348, 55.71694099999999]]]}}, {"type": "Feature", "properties": {"id": 1251, "object_type": "restriction", "restriction_type": "road"}, "geometry": {"type": "Polygon", "coordinates": [[[37.61752170552419, 55.72066756634361], [37.61752148163802, 55.72066820822461], [37.61743008101486, 55.720938908151936], [37.617278763207594, 55.72138935782543], [37.617278636134685, 55.72138974376983], [37.617265636041445, 55.721430043759455], [37.61726560146565, 55.72143015156502], [37.61696620852728, 55.722369062268825], [37.61715960530589, 55.72237123974615], [37.61745358139088, 55.72144930227567], [37.61746650162209, 55.7214092492615], [37.61761772744042, 55.720959066881285], [37.617709009920155, 55.720688713028125], [37.617813393865205, 55.720398733502684], [37.617848993733496, 55.72029983321293], [37.61766180631898, 55.72027836671602], [37.617626206093085, 55.72037726668786], [37.61752170552419, 55.72066756634361]]]}}, {"type": "Feature", "properties": {"id": 1252, "object_type": "restriction", "restriction_type": "oks"}, "geometry": {"type": "Polygon", "coordinates": [[[37.6037531, 55.715911599999984], [37.6036983, 55.71591370000001], [37.6036623, 55.715937100000005], [37.6036662, 55.71596799999999], [37.6037077, 55.71598829999999], [37.6037625, 55.715986099999995], [37.6037985, 55.71596269999999], [37.6037946, 55.71593179999999], [37.6037531, 55.715911599999984]]]}}, {"type": "Feature", "properties": {"id": 1253, "object_type": "restriction", "restriction_type": "park"}, "geometry": {"type": "Polygon", "coordinates": [[[37.599576, 55.7155172], [37.5994164, 55.7154982], [37.599434, 55.7156369], [37.5995706, 55.715749599999995], [37.5997163, 55.71579520000001], [37.6015429, 55.716216], [37.6030272, 55.71650879999999], [37.6031692, 55.7165127], [37.6034706, 55.716452199999985], [37.6051049, 55.71609729999999], [37.6051696, 55.716050700000004], [37.6051868, 55.716001000000006], [37.6050925, 55.71582959999999], [37.6054562, 55.7157492], [37.605193, 55.7152907], [37.6056772, 55.71523309999999], [37.605104, 55.71369759999999], [37.6050847, 55.7136094], [37.6047607, 55.713572799999994], [37.6047197, 55.7135682], [37.6038301, 55.7159677], [37.603752, 55.7160048], [37.600922, 55.7156529], [37.599641, 55.7154593], [37.599576, 55.7155172]]]}}, {"type": "Feature", "properties": {"id": 1254, "object_type": "restriction", "restriction_type": "oks"}, "geometry": {"type": "Polygon", "coordinates": [[[37.599564, 55.71540769999999], [37.5995092, 55.71540989999999], [37.5994732, 55.715433299999994], [37.5994771, 55.7154642], [37.5995186, 55.7154844], [37.5995734, 55.7154823], [37.5996094, 55.71545890000001], [37.5996055, 55.715427999999996], [37.599564, 55.71540769999999]]]}}, {"type": "Feature", "properties": {"id": 1255, "object_type": "restriction", "restriction_type": "oks"}, "geometry": {"type": "Polygon", "coordinates": [[[37.599816, 55.71424519999999], [37.5997807, 55.71434570000001], [37.5999663, 55.71436990000001], [37.5998878, 55.7145856], [37.5999744, 55.71459779999999], [37.5999622, 55.71462819999999], [37.6000867, 55.714640800000005], [37.6000975, 55.714614499999996], [37.6001746, 55.71462290000001], [37.6002388, 55.7144705], [37.6001624, 55.714456799999994], [37.6002255, 55.71429359999999], [37.6002632, 55.714196199999996], [37.6002233, 55.714191199999995], [37.6002821, 55.7140457], [37.6001036, 55.714021699999996], [37.6000495, 55.714163], [37.5998532, 55.714139200000005], [37.599816, 55.71424519999999]]]}}, {"type": "Feature", "properties": {"id": 1256, "object_type": "restriction", "restriction_type": "oks"}, "geometry": {"type": "Polygon", "coordinates": [[[37.6010105, 55.715647899999986], [37.6010366, 55.715583499999994], [37.600908, 55.71556700000001], [37.6008819, 55.715631399999985], [37.6010105, 55.715647899999986]]]}}, {"type": "Feature", "properties": {"id": 1257, "object_type": "restriction", "restriction_type": "oks"}, "geometry": {"type": "Polygon", "coordinates": [[[37.6046048, 55.7135962], [37.60455, 55.713598299999994], [37.604514, 55.713621700000004], [37.6045179, 55.7136526], [37.6045594, 55.71367289999999], [37.6046142, 55.7136707], [37.6046502, 55.7136473], [37.6046463, 55.713616399999985], [37.6046048, 55.7135962]]]}}, {"type": "Feature", "properties": {"id": 1258, "object_type": "restriction", "restriction_type": "oks"}, "geometry": {"type": "Polygon", "coordinates": [[[37.599838, 55.7149341], [37.5998638, 55.7148657], [37.5997359, 55.7148504], [37.5997101, 55.71491880000001], [37.599838, 55.7149341]]]}}, {"type": "Feature", "properties": {"id": 1259, "object_type": "restriction", "restriction_type": "oks"}, "geometry": {"type": "Polygon", "coordinates": [[[37.6023742, 55.71581609999999], [37.6024003, 55.7157517], [37.6022718, 55.715735200000005], [37.6022457, 55.7157996], [37.6023742, 55.71581609999999]]]}}, {"type": "Feature", "properties": {"id": 1260, "object_type": "restriction", "restriction_type": "oks"}, "geometry": {"type": "Polygon", "coordinates": [[[37.6039558, 55.71542469999999], [37.6039803, 55.71536009999999], [37.6038513, 55.7153446], [37.6038269, 55.7154092], [37.6039558, 55.71542469999999]]]}}, {"type": "Feature", "properties": {"id": 1261, "object_type": "restriction", "restriction_type": "oks"}, "geometry": {"type": "Polygon", "coordinates": [[[37.6004598, 55.7130512], [37.600405, 55.71305340000001], [37.60036900000001, 55.713076799999996], [37.6003729, 55.713107599999994], [37.600414400000005, 55.7131279], [37.6004693, 55.7131257], [37.6005053, 55.713102299999996], [37.600501400000006, 55.71307149999999], [37.6004598, 55.7130512]]]}}, {"type": "Feature", "properties": {"id": 1262, "object_type": "restriction", "restriction_type": "oks"}, "geometry": {"type": "Polygon", "coordinates": [[[37.6044236, 55.7141974], [37.6044481, 55.7141328], [37.6043191, 55.714117399999985], [37.6042946, 55.714181999999994], [37.6044236, 55.7141974]]]}}, {"type": "Feature", "properties": {"id": 1263, "object_type": "restriction", "restriction_type": "oks"}, "geometry": {"type": "Polygon", "coordinates": [[[37.6003091, 55.7136957], [37.6003336, 55.7136311], [37.6002046, 55.7136156], [37.6001801, 55.7136802], [37.6003091, 55.7136957]]]}}, {"type": "Feature", "properties": {"id": 1264, "object_type": "restriction", "restriction_type": "oks"}, "geometry": {"type": "Polygon", "coordinates": [[[37.602018, 55.715154399999996], [37.6020535, 55.7151589], [37.6020252, 55.715230999999996], [37.6022393, 55.7152577], [37.6022686, 55.7151834], [37.6022919, 55.71518629999999], [37.6023275, 55.7150959], [37.6022939, 55.715091699999995], [37.6023157, 55.715036299999994], [37.60210260000001, 55.715009699999996], [37.6020725, 55.715086199999995], [37.6020461, 55.71508289999999], [37.602018, 55.715154399999996]]]}}, {"type": "Feature", "properties": {"id": 1265, "object_type": "restriction", "restriction_type": "oks"}, "geometry": {"type": "Polygon", "coordinates": [[[37.6187838, 55.716186699999994], [37.6187834, 55.71616349999999], [37.618782, 55.71608469999999], [37.6182146, 55.7160879], [37.6182164, 55.71618989999999], [37.6187838, 55.716186699999994]]]}}, {"type": "Feature", "properties": {"id": 1266, "object_type": "restriction", "restriction_type": "oks"}, "geometry": {"type": "Polygon", "coordinates": [[[37.618854, 55.720558], [37.6181824, 55.720468], [37.6181289, 55.72059449999999], [37.6188005, 55.7206845], [37.618854, 55.720558]]]}}, {"type": "Feature", "properties": {"id": 1267, "object_type": "restriction", "restriction_type": "oks"}, "geometry": {"type": "Polygon", "coordinates": [[[37.6162744, 55.7204465], [37.6162858, 55.720404], [37.6163652, 55.720410799999996], [37.616374, 55.72037830000001], [37.6163993, 55.720380399999996], [37.6164323, 55.7203832], [37.6163935, 55.72052779999999], [37.6166632, 55.7205508], [37.6167027, 55.7204036], [37.6167403, 55.72040679999999], [37.6167847, 55.720410599999994], [37.6167469, 55.720551400000005], [37.6170079, 55.720573599999994], [37.6170667, 55.72035429999999], [37.6167558, 55.7203279], [37.6164154, 55.720298899999996], [37.6162873, 55.72028799999999], [37.6160981, 55.72027189999999], [37.616065, 55.720395299999986], [37.6161801, 55.7204051], [37.6161713, 55.72043769999999], [37.6162744, 55.7204465]]]}}, {"type": "Feature", "properties": {"id": 1268, "object_type": "restriction", "restriction_type": "oks"}, "geometry": {"type": "Polygon", "coordinates": [[[37.60093, 55.7210178], [37.6011149, 55.7209757], [37.6010594, 55.720937600000006], [37.6011247, 55.7209061], [37.6010696, 55.7208678], [37.6010884, 55.7208593], [37.6008673, 55.72070570000001], [37.60088780000001, 55.7206963], [37.6007192, 55.7205793], [37.6005195, 55.7206685], [37.6005339, 55.72067869999999], [37.6005654, 55.7207009], [37.6002845, 55.72082919999998], [37.6003309, 55.720861000000006], [37.6003042, 55.7208733], [37.6004319, 55.720960999999996], [37.6004586, 55.72094859999999], [37.6005059, 55.720981099999996], [37.6004757, 55.72099429999999], [37.6006159, 55.7210894], [37.60093, 55.7210178]]]}}, {"type": "Feature", "properties": {"id": 1269, "object_type": "restriction", "restriction_type": "oks"}, "geometry": {"type": "Polygon", "coordinates": [[[37.6003828, 55.720543600000006], [37.6004138, 55.7205654], [37.6005527, 55.720503], [37.6003323, 55.72034740000001], [37.6003598, 55.72033509999999], [37.6002654, 55.720268499999996], [37.6001163, 55.720163199999995], [37.6001442, 55.72015059999999], [37.5998172, 55.71991979999999], [37.5995021, 55.72006139999999], [37.5995969, 55.720128300000006], [37.5997661, 55.7200523], [37.5999158, 55.720158], [37.5996899, 55.7202595], [37.5995349, 55.720150100000005], [37.5994663, 55.72018099999998], [37.5994267, 55.720153], [37.599306, 55.720207200000004], [37.5993437, 55.720233799999995], [37.5993339, 55.7202382], [37.5995821, 55.72041339999999], [37.5999635, 55.72024199999999], [37.6000713, 55.7203181], [37.6000113, 55.720344999999995], [37.6000713, 55.7203874], [37.600136, 55.720358299999994], [37.6002975, 55.720472300000004], [37.6000928, 55.72056429999999], [37.6000104, 55.720506099999994], [37.5999757, 55.7205217], [37.5998856, 55.7204581], [37.5999293, 55.72043839999999], [37.5999608, 55.72046060000001], [37.6000103, 55.72043829999999], [37.5999302, 55.7203817], [37.5996919, 55.7204888], [37.5999427, 55.72066589999999], [37.600008, 55.72071199999999], [37.6003828, 55.720543600000006]]]}}, {"type": "Feature", "properties": {"id": 1270, "object_type": "restriction", "restriction_type": "oks"}, "geometry": {"type": "Polygon", "coordinates": [[[37.5988059, 55.7199713], [37.5989346, 55.7199131], [37.5991043, 55.72003209999999], [37.5990613, 55.72005159999999], [37.5991583, 55.72011969999999], [37.5993406, 55.7200373], [37.598727471304734, 55.71960711780494], [37.598721327828756, 55.71977867762899], [37.5987812, 55.7198207], [37.59871881333869, 55.71984889556104], [37.598716672624384, 55.71990867544087], [37.5988059, 55.7199713]]]}}, {"type": "Feature", "properties": {"id": 1271, "object_type": "restriction", "restriction_type": "oks"}, "geometry": {"type": "Polygon", "coordinates": [[[37.609614800000166, 55.70970520760961], [37.60942710000019, 55.70970308237147], [37.6094271, 55.70971519999999], [37.6096148, 55.70971520000001], [37.609614800000166, 55.70970520760961]]]}}, {"type": "Feature", "properties": {"id": 1272, "object_type": "restriction", "restriction_type": "oks"}, "geometry": {"type": "Polygon", "coordinates": [[[37.6139999, 55.7131271], [37.6140619, 55.71312910000001], [37.614062200000006, 55.713007999999995], [37.6139055, 55.7130066], [37.6139025, 55.7130597], [37.6138003, 55.7130585], [37.6137911, 55.713404000000004], [37.6139933, 55.713406], [37.6139931, 55.71337509999999], [37.6139941, 55.7133308], [37.6139999, 55.7131271]]]}}, {"type": "Feature", "properties": {"id": 1273, "object_type": "restriction", "restriction_type": "oks"}, "geometry": {"type": "Polygon", "coordinates": [[[37.6152765, 55.71369299999999], [37.6150313, 55.71369289999999], [37.6150242, 55.71415469999999], [37.615008, 55.7141544], [37.6150075, 55.7141682], [37.61494, 55.7141677], [37.6149402, 55.714186999999995], [37.6149653, 55.7141878], [37.6149636, 55.71424559999999], [37.614993, 55.7142462], [37.6153753, 55.7142495], [37.6153755, 55.714235800000004], [37.6154417, 55.71423589999999], [37.6154414, 55.7142199], [37.6154414, 55.7142039], [37.6153753, 55.7142032], [37.615376, 55.71419], [37.6152674, 55.714189299999994], [37.6152765, 55.71369299999999]]]}}, {"type": "Feature", "properties": {"id": 1274, "object_type": "restriction", "restriction_type": "oks"}, "geometry": {"type": "Polygon", "coordinates": [[[37.6164853, 55.71508889999999], [37.6166889, 55.7150886], [37.6166895, 55.714969999999994], [37.616488, 55.714968], [37.6164853, 55.71508889999999]]]}}, {"type": "Feature", "properties": {"id": 1275, "object_type": "restriction", "restriction_type": "oks"}, "geometry": {"type": "Polygon", "coordinates": [[[37.6180874, 55.71415850000001], [37.6179747, 55.7141585], [37.6179694, 55.714225], [37.6180874, 55.714225000000006], [37.6180874, 55.71415850000001]]]}}, {"type": "Feature", "properties": {"id": 1276, "object_type": "restriction", "restriction_type": "oks"}, "geometry": {"type": "Polygon", "coordinates": [[[37.6196871, 55.7152124], [37.61968, 55.71523229999999], [37.6196469, 55.71530869999999], [37.6196768, 55.7153128], [37.6196706, 55.71532729999999], [37.6196575, 55.7153573], [37.6196306, 55.715353599999986], [37.6195907, 55.715446799999995], [37.6195853, 55.71545749999999], [37.6196456, 55.71546659999999], [37.6197763, 55.7154859], [37.6197805, 55.7154749], [37.6198645, 55.7152577], [37.6198325, 55.71525329999999], [37.6198327, 55.7152402], [37.6198332, 55.7152132], [37.6196871, 55.7152124]]]}}, {"type": "Feature", "properties": {"id": 1277, "object_type": "restriction", "restriction_type": "oks"}, "geometry": {"type": "Polygon", "coordinates": [[[37.6051377, 55.7119537], [37.6053415, 55.711941599999996], [37.6054059, 55.711726999999996], [37.6051964, 55.7117386], [37.6051377, 55.7119537]]]}}, {"type": "Feature", "properties": {"id": 1278, "object_type": "restriction", "restriction_type": "oks"}, "geometry": {"type": "Polygon", "coordinates": [[[37.6000541, 55.709623500000006], [37.6000968, 55.709669], [37.6000251, 55.709803099999995], [37.599906, 55.71002549999999], [37.5998778, 55.7100782], [37.5999034, 55.71008249999999], [37.5998669, 55.71015080000001], [37.5997607, 55.71013279999999], [37.5997708, 55.7101138], [37.5994874, 55.7100657], [37.5993948, 55.710049999999995], [37.5993843, 55.7100702], [37.59933000000001, 55.7101717], [37.6000059, 55.710286499999995], [37.6003163, 55.7097063], [37.6003402, 55.7096699], [37.60027147699111, 55.70959906908941], [37.60002866896212, 55.70959630135002], [37.6000541, 55.709623500000006]]]}}, {"type": "Feature", "properties": {"id": 1279, "object_type": "restriction", "restriction_type": "oks"}, "geometry": {"type": "Polygon", "coordinates": [[[37.599613100000006, 55.7098182], [37.5995219, 55.709803099999995], [37.5994951, 55.709856], [37.5995863, 55.7098711], [37.599613100000006, 55.7098182]]]}}, {"type": "Feature", "properties": {"id": 1280, "object_type": "restriction", "restriction_type": "oks"}, "geometry": {"type": "Polygon", "coordinates": [[[37.6202385, 55.72237189999999], [37.6201963, 55.72233210000001], [37.6201418, 55.722304799999996], [37.6200777, 55.722287699999995], [37.6199904, 55.722281200000005], [37.6199166, 55.72228929999999], [37.6198287, 55.722319000000006], [37.6197697, 55.722364899999995], [37.61975055701795, 55.722400382195154], [37.620250743470656, 55.72240600188349], [37.6202385, 55.72237189999999]]]}}, {"type": "Feature", "properties": {"id": 1281, "object_type": "restriction", "restriction_type": "oks"}, "geometry": {"type": "Polygon", "coordinates": [[[37.6192079, 55.71822449999999], [37.6195883, 55.718277799999996], [37.6196408, 55.718161299999984], [37.619259, 55.718107599999996], [37.6192079, 55.71822449999999]]]}}, {"type": "Feature", "properties": {"id": 1282, "object_type": "restriction", "restriction_type": "oks"}, "geometry": {"type": "Polygon", "coordinates": [[[37.6198624, 55.72004569999999], [37.6200158, 55.72006749999999], [37.6200494, 55.71999240000001], [37.6198964, 55.71997079999999], [37.6198624, 55.72004569999999]]]}}, {"type": "Feature", "properties": {"id": 1283, "object_type": "restriction", "restriction_type": "oks"}, "geometry": {"type": "Polygon", "coordinates": [[[37.6200547, 55.7197132], [37.6203189, 55.7197504], [37.6204292, 55.719501799999996], [37.620165, 55.71946460000001], [37.6200547, 55.7197132]]]}}, {"type": "Feature", "properties": {"id": 1284, "object_type": "restriction", "restriction_type": "oks"}, "geometry": {"type": "Polygon", "coordinates": [[[37.6197252, 55.7182788], [37.61992870000001, 55.718307299999985], [37.6199727, 55.71820780000001], [37.6197693, 55.71817919999999], [37.6197252, 55.7182788]]]}}, {"type": "Feature", "properties": {"id": 1285, "object_type": "restriction", "restriction_type": "oks"}, "geometry": {"type": "Polygon", "coordinates": [[[37.6201798, 55.7200727], [37.6203047, 55.720087299999996], [37.6202925, 55.720119399999994], [37.620387, 55.72013069999999], [37.6203919, 55.72011940000001], [37.620451300000006, 55.7201247], [37.6205539, 55.71982520000001], [37.62027590000001, 55.7197949], [37.6201798, 55.7200727]]]}}, {"type": "Feature", "properties": {"id": 1286, "object_type": "restriction", "restriction_type": "oks"}, "geometry": {"type": "Polygon", "coordinates": [[[37.619925, 55.71991499999999], [37.6200712, 55.7199364], [37.6201433, 55.7197755], [37.6200004, 55.71975569999999], [37.619925, 55.71991499999999]]]}}, {"type": "Feature", "properties": {"id": 1287, "object_type": "restriction", "restriction_type": "oks"}, "geometry": {"type": "Polygon", "coordinates": [[[37.621057, 55.71843399999999], [37.62105765215096, 55.718432397696844], [37.621058963067036, 55.71839519472673], [37.6210305, 55.718391499999996], [37.6210376, 55.718374100000005], [37.6210106, 55.71837059999999], [37.6210243, 55.7183368], [37.6208673, 55.7183165], [37.620864000000005, 55.7183245], [37.620777600000004, 55.7183133], [37.6207637, 55.718347200000004], [37.6208164, 55.718354], [37.6207975, 55.71840049999999], [37.621057, 55.71843399999999]]]}}, {"type": "Feature", "properties": {"id": 1288, "object_type": "restriction", "restriction_type": "oks"}, "geometry": {"type": "Polygon", "coordinates": [[[37.6197037, 55.717523099999994], [37.6198382, 55.7175327], [37.6198511, 55.7174752], [37.6197166, 55.7174656], [37.6197037, 55.717523099999994]]]}}, {"type": "Feature", "properties": {"id": 1289, "object_type": "restriction", "restriction_type": "oks"}, "geometry": {"type": "Polygon", "coordinates": [[[37.6200116, 55.720189399999995], [37.6201577, 55.7202079], [37.6201482, 55.72023180000001], [37.6201108, 55.7203252], [37.620099, 55.720323699999994], [37.6200313, 55.72047809999998], [37.6200277, 55.72048639999999], [37.6203529, 55.7205284], [37.620499, 55.7201627], [37.6200452, 55.72010519999999], [37.6200116, 55.720189399999995]]]}}, {"type": "Feature", "properties": {"id": 1290, "object_type": "restriction", "restriction_type": "oks"}, "geometry": {"type": "Polygon", "coordinates": [[[37.62099, 55.71770439999999], [37.6209804, 55.71772639999999], [37.6210153, 55.7177412], [37.6210022, 55.7177606], [37.6207242, 55.717726], [37.6206714, 55.7178492], [37.62107642567326, 55.71789960865548], [37.621083054559584, 55.71771147782126], [37.62099, 55.71770439999999]]]}}, {"type": "Feature", "properties": {"id": 1291, "object_type": "restriction", "restriction_type": "oks"}, "geometry": {"type": "Polygon", "coordinates": [[[37.6118938, 55.719631899999996], [37.6118001, 55.7191654], [37.6114581, 55.7191872], [37.6115326, 55.719558000000006], [37.6114271, 55.71956479999999], [37.6114464, 55.71966040000001], [37.6118938, 55.719631899999996]]]}}, {"type": "Feature", "properties": {"id": 1292, "object_type": "restriction", "restriction_type": "oks"}, "geometry": {"type": "Polygon", "coordinates": [[[37.6113592, 55.71770979999999], [37.6117362, 55.71770429999999], [37.6117337, 55.717569499999996], [37.6113571, 55.71757279999999], [37.6113592, 55.71770979999999]]]}}, {"type": "Feature", "properties": {"id": 1293, "object_type": "restriction", "restriction_type": "oks"}, "geometry": {"type": "Polygon", "coordinates": [[[37.614973, 55.71287329999999], [37.614792, 55.7128751], [37.6147953, 55.7129813], [37.6149763, 55.712979499999996], [37.614973, 55.71287329999999]]]}}, {"type": "Feature", "properties": {"id": 1294, "object_type": "restriction", "restriction_type": "oks"}, "geometry": {"type": "Polygon", "coordinates": [[[37.6111398, 55.717201300000006], [37.6112589, 55.7172001], [37.6112582, 55.717181399999994], [37.6113129, 55.717180799999994], [37.611311900000004, 55.717148800000004], [37.6111382, 55.71715059999999], [37.6111398, 55.717201300000006]]]}}, {"type": "Feature", "properties": {"id": 1295, "object_type": "restriction", "restriction_type": "oks"}, "geometry": {"type": "Polygon", "coordinates": [[[37.616293500000005, 55.71261380000001], [37.6161793, 55.7126121], [37.616173, 55.7127454], [37.6162868, 55.71274729999999], [37.616293500000005, 55.71261380000001]]]}}, {"type": "Feature", "properties": {"id": 1296, "object_type": "restriction", "restriction_type": "oks"}, "geometry": {"type": "Polygon", "coordinates": [[[37.6107975, 55.719431799999995], [37.6108449, 55.7195451], [37.6109811, 55.71952699999999], [37.6109694, 55.719499199999994], [37.6109337, 55.71941369999999], [37.6107975, 55.719431799999995]]]}}, {"type": "Feature", "properties": {"id": 1297, "object_type": "restriction", "restriction_type": "oks"}, "geometry": {"type": "Polygon", "coordinates": [[[37.6187349, 55.71484149999999], [37.6189115, 55.7148418], [37.6189118, 55.7147913], [37.6187351, 55.714791000000005], [37.6187349, 55.71484149999999]]]}}, {"type": "Feature", "properties": {"id": 1298, "object_type": "restriction", "restriction_type": "oks"}, "geometry": {"type": "Polygon", "coordinates": [[[37.6124853, 55.712621199999994], [37.6124107, 55.7126201], [37.612407, 55.71270450000001], [37.6124815, 55.712705499999984], [37.6124853, 55.712621199999994]]]}}, {"type": "Feature", "properties": {"id": 1299, "object_type": "restriction", "restriction_type": "oks"}, "geometry": {"type": "Polygon", "coordinates": [[[37.6123609, 55.7202487], [37.6122469, 55.720249], [37.612277, 55.71999850000001], [37.611236, 55.720072099999996], [37.6112498, 55.7201344], [37.6112322, 55.7201356], [37.6112398, 55.720163899999996], [37.6116184, 55.72013669999999], [37.6116255, 55.72016180000001], [37.6118731, 55.720144], [37.6118926, 55.72021949999999], [37.6110734, 55.720272900000005], [37.6110672, 55.7202441], [37.6109049, 55.72025380000001], [37.61091, 55.720285799999985], [37.6105606, 55.72030889999999], [37.6105866, 55.720438099999996], [37.6123599, 55.72032559999999], [37.6123609, 55.7202487]]]}}, {"type": "Feature", "properties": {"id": 1300, "object_type": "restriction", "restriction_type": "oks"}, "geometry": {"type": "Polygon", "coordinates": [[[37.6118206, 55.71777579999999], [37.6118915, 55.7177746], [37.6118895, 55.7177352], [37.6118186, 55.7177364], [37.6118206, 55.71777579999999]]]}}, {"type": "Feature", "properties": {"id": 1301, "object_type": "restriction", "restriction_type": "oks"}, "geometry": {"type": "Polygon", "coordinates": [[[37.617418, 55.719011900000005], [37.6175079, 55.719028099999996], [37.6175375, 55.718975699999994], [37.6174476, 55.718959500000004], [37.617418, 55.719011900000005]]]}}, {"type": "Feature", "properties": {"id": 1302, "object_type": "restriction", "restriction_type": "oks"}, "geometry": {"type": "Polygon", "coordinates": [[[37.6153074, 55.71302810000001], [37.6151966, 55.7130279], [37.6151971, 55.7130855], [37.6153016, 55.713084099999996], [37.6153074, 55.71302810000001]]]}}, {"type": "Feature", "properties": {"id": 1303, "object_type": "restriction", "restriction_type": "oks"}, "geometry": {"type": "Polygon", "coordinates": [[[37.6113578, 55.71949339999999], [37.6112658, 55.71927819999999], [37.610896, 55.719328300000015], [37.6109337, 55.71941369999999], [37.6109694, 55.719499199999994], [37.61104850000001, 55.71948849999999], [37.6110148, 55.7194094], [37.611064, 55.719402300000006], [37.6111501, 55.71939149999999], [37.611196, 55.7193849], [37.6112486, 55.71950819999999], [37.6113578, 55.71949339999999]]]}}, {"type": "Feature", "properties": {"id": 1304, "object_type": "restriction", "restriction_type": "oks"}, "geometry": {"type": "Polygon", "coordinates": [[[37.61111180000001, 55.71952359999999], [37.6111978, 55.7195129], [37.6111501, 55.71939149999999], [37.611064, 55.719402300000006], [37.61111180000001, 55.71952359999999]]]}}, {"type": "Feature", "properties": {"id": 1305, "object_type": "restriction", "restriction_type": "oks"}, "geometry": {"type": "Polygon", "coordinates": [[[37.6193243, 55.71531409999999], [37.619324, 55.715195699999995], [37.6191169, 55.71519529999998], [37.6191173, 55.7153147], [37.6193243, 55.71531409999999]]]}}, {"type": "Feature", "properties": {"id": 1306, "object_type": "restriction", "restriction_type": "oks"}, "geometry": {"type": "Polygon", "coordinates": [[[37.6123205, 55.7125999], [37.6134174, 55.71257460000001], [37.6134137, 55.71252419999998], [37.6123168, 55.71254949999999], [37.6123205, 55.7125999]]]}}, {"type": "Feature", "properties": {"id": 1307, "object_type": "restriction", "restriction_type": "oks"}, "geometry": {"type": "Polygon", "coordinates": [[[37.6163384, 55.7161709], [37.6163394, 55.716134499999995], [37.6162217, 55.71613339999999], [37.6162206, 55.71616979999999], [37.6163384, 55.7161709]]]}}, {"type": "Feature", "properties": {"id": 1308, "object_type": "restriction", "restriction_type": "oks"}, "geometry": {"type": "Polygon", "coordinates": [[[37.617249, 55.7189952], [37.6173191, 55.719003899999976], [37.6173338, 55.71896650000001], [37.6172637, 55.7189577], [37.617249, 55.7189952]]]}}, {"type": "Feature", "properties": {"id": 1309, "object_type": "restriction", "restriction_type": "oks"}, "geometry": {"type": "Polygon", "coordinates": [[[37.6121048, 55.72117269999999], [37.6123055, 55.7211542], [37.612297, 55.721124999999994], [37.6121947, 55.72113439999998], [37.6120963, 55.7211435], [37.6121048, 55.72117269999999]]]}}, {"type": "Feature", "properties": {"id": 1310, "object_type": "restriction", "restriction_type": "oks"}, "geometry": {"type": "Polygon", "coordinates": [[[37.610401700000004, 55.71982959999999], [37.6107819, 55.71977069999999], [37.6107318, 55.71966999999999], [37.6103508, 55.719729], [37.610401700000004, 55.71982959999999]]]}}, {"type": "Feature", "properties": {"id": 1311, "object_type": "restriction", "restriction_type": "oks"}, "geometry": {"type": "Polygon", "coordinates": [[[37.6187724, 55.7152276], [37.6189062, 55.7152264], [37.6189047, 55.71517949999999], [37.6187701, 55.7151804], [37.6187724, 55.7152276]]]}}, {"type": "Feature", "properties": {"id": 1312, "object_type": "restriction", "restriction_type": "oks"}, "geometry": {"type": "Polygon", "coordinates": [[[37.610374, 55.71746089999999], [37.6105563, 55.717427799999996], [37.6105266, 55.717376], [37.6103443, 55.717409100000005], [37.610374, 55.71746089999999]]]}}, {"type": "Feature", "properties": {"id": 1313, "object_type": "restriction", "restriction_type": "oks"}, "geometry": {"type": "Polygon", "coordinates": [[[37.6144412, 55.7184957], [37.6145653, 55.7184983], [37.6145682, 55.7184541], [37.6144441, 55.7184515], [37.6144412, 55.7184957]]]}}, {"type": "Feature", "properties": {"id": 1314, "object_type": "restriction", "restriction_type": "oks"}, "geometry": {"type": "Polygon", "coordinates": [[[37.61005130000001, 55.71857109999999], [37.6099942, 55.71844569999998], [37.6096946, 55.71848889999998], [37.609751700000004, 55.7186144], [37.61005130000001, 55.71857109999999]]]}}, {"type": "Feature", "properties": {"id": 1315, "object_type": "restriction", "restriction_type": "oks"}, "geometry": {"type": "Polygon", "coordinates": [[[37.618195, 55.71366640000001], [37.6182977, 55.7136661], [37.6182976, 55.71361019999999], [37.618195, 55.7136099], [37.618195, 55.71366640000001]]]}}, {"type": "Feature", "properties": {"id": 1316, "object_type": "restriction", "restriction_type": "oks"}, "geometry": {"type": "Polygon", "coordinates": [[[37.6175352, 55.71612849999999], [37.6173111, 55.71612949999999], [37.6173123, 55.71622260000001], [37.6173148, 55.71640279999999], [37.6173152, 55.7164289], [37.6173162, 55.716505199999986], [37.6173167, 55.7165441], [37.6175408, 55.7165431], [37.6175352, 55.71612849999999]]]}}, {"type": "Feature", "properties": {"id": 1317, "object_type": "restriction", "restriction_type": "oks"}, "geometry": {"type": "Polygon", "coordinates": [[[37.6151217, 55.7185239], [37.6150888, 55.7186892], [37.6154031, 55.7187095], [37.6154326, 55.71854689999999], [37.6151217, 55.7185239]]]}}, {"type": "Feature", "properties": {"id": 1318, "object_type": "restriction", "restriction_type": "oks"}, "geometry": {"type": "Polygon", "coordinates": [[[37.6110861, 55.71883969999999], [37.6108472, 55.71886039999999], [37.6108803, 55.71902599999999], [37.6110605, 55.71900279999999], [37.6118507, 55.719042200000004], [37.6118763, 55.71887899999999], [37.6110861, 55.71883969999999]]]}}, {"type": "Feature", "properties": {"id": 1319, "object_type": "restriction", "restriction_type": "oks"}, "geometry": {"type": "Polygon", "coordinates": [[[37.6162035, 55.71405670000001], [37.6162943, 55.7140569], [37.6162933, 55.7139848], [37.6162043, 55.71398440000001], [37.6162035, 55.71405670000001]]]}}, {"type": "Feature", "properties": {"id": 1320, "object_type": "restriction", "restriction_type": "oks"}, "geometry": {"type": "Polygon", "coordinates": [[[37.6163986, 55.71423329999999], [37.6165329, 55.71423329999999], [37.6165328, 55.7141631], [37.6163985, 55.71416310000001], [37.6163986, 55.71423329999999]]]}}, {"type": "Feature", "properties": {"id": 1321, "object_type": "restriction", "restriction_type": "oks"}, "geometry": {"type": "Polygon", "coordinates": [[[37.6109755, 55.72092939999999], [37.6114604, 55.7208896], [37.6114278, 55.72076359999999], [37.6109429, 55.7208035], [37.6109755, 55.72092939999999]]]}}, {"type": "Feature", "properties": {"id": 1322, "object_type": "restriction", "restriction_type": "oks"}, "geometry": {"type": "Polygon", "coordinates": [[[37.6187613, 55.71226639999998], [37.6187613, 55.7122252], [37.6187613, 55.712213799999994], [37.6186957, 55.712213799999994], [37.6186537, 55.712213799999994], [37.6186391, 55.7122138], [37.6186391, 55.7122261], [37.6186391, 55.7122664], [37.6187613, 55.71226639999998]]]}}, {"type": "Feature", "properties": {"id": 1323, "object_type": "restriction", "restriction_type": "oks"}, "geometry": {"type": "Polygon", "coordinates": [[[37.6178464, 55.71367479999999], [37.61814, 55.713673799999995], [37.6181395, 55.7135977], [37.6178455, 55.71360000000001], [37.6178464, 55.71367479999999]]]}}, {"type": "Feature", "properties": {"id": 1324, "object_type": "restriction", "restriction_type": "oks"}, "geometry": {"type": "Polygon", "coordinates": [[[37.614756400000005, 55.715675100000006], [37.6148967, 55.7156751], [37.6148967, 55.7156156], [37.614756400000005, 55.7156156], [37.614756400000005, 55.715675100000006]]]}}, {"type": "Feature", "properties": {"id": 1325, "object_type": "restriction", "restriction_type": "oks"}, "geometry": {"type": "Polygon", "coordinates": [[[37.6153497, 55.7181525], [37.61499, 55.7181258], [37.6149745, 55.7181921], [37.6150816, 55.71820009999999], [37.6153342, 55.718218799999995], [37.6153497, 55.7181525]]]}}, {"type": "Feature", "properties": {"id": 1326, "object_type": "restriction", "restriction_type": "oks"}, "geometry": {"type": "Polygon", "coordinates": [[[37.6100269, 55.71772429999999], [37.6098973, 55.7177228], [37.6098883, 55.7179801], [37.6100106, 55.71798069999999], [37.6100269, 55.71772429999999]]]}}, {"type": "Feature", "properties": {"id": 1327, "object_type": "restriction", "restriction_type": "oks"}, "geometry": {"type": "Polygon", "coordinates": [[[37.6131167, 55.71247069999999], [37.6131105, 55.712413399999996], [37.6123118, 55.7124408], [37.612318, 55.712498], [37.6131167, 55.71247069999999]]]}}, {"type": "Feature", "properties": {"id": 1328, "object_type": "restriction", "restriction_type": "oks"}, "geometry": {"type": "Polygon", "coordinates": [[[37.6108171, 55.720142700000004], [37.6108089, 55.720123], [37.6108856, 55.720113100000006], [37.6108088, 55.719895399999984], [37.6101519, 55.7198857], [37.6101338, 55.71995710000001], [37.6101235, 55.720000899999995], [37.6103099, 55.7199782], [37.6103695, 55.720178499999996], [37.6104619, 55.72016699999999], [37.6104697, 55.720186300000016], [37.6108171, 55.720142700000004]]]}}, {"type": "Feature", "properties": {"id": 1329, "object_type": "restriction", "restriction_type": "oks"}, "geometry": {"type": "Polygon", "coordinates": [[[37.6167842, 55.71322980000001], [37.6167804, 55.71299259999999], [37.6166473, 55.712993199999985], [37.6166499, 55.71315799999999], [37.6166072, 55.713158199999995], [37.6166083, 55.71323069999999], [37.6167842, 55.71322980000001]]]}}, {"type": "Feature", "properties": {"id": 1330, "object_type": "restriction", "restriction_type": "oks"}, "geometry": {"type": "Polygon", "coordinates": [[[37.6118656, 55.71708139999999], [37.611866, 55.7170937], [37.6119448, 55.71709299999999], [37.6119536, 55.71708949999999], [37.6119538, 55.717054699999984], [37.6119336, 55.71705469999999], [37.6119281, 55.716888], [37.6115707, 55.7168918], [37.611570500000006, 55.71690579999999], [37.6115702, 55.71692589999999], [37.6112105, 55.7169287], [37.6112135, 55.717086699999996], [37.6118656, 55.71708139999999]]]}}, {"type": "Feature", "properties": {"id": 1331, "object_type": "restriction", "restriction_type": "oks"}, "geometry": {"type": "Polygon", "coordinates": [[[37.6188709, 55.716162999999995], [37.6188695, 55.716084300000006], [37.618782, 55.71608469999999], [37.6187834, 55.71616349999999], [37.6188709, 55.716162999999995]]]}}, {"type": "Feature", "properties": {"id": 1332, "object_type": "restriction", "restriction_type": "oks"}, "geometry": {"type": "Polygon", "coordinates": [[[37.6147397, 55.71807820000001], [37.6148829, 55.718078399999996], [37.61488320000001, 55.71802050000001], [37.6147399, 55.7180203], [37.6147397, 55.71807820000001]]]}}, {"type": "Feature", "properties": {"id": 1333, "object_type": "restriction", "restriction_type": "oks"}, "geometry": {"type": "Polygon", "coordinates": [[[37.61869560000001, 55.712143099999984], [37.6186945, 55.7121823], [37.6188502, 55.7121837], [37.6188513, 55.7121435], [37.6188515, 55.7121349], [37.6186958, 55.7121336], [37.61869560000001, 55.712143099999984]]]}}, {"type": "Feature", "properties": {"id": 1334, "object_type": "restriction", "restriction_type": "oks"}, "geometry": {"type": "Polygon", "coordinates": [[[37.6121651, 55.7206847], [37.6118166, 55.7207168], [37.6118836, 55.720991899999994], [37.6122525, 55.72095749999999], [37.6121651, 55.7206847]]]}}, {"type": "Feature", "properties": {"id": 1335, "object_type": "restriction", "restriction_type": "oks"}, "geometry": {"type": "Polygon", "coordinates": [[[37.6151037, 55.716361799999994], [37.6150918, 55.7163617], [37.615092, 55.7163863], [37.6151247, 55.71638659999999], [37.6151244, 55.71639609999998], [37.6151576, 55.7163961], [37.6151574, 55.716413300000006], [37.615066, 55.7164121], [37.6149894, 55.71644710000001], [37.6149545, 55.7164467], [37.6149543, 55.71651029999999], [37.6150147, 55.71651039999998], [37.6150149, 55.716522899999994], [37.6150627, 55.7165231], [37.6150627, 55.716535500000006], [37.6152596, 55.71653549999999], [37.6152599, 55.7165208], [37.6153874, 55.71652089999999], [37.6153878, 55.7164797], [37.6154348, 55.7164799], [37.6154352, 55.71640959999999], [37.6153971, 55.71640969999999], [37.6153942, 55.7163623], [37.6153586, 55.71636139999999], [37.6151037, 55.716361799999994]]]}}, {"type": "Feature", "properties": {"id": 1336, "object_type": "restriction", "restriction_type": "oks"}, "geometry": {"type": "Polygon", "coordinates": [[[37.6101425, 55.7175057], [37.6102622, 55.717491599999995], [37.6102358, 55.71741539999999], [37.6101144, 55.7174299], [37.6101425, 55.7175057]]]}}, {"type": "Feature", "properties": {"id": 1337, "object_type": "restriction", "restriction_type": "oks"}, "geometry": {"type": "Polygon", "coordinates": [[[37.6129325, 55.7123275], [37.6129399, 55.712391499999995], [37.6130635, 55.71238699999999], [37.6130553, 55.71231569999999], [37.6130363, 55.71231639999999], [37.6129317, 55.7123202], [37.6129325, 55.7123275]]]}}, {"type": "Feature", "properties": {"id": 1338, "object_type": "restriction", "restriction_type": "oks"}, "geometry": {"type": "Polygon", "coordinates": [[[37.6102927, 55.7175479], [37.6100908, 55.717571799999995], [37.6102364, 55.7179419], [37.610436, 55.7179171], [37.6102927, 55.7175479]]]}}, {"type": "Feature", "properties": {"id": 1339, "object_type": "restriction", "restriction_type": "oks"}, "geometry": {"type": "Polygon", "coordinates": [[[37.6157701, 55.7177925], [37.6156085, 55.71779219999999], [37.6156113, 55.71792249999999], [37.6157698, 55.7179201], [37.6157701, 55.7177925]]]}}, {"type": "Feature", "properties": {"id": 1340, "object_type": "restriction", "restriction_type": "oks"}, "geometry": {"type": "Polygon", "coordinates": [[[37.610748, 55.71735850000001], [37.6109835, 55.7173565], [37.6109815, 55.7172872], [37.61074610000001, 55.7172893], [37.610748, 55.71735850000001]]]}}, {"type": "Feature", "properties": {"id": 1341, "object_type": "restriction", "restriction_type": "oks"}, "geometry": {"type": "Polygon", "coordinates": [[[37.6080417, 55.713414799999995], [37.6081912, 55.71339729999998], [37.6081723, 55.713346], [37.6080228, 55.71336349999999], [37.6080417, 55.713414799999995]]]}}, {"type": "Feature", "properties": {"id": 1342, "object_type": "restriction", "restriction_type": "oks"}, "geometry": {"type": "Polygon", "coordinates": [[[37.6151352, 55.717876499999996], [37.6155211, 55.7178721], [37.6155171, 55.71778919999999], [37.6151318, 55.7177938], [37.6151352, 55.717876499999996]]]}}, {"type": "Feature", "properties": {"id": 1343, "object_type": "restriction", "restriction_type": "oks"}, "geometry": {"type": "Polygon", "coordinates": [[[37.6124423, 55.720525099999996], [37.6124035, 55.7203845], [37.6115879, 55.720458699999995], [37.6115757, 55.7204099], [37.6113581, 55.720429100000004], [37.6113837, 55.720529599999985], [37.6110277, 55.720555299999994], [37.61104950000001, 55.720655199999996], [37.6124423, 55.720525099999996]]]}}, {"type": "Feature", "properties": {"id": 1344, "object_type": "restriction", "restriction_type": "oks"}, "geometry": {"type": "Polygon", "coordinates": [[[37.6155146, 55.7180504], [37.6155087, 55.7179495], [37.6150906, 55.71795729999999], [37.6150965, 55.71805820000001], [37.6155146, 55.7180504]]]}}, {"type": "Feature", "properties": {"id": 1345, "object_type": "restriction", "restriction_type": "oks"}, "geometry": {"type": "Polygon", "coordinates": [[[37.611673, 55.7217011], [37.6118455, 55.7216876], [37.611809400000006, 55.7215415], [37.6117147, 55.721548899999995], [37.6116988, 55.7214846], [37.6121043, 55.72145269999999], [37.6120742, 55.72133089999999], [37.6115907, 55.7213688], [37.611673, 55.7217011]]]}}, {"type": "Feature", "properties": {"id": 1346, "object_type": "restriction", "restriction_type": "park"}, "geometry": {"type": "Polygon", "coordinates": [[[37.6170414, 55.7196482], [37.6166221, 55.7195997], [37.61665860000001, 55.719452100000005], [37.6164463, 55.719435299999994], [37.61602890000001, 55.7194329], [37.61535, 55.71937809999999], [37.6153221, 55.71953769999999], [37.6152935, 55.71955560000001], [37.613827, 55.71940219999999], [37.6138072, 55.7198212], [37.6157328, 55.7200144], [37.6169186, 55.7201289], [37.6170414, 55.7196482]]]}}, {"type": "Feature", "properties": {"id": 1347, "object_type": "restriction", "restriction_type": "oks"}, "geometry": {"type": "Polygon", "coordinates": [[[37.6086856, 55.71527919999999], [37.608733400000006, 55.71542709999999], [37.6087473, 55.715425999999994], [37.6088501, 55.7154155], [37.60886240000001, 55.715414199999984], [37.6088136, 55.715266400000004], [37.6086856, 55.71527919999999]]]}}, {"type": "Feature", "properties": {"id": 1348, "object_type": "restriction", "restriction_type": "oks"}, "geometry": {"type": "Polygon", "coordinates": [[[37.6082612, 55.715485], [37.6084551, 55.715463199999995], [37.6084772, 55.715460500000006], [37.6083971, 55.7152459], [37.6083914, 55.7152465], [37.6083746, 55.7152484], [37.6081827, 55.715271], [37.6082612, 55.715485]]]}}, {"type": "Feature", "properties": {"id": 1349, "object_type": "restriction", "restriction_type": "oks"}, "geometry": {"type": "Polygon", "coordinates": [[[37.6086335, 55.71593159999998], [37.6086087, 55.71586679999999], [37.6085443, 55.7156976], [37.6084801, 55.7155294], [37.6084551, 55.715463199999995], [37.6082612, 55.715485], [37.6084394, 55.715954499999995], [37.6086335, 55.71593159999998]]]}}, {"type": "Feature", "properties": {"id": 1350, "object_type": "restriction", "restriction_type": "park"}, "geometry": {"type": "Polygon", "coordinates": [[[37.6113453, 55.715288199999996], [37.6113444, 55.714809300000006], [37.6111449, 55.71480939999999], [37.6111458, 55.71528839999999], [37.6113453, 55.715288199999996]]]}}, {"type": "Feature", "properties": {"id": 1351, "object_type": "restriction", "restriction_type": "oks"}, "geometry": {"type": "Polygon", "coordinates": [[[37.606441, 55.7211045], [37.6063973, 55.72103390000001], [37.6064411, 55.7210251], [37.6064476, 55.721035199999996], [37.606492, 55.7210272], [37.6065004, 55.721040699999996], [37.606623, 55.721018599999994], [37.6065539, 55.72090239999999], [37.606423, 55.72092380000001], [37.6064332, 55.7209438], [37.6063891, 55.7209514], [37.606374, 55.720927], [37.6063368, 55.72093219999999], [37.6063095, 55.72088669999999], [37.6060576, 55.72093089999999], [37.6061898, 55.72115149999998], [37.606441, 55.7211045]]]}}, {"type": "Feature", "properties": {"id": 1352, "object_type": "restriction", "restriction_type": "oks"}, "geometry": {"type": "Polygon", "coordinates": [[[37.6061536, 55.72084319999999], [37.6061474, 55.72082859999999], [37.6062697, 55.7208106], [37.6063167, 55.7207817], [37.6062585, 55.72070120000001], [37.606221000000005, 55.720708200000004], [37.6061792, 55.7206414], [37.6063665, 55.7206106], [37.606341, 55.72056759999999], [37.6063284, 55.72056919999999], [37.6062997, 55.72051919999999], [37.6061591, 55.72054309999999], [37.6061722, 55.720568099999994], [37.6058927, 55.720617100000005], [37.6060364, 55.720859600000004], [37.6061536, 55.72084319999999]]]}}, {"type": "Feature", "properties": {"id": 1353, "object_type": "restriction", "restriction_type": "oks"}, "geometry": {"type": "Polygon", "coordinates": [[[37.6096429, 55.7218586], [37.6094751, 55.72188439999999], [37.6095049, 55.721947099999994], [37.6094936, 55.7219486], [37.6095169, 55.72199690000001], [37.6096967, 55.72196929999999], [37.6096429, 55.7218586]]]}}, {"type": "Feature", "properties": {"id": 1354, "object_type": "restriction", "restriction_type": "oks"}, "geometry": {"type": "Polygon", "coordinates": [[[37.6071633, 55.720698799999994], [37.6070843, 55.72071300000001], [37.6072065, 55.7209283], [37.6072311, 55.7209659], [37.6074356, 55.72093160000001], [37.6074433, 55.72093019999999], [37.6072915, 55.72067489999999], [37.6071633, 55.720698799999994]]]}}, {"type": "Feature", "properties": {"id": 1355, "object_type": "restriction", "restriction_type": "oks"}, "geometry": {"type": "Polygon", "coordinates": [[[37.6067946, 55.72073259999999], [37.6067579, 55.7207392], [37.60669600000001, 55.72062989999999], [37.6065996, 55.7206472], [37.6066093, 55.72066409999999], [37.6065198, 55.720680200000004], [37.6064016, 55.72070139999999], [37.606458700000005, 55.720802299999995], [37.6065801, 55.72078049999998], [37.6065934, 55.72080389999999], [37.6068127, 55.7207646], [37.6067946, 55.72073259999999]]]}}, {"type": "Feature", "properties": {"id": 1356, "object_type": "restriction", "restriction_type": "oks"}, "geometry": {"type": "Polygon", "coordinates": [[[37.6075555, 55.7201578], [37.6075721, 55.7201926], [37.607371, 55.7202287], [37.60738, 55.7202484], [37.6073465, 55.720253099999994], [37.6073678, 55.7202916], [37.6073959, 55.72028670000001], [37.6074015, 55.720300599999995], [37.6076458, 55.720259500000004], [37.6076662, 55.72025459999999], [37.6076095, 55.7201495], [37.6075555, 55.7201578]]]}}, {"type": "Feature", "properties": {"id": 1357, "object_type": "restriction", "restriction_type": "oks"}, "geometry": {"type": "Polygon", "coordinates": [[[37.6077311, 55.72057290000001], [37.6077014, 55.720505], [37.6074399, 55.72054140000001], [37.6074617, 55.72059420000001], [37.6075464, 55.72058479999999], [37.6075524, 55.72059920000001], [37.6077311, 55.72057290000001]]]}}, {"type": "Feature", "properties": {"id": 1358, "object_type": "restriction", "restriction_type": "oks"}, "geometry": {"type": "Polygon", "coordinates": [[[37.6076672, 55.7211809], [37.6079457, 55.721606799999996], [37.608118, 55.72157549999999], [37.6083721, 55.7215292], [37.6080973, 55.7211018], [37.6076672, 55.7211809]]]}}, {"type": "Feature", "properties": {"id": 1359, "object_type": "restriction", "restriction_type": "oks"}, "geometry": {"type": "Polygon", "coordinates": [[[37.6084382, 55.721629899999996], [37.6083721, 55.7215292], [37.608118, 55.72157549999999], [37.6081877, 55.7216766], [37.6084382, 55.721629899999996]]]}}, {"type": "Feature", "properties": {"id": 1360, "object_type": "restriction", "restriction_type": "oks"}, "geometry": {"type": "Polygon", "coordinates": [[[37.608365, 55.7204035], [37.6083364, 55.720362], [37.6081569, 55.720383399999996], [37.6078735, 55.71994840000001], [37.608128, 55.719897499999995], [37.6080787, 55.719810300000006], [37.6080769, 55.7198078], [37.6080001, 55.7198231], [37.6080013, 55.7198245], [37.6076339, 55.7198953], [37.6077964, 55.72015789999999], [37.6079621, 55.72041999999999], [37.607889, 55.7204335], [37.6078829, 55.720434699999984], [37.6079258, 55.7205306], [37.608018900000005, 55.720515999999996], [37.608014, 55.720496499999996], [37.6081376, 55.7204776], [37.6081853, 55.7204832], [37.6081662, 55.7204303], [37.608365, 55.7204035]]]}}, {"type": "Feature", "properties": {"id": 1361, "object_type": "restriction", "restriction_type": "oks"}, "geometry": {"type": "Polygon", "coordinates": [[[37.6083364, 55.720362], [37.608365, 55.7204035], [37.608475, 55.7205774], [37.6084713, 55.720578100000004], [37.6084768, 55.720586499999996], [37.6084919, 55.72058369999999], [37.6084914, 55.7205818], [37.608648, 55.7205495], [37.6086488, 55.7205509], [37.6086642, 55.7205487], [37.6086633, 55.720547], [37.6090743, 55.72049949999999], [37.6090389, 55.7204229], [37.6090313, 55.7204077], [37.6089102, 55.7204235], [37.6089017, 55.72040500000001], [37.6088643, 55.72040869999999], [37.608871, 55.7204277], [37.6086989, 55.7204475], [37.6086532, 55.7203804], [37.608645800000005, 55.72037159999999], [37.6086491, 55.720370900000006], [37.6086429, 55.7203632], [37.6086277, 55.7203667], [37.6086289, 55.720368499999985], [37.608604400000004, 55.720373599999995], [37.6086033, 55.7203719], [37.608594, 55.72037389999999], [37.6085967, 55.72037830000001], [37.6085572, 55.72038779999999], [37.6083197, 55.72003949999999], [37.60828, 55.7199772], [37.6082826, 55.7199767], [37.6082767, 55.7199675], [37.6082324, 55.719976499999994], [37.60821080000001, 55.71994569999999], [37.6080704, 55.7199753], [37.6083364, 55.720362]]]}}, {"type": "Feature", "properties": {"id": 1362, "object_type": "restriction", "restriction_type": "oks"}, "geometry": {"type": "Polygon", "coordinates": [[[37.6093855, 55.72059049999999], [37.6093575, 55.72052589999999], [37.6091483, 55.72055819999999], [37.6091769, 55.72062040000001], [37.6093855, 55.72059049999999]]]}}, {"type": "Feature", "properties": {"id": 1363, "object_type": "restriction", "restriction_type": "oks"}, "geometry": {"type": "Polygon", "coordinates": [[[37.6087924, 55.720573599999994], [37.6087724, 55.7205904], [37.60873180000001, 55.72059560000001], [37.6087276, 55.72058620000001], [37.6086048, 55.7206021], [37.6086079, 55.720612100000004], [37.608543, 55.72061939999999], [37.6085248, 55.72063399999999], [37.6085421, 55.7206784], [37.6085735, 55.7206961], [37.6085912, 55.72074049999999], [37.6085605, 55.7207444], [37.6085942, 55.72082900000001], [37.6087974, 55.72080369999998], [37.6088064, 55.720825699999985], [37.6088683, 55.72081839999999], [37.6088598, 55.72079579999998], [37.608865200000004, 55.7207951], [37.6088479, 55.7207515], [37.6088789, 55.72074779999999], [37.6088799, 55.7207504], [37.608891, 55.72074919999999], [37.6088901, 55.72074640000001], [37.6088944, 55.72074599999998], [37.6088921, 55.7207399], [37.6088876, 55.720740400000004], [37.6088472, 55.720641300000004], [37.60883950000001, 55.7206421], [37.6088266, 55.7206072], [37.6088434, 55.720593], [37.6087924, 55.720573599999994]]]}}, {"type": "Feature", "properties": {"id": 1364, "object_type": "restriction", "restriction_type": "oks"}, "geometry": {"type": "Polygon", "coordinates": [[[37.6080862, 55.7209615], [37.6080984, 55.7209608], [37.6081089, 55.72098590000001], [37.6083326, 55.7209591], [37.6083251, 55.72093209999999], [37.6083588, 55.72092839999999], [37.6081759, 55.7205134], [37.60815, 55.7205148], [37.6081376, 55.7204776], [37.608014, 55.720496499999996], [37.608018900000005, 55.720515999999996], [37.6079258, 55.7205306], [37.6079268, 55.7205466], [37.6079119, 55.720552], [37.6080862, 55.7209615]]]}}, {"type": "Feature", "properties": {"id": 1365, "object_type": "restriction", "restriction_type": "oks"}, "geometry": {"type": "Polygon", "coordinates": [[[37.608716, 55.719692599999995], [37.6087656, 55.7197797], [37.6087528, 55.71978199999999], [37.6087572, 55.71979159999999], [37.6090063, 55.719744999999996], [37.6089595, 55.7196529], [37.608716, 55.719692599999995]]]}}, {"type": "Feature", "properties": {"id": 1366, "object_type": "restriction", "restriction_type": "oks"}, "geometry": {"type": "Polygon", "coordinates": [[[37.6097482, 55.71617009999999], [37.6097618, 55.7161903], [37.6098725, 55.7161796], [37.6098392, 55.716053599999995], [37.6097398, 55.715678199999985], [37.6095608, 55.715695299999986], [37.6095886, 55.715799], [37.6095283, 55.7158055], [37.609461, 55.71581270000001], [37.6094711, 55.715843299999996], [37.6095382, 55.7158353], [37.6095991, 55.7158281], [37.609685000000006, 55.71617559999999], [37.6097482, 55.71617009999999]]]}}, {"type": "Feature", "properties": {"id": 1367, "object_type": "restriction", "restriction_type": "oks"}, "geometry": {"type": "Polygon", "coordinates": [[[37.6110595, 55.71622829999999], [37.6110602, 55.7160695], [37.6108364, 55.71606919999999], [37.6108358, 55.716227999999994], [37.6110595, 55.71622829999999]]]}}, {"type": "Feature", "properties": {"id": 1368, "object_type": "restriction", "restriction_type": "oks"}, "geometry": {"type": "Polygon", "coordinates": [[[37.60829760000001, 55.71986530000001], [37.6087528, 55.71978199999999], [37.6087656, 55.7197797], [37.608716, 55.719692599999995], [37.608473200000006, 55.719737099999996], [37.6084712, 55.71973349999998], [37.6084603, 55.7197353], [37.6084621, 55.71973889999999], [37.6084419, 55.719742200000006], [37.6084404, 55.71973920000001], [37.608430000000006, 55.71974109999999], [37.6084315, 55.7197444], [37.6084116, 55.71974819999999], [37.6084097, 55.71974499999999], [37.6083991, 55.719747], [37.6084009, 55.71975009999999], [37.60838, 55.7197538], [37.6083784, 55.719750899999994], [37.6083678, 55.7197527], [37.6083695, 55.7197558], [37.6083499, 55.71975969999999], [37.6083479, 55.719756499999995], [37.6083371, 55.7197587], [37.6083391, 55.71976189999999], [37.6083192, 55.71976519999999], [37.6083174, 55.7197619], [37.6083068, 55.7197639], [37.6083086, 55.719767], [37.6082881, 55.7197708], [37.6082865, 55.7197679], [37.6082756, 55.719769899999996], [37.6082772, 55.719772799999994], [37.6080787, 55.719810300000006], [37.608128, 55.719897499999995], [37.60829760000001, 55.71986530000001]]]}}, {"type": "Feature", "properties": {"id": 1369, "object_type": "restriction", "restriction_type": "oks"}, "geometry": {"type": "Polygon", "coordinates": [[[37.612647, 55.7157122], [37.6117591, 55.71571350000001], [37.6117593, 55.715748000000005], [37.6117596, 55.715813199999985], [37.611922, 55.715813], [37.6126474, 55.7158119], [37.612647, 55.7157122]]]}}, {"type": "Feature", "properties": {"id": 1370, "object_type": "restriction", "restriction_type": "oks"}, "geometry": {"type": "Polygon", "coordinates": [[[37.609302, 55.722277399999996], [37.6092843, 55.72222359999999], [37.6091922, 55.72223279999999], [37.60920854123552, 55.722281466528294], [37.60925912215919, 55.72228203925092], [37.609302, 55.722277399999996]]]}}, {"type": "Feature", "properties": {"id": 1371, "object_type": "restriction", "restriction_type": "oks"}, "geometry": {"type": "Polygon", "coordinates": [[[37.607352, 55.7187361], [37.6072741, 55.7186261], [37.6071231, 55.7186608], [37.6071997, 55.71877], [37.607352, 55.7187361]]]}}, {"type": "Feature", "properties": {"id": 1372, "object_type": "restriction", "restriction_type": "oks"}, "geometry": {"type": "Polygon", "coordinates": [[[37.618492, 55.71116279999999], [37.6186587, 55.711159699999996], [37.6187689, 55.7111577], [37.6187742, 55.7111576], [37.6188154, 55.71115689999999], [37.6188271, 55.71115669999999], [37.6188186, 55.71100879999999], [37.6186726, 55.71101139999999], [37.6184835, 55.7110149], [37.618491, 55.71114649999999], [37.618492, 55.71116279999999]]]}}, {"type": "Feature", "properties": {"id": 1373, "object_type": "restriction", "restriction_type": "tram_tracks"}, "geometry": {"type": "Polygon", "coordinates": [[[37.6064034780666, 55.711701108904144], [37.60640347251545, 55.71170109311653], [37.606389472491024, 55.711661393119236], [37.60633952750546, 55.71166700687565], [37.606353524697745, 55.711706698985694], [37.606374521893045, 55.71176659109481], [37.60637452693847, 55.71176660544791], [37.606378826930964, 55.71177880544874], [37.606428773065545, 55.71177319454613], [37.606424475587154, 55.711761001722586], [37.6064034780666, 55.711701108904144]]]}}, {"type": "Feature", "properties": {"id": 1374, "object_type": "restriction", "restriction_type": "tram_tracks"}, "geometry": {"type": "Polygon", "coordinates": [[[37.606678320547786, 55.71249238858029], [37.60667838797156, 55.71249257461027], [37.6067702878218, 55.71273787462803], [37.606770310622025, 55.712737934848796], [37.60701111023885, 55.713367334895274], [37.6072712869243, 55.71404737509009], [37.607436164675796, 55.71449681522419], [37.60743623627304, 55.71449700399672], [37.60749123618783, 55.71463740400735], [37.60783820811627, 55.71552213386816], [37.607875979687485, 55.71562345778], [37.607918178700054, 55.71573685532095], [37.6080633806595, 55.716126061247536], [37.60821337688861, 55.71652845182011], [37.60827337373066, 55.7166903435776], [37.60829357766969, 55.716744654279545], [37.6082936523342, 55.71674484831401], [37.608327240163796, 55.71682931784212], [37.60858772542824, 55.71749798110859], [37.60870450270997, 55.71779902303751], [37.60898256849373, 55.71854203287575], [37.60911635429733, 55.718909394537796], [37.60911645727507, 55.718909664160016], [37.60914952392141, 55.71899238085721], [37.609310392113926, 55.71941829736167], [37.60939239599472, 55.71963460798178], [37.6093924443812, 55.719634732897646], [37.609656441549404, 55.720302026813336], [37.609890630080365, 55.720896398665374], [37.609993714532465, 55.72116195904752], [37.61009529448166, 55.721426807209596], [37.61027506853521, 55.721906838745355], [37.61031025597095, 55.72200310454021], [37.610310265961, 55.7220031317381], [37.61041805152301, 55.7222951559801], [37.610470302375525, 55.72229574709596], [37.61036013905377, 55.72199728185326], [37.610324943966425, 55.72190099546148], [37.610324918661405, 55.72190092707233], [37.610145118368116, 55.72142082710703], [37.61014509236449, 55.721420758499576], [37.61004349220318, 55.7211558585192], [37.6100434786461, 55.72115582338439], [37.609940378484644, 55.720890223404304], [37.609940361224176, 55.72089017927067], [37.60970616086365, 55.72029577931588], [37.609442180300334, 55.71962852949444], [37.60936020587975, 55.71941229733127], [37.60919930762243, 55.71898630266431], [37.6091992427711, 55.718986135828544], [37.60916619650135, 55.71890347036718], [37.60903244547385, 55.71853620548294], [37.60903241716129, 55.71853612879907], [37.608754316707405, 55.71779302885277], [37.608754277187124, 55.717792925144124], [37.60863747700413, 55.71749182516666], [37.608376971716694, 55.71682311266032], [37.60837694771306, 55.716823051674446], [37.60834338618126, 55.71673864855259], [37.608323224283296, 55.71668445106821], [37.60826322616666, 55.71652255642887], [37.60826322003224, 55.71652253992443], [37.608113219786354, 55.71612013995339], [37.60796801997472, 55.71573094112271], [37.607925821226964, 55.7156175446821], [37.60788801932646, 55.715516139753156], [37.60788796306967, 55.71551599266646], [37.60754096317053, 55.71463119435958], [37.60748600064454, 55.714490890248754], [37.607321135045375, 55.71404148480255], [37.607321090196486, 55.71404136511494], [37.60706088978243, 55.713361265165155], [37.60682010088865, 55.71273189524289], [37.60672824682492, 55.712486718273894], [37.60670827941359, 55.71242971141845], [37.60662577831254, 55.712194408705756], [37.606575821683975, 55.712199991289154], [37.60665832105902, 55.71243528993567], [37.606678320547786, 55.71249238858029]]]}}, {"type": "Feature", "properties": {"id": 1375, "object_type": "restriction", "restriction_type": "tram_tracks"}, "geometry": {"type": "Polygon", "coordinates": [[[37.60627294303112, 55.71130566848071], [37.60627392878801, 55.71130663764329], [37.606320028773865, 55.711348137651264], [37.60632006901085, 55.71134817375413], [37.606332369007134, 55.711359173756264], [37.60633436424148, 55.711360719711806], [37.60638796423575, 55.71139691972027], [37.60638988981639, 55.71139808275568], [37.60639203138162, 55.711399118449215], [37.606636131410156, 55.711504518479906], [37.6066670685808, 55.71148168151806], [37.606425218832705, 55.711377253177915], [37.606374524660815, 55.71134301570721], [37.60636315114684, 55.71133284427673], [37.60631812533614, 55.71129231130147], [37.6062611063448, 55.7112171409931], [37.60621429364849, 55.711228459002406], [37.60627209361092, 55.71130465901315], [37.60627294303112, 55.71130566848071]]]}}, {"type": "Feature", "properties": {"id": 1376, "object_type": "restriction", "restriction_type": "tram_tracks"}, "geometry": {"type": "Polygon", "coordinates": [[[37.60613882300991, 55.71136979290631], [37.6062664955854, 55.711465424892495], [37.606301974715834, 55.7114965773151], [37.6063320402127, 55.71153265593693], [37.606356529011556, 55.71157624604611], [37.606405070983115, 55.711567553949095], [37.606380070958146, 55.71152305395386], [37.606378839990036, 55.71152128031084], [37.60634733997251, 55.71148348031663], [37.60634571731361, 55.71148182544649], [37.606308817303, 55.71144942545284], [37.60630773359192, 55.71144854754255], [37.60617743356931, 55.71135094756388], [37.60617599209685, 55.71134996221694], [37.60617440131497, 55.71134905304008], [37.60617267379608, 55.711348227218785], [37.60612387380158, 55.71132692722495], [37.6061232577967, 55.711326666656234], [37.60599905781367, 55.711275766671385], [37.60596914217743, 55.71129903332674], [37.60609303070326, 55.71134980568598], [37.60613882300991, 55.71136979290631]]]}}, {"type": "Feature", "properties": {"id": 1377, "object_type": "restriction", "restriction_type": "tram_tracks"}, "geometry": {"type": "Polygon", "coordinates": [[[37.60998655146834, 55.711548957870896], [37.61316543351979, 55.71146055837657], [37.61329531383447, 55.71145705890721], [37.613295351000545, 55.711457057890414], [37.61571785188778, 55.71138975787055], [37.61763835212108, 55.711336357867864], [37.61972875238221, 55.711278257864706], [37.62080335774961, 55.71124825771725], [37.620800842251235, 55.71121954228269], [37.619726245172004, 55.711249542203284], [37.617635848384225, 55.71130764211809], [37.615715347831504, 55.71136104213723], [37.613292867591916, 55.71142834159321], [37.61316298621392, 55.711431841091716], [37.61316294675005, 55.711431842172324], [37.60998404791431, 55.711520242146236], [37.6082630491628, 55.71156804211495], [37.60747854836688, 55.71158984213861], [37.60748105163396, 55.71161855786135], [37.608265551520354, 55.711596757866054], [37.60998655146834, 55.711548957870896]]]}}, {"type": "Feature", "properties": {"id": 1378, "object_type": "restriction", "restriction_type": "tram_tracks"}, "geometry": {"type": "Polygon", "coordinates": [[[37.60642995143536, 55.711709568488594], [37.60643957868651, 55.71167162569712], [37.606462276412024, 55.71163330601646], [37.60650580427434, 55.71159996167811], [37.60656950813615, 55.71157420711294], [37.60663601231602, 55.7115612602197], [37.60667266990195, 55.71155670081858], [37.6067002134716, 55.71155595890407], [37.60670044430259, 55.711555952093384], [37.60675129300181, 55.711554321097914], [37.60680257878275, 55.711557580380855], [37.6069476059083, 55.711567275509445], [37.60695359408942, 55.71153872449046], [37.60680849414148, 55.711529024494254], [37.60680834824254, 55.71152901498155], [37.60675484826177, 55.71152561498287], [37.60675270447949, 55.71152553026499], [37.606750555679, 55.711525547907094], [37.60669767108567, 55.711527244205506], [37.60666808654009, 55.71152804109566], [37.60666594214844, 55.711528150309036], [37.60666382176649, 55.7115283614123], [37.606623621780265, 55.711533361410574], [37.60662079942675, 55.7115338100443], [37.60654939944877, 55.711547710039625], [37.606547119595604, 55.71154822456867], [37.60654493812001, 55.711548860674355], [37.60654287530556, 55.71154961244214], [37.606472875316015, 55.711577912433796], [37.606470792157296, 55.711578851523534], [37.60646889432388, 55.71157990842642], [37.6064672026178, 55.71158107155784], [37.606418902609214, 55.71161807154978], [37.606417443398996, 55.71161932062839], [37.6064162220721, 55.71162064857361], [37.606415251860724, 55.71162204099811], [37.60639055183805, 55.71166374099316], [37.60638992249668, 55.711664987823156], [37.60638949469005, 55.71166626159367], [37.60637929466476, 55.711706461591454], [37.60637903785734, 55.71170841130292], [37.606378437821625, 55.711763311302626], [37.60637843759254, 55.71176333558771], [37.60637833758435, 55.71177593558763], [37.60642926241583, 55.71177606440707], [37.60642936231126, 55.71176347654968], [37.60642995143536, 55.711709568488594]]]}}, {"type": "Feature", "properties": {"id": 1379, "object_type": "restriction", "restriction_type": "tram_tracks"}, "geometry": {"type": "Polygon", "coordinates": [[[37.60677385872561, 55.71196879622006], [37.6067431485437, 55.71196766230556], [37.60669718321883, 55.71196558157119], [37.606635307070164, 55.711955826322885], [37.60657839675171, 55.71193974506605], [37.6065782027687, 55.71193969083273], [37.60657560224188, 55.711938971538174], [37.60652435316178, 55.7119174888018], [37.606494509134144, 55.71189409038714], [37.60645021567665, 55.711835552822194], [37.60640338431665, 55.71184684717329], [37.60644878428702, 55.71190684718173], [37.60645002612836, 55.71190826649996], [37.60645153687049, 55.71190960012335], [37.606485336863564, 55.711936100128945], [37.60648697079186, 55.7119372515978], [37.606488805171054, 55.71193830245158], [37.606490820678076, 55.71193924162075], [37.60654712068529, 55.711962841627724], [37.60654905346851, 55.71196357682038], [37.6065510972227, 55.71196420916574], [37.60655570002784, 55.71196548228217], [37.60661470325512, 55.71198215493834], [37.60661693520264, 55.711982711804815], [37.60661925132028, 55.71198314549644], [37.60668585134189, 55.71199364550025], [37.60668823748714, 55.71199395274959], [37.6066906648597, 55.71199412924763], [37.606739264877355, 55.71199632924854], [37.60673963823236, 55.711996344590816], [37.6067721382442, 55.71199754459131], [37.606775344769964, 55.71199754875813], [37.60679573260236, 55.71199684917568], [37.60690232045261, 55.71199324958618], [37.606899279548415, 55.71196455041375], [37.6067926795874, 55.71196815041263], [37.60677385872561, 55.71196879622006]]]}}, {"type": "Feature", "properties": {"id": 1380, "object_type": "restriction", "restriction_type": "tram_tracks"}, "geometry": {"type": "Polygon", "coordinates": [[[37.606800560469964, 55.711974501411056], [37.60679798563127, 55.71197501205055], [37.60678772559072, 55.711977402739485], [37.6067500656148, 55.71198609350276], [37.606749064173485, 55.71198633887764], [37.606709764183954, 55.71199653887431], [37.60670780540709, 55.711997106402755], [37.60670594079227, 55.711997767338254], [37.6067041842801, 55.71199851673936], [37.60664628428555, 55.712025516731785], [37.60664416052093, 55.71202662761211], [37.606642273856714, 55.71202786741968], [37.60664064868451, 55.71202922012576], [37.606594448669156, 55.712072820117534], [37.60659338841463, 55.712073928159704], [37.60659250400969, 55.71207508433914], [37.60659180224228, 55.71207627978201], [37.60659128849857, 55.712077505313125], [37.606588888494215, 55.71208460531261], [37.606588881936155, 55.71208462478641], [37.60657338190779, 55.712130824783124], [37.60657302467139, 55.712132308775445], [37.6065729428535, 55.7121338056971], [37.60657534281207, 55.71219750569739], [37.60662625718762, 55.71219689429736], [37.60662391379093, 55.71213469771919], [37.60663891480026, 55.71208998494657], [37.60664046624355, 55.712085395251826], [37.60668209872736, 55.71204610570107], [37.60673405432433, 55.712021877697566], [37.60676983977229, 55.71201258987029], [37.60680703440246, 55.7120040064936], [37.606807114372344, 55.712003987949494], [37.60681488077922, 55.712002178301304], [37.60690528271265, 55.711993050715215], [37.6068963172905, 55.7119647492846], [37.6068032173232, 55.71197414928139], [37.606800560469964, 55.711974501411056]]]}}, {"type": "Feature", "properties": {"id": 1381, "object_type": "restriction", "restriction_type": "tram_tracks"}, "geometry": {"type": "Polygon", "coordinates": [[[37.60623714249409, 55.71138683323499], [37.606237823507534, 55.71138708941761], [37.606302523519005, 55.711410589424894], [37.606303532989344, 55.71141093763118], [37.60647133302418, 55.7114658376487], [37.606474243704184, 55.71146665456491], [37.60664174375046, 55.71150635457849], [37.606661456242804, 55.71147984542062], [37.60649545790273, 55.71144050134045], [37.60632957890299, 55.71138622984913], [37.606265720636806, 55.71136303558233], [37.60616205751322, 55.71132266677549], [37.60615917277642, 55.71132169534028], [37.605995672815475, 55.711274595355796], [37.60597252717692, 55.71130020464304], [37.606134527976465, 55.71134687276901], [37.60623714249409, 55.71138683323499]]]}}, {"type": "Feature", "properties": {"id": 1382, "object_type": "restriction", "restriction_type": "tram_tracks"}, "geometry": {"type": "Polygon", "coordinates": [[[37.60632237282148, 55.71148543213996], [37.606322388865024, 55.71148547528138], [37.60635588881044, 55.71157487528787], [37.60640571118584, 55.711568924707066], [37.60637221921154, 55.711479546277005], [37.606341227123494, 55.711395567860926], [37.60634098722511, 55.71139497989269], [37.60626238712084, 55.711219279907844], [37.60621301287479, 55.71122632008717], [37.6062914818912, 55.711401727539645], [37.60632237282148, 55.71148543213996]]]}}, {"type": "Feature", "properties": {"id": 1383, "object_type": "restriction", "restriction_type": "tram_tracks"}, "geometry": {"type": "Polygon", "coordinates": [[[37.61819557642035, 55.71164204417458], [37.61766131931931, 55.711657742915186], [37.61572856273871, 55.7117108417258], [37.613816261246676, 55.71176344177056], [37.6138161985803, 55.71176344353746], [37.61369160170561, 55.71176704344741], [37.61000670617279, 55.71187294332625], [37.61000667163517, 55.711872944331596], [37.60689947277273, 55.7119645443042], [37.60690212722816, 55.71199325569574], [37.61000931109196, 55.7119016561778], [37.61369419517736, 55.71179575664218], [37.61381877008966, 55.711792157367725], [37.61573103839637, 55.711739558243025], [37.61766383797004, 55.71168645825853], [37.61766392338494, 55.71168645583007], [37.61819817350582, 55.71167075729687], [37.62094762442889, 55.71159605863505], [37.62094517557192, 55.7115673413649], [37.618195676579056, 55.71164204134292], [37.61819557642035, 55.71164204417458]]]}}, {"type": "Feature", "properties": {"id": 1384, "object_type": "restriction", "restriction_type": "tram_tracks"}, "geometry": {"type": "Polygon", "coordinates": [[[37.61030414885303, 55.72199980839545], [37.61027096328874, 55.721907248823776], [37.61027094920354, 55.72190720981585], [37.610096148908774, 55.7214265098496], [37.61009604937011, 55.72142624847987], [37.60999115889193, 55.72116277281913], [37.60988706826264, 55.72089699717738], [37.60988705391194, 55.720896960759646], [37.60965155867175, 55.720302973718866], [37.60938887884431, 55.719634626127814], [37.60930630136569, 55.719418785353675], [37.60914551755107, 55.718992728962895], [37.60901022908255, 55.71862816066408], [37.60897853191398, 55.71854226848516], [37.608978524079404, 55.7185422473348], [37.60870212362494, 55.71779884738815], [37.608702060941255, 55.71779868355006], [37.6085837665703, 55.717497998344776], [37.6083227872891, 55.716827952634674], [37.60826560257386, 55.716677093211075], [37.60820921296289, 55.716528220889536], [37.6079151223804, 55.71573714757862], [37.60791511163657, 55.715737118824514], [37.60787121287158, 55.715620222311664], [37.60783461411726, 55.71552252580318], [37.60783454984944, 55.71552235913759], [37.60749409990291, 55.71466398671653], [37.6074336462598, 55.71449741473946], [37.60743361034242, 55.71449731748385], [37.6072988103235, 55.71413851804241], [37.60726471047259, 55.714047718593555], [37.60726468592979, 55.71404765397449], [37.6070034855849, 55.713367554204424], [37.606762204558756, 55.71273920465973], [37.60664962299699, 55.71243555491258], [37.60656081633335, 55.71219620688149], [37.606505494181185, 55.71201466272738], [37.606451894093, 55.71183876280859], [37.60640170590396, 55.71184363718625], [37.60645530579417, 55.71201953719656], [37.6065107057023, 55.71220133727812], [37.60651087793492, 55.7122018471928], [37.606599777392574, 55.71244144614297], [37.606712376813675, 55.712745145104066], [37.606712414696254, 55.71274524549022], [37.60695371431388, 55.713373645536805], [37.607214901663596, 55.7140537137271], [37.60724898946827, 55.714144481407935], [37.60738377139764, 55.71450323391844], [37.607444253634405, 55.71466988526712], [37.60744435066667, 55.714670140791625], [37.60778481713709, 55.71552855763228], [37.60782138581938, 55.715626174198796], [37.60786528296193, 55.71574306679686], [37.60815937713235, 55.71653415247305], [37.60815939711287, 55.71653420571606], [37.60821579702208, 55.716683105726936], [37.60827299773044, 55.71683400785024], [37.608273028076965, 55.7168340868221], [37.608534027669926, 55.71750418687249], [37.60853403923726, 55.71750421642204], [37.60865230686703, 55.71780483462894], [37.6089286719854, 55.71854814208615], [37.608960368029805, 55.718634031515876], [37.60896037381357, 55.71863404714509], [37.6090956735906, 55.71899864717121], [37.60909569144313, 55.71899869487566], [37.60925649118313, 55.71942479490671], [37.60925650617583, 55.71942483436325], [37.60933910604433, 55.7196407343792], [37.609339136652444, 55.719640813306725], [37.6096018362469, 55.72030921335745], [37.60960184644412, 55.720309239189824], [37.60983733886699, 55.72090322103171], [37.609941431572146, 55.721169002837655], [37.609941450785556, 55.721169051494826], [37.610046298703715, 55.72143242109142], [37.61022104370245, 55.72191297068066], [37.61025423665082, 55.722005551177524], [37.61025426604649, 55.72200563197353], [37.61036089905285, 55.72229450938658], [37.610413150113395, 55.722295100529124], [37.61030414885303, 55.72199980839545]]]}}, {"type": "Feature", "properties": {"id": 1385, "object_type": "restriction", "restriction_type": "tram_tracks"}, "geometry": {"type": "Polygon", "coordinates": [[[37.60637882774362, 55.71177880775341], [37.606401827703515, 55.711844007757854], [37.60645177229299, 55.71183839223705], [37.60642877225289, 55.71177319224147], [37.60637882774362, 55.71177880775341]]]}}, {"type": "Feature", "properties": {"id": 1386, "object_type": "restriction", "restriction_type": "tram_tracks"}, "geometry": {"type": "Polygon", "coordinates": [[[37.60642172565313, 55.711762001790845], [37.606481024580056, 55.711930499047696], [37.606511623705664, 55.712017596717295], [37.606575825346496, 55.71220000171492], [37.60662577465002, 55.71219439827999], [37.60656157541465, 55.71201200078361], [37.60653097623725, 55.71192490328349], [37.60647167448886, 55.71175639861747], [37.60643967464517, 55.71166549922635], [37.60640577508762, 55.711569100659766], [37.606355824908874, 55.71157469933516], [37.60638972484958, 55.71167109934168], [37.60642172565313, 55.711762001790845]]]}}, {"type": "Feature", "properties": {"id": 1387, "object_type": "restriction", "restriction_type": "tram_tracks"}, "geometry": {"type": "Polygon", "coordinates": [[[37.60669466898875, 55.71151818401692], [37.60694226906381, 55.71156658403402], [37.60695893093033, 55.71153941596536], [37.606711860239436, 55.711491119435976], [37.60666098091924, 55.711479735931015], [37.60664221907429, 55.711506464068194], [37.606693619088965, 55.71151796407218], [37.60669466898875, 55.71151818401692]]]}}, {"type": "Feature", "properties": {"id": 1388, "object_type": "restriction", "restriction_type": "oks"}, "geometry": {"type": "Polygon", "coordinates": [[[37.601728, 55.71450299999999], [37.6016933, 55.71457209999999], [37.6017738, 55.714587699999996], [37.6017631, 55.7146209], [37.6018438, 55.714637999999994], [37.6018251, 55.7146845], [37.6019027, 55.71469780000001], [37.601884, 55.7147403], [37.6019207, 55.7147742], [37.6019082, 55.714793799999995], [37.6020123, 55.7148088], [37.6020212, 55.714788299999995], [37.6020917, 55.71476739999999], [37.6021103, 55.71472490000001], [37.6021926, 55.7147326], [37.6022171, 55.71469229999999], [37.6023033, 55.714702200000005], [37.6023229, 55.714664199999994], [37.6023866, 55.714675199999995], [37.6024268, 55.7145996], [37.6024905, 55.7145935], [37.6025101, 55.714577000000006], [37.602512, 55.714558200000006], [37.6024532, 55.71452450000001], [37.6024758, 55.71446079999999], [37.6024028, 55.714449699999996], [37.6024136, 55.71441549999999], [37.6023406, 55.7144034], [37.6023882, 55.71429969999999], [37.6022351, 55.71428409999999], [37.602215, 55.714343799999995], [37.601994, 55.714311800000004], [37.6019691, 55.714354699999994], [37.6019012, 55.714345], [37.6018769, 55.71438359999999], [37.6017903, 55.71436599999999], [37.6017598, 55.7144343], [37.6016054, 55.71441909999999], [37.6015839, 55.71447919999999], [37.601728, 55.71450299999999]]]}}, {"type": "Feature", "properties": {"id": 1389, "object_type": "restriction", "restriction_type": "oks"}, "geometry": {"type": "Polygon", "coordinates": [[[37.600959, 55.71478359999999], [37.60093260000001, 55.71478350000001], [37.60093260000001, 55.71478239999999], [37.600914, 55.71478239999999], [37.600914100000004, 55.7147733], [37.6009074, 55.714770299999984], [37.6008931, 55.7147704], [37.600893, 55.714759399999984], [37.6008275, 55.714759599999994], [37.6008276, 55.7147702], [37.6008175, 55.714770299999984], [37.6008067, 55.7147784], [37.6007883, 55.7147789], [37.6007752, 55.71478539999999], [37.6007754, 55.71480859999999], [37.6007869, 55.71481479999999], [37.6008069, 55.7148149], [37.6008187, 55.71482199999999], [37.6008304, 55.71482189999999], [37.6008307, 55.714832400000006], [37.6008953, 55.714831800000006], [37.600895, 55.7148212], [37.6009064, 55.71482109999999], [37.6009138, 55.71481870000001], [37.6009138, 55.7148097], [37.6009305, 55.71480970000002], [37.6009305, 55.714807], [37.6009588, 55.71480710000001], [37.600959, 55.71478359999999]]]}}, {"type": "Feature", "properties": {"id": 1390, "object_type": "restriction", "restriction_type": "oks"}, "geometry": {"type": "Polygon", "coordinates": [[[37.6014372, 55.7152443], [37.601445, 55.715206699999996], [37.6014035, 55.71517699999999], [37.6013368, 55.715172599999995], [37.6012841, 55.715195999999985], [37.6012763, 55.71523359999999], [37.6013178, 55.71526329999998], [37.6013845, 55.71526769999999], [37.6014372, 55.7152443]]]}}, {"type": "Feature", "properties": {"id": 1391, "object_type": "restriction", "restriction_type": "oks"}, "geometry": {"type": "Polygon", "coordinates": [[[37.6020539, 55.715406099999996], [37.6020492, 55.715419399999995], [37.6020219, 55.71541639999998], [37.6020276, 55.71540029999999], [37.6019424, 55.7153907], [37.6019374, 55.715404799999995], [37.6018789, 55.7153982], [37.6018643, 55.715439299999986], [37.6019247, 55.715446099999994], [37.6019196, 55.7154605], [37.6020011, 55.7154697], [37.6020048, 55.7154592], [37.6020277, 55.7154618], [37.6020248, 55.715469999999996], [37.6020949, 55.7154779], [37.6020788, 55.71552309999999], [37.6021983, 55.7155365], [37.6022139, 55.715492499999996], [37.6022864, 55.7155006], [37.6023091, 55.715436600000004], [37.60225230000001, 55.7154302], [37.6022556, 55.71542079999999], [37.6022341, 55.7154184], [37.6022452, 55.715387099999994], [37.6021207, 55.71537310000001], [37.6021069, 55.71541199999999], [37.6020539, 55.715406099999996]]]}}, {"type": "Feature", "properties": {"id": 1392, "object_type": "restriction", "restriction_type": "park"}, "geometry": {"type": "Polygon", "coordinates": [[[37.5995268, 55.714150599999996], [37.5995904, 55.7141448], [37.5996281, 55.71411299999998], [37.5997851, 55.7139909], [37.5998488, 55.71393419999999], [37.6003964, 55.7124794], [37.5992465, 55.7123756], [37.5991853, 55.7123497], [37.59898749584287, 55.71234408939779], [37.59892418553167, 55.714112785534184], [37.5995268, 55.714150599999996]]]}}, {"type": "Feature", "properties": {"id": 1393, "object_type": "restriction", "restriction_type": "park"}, "geometry": {"type": "Polygon", "coordinates": [[[37.6004097, 55.71237349999999], [37.6004851, 55.71237519999999], [37.60064890000001, 55.71194859999998], [37.6006906, 55.71182300000001], [37.60064, 55.7118158], [37.60061, 55.71181119999999], [37.6004241, 55.711816299999995], [37.6003992, 55.7118854], [37.6000397, 55.71185959999998], [37.600163, 55.71150299999999], [37.5999399, 55.71146639999999], [37.5999235, 55.7115529], [37.5998119, 55.7115695], [37.59900741582742, 55.71178754518616], [37.598990675424474, 55.71225525641732], [37.6004097, 55.71237349999999]]]}}, {"type": "Feature", "properties": {"id": 1394, "object_type": "restriction", "restriction_type": "oks"}, "geometry": {"type": "Polygon", "coordinates": [[[37.615251, 55.72058609999999], [37.6154397, 55.720664899999996], [37.615519, 55.720604699999996], [37.6155754, 55.720628299999994], [37.6159017, 55.7203805], [37.6156566, 55.72027810000001], [37.615251, 55.72058609999999]]]}}, {"type": "Feature", "properties": {"id": 1395, "object_type": "restriction", "restriction_type": "oks"}, "geometry": {"type": "Polygon", "coordinates": [[[37.6040032, 55.719999099999995], [37.603963, 55.71999850000001], [37.6039598, 55.72006639999999], [37.604, 55.720067], [37.6039968, 55.7201357], [37.604400600000005, 55.72014179999999], [37.6044031, 55.7200864], [37.6045962, 55.720089299999984], [37.6046292, 55.7200576], [37.6046313, 55.7200127], [37.6046011, 55.71998429999999], [37.6045311, 55.719983299999996], [37.6045328, 55.71994589999999], [37.6043714, 55.71994349999999], [37.6043721, 55.71992879999999], [37.6040067, 55.719923300000005], [37.6040032, 55.719999099999995]]]}}, {"type": "Feature", "properties": {"id": 1396, "object_type": "restriction", "restriction_type": "oks"}, "geometry": {"type": "Polygon", "coordinates": [[[37.6055555, 55.71682119999999], [37.6054166, 55.716590999999994], [37.6051454, 55.71665], [37.6052859, 55.716878000000015], [37.6055555, 55.71682119999999]]]}}, {"type": "Feature", "properties": {"id": 1397, "object_type": "restriction", "restriction_type": "oks"}, "geometry": {"type": "Polygon", "coordinates": [[[37.6049013, 55.71678], [37.6048968, 55.716771799999975], [37.6049331, 55.7167657], [37.6049265, 55.7167538], [37.6049193, 55.716741], [37.6048855, 55.71674689999999], [37.604876, 55.716731], [37.60481010000001, 55.716744], [37.6047138, 55.7165878], [37.6049298, 55.71654169999999], [37.604957, 55.716583899999996], [37.6049923, 55.71657659999999], [37.6050763, 55.716559299999986], [37.6050509, 55.7165217], [37.6049551, 55.71638019999999], [37.6048463, 55.71640449999999], [37.6048601, 55.7164266], [37.6045764, 55.71648809999999], [37.6045607, 55.7164687], [37.6044456, 55.71649239999999], [37.6044879, 55.7165493], [37.6044591, 55.716558899999995], [37.6044716, 55.71657629999999], [37.6044887, 55.7166013], [37.604501, 55.7166203], [37.6045362, 55.7166152], [37.6046797, 55.7168235], [37.6049013, 55.71678]]]}}, {"type": "Feature", "properties": {"id": 1398, "object_type": "restriction", "restriction_type": "oks"}, "geometry": {"type": "Polygon", "coordinates": [[[37.6059017, 55.71467380000001], [37.6058723, 55.71459959999999], [37.605806, 55.71443180000001], [37.6057386, 55.71426129999998], [37.605714, 55.7141991], [37.6055093, 55.71422479999999], [37.6056969, 55.71469950000001], [37.6058772, 55.71467689999999], [37.6059017, 55.71467380000001]]]}}, {"type": "Feature", "properties": {"id": 1399, "object_type": "restriction", "restriction_type": "road"}, "geometry": {"type": "Polygon", "coordinates": [[[37.60046972693468, 55.712423105225255], [37.60044312683688, 55.71249660521296], [37.60034580899215, 55.712765694490095], [37.60020128856729, 55.71302382284031], [37.60019999294118, 55.7130265606173], [37.59987642048449, 55.71385907221768], [37.59982405570195, 55.71397280316095], [37.599751159709136, 55.7140552575762], [37.599750298651216, 55.714056276949826], [37.59961819848467, 55.71422017689476], [37.59971960154934, 55.71424622308449], [37.599851287069946, 55.714082837081634], [37.59992634024624, 55.71399794237285], [37.599928659280074, 55.71399493650289], [37.59993041131611, 55.71399181066076], [37.59998451116599, 55.71387431063634], [37.59998500817545, 55.7138731395071], [37.60030826863612, 55.71304142474316], [37.600452911143684, 55.712783077072665], [37.600454375070356, 55.712779890581515], [37.60055227394637, 55.71250919264817], [37.600578823782534, 55.71243583097706], [37.600757871723644, 55.71196246686985], [37.60064892829501, 55.71194933310608], [37.600469827668775, 55.71242283302379], [37.60046972693468, 55.712423105225255]]]}}, {"type": "Feature", "properties": {"id": 1400, "object_type": "restriction", "restriction_type": "road"}, "geometry": {"type": "Polygon", "coordinates": [[[37.60013390872685, 55.71033174507238], [37.600210606350934, 55.71019514902209], [37.60035680384141, 55.70993505295093], [37.60042110389159, 55.70982065262597], [37.60052380776907, 55.709637745346875], [37.60052494651369, 55.70963533545355], [37.60052568582593, 55.70963287644785], [37.600526019375195, 55.709630389386135], [37.60052594430538, 55.70962789556501], [37.60052546125939, 55.70962541633897], [37.60051891380124, 55.70960188909754], [37.60042195529168, 55.709600784132284], [37.60042939259851, 55.7096275091446], [37.6003300940933, 55.70980435097662], [37.60026579612415, 55.70991874712777], [37.6001195959077, 55.710178846977016], [37.60004319150334, 55.7103149202487], [37.59999673077872, 55.710387093082986], [37.600086469242626, 55.710405506900706], [37.60013326917087, 55.71033280688333], [37.60013390872685, 55.71033174507238]]]}}, {"type": "Feature", "properties": {"id": 1401, "object_type": "restriction", "restriction_type": "road"}, "geometry": {"type": "Polygon", "coordinates": [[[37.62131028877781, 55.7112611141889], [37.621311834550134, 55.71121722626143], [37.62105113445488, 55.711136002645524], [37.620958865433224, 55.7112303973362], [37.62125126567481, 55.71132149744664], [37.62131028877781, 55.7112611141889]]]}}, {"type": "Feature", "properties": {"id": 1402, "object_type": "restriction", "restriction_type": "oks"}, "geometry": {"type": "Polygon", "coordinates": [[[37.6057141, 55.715718], [37.6056596, 55.7155557], [37.6055098, 55.7155793], [37.6055669, 55.71573989999999], [37.6057141, 55.715718]]]}}, {"type": "Feature", "properties": {"id": 1403, "object_type": "restriction", "restriction_type": "road"}, "geometry": {"type": "Polygon", "coordinates": [[[37.6177562442676, 55.71475964379433], [37.61775624622059, 55.71475939999106], [37.6177562460864, 55.714649399990364], [37.6176607539139, 55.71464939999107], [37.61766075377986, 55.714759278086234], [37.6176506549646, 55.71538945617915], [37.617650654261496, 55.715389504925106], [37.617650154213926, 55.71542850492466], [37.61774564578686, 55.71542889505677], [37.61774614542685, 55.71538991942954], [37.6177562442676, 55.71475964379433]]]}}, {"type": "Feature", "properties": {"id": 1404, "object_type": "restriction", "restriction_type": "road"}, "geometry": {"type": "Polygon", "coordinates": [[[37.617758144395054, 55.71429169541787], [37.617759244338366, 55.714204291490994], [37.617663755662406, 55.714203908490454], [37.61766265558051, 55.71429130652731], [37.61765915527339, 55.71456380456049], [37.617659156688006, 55.714564285049185], [37.61766075658382, 55.714649685049245], [37.61775624341578, 55.714649114932186], [37.61775464781289, 55.71456395517304], [37.617758144395054, 55.71429169541787]]]}}, {"type": "Feature", "properties": {"id": 1405, "object_type": "restriction", "restriction_type": "road"}, "geometry": {"type": "Polygon", "coordinates": [[[37.620063774054586, 55.71505840424666], [37.62006305504108, 55.71505990830507], [37.62001420043414, 55.71516830701957], [37.6196547450395, 55.7159531055945], [37.61965469442211, 55.71595321659181], [37.61962362515555, 55.716021648544086], [37.61949476712267, 55.71630241987662], [37.61933139216076, 55.71663416134016], [37.619515407908175, 55.71666303859123], [37.61967900719158, 55.71633083846566], [37.61967944432794, 55.71632991946512], [37.61980854371129, 55.71604861936531], [37.619808605792734, 55.71604848336289], [37.619839680438375, 55.71598003885255], [37.62019915330403, 55.715195194058204], [37.62019924526159, 55.71519499166335], [37.620247804770614, 55.715087246588006], [37.62038252544337, 55.714820795581616], [37.62038318634371, 55.714819419770066], [37.62044228605872, 55.71468961972434], [37.62025731400578, 55.71466278020632], [37.62019852806082, 55.71479188978862], [37.620063774054586, 55.71505840424666]]]}}, {"type": "Feature", "properties": {"id": 1406, "object_type": "restriction", "restriction_type": "road"}, "geometry": {"type": "Polygon", "coordinates": [[[37.61885998566519, 55.71763906974982], [37.618859620205825, 55.71763983398588], [37.61862632161508, 55.71814232840345], [37.61859678179007, 55.718205898583484], [37.618087388840934, 55.71928115619689], [37.61791364548643, 55.719630739363865], [37.618097554583045, 55.719659860567596], [37.61827145382981, 55.71930996043427], [37.61827176176604, 55.71930932597384], [37.6187813594239, 55.718233625581085], [37.618781476077395, 55.718233376957066], [37.61881107593811, 55.718169676934224], [37.619044202102124, 55.71766754882049], [37.619103814141575, 55.71754643013565], [37.619104156347504, 55.71754571587529], [37.619146756147785, 55.71745431584241], [37.61896204391802, 55.71742688408846], [37.61891961048073, 55.717517926262815], [37.61885998566519, 55.71763906974982]]]}}, {"type": "Feature", "properties": {"id": 1407, "object_type": "restriction", "restriction_type": "road"}, "geometry": {"type": "Polygon", "coordinates": [[[37.61827333142443, 55.714694625898986], [37.618983439351396, 55.71470062512519], [37.61960255068275, 55.71470672425476], [37.619803323533034, 55.714708622118835], [37.620164646457226, 55.714713618289096], [37.62016815353847, 55.714632781710606], [37.61980655391149, 55.71462778171769], [37.61980599897218, 55.71462777525806], [37.619605024245395, 55.71462587549805], [37.618985849953106, 55.71461977575455], [37.618985671329554, 55.714619774120216], [37.618275472062734, 55.7146137741302], [37.617846787460465, 55.71461017426166], [37.61770960956369, 55.71460897445572], [37.617707390433324, 55.714689825544], [37.61784459057496, 55.71469102554595], [37.61827333142443, 55.714694625898986]]]}}, {"type": "Feature", "properties": {"id": 1408, "object_type": "restriction", "restriction_type": "road"}, "geometry": {"type": "Polygon", "coordinates": [[[37.617119659854836, 55.7166063464341], [37.61675413043347, 55.7166062464194], [37.616529548571854, 55.7166061464283], [37.61624505956125, 55.71660594643704], [37.61571623217392, 55.71660574642411], [37.61571616782574, 55.716659653575775], [37.61624495430243, 55.71665985357261], [37.616529440634295, 55.716660053564], [37.616754062416064, 55.71666015357728], [37.61711955855208, 55.71666025357881], [37.61740264033975, 55.71666045356695], [37.61768156976712, 55.71666055358359], [37.617681630232525, 55.716606646416295], [37.61740274504587, 55.71660654642263], [37.617119659854836, 55.7166063464341]]]}}, {"type": "Feature", "properties": {"id": 1409, "object_type": "restriction", "restriction_type": "oks"}, "geometry": {"type": "Polygon", "coordinates": [[[37.6038704, 55.72127259999999], [37.6036922, 55.721311400000005], [37.6037492, 55.72139450000001], [37.6039274, 55.72135579999999], [37.6038704, 55.72127259999999]]]}}, {"type": "Feature", "properties": {"id": 1410, "object_type": "restriction", "restriction_type": "oks"}, "geometry": {"type": "Polygon", "coordinates": [[[37.605114500000006, 55.7219075], [37.6051861, 55.721892499999996], [37.6051998, 55.72191329999999], [37.6054677, 55.721857400000005], [37.6054542, 55.72183689999999], [37.6055397, 55.721819100000005], [37.605549, 55.7218333], [37.6055969, 55.72182329999998], [37.6055595, 55.7217663], [37.6048552, 55.72191300000001], [37.6049556, 55.72206589999999], [37.6050618, 55.722043799999994], [37.6050819, 55.7220744], [37.605059, 55.722079199999996], [37.6051418, 55.7222053], [37.6052818, 55.722176100000006], [37.6052593, 55.7221419], [37.6052953, 55.722134399999995], [37.6052841, 55.7221187], [37.605636, 55.72204150000001], [37.6055893, 55.7219746], [37.6052097, 55.722052299999994], [37.605114500000006, 55.7219075]]]}}, {"type": "Feature", "properties": {"id": 1411, "object_type": "restriction", "restriction_type": "oks"}, "geometry": {"type": "Polygon", "coordinates": [[[37.6056543, 55.72211159999999], [37.6054127, 55.72216659999999], [37.60545835822105, 55.72223894553109], [37.60573664880602, 55.72224210483082], [37.6056543, 55.72211159999999]]]}}, {"type": "Feature", "properties": {"id": 1412, "object_type": "restriction", "restriction_type": "oks"}, "geometry": {"type": "Polygon", "coordinates": [[[37.6036911, 55.72218060000001], [37.6036571, 55.72213159999999], [37.6035, 55.72216629999999], [37.603534, 55.722215199999994], [37.6036911, 55.72218060000001]]]}}, {"type": "Feature", "properties": {"id": 1413, "object_type": "restriction", "restriction_type": "oks"}, "geometry": {"type": "Polygon", "coordinates": [[[37.6014746, 55.7156622], [37.6014673, 55.71568119999999], [37.6016235, 55.7157004], [37.6017827, 55.715719799999995], [37.6018264, 55.7156064], [37.6016679, 55.71558699999999], [37.601511, 55.7155678], [37.6014746, 55.7156622]]]}}, {"type": "Feature", "properties": {"id": 1414, "object_type": "restriction", "restriction_type": "oks"}, "geometry": {"type": "Polygon", "coordinates": [[[37.6015382, 55.713532], [37.6015992, 55.7135362], [37.6016116, 55.7135122], [37.6017256, 55.71352730000001], [37.6017249, 55.713538299999996], [37.6017507, 55.713541799999994], [37.601745, 55.7135581], [37.6018308, 55.71356889999999], [37.6018379, 55.7135517], [37.60186, 55.71355429999999], [37.6018704, 55.7135349], [37.6018932, 55.7135344], [37.6019278, 55.713524599999985], [37.6019472, 55.713509499999994], [37.6019554, 55.713496], [37.6019524, 55.7134821], [37.6019352, 55.71346479999999], [37.6019103, 55.7134509], [37.6019164, 55.713439], [37.6015894, 55.713401299999994], [37.6015477, 55.713507599999986], [37.6015382, 55.713532]]]}}, {"type": "Feature", "properties": {"id": 1415, "object_type": "restriction", "restriction_type": "park"}, "geometry": {"type": "Polygon", "coordinates": [[[37.6014879, 55.721455099999986], [37.6026494, 55.721184599999994], [37.6027254, 55.721300299999996], [37.6027744, 55.72137480000001], [37.6039067, 55.72114779999999], [37.6038128, 55.720950299999984], [37.6041165, 55.7208865], [37.604249, 55.721045100000005], [37.6054738, 55.72075799999999], [37.6052376, 55.7203743], [37.6008365, 55.72125049999999], [37.6013939, 55.7216603], [37.6014879, 55.721455099999986]]]}}, {"type": "Feature", "properties": {"id": 1416, "object_type": "restriction", "restriction_type": "park"}, "geometry": {"type": "Polygon", "coordinates": [[[37.6064071, 55.72046], [37.606523200000005, 55.72067539999998], [37.6066001, 55.720662199999985], [37.6065928, 55.720644099999994], [37.606694, 55.7206271], [37.6071, 55.72059729999999], [37.6071299, 55.7203718], [37.6073619, 55.72032529999999], [37.6072865, 55.7202099], [37.6076132, 55.72014329999999], [37.6074931, 55.71993079999999], [37.6054842, 55.7203339], [37.6056404, 55.720592100000005], [37.6064071, 55.72046]]]}}, {"type": "Feature", "properties": {"id": 1417, "object_type": "restriction", "restriction_type": "road"}, "geometry": {"type": "Polygon", "coordinates": [[[37.59870554217136, 55.720219491954424], [37.59869763443522, 55.720440310792206], [37.59937006744848, 55.72090156964385], [37.59961867300175, 55.72107207374924], [37.599815326769125, 55.7209807261705], [37.59956672954097, 55.72081022836797], [37.59870554217136, 55.720219491954424]]]}}, {"type": "Feature", "properties": {"id": 1418, "object_type": "restriction", "restriction_type": "road"}, "geometry": {"type": "Polygon", "coordinates": [[[37.60073797003188, 55.721589676775125], [37.600543229737944, 55.72168232314612], [37.601303946835905, 55.722191707478096], [37.60164281385875, 55.722195565858115], [37.60073797003188, 55.721589676775125]]]}}, {"type": "Feature", "properties": {"id": 1419, "object_type": "restriction", "restriction_type": "road"}, "geometry": {"type": "Polygon", "coordinates": [[[37.599514357048506, 55.71423424123836], [37.59965469328569, 55.714258932698534], [37.59968310669537, 55.71420746729963], [37.59953760678118, 55.71418186731681], [37.59953238546538, 55.714181128082565], [37.59952704993327, 55.714180725339396], [37.59892268992677, 55.71415456576417], [37.59892075754201, 55.714208547424356], [37.599514357048506, 55.71423424123836]]]}}, {"type": "Feature", "properties": {"id": 1420, "object_type": "restriction", "restriction_type": "oks"}, "geometry": {"type": "Polygon", "coordinates": [[[37.6132883, 55.7110676], [37.6133027, 55.71106790000001], [37.6132988, 55.7109515], [37.6132925, 55.710767], [37.6132866, 55.71059569999999], [37.6132037, 55.7105952], [37.6130782, 55.71059449999999], [37.613079, 55.7106732], [37.6130599, 55.71067309999999], [37.61306220000001, 55.71069839999999], [37.6130819, 55.7106983], [37.6130836, 55.7107221], [37.6130971, 55.711040399999995], [37.6130987, 55.711071899999986], [37.6132883, 55.7110676]]]}}, {"type": "Feature", "properties": {"id": 1421, "object_type": "restriction", "restriction_type": "road"}, "geometry": {"type": "Polygon", "coordinates": [[[37.59882272882726, 55.72030468329496], [37.59890798786332, 55.72036255558854], [37.599274467576066, 55.72061081006633], [37.59955936483614, 55.72080380854003], [37.60032826302358, 55.7213247082023], [37.60052393674675, 55.72123269171819], [37.599755036328006, 55.720711792324735], [37.599470133379846, 55.72051879065733], [37.59910377140937, 55.72027061684285], [37.59901851186015, 55.72021274439919], [37.599018429979, 55.720212688876614], [37.59871319029862, 55.72000591960993], [37.5987053390663, 55.720225163581254], [37.59882272882726, 55.72030468329496]]]}}, {"type": "Feature", "properties": {"id": 1422, "object_type": "restriction", "restriction_type": "oks"}, "geometry": {"type": "Polygon", "coordinates": [[[37.6072501, 55.7206051], [37.6072614, 55.720466499999986], [37.6072937, 55.7204408], [37.607325, 55.72041589999999], [37.6077072, 55.720347099999984], [37.6076752, 55.7202807], [37.6076967, 55.72027460000001], [37.6076868, 55.7202513], [37.6076662, 55.72025459999999], [37.6076458, 55.720259500000004], [37.607652, 55.720274999999994], [37.6071364, 55.720375], [37.60710650000001, 55.720602], [37.6071633, 55.720698799999994], [37.6072915, 55.72067489999999], [37.6072501, 55.7206051]]]}}, {"type": "Feature", "properties": {"id": 1423, "object_type": "restriction", "restriction_type": "oks"}, "geometry": {"type": "Polygon", "coordinates": [[[37.6075671, 55.721149699999984], [37.6074356, 55.72093160000001], [37.6072311, 55.7209659], [37.607357, 55.7211889], [37.6075671, 55.721149699999984]]]}}, {"type": "Feature", "properties": {"id": 1424, "object_type": "restriction", "restriction_type": "oks"}, "geometry": {"type": "Polygon", "coordinates": [[[37.6084084, 55.72005360000001], [37.6084588, 55.720042899999996], [37.6087154, 55.71998829999998], [37.6088904, 55.719950499999996], [37.6088994, 55.7198438], [37.6088735, 55.719808799999996], [37.6086999, 55.7198455], [37.6087243, 55.71988120000001], [37.6084193, 55.71994829999999], [37.6084334, 55.71998229999999], [37.6083815, 55.719993099999996], [37.6084084, 55.72005360000001]]]}}, {"type": "Feature", "properties": {"id": 1425, "object_type": "restriction", "restriction_type": "oks"}, "geometry": {"type": "Polygon", "coordinates": [[[37.608658, 55.7202731], [37.6086861, 55.7203176], [37.6087624, 55.720302000000004], [37.6087341, 55.720258099999995], [37.6087382, 55.7202569], [37.6087742, 55.720226200000006], [37.6087464, 55.7201662], [37.6088091, 55.7201577], [37.6087874, 55.720109099999995], [37.6087654, 55.720064699999995], [37.6087154, 55.71998829999998], [37.6084588, 55.720042899999996], [37.6085429, 55.7202169], [37.60857810000001, 55.720289599999994], [37.608658, 55.7202731]]]}}, {"type": "Feature", "properties": {"id": 1426, "object_type": "restriction", "restriction_type": "oks"}, "geometry": {"type": "Polygon", "coordinates": [[[37.608966, 55.7201145], [37.6089104, 55.7201228], [37.6089357, 55.720178699999984], [37.6089919, 55.72017170000001], [37.6091005, 55.7204148], [37.6090389, 55.7204229], [37.6090743, 55.72049949999999], [37.609331, 55.7204591], [37.6090401, 55.71981300000001], [37.6088994, 55.7198438], [37.6088904, 55.719950499999996], [37.608966, 55.7201145]]]}}, {"type": "Feature", "properties": {"id": 1427, "object_type": "restriction", "restriction_type": "water"}, "geometry": {"type": "Polygon", "coordinates": [[[37.6004351, 55.71521969999999], [37.6004053, 55.7152447], [37.6003873, 55.715295399999995], [37.6004046, 55.71534309999999], [37.60045720000001, 55.715368399999996], [37.6004981, 55.7153747], [37.6005508, 55.715377], [37.600590000000004, 55.715374399999995], [37.6006353, 55.71536529999999], [37.6006636, 55.715344], [37.6006916, 55.71531769999999], [37.6007026, 55.715284799999985], [37.6006942, 55.71524779999999], [37.6006706, 55.7152213], [37.6006222, 55.71519939999998], [37.6005785, 55.715194800000006], [37.6005286, 55.7151948], [37.6004787, 55.7152002], [37.6004351, 55.71521969999999]]]}}, {"type": "Feature", "properties": {"id": 1428, "object_type": "restriction", "restriction_type": "road"}, "geometry": {"type": "Polygon", "coordinates": [[[37.61366864415542, 55.713501476081], [37.61366814408051, 55.713440076080786], [37.613572655919484, 55.713440323900635], [37.613573154946224, 55.71350161356453], [37.6135711552644, 55.713816003225475], [37.61366664473614, 55.71381619675597], [37.61366864435254, 55.71350169675319], [37.61366864415542, 55.713501476081]]]}}, {"type": "Feature", "properties": {"id": 1429, "object_type": "restriction", "restriction_type": "road"}, "geometry": {"type": "Polygon", "coordinates": [[[37.613665248421384, 55.71658549501466], [37.61366504767559, 55.71597419501083], [37.61366504659701, 55.71597401877337], [37.613660046084824, 55.7155542187726], [37.61366004461501, 55.715554121490115], [37.61365164405515, 55.7150952214904], [37.613651631031566, 55.71509481166169], [37.613646530894144, 55.71498211166295], [37.61355106910448, 55.714983488318474], [37.61355615969559, 55.715095983433315], [37.61356455449433, 55.71555462985089], [37.61356955235345, 55.71597429309037], [37.61356975156279, 55.71658545551895], [37.61356935178903, 55.716650206070945], [37.613664848211506, 55.716650393910484], [37.61366524813245, 55.71658559390992], [37.613665248421384, 55.71658549501466]]]}}, {"type": "Feature", "properties": {"id": 1430, "object_type": "restriction", "restriction_type": "road"}, "geometry": {"type": "Polygon", "coordinates": [[[37.61356995566148, 55.71401653001682], [37.613567055344866, 55.71427613001404], [37.61366254465586, 55.714276469967395], [37.61366544433924, 55.71401686996462], [37.61356995566148, 55.71401653001682]]]}}, {"type": "Feature", "properties": {"id": 1431, "object_type": "restriction", "restriction_type": "oks"}, "geometry": {"type": "Polygon", "coordinates": [[[37.6124812, 55.7098781], [37.6122232, 55.7098759], [37.6122214, 55.70994079999999], [37.6122213, 55.709946200000005], [37.6124793, 55.70994839999999], [37.6124812, 55.7098781]]]}}, {"type": "Feature", "properties": {"id": 1432, "object_type": "restriction", "restriction_type": "school"}, "geometry": {"type": "Polygon", "coordinates": [[[37.6139704, 55.717940999999996], [37.6142566, 55.71794169999999], [37.6147061, 55.717943000000005], [37.6149731, 55.71794369999999], [37.6151019, 55.717943999999996], [37.615588, 55.71794320000001], [37.6155824, 55.71765349999998], [37.6155681, 55.71681739999999], [37.6137776, 55.7168168], [37.6138102, 55.7179404], [37.6139704, 55.717940999999996]]]}}, {"type": "Feature", "properties": {"id": 1433, "object_type": "restriction", "restriction_type": "road"}, "geometry": {"type": "Polygon", "coordinates": [[[37.599269200947106, 55.7123506711563], [37.60041571222054, 55.712449246336], [37.60041726829852, 55.71244936537047], [37.600518668366725, 55.712456165375464], [37.600529931625275, 55.712402634624134], [37.60042931146551, 55.71239588692183], [37.59928328852972, 55.71229735373416], [37.59928270903663, 55.712297305958664], [37.59898999711011, 55.71227420759621], [37.59898805435348, 55.71232848544319], [37.599269200947106, 55.7123506711563]]]}}, {"type": "Feature", "properties": {"id": 1434, "object_type": "restriction", "restriction_type": "oks"}, "geometry": {"type": "Polygon", "coordinates": [[[37.6174054, 55.71071390000001], [37.6174048, 55.7106493], [37.6171411, 55.7106505], [37.6171313, 55.7106505], [37.6171322, 55.71071450000001], [37.6174054, 55.71071390000001]]]}}, {"type": "Feature", "properties": {"id": 1435, "object_type": "restriction", "restriction_type": "oks"}, "geometry": {"type": "MultiPolygon", "coordinates": [[[[37.6184288, 55.7223375], [37.618412743135735, 55.7223853415905], [37.61873886926214, 55.722389009463946], [37.6187449, 55.722371], [37.6186159, 55.7223573], [37.6186358, 55.722300499999996], [37.6186421, 55.72227989999999], [37.6186542, 55.7222436], [37.6187867, 55.72225719999999], [37.618885, 55.721953099999986], [37.6191601, 55.72198130000001], [37.6191913, 55.721884800000005], [37.6191048, 55.72187600000001], [37.6191189, 55.7218323], [37.6192817, 55.72132880000001], [37.6177638, 55.72117320000001], [37.6175075, 55.72196619999999], [37.6175946, 55.72197519999999], [37.6175828, 55.72201159999999], [37.6176821, 55.72202180000001], [37.6176708, 55.722056599999995], [37.6177584, 55.72206550000001], [37.6177468, 55.7221015], [37.617986, 55.72212599999999], [37.6180229, 55.7220119], [37.6179377, 55.7220032], [37.617948, 55.72197129999999], [37.6178375, 55.721959999999996], [37.6180289, 55.72136809999999], [37.6189227, 55.721459800000005], [37.6188121, 55.72180199999999], [37.6187866, 55.72188079999999], [37.6186969, 55.7218716], [37.6186856, 55.721906499999996], [37.6185857, 55.7218962], [37.6185333, 55.72205829999999], [37.6184792, 55.722225599999994], [37.6185377, 55.7222316], [37.6185254, 55.722268099999994], [37.6185188, 55.72228770000001], [37.6184995, 55.72234499999999], [37.6184288, 55.7223375]]], [[[37.6179213, 55.7223325], [37.6176565, 55.722304300000005], [37.617645, 55.722338799999996], [37.6175533, 55.72232900000001], [37.6175424, 55.7223616], [37.6174615, 55.72235299999999], [37.61745427284806, 55.72237455685725], [37.61790552253662, 55.72237963526306], [37.6179213, 55.7223325]]]]}}, {"type": "Feature", "properties": {"id": 1436, "object_type": "restriction", "restriction_type": "kindergarten"}, "geometry": {"type": "Polygon", "coordinates": [[[37.6115432, 55.71002169999999], [37.6115405, 55.70986549999999], [37.6108744, 55.70986919999999], [37.6108824, 55.710330299999995], [37.6109077, 55.7104911], [37.6115144, 55.7104906], [37.6115158, 55.710517], [37.6115152, 55.71053369999999], [37.6109156, 55.7105413], [37.6109564, 55.71080229999998], [37.6109672, 55.71085649999999], [37.6114019, 55.71084340000001], [37.611467, 55.7108414], [37.6115319, 55.71084909999999], [37.6117501, 55.71084930000001], [37.6118255, 55.71012129999999], [37.6118218, 55.71002259999999], [37.6115432, 55.71002169999999]]]}}, {"type": "Feature", "properties": {"id": 1437, "object_type": "restriction", "restriction_type": "school"}, "geometry": {"type": "Polygon", "coordinates": [[[37.6120301, 55.710837999999995], [37.6124118, 55.7108303], [37.6124526, 55.710844200000004], [37.6125672, 55.71084019999999], [37.612586, 55.710839500000006], [37.6126575, 55.7108368], [37.6126203, 55.710533], [37.6126342, 55.71051299999999], [37.6132693, 55.71051589999998], [37.6133549, 55.7105058], [37.6133537, 55.7104592], [37.6133493, 55.71005199999998], [37.6127766, 55.71005829999999], [37.6127538, 55.71012369999998], [37.6118255, 55.71012129999999], [37.6117501, 55.71084930000001], [37.6120301, 55.710837999999995]]]}}, {"type": "Feature", "properties": {"id": 1438, "object_type": "restriction", "restriction_type": "road"}, "geometry": {"type": "Polygon", "coordinates": [[[37.60045596072103, 55.72131544977451], [37.60071286091363, 55.72124894971344], [37.600653139142004, 55.721175450279375], [37.600396239334614, 55.72124195021832], [37.60045596072103, 55.72131544977451]]]}}, {"type": "Feature", "properties": {"id": 1439, "object_type": "restriction", "restriction_type": "oks"}, "geometry": {"type": "Polygon", "coordinates": [[[37.6133583, 55.709794300000006], [37.6133578, 55.70975679999999], [37.61335768335289, 55.709747526569465], [37.61289912454665, 55.70974234800384], [37.6128998, 55.7097962], [37.6133583, 55.709794300000006]]]}}, {"type": "Feature", "properties": {"id": 1440, "object_type": "restriction", "restriction_type": "oks"}, "geometry": {"type": "Polygon", "coordinates": [[[37.6008682, 55.717850299999995], [37.6006658, 55.71764360000001], [37.6004683, 55.7177049], [37.6006706, 55.7179116], [37.6008682, 55.717850299999995]]]}}, {"type": "Feature", "properties": {"id": 1441, "object_type": "restriction", "restriction_type": "oks"}, "geometry": {"type": "Polygon", "coordinates": [[[37.6007229, 55.71752849999999], [37.6004192, 55.7170687], [37.6000932, 55.717134900000005], [37.6003907, 55.717596699999994], [37.6007229, 55.71752849999999]]]}}, {"type": "Feature", "properties": {"id": 1442, "object_type": "restriction", "restriction_type": "oks"}, "geometry": {"type": "Polygon", "coordinates": [[[37.600127, 55.7163931], [37.6003225, 55.71650499999999], [37.6002525, 55.7165438], [37.6004268, 55.7166479], [37.60049980000001, 55.7166088], [37.6006045, 55.7165885], [37.6005699, 55.7165489], [37.600541, 55.716532699999995], [37.6005528, 55.716524400000004], [37.6005179, 55.716503599999996], [37.6005052, 55.716511199999985], [37.6002158, 55.716342499999996], [37.600127, 55.7163931]]]}}, {"type": "Feature", "properties": {"id": 1443, "object_type": "restriction", "restriction_type": "road"}, "geometry": {"type": "Polygon", "coordinates": [[[37.610690166694965, 55.7097916552834], [37.61078563330422, 55.709790744698026], [37.61078346946099, 55.709718433442255], [37.61068794344728, 55.70971735279197], [37.610690166694965, 55.7097916552834]]]}}, {"type": "Feature", "properties": {"id": 1444, "object_type": "restriction", "restriction_type": "oks"}, "geometry": {"type": "Polygon", "coordinates": [[[37.6031777, 55.71229939999999], [37.603198, 55.71229509999999], [37.6032138, 55.71228669999998], [37.6032226, 55.7122755], [37.6032233, 55.71226329999999], [37.6032155, 55.712251899999984], [37.6032022, 55.712243900000004], [37.6032281, 55.7122381], [37.6032485, 55.71222689999998], [37.6032597, 55.71221210000001], [37.6032601, 55.712196], [37.6032495, 55.712181099999995], [37.6032299, 55.7121698], [37.6032469, 55.71216619999999], [37.6032627, 55.7121578], [37.6032715, 55.71214659999999], [37.6032722, 55.71213439999999], [37.6032644, 55.71212299999999], [37.6032495, 55.712114099999994], [37.6032297, 55.71210889999998], [37.6030782, 55.71208930000001], [37.6031112, 55.71200739999999], [37.6029373, 55.7119878], [37.602905500000006, 55.7120717], [37.6025168, 55.71202879999999], [37.6024514, 55.71221729999999], [37.6028342, 55.71225939999999], [37.602801, 55.7123469], [37.6029664, 55.712366499999995], [37.6029689, 55.71236029999999], [37.6030016, 55.7122792], [37.60316530000001, 55.712299200000004], [37.6031777, 55.71229939999999]]]}}, {"type": "Feature", "properties": {"id": 1445, "object_type": "restriction", "restriction_type": "road"}, "geometry": {"type": "Polygon", "coordinates": [[[37.61570174536379, 55.71407168798888], [37.61570114438983, 55.71327288855896], [37.61570114079512, 55.71327256906525], [37.61568734005611, 55.71263807067278], [37.61568664005092, 55.712605572272274], [37.61559115994859, 55.71260622770919], [37.61559185990895, 55.71263872770924], [37.61560565573027, 55.713273071175315], [37.61560625463605, 55.71407171141757], [37.61560665404615, 55.71455601255663], [37.61560665520891, 55.71455618853449], [37.61560765511046, 55.71463688853435], [37.61570314488939, 55.71463651144709], [37.61570214588135, 55.714555899434814], [37.61570174536379, 55.71407168798888]]]}}, {"type": "Feature", "properties": {"id": 1446, "object_type": "restriction", "restriction_type": "oks"}, "geometry": {"type": "Polygon", "coordinates": [[[37.6034584, 55.71858819999999], [37.60348780000001, 55.718581900000004], [37.6037768, 55.7185203], [37.6037191, 55.7184345], [37.6034007, 55.7185024], [37.6034584, 55.71858819999999]]]}}, {"type": "Feature", "properties": {"id": 1447, "object_type": "restriction", "restriction_type": "oks"}, "geometry": {"type": "Polygon", "coordinates": [[[37.6026698, 55.71881359999998], [37.6026501, 55.718781699999994], [37.6026756, 55.71877589999999], [37.6026642, 55.7187561], [37.6026827, 55.7187531], [37.6026846, 55.71875599999999], [37.6027001, 55.71875320000001], [37.6027102, 55.71876929999999], [37.6028316, 55.71874529999999], [37.6028216, 55.7187287], [37.6030436, 55.71868359999997], [37.6030427, 55.7186802], [37.6030628, 55.71867619999999], [37.6031182, 55.71866529999999], [37.60307670000001, 55.7185957], [37.6030016, 55.71860949999999], [37.6029711, 55.7185614], [37.6025483, 55.718642900000006], [37.6025666, 55.71867339999999], [37.6022146, 55.7187407], [37.6023076, 55.718882900000004], [37.6026698, 55.71881359999998]]]}}, {"type": "Feature", "properties": {"id": 1448, "object_type": "restriction", "restriction_type": "oks"}, "geometry": {"type": "Polygon", "coordinates": [[[37.6007866, 55.715335599999996], [37.6007696, 55.7153822], [37.6008193, 55.71538799999999], [37.6008954, 55.71539869999999], [37.6009314, 55.7153117], [37.6008056, 55.71529519999999], [37.6007866, 55.715335599999996]]]}}, {"type": "Feature", "properties": {"id": 1449, "object_type": "restriction", "restriction_type": "oks"}, "geometry": {"type": "Polygon", "coordinates": [[[37.6013422, 55.71486819999999], [37.6013106, 55.714864299999995], [37.601303900000005, 55.7148815], [37.6013363, 55.7148854], [37.6013272, 55.714909199999994], [37.6014722, 55.7149269], [37.6015104, 55.7149094], [37.6015192, 55.7148862], [37.6014975, 55.71485989999999], [37.6013522, 55.7148422], [37.6013422, 55.71486819999999]]]}}, {"type": "Feature", "properties": {"id": 1450, "object_type": "restriction", "restriction_type": "road"}, "geometry": {"type": "Polygon", "coordinates": [[[37.62073644866233, 55.71108819232164], [37.62077754864265, 55.71111689234623], [37.620779519993974, 55.711118224481346], [37.62093271994386, 55.71121842457069], [37.62107727992623, 55.71114797538587], [37.620925084550095, 55.71104843258071], [37.620886569224716, 55.711021537487156], [37.62022957659274, 55.71050851531702], [37.62007482328278, 55.71057168463344], [37.620733322784076, 55.711085885043204], [37.62073644866233, 55.71108819232164]]]}}, {"type": "Feature", "properties": {"id": 1451, "object_type": "restriction", "restriction_type": "oks"}, "geometry": {"type": "Polygon", "coordinates": [[[37.6051323, 55.7146577], [37.605311, 55.7146408], [37.6053009, 55.714607], [37.6052915, 55.7145754], [37.6051128, 55.71459229999999], [37.6051323, 55.7146577]]]}}, {"type": "Feature", "properties": {"id": 1452, "object_type": "restriction", "restriction_type": "oks"}, "geometry": {"type": "Polygon", "coordinates": [[[37.60470120000001, 55.714977], [37.6049643, 55.71495089999999], [37.60494190000001, 55.714878899999995], [37.6046788, 55.71490499999999], [37.60470120000001, 55.714977]]]}}, {"type": "Feature", "properties": {"id": 1453, "object_type": "restriction", "restriction_type": "oks"}, "geometry": {"type": "Polygon", "coordinates": [[[37.6022881, 55.715671], [37.6023211, 55.7155725], [37.6020964, 55.71554859999999], [37.6020634, 55.715647099999984], [37.6022881, 55.715671]]]}}, {"type": "Feature", "properties": {"id": 1454, "object_type": "restriction", "restriction_type": "oks"}, "geometry": {"type": "Polygon", "coordinates": [[[37.6014746, 55.7156622], [37.601511, 55.7155678], [37.6015308, 55.7155102], [37.6014083, 55.715498], [37.6013516, 55.715648], [37.6014746, 55.7156622]]]}}, {"type": "Feature", "properties": {"id": 1455, "object_type": "restriction", "restriction_type": "oks"}, "geometry": {"type": "Polygon", "coordinates": [[[37.6021692, 55.718820699999995], [37.6021958, 55.718814900000005], [37.602163, 55.7187669], [37.6021369, 55.71877249999999], [37.6020774, 55.71878539999999], [37.6021102, 55.718833399999994], [37.6021692, 55.718820699999995]]]}}, {"type": "Feature", "properties": {"id": 1456, "object_type": "restriction", "restriction_type": "oks"}, "geometry": {"type": "Polygon", "coordinates": [[[37.6082362, 55.70982349999999], [37.6082375, 55.709848], [37.6082473, 55.7100256], [37.6084377, 55.710022300000006], [37.6086282, 55.71001900000001], [37.6088099, 55.71011179999999], [37.6089915, 55.71020459999999], [37.6089963, 55.71029130000001], [37.6090011, 55.710377900000005], [37.6092939, 55.7103728], [37.6093553, 55.7103718], [37.609341, 55.71011149999998], [37.6092876, 55.7100349], [37.6091026, 55.709940499999995], [37.6089168, 55.7098456], [37.6087869, 55.70981389999999], [37.6082362, 55.70982349999999]]]}}, {"type": "Feature", "properties": {"id": 1457, "object_type": "restriction", "restriction_type": "oks"}, "geometry": {"type": "Polygon", "coordinates": [[[37.6068583, 55.7111329], [37.6068662, 55.71119639999999], [37.6069079, 55.71125159999999], [37.606946, 55.7112794], [37.6069789, 55.71129680000001], [37.6070719, 55.711326899999996], [37.6071773, 55.7113388], [37.6072244, 55.711336], [37.6072184, 55.711239400000004], [37.6072829, 55.711202100000015], [37.6073474, 55.7111649], [37.6075235, 55.71116140000001], [37.6075021, 55.7110891], [37.6074508, 55.71103639999999], [37.6073672, 55.71099370000001], [37.6072635, 55.7109693], [37.6071514, 55.7109657], [37.6070438, 55.7109833], [37.6069526, 55.711020099999985], [37.6068982, 55.71106100000001], [37.6068883, 55.711071899999986], [37.6068583, 55.7111329]]]}}, {"type": "Feature", "properties": {"id": 1458, "object_type": "restriction", "restriction_type": "oks"}, "geometry": {"type": "Polygon", "coordinates": [[[37.6018705, 55.71332999999999], [37.6019053, 55.713254099999986], [37.6017798, 55.713235899999994], [37.6017451, 55.713311799999985], [37.6018705, 55.71332999999999]]]}}, {"type": "Feature", "properties": {"id": 1459, "object_type": "restriction", "restriction_type": "oks"}, "geometry": {"type": "Polygon", "coordinates": [[[37.6031312, 55.713494999999995], [37.6032592, 55.713511200000006], [37.6032887, 55.713437599999985], [37.6031606, 55.71342130000001], [37.6031312, 55.713494999999995]]]}}, {"type": "Feature", "properties": {"id": 1460, "object_type": "restriction", "restriction_type": "oks"}, "geometry": {"type": "Polygon", "coordinates": [[[37.612480100000006, 55.71343449999999], [37.612303, 55.7134399], [37.6123157, 55.71357329999999], [37.6124929, 55.7135679], [37.612480100000006, 55.71343449999999]]]}}, {"type": "Feature", "properties": {"id": 1461, "object_type": "restriction", "restriction_type": "kindergarten"}, "geometry": {"type": "Polygon", "coordinates": [[[37.6124814, 55.7139573], [37.612365, 55.71401339999999], [37.6121361, 55.713860999999994], [37.6118959, 55.7138649], [37.6110697, 55.714319999999994], [37.611068, 55.7145105], [37.612198600000006, 55.7145037], [37.6124929, 55.714501899999995], [37.612495, 55.7144368], [37.6124814, 55.7139573]]]}}, {"type": "Feature", "properties": {"id": 1462, "object_type": "restriction", "restriction_type": "oks"}, "geometry": {"type": "Polygon", "coordinates": [[[37.61068000000001, 55.71332209999999], [37.6106784, 55.7133038], [37.6106539, 55.71330439999999], [37.6106555, 55.71332280000001], [37.61068000000001, 55.71332209999999]]]}}, {"type": "Feature", "properties": {"id": 1463, "object_type": "restriction", "restriction_type": "oks"}, "geometry": {"type": "Polygon", "coordinates": [[[37.5994874, 55.713176], [37.5995765, 55.71318019999999], [37.599584, 55.71313039999999], [37.5994123, 55.7131223], [37.5994049, 55.713172099999994], [37.5994874, 55.713176]]]}}, {"type": "Feature", "properties": {"id": 1464, "object_type": "restriction", "restriction_type": "oks"}, "geometry": {"type": "Polygon", "coordinates": [[[37.6003919, 55.71396429999999], [37.6004824, 55.71374649999999], [37.6005141, 55.71375069999999], [37.6005979, 55.713549300000004], [37.600589, 55.71354809999998], [37.60060850000001, 55.713501199999996], [37.6005135, 55.7134887], [37.6004963, 55.71352999999999], [37.600415000000005, 55.713519299999994], [37.6003689, 55.71363010000001], [37.60039150000001, 55.713633], [37.60026090000001, 55.713947], [37.6003919, 55.71396429999999]]]}}, {"type": "Feature", "properties": {"id": 1465, "object_type": "restriction", "restriction_type": "oks"}, "geometry": {"type": "Polygon", "coordinates": [[[37.6125679, 55.713306499999995], [37.6125662, 55.713281599999995], [37.6125046, 55.7132829], [37.6125063, 55.713307799999995], [37.6125679, 55.713306499999995]]]}}, {"type": "Feature", "properties": {"id": 1466, "object_type": "restriction", "restriction_type": "oks"}, "geometry": {"type": "Polygon", "coordinates": [[[37.6125281, 55.71321819999999], [37.6125276, 55.7131961], [37.6124533, 55.71319660000001], [37.6124538, 55.71321869999999], [37.6125281, 55.71321819999999]]]}}, {"type": "Feature", "properties": {"id": 1467, "object_type": "restriction", "restriction_type": "oks"}, "geometry": {"type": "Polygon", "coordinates": [[[37.6097167, 55.71640549999999], [37.6097118, 55.716323800000005], [37.6096146, 55.71632559999999], [37.60961950000001, 55.71640739999998], [37.6097167, 55.71640549999999]]]}}, {"type": "Feature", "properties": {"id": 1468, "object_type": "restriction", "restriction_type": "kindergarten"}, "geometry": {"type": "Polygon", "coordinates": [[[37.60435420000001, 55.7097123], [37.60438383368709, 55.70964587238182], [37.60389514655468, 55.70964031778128], [37.60435420000001, 55.7097123]]]}}, {"type": "Feature", "properties": {"id": 1469, "object_type": "restriction", "restriction_type": "oks"}, "geometry": {"type": "Polygon", "coordinates": [[[37.6064685, 55.7112696], [37.6065549, 55.71129179999999], [37.6065759, 55.711265999999995], [37.6064894, 55.7112438], [37.6064685, 55.7112696]]]}}, {"type": "Feature", "properties": {"id": 1470, "object_type": "restriction", "restriction_type": "oks"}, "geometry": {"type": "Polygon", "coordinates": [[[37.6058989, 55.7115138], [37.6058654, 55.7114169], [37.605802, 55.71142379999999], [37.6058356, 55.7115207], [37.6058989, 55.7115138]]]}}, {"type": "Feature", "properties": {"id": 1471, "object_type": "restriction", "restriction_type": "oks"}, "geometry": {"type": "Polygon", "coordinates": [[[37.6059591, 55.71412579999999], [37.6060992, 55.7141055], [37.6060777, 55.7140582], [37.6059385, 55.7140787], [37.6059591, 55.71412579999999]]]}}, {"type": "Feature", "properties": {"id": 1472, "object_type": "restriction", "restriction_type": "oks"}, "geometry": {"type": "Polygon", "coordinates": [[[37.605766100000004, 55.71170839999999], [37.6057503, 55.7116036], [37.605422, 55.71162120000001], [37.6054864, 55.71141570000001], [37.6052933, 55.71140059999999], [37.6051964, 55.7117386], [37.6054059, 55.711726999999996], [37.605766100000004, 55.71170839999999]]]}}, {"type": "Feature", "properties": {"id": 1473, "object_type": "restriction", "restriction_type": "oks"}, "geometry": {"type": "Polygon", "coordinates": [[[37.6059609, 55.7116991], [37.6059263, 55.711594299999994], [37.6057503, 55.7116036], [37.605766100000004, 55.71170839999999], [37.6059609, 55.7116991]]]}}, {"type": "Feature", "properties": {"id": 1474, "object_type": "restriction", "restriction_type": "oks"}, "geometry": {"type": "Polygon", "coordinates": [[[37.6066155, 55.7151643], [37.6065983, 55.7151173], [37.6064878, 55.715129999999995], [37.606505, 55.7151771], [37.6066155, 55.7151643]]]}}, {"type": "Feature", "properties": {"id": 1475, "object_type": "restriction", "restriction_type": "road"}, "geometry": {"type": "Polygon", "coordinates": [[[37.59925030898951, 55.71918459706002], [37.59883646931077, 55.718845992159146], [37.59875718767477, 55.718777246165025], [37.598753756039315, 55.7188730816582], [37.59875678103429, 55.7188757046645], [37.598757494571295, 55.718876305585724], [37.599171692696295, 55.71921520433197], [37.59921079096258, 55.71924720293955], [37.59921106446913, 55.719247424399995], [37.59930006443238, 55.71931872442793], [37.59937813553676, 55.719287675559485], [37.5992892732357, 55.71921648593087], [37.59925030898951, 55.71918459706002]]]}}, {"type": "Feature", "properties": {"id": 1476, "object_type": "restriction", "restriction_type": "oks"}, "geometry": {"type": "Polygon", "coordinates": [[[37.6019704, 55.7195115], [37.6024955, 55.7193994], [37.6024738, 55.7193689], [37.6028295, 55.71929029999999], [37.6029006, 55.71939279999999], [37.6026369, 55.71944849999999], [37.6026328, 55.719442499999985], [37.6023929, 55.7194918], [37.6024394, 55.719561], [37.6027404, 55.7194967], [37.6028244, 55.71947889999999], [37.6029618, 55.7194499], [37.6031659, 55.71940659999999], [37.6029726, 55.7191211], [37.6028457, 55.7191487], [37.6028296, 55.719132600000016], [37.6023686, 55.7192302], [37.6023784, 55.7192465], [37.6021688, 55.719289799999984], [37.6021575, 55.7192761], [37.6018514, 55.7193414], [37.6019704, 55.7195115]]]}}, {"type": "Feature", "properties": {"id": 1477, "object_type": "restriction", "restriction_type": "oks"}, "geometry": {"type": "Polygon", "coordinates": [[[37.6011288, 55.71969279999998], [37.6019704, 55.7195115], [37.6018514, 55.7193414], [37.6010126, 55.7195208], [37.6011288, 55.71969279999998]]]}}, {"type": "Feature", "properties": {"id": 1478, "object_type": "restriction", "restriction_type": "oks"}, "geometry": {"type": "Polygon", "coordinates": [[[37.6040153, 55.712021199999995], [37.6044678, 55.71207760000001], [37.6045231, 55.711936699999995], [37.6040706, 55.7118803], [37.6040153, 55.712021199999995]]]}}, {"type": "Feature", "properties": {"id": 1479, "object_type": "restriction", "restriction_type": "oks"}, "geometry": {"type": "Polygon", "coordinates": [[[37.6044849, 55.71281679999999], [37.6045494, 55.712644], [37.6043388, 55.7126191], [37.6042743, 55.7127919], [37.6044849, 55.71281679999999]]]}}, {"type": "Feature", "properties": {"id": 1480, "object_type": "restriction", "restriction_type": "oks"}, "geometry": {"type": "Polygon", "coordinates": [[[37.6042148, 55.7127812], [37.604266, 55.7126423], [37.6038077, 55.712588700000005], [37.6037566, 55.7127276], [37.6042148, 55.7127812]]]}}, {"type": "Feature", "properties": {"id": 1481, "object_type": "restriction", "restriction_type": "oks"}, "geometry": {"type": "Polygon", "coordinates": [[[37.6037115, 55.71272129999999], [37.6037717, 55.7125467], [37.60357460000001, 55.71252509999999], [37.6035144, 55.712699699999995], [37.6037115, 55.71272129999999]]]}}, {"type": "Feature", "properties": {"id": 1482, "object_type": "restriction", "restriction_type": "oks"}, "geometry": {"type": "Polygon", "coordinates": [[[37.6045211, 55.71212019999999], [37.6047301, 55.712148], [37.6048039, 55.711972], [37.6045949, 55.71194419999999], [37.6045211, 55.71212019999999]]]}}, {"type": "Feature", "properties": {"id": 1483, "object_type": "restriction", "restriction_type": "oks"}, "geometry": {"type": "Polygon", "coordinates": [[[37.6037366, 55.712021199999995], [37.6039483, 55.7120461], [37.604014, 55.71186859999999], [37.6038023, 55.7118437], [37.6037366, 55.712021199999995]]]}}, {"type": "Feature", "properties": {"id": 1484, "object_type": "restriction", "restriction_type": "oks"}, "geometry": {"type": "Polygon", "coordinates": [[[37.603696, 55.711929000000005], [37.6033333, 55.7118912], [37.6032739, 55.71176819999999], [37.6031331, 55.71175420000001], [37.6031301, 55.711763700000006], [37.6032604, 55.71177670000001], [37.6033197, 55.71189919999999], [37.603693, 55.71193809999999], [37.603696, 55.711929000000005]]]}}, {"type": "Feature", "properties": {"id": 1485, "object_type": "restriction", "restriction_type": "oks"}, "geometry": {"type": "Polygon", "coordinates": [[[37.6035273, 55.71131510000001], [37.6035473, 55.711265399999995], [37.6035907, 55.711270999999996], [37.6035941, 55.7112624], [37.6035509, 55.711256899999995], [37.6035708, 55.71120779999999], [37.6035564, 55.7112059], [37.6035366, 55.71125519999998], [37.6034922, 55.7112495], [37.60348880000001, 55.711258], [37.603533000000006, 55.711263699999996], [37.603513, 55.7113132], [37.6035273, 55.71131510000001]]]}}, {"type": "Feature", "properties": {"id": 1486, "object_type": "restriction", "restriction_type": "oks"}, "geometry": {"type": "Polygon", "coordinates": [[[37.6041728, 55.71126749999999], [37.6041766, 55.711257499999995], [37.603852, 55.711218200000005], [37.6038482, 55.71122819999999], [37.6041728, 55.71126749999999]]]}}, {"type": "Feature", "properties": {"id": 1487, "object_type": "restriction", "restriction_type": "oks"}, "geometry": {"type": "Polygon", "coordinates": [[[37.6037256, 55.7115594], [37.6037974, 55.711321], [37.6037791, 55.71131929999998], [37.603707400000005, 55.71155759999999], [37.6037256, 55.7115594]]]}}, {"type": "Feature", "properties": {"id": 1488, "object_type": "restriction", "restriction_type": "oks"}, "geometry": {"type": "Polygon", "coordinates": [[[37.6042009, 55.7113544], [37.604184200000006, 55.7113524], [37.6041104, 55.7115466], [37.6041272, 55.71154860000001], [37.6042009, 55.7113544]]]}}, {"type": "Feature", "properties": {"id": 1489, "object_type": "restriction", "restriction_type": "oks"}, "geometry": {"type": "Polygon", "coordinates": [[[37.6032747, 55.7116742], [37.603297500000004, 55.711585400000004], [37.6032789, 55.711583899999994], [37.6032561, 55.711672699999994], [37.6032747, 55.7116742]]]}}, {"type": "Feature", "properties": {"id": 1490, "object_type": "restriction", "restriction_type": "oks"}, "geometry": {"type": "Polygon", "coordinates": [[[37.602721, 55.712387799999995], [37.6027048, 55.71238590000001], [37.6026341, 55.7125708], [37.6026503, 55.71257279999999], [37.602721, 55.712387799999995]]]}}, {"type": "Feature", "properties": {"id": 1491, "object_type": "restriction", "restriction_type": "oks"}, "geometry": {"type": "Polygon", "coordinates": [[[37.6032129, 55.711816099999986], [37.6032164, 55.71180639999999], [37.6031272, 55.71179620000001], [37.603123700000005, 55.71180590000001], [37.6032129, 55.711816099999986]]]}}, {"type": "Feature", "properties": {"id": 1492, "object_type": "restriction", "restriction_type": "oks"}, "geometry": {"type": "Polygon", "coordinates": [[[37.6030354, 55.71187319999999], [37.6030655, 55.71177389999999], [37.6030492, 55.71177230000001], [37.6030191, 55.7118717], [37.6030354, 55.71187319999999]]]}}, {"type": "Feature", "properties": {"id": 1493, "object_type": "restriction", "restriction_type": "oks"}, "geometry": {"type": "Polygon", "coordinates": [[[37.6026633, 55.7123804], [37.6026485, 55.712378599999994], [37.6025778, 55.7125634], [37.6025926, 55.71256520000001], [37.6026633, 55.7123804]]]}}, {"type": "Feature", "properties": {"id": 1494, "object_type": "restriction", "restriction_type": "oks"}, "geometry": {"type": "Polygon", "coordinates": [[[37.603239, 55.711865999999986], [37.6032422, 55.711856799999985], [37.6031537, 55.71184689999998], [37.6031505, 55.71185619999999], [37.603239, 55.711865999999986]]]}}, {"type": "Feature", "properties": {"id": 1495, "object_type": "restriction", "restriction_type": "oks"}, "geometry": {"type": "Polygon", "coordinates": [[[37.6039501, 55.711384599999995], [37.6039541, 55.71137499999999], [37.6038635, 55.711363299999995], [37.6038596, 55.71137289999999], [37.6039501, 55.711384599999995]]]}}, {"type": "Feature", "properties": {"id": 1496, "object_type": "restriction", "restriction_type": "oks"}, "geometry": {"type": "Polygon", "coordinates": [[[37.603934, 55.71142239999999], [37.6039375, 55.711413], [37.6038477, 55.71140239999999], [37.6038442, 55.7114118], [37.603934, 55.71142239999999]]]}}, {"type": "Feature", "properties": {"id": 1497, "object_type": "restriction", "restriction_type": "oks"}, "geometry": {"type": "Polygon", "coordinates": [[[37.6041573, 55.71131059999998], [37.6038361, 55.71126869999999], [37.6038324, 55.711277799999976], [37.6041372, 55.7113176], [37.6040423, 55.71152059999999], [37.6040581, 55.711522900000006], [37.6041573, 55.71131059999998]]]}}, {"type": "Feature", "properties": {"id": 1498, "object_type": "restriction", "restriction_type": "oks"}, "geometry": {"type": "Polygon", "coordinates": [[[37.6039989, 55.7115885], [37.6038119, 55.711562900000004], [37.6038405, 55.7114777], [37.6038247, 55.711476], [37.603793200000005, 55.7115697], [37.6039951, 55.711597299999994], [37.6039989, 55.7115885]]]}}, {"type": "Feature", "properties": {"id": 1499, "object_type": "restriction", "restriction_type": "oks"}, "geometry": {"type": "Polygon", "coordinates": [[[37.6034054, 55.7116027], [37.6035812, 55.71161980000001], [37.6035741, 55.71164279999999], [37.6035905, 55.711644400000004], [37.6036004, 55.711612099999996], [37.6034083, 55.711593500000006], [37.6034054, 55.7116027]]]}}, {"type": "Feature", "properties": {"id": 1500, "object_type": "restriction", "restriction_type": "oks"}, "geometry": {"type": "Polygon", "coordinates": [[[37.6031577, 55.711661200000016], [37.6031749, 55.71166269999999], [37.6032088, 55.71154349999999], [37.6035917, 55.71157809999998], [37.6035946, 55.711568099999994], [37.6031945, 55.71153189999999], [37.6031577, 55.711661200000016]]]}}, {"type": "Feature", "properties": {"id": 1501, "object_type": "restriction", "restriction_type": "oks"}, "geometry": {"type": "Polygon", "coordinates": [[[37.6034083, 55.7116276], [37.6033909, 55.7116262], [37.6033775, 55.7116802], [37.6037463, 55.71170929999999], [37.6037488, 55.7116992], [37.6033973, 55.71167150000001], [37.6034083, 55.7116276]]]}}, {"type": "Feature", "properties": {"id": 1502, "object_type": "restriction", "restriction_type": "oks"}, "geometry": {"type": "Polygon", "coordinates": [[[37.6034693, 55.7113935], [37.6032936, 55.711369499999996], [37.6033454, 55.71124890000001], [37.6033291, 55.7112467], [37.60327300000001, 55.71137699999999], [37.6034651, 55.71140319999999], [37.6034693, 55.7113935]]]}}, {"type": "Feature", "properties": {"id": 1503, "object_type": "restriction", "restriction_type": "oks"}, "geometry": {"type": "Polygon", "coordinates": [[[37.6035438, 55.711363599999984], [37.6035404, 55.711371799999995], [37.603641, 55.71138499999999], [37.6036746, 55.711303399999984], [37.6036606, 55.71130159999999], [37.6036304, 55.711374899999996], [37.6035438, 55.711363599999984]]]}}, {"type": "Feature", "properties": {"id": 1504, "object_type": "restriction", "restriction_type": "oks"}, "geometry": {"type": "Polygon", "coordinates": [[[37.60346750000001, 55.71123469999999], [37.6034818, 55.7112365], [37.6035025, 55.71118679999999], [37.6035451, 55.7111919], [37.603548, 55.7111844], [37.6034913, 55.71117760000001], [37.60346750000001, 55.71123469999999]]]}}, {"type": "Feature", "properties": {"id": 1505, "object_type": "restriction", "restriction_type": "oks"}, "geometry": {"type": "Polygon", "coordinates": [[[37.60340360000001, 55.71126869999999], [37.6033885, 55.71126679999998], [37.6033557, 55.7113474], [37.6034587, 55.7113607], [37.603462, 55.7113527], [37.603374, 55.7113414], [37.60340360000001, 55.71126869999999]]]}}, {"type": "Feature", "properties": {"id": 1506, "object_type": "restriction", "restriction_type": "oks"}, "geometry": {"type": "Polygon", "coordinates": [[[37.603624, 55.7118884], [37.6036279, 55.71187729999999], [37.6034135, 55.71185340000001], [37.603425300000005, 55.71181970000001], [37.6034098, 55.711817999999994], [37.6033941, 55.7118628], [37.603624, 55.7118884]]]}}, {"type": "Feature", "properties": {"id": 1507, "object_type": "restriction", "restriction_type": "oks"}, "geometry": {"type": "Polygon", "coordinates": [[[37.6037485, 55.71129830000001], [37.6037318, 55.711296], [37.6036797, 55.71142079999999], [37.603508, 55.711397999999996], [37.6035041, 55.711407400000006], [37.6036924, 55.71143239999999], [37.6037485, 55.71129830000001]]]}}, {"type": "Feature", "properties": {"id": 1508, "object_type": "restriction", "restriction_type": "oks"}, "geometry": {"type": "Polygon", "coordinates": [[[37.6036163, 55.71112550000001], [37.6037927, 55.71114759999999], [37.6037412, 55.711272199999996], [37.6037577, 55.711274299999985], [37.6038127, 55.71114129999999], [37.6036195, 55.7111172], [37.6036163, 55.71112550000001]]]}}, {"type": "Feature", "properties": {"id": 1509, "object_type": "restriction", "restriction_type": "oks"}, "geometry": {"type": "Polygon", "coordinates": [[[37.6035393, 55.711152], [37.6035429, 55.71114399999998], [37.6034407, 55.7111293], [37.6034088, 55.71121289999999], [37.6034229, 55.7112146], [37.6034515, 55.71113929999999], [37.6035393, 55.711152]]]}}, {"type": "Feature", "properties": {"id": 1510, "object_type": "restriction", "restriction_type": "oks"}, "geometry": {"type": "Polygon", "coordinates": [[[37.6037395, 55.71168029999998], [37.6037566, 55.7116816], [37.6037659, 55.711640999999986], [37.6039197, 55.7116522], [37.603922, 55.7116424], [37.6037511, 55.71162999999999], [37.6037395, 55.71168029999998]]]}}, {"type": "Feature", "properties": {"id": 1511, "object_type": "restriction", "restriction_type": "oks"}, "geometry": {"type": "Polygon", "coordinates": [[[37.6033828, 55.71179229999999], [37.6037083, 55.71182559999998], [37.603686100000004, 55.711894599999994], [37.6037019, 55.71189619999999], [37.60372710000001, 55.71181820000001], [37.6033857, 55.711783200000006], [37.6033828, 55.71179229999999]]]}}, {"type": "Feature", "properties": {"id": 1512, "object_type": "restriction", "restriction_type": "oks"}, "geometry": {"type": "Polygon", "coordinates": [[[37.6035926, 55.71119100000001], [37.6035895, 55.711198700000004], [37.6036327, 55.71120419999999], [37.603613, 55.711254200000006], [37.6036261, 55.7112558], [37.6036489, 55.7111982], [37.6035926, 55.71119100000001]]]}}, {"type": "Feature", "properties": {"id": 1513, "object_type": "restriction", "restriction_type": "oks"}, "geometry": {"type": "Polygon", "coordinates": [[[37.6036162, 55.7112826], [37.6036029, 55.7112805], [37.6035781, 55.7113302], [37.6035391, 55.711324], [37.6035351, 55.71133209999999], [37.6035874, 55.7113404], [37.6036162, 55.7112826]]]}}, {"type": "Feature", "properties": {"id": 1514, "object_type": "restriction", "restriction_type": "oks"}, "geometry": {"type": "Polygon", "coordinates": [[[37.60372770000001, 55.7111714], [37.6036288, 55.711157199999995], [37.6036255, 55.711164499999995], [37.6037119, 55.7111769], [37.6036811, 55.711251100000005], [37.6036938, 55.711252800000004], [37.60372770000001, 55.7111714]]]}}, {"type": "Feature", "properties": {"id": 1515, "object_type": "restriction", "restriction_type": "oks"}, "geometry": {"type": "Polygon", "coordinates": [[[37.6039019, 55.7113265], [37.6038983, 55.711334699999995], [37.6040342, 55.71135339999999], [37.6039595, 55.71151959999999], [37.6039743, 55.71152180000001], [37.6040527, 55.7113472], [37.6039019, 55.7113265]]]}}, {"type": "Feature", "properties": {"id": 1516, "object_type": "restriction", "restriction_type": "oks"}, "geometry": {"type": "Polygon", "coordinates": [[[37.603341300000004, 55.711216900000004], [37.6033565, 55.711218699999996], [37.6034023, 55.7110942], [37.6035769, 55.7111205], [37.6035807, 55.7111126], [37.6033902, 55.711083900000006], [37.603341300000004, 55.711216900000004]]]}}, {"type": "Feature", "properties": {"id": 1517, "object_type": "restriction", "restriction_type": "oks"}, "geometry": {"type": "Polygon", "coordinates": [[[37.6034714, 55.7112645], [37.603457, 55.71126259999999], [37.603434, 55.71131950000001], [37.6034923, 55.711327], [37.6034957, 55.711318799999994], [37.6034517, 55.71131319999999], [37.6034714, 55.7112645]]]}}, {"type": "Feature", "properties": {"id": 1518, "object_type": "restriction", "restriction_type": "oks"}, "geometry": {"type": "Polygon", "coordinates": [[[37.6039557, 55.711714699999995], [37.6038375, 55.71170669999999], [37.6038355, 55.711716499999994], [37.6039702, 55.711725599999994], [37.6039944, 55.7116205], [37.6037128, 55.7115862], [37.6037084, 55.7115974], [37.6039751, 55.71163], [37.6039557, 55.711714699999995]]]}}, {"type": "Feature", "properties": {"id": 1519, "object_type": "restriction", "restriction_type": "oks"}, "geometry": {"type": "Polygon", "coordinates": [[[37.6024873, 55.713255], [37.6025049, 55.7132574], [37.6025283, 55.7132016], [37.602512, 55.7131994], [37.6025021, 55.71322299999999], [37.6020232, 55.7131592], [37.6020326, 55.7131368], [37.602017200000006, 55.71313469999999], [37.60199370000001, 55.7131907], [37.6020088, 55.71319269999999], [37.6020189, 55.7131687], [37.6024969, 55.713232299999994], [37.6024873, 55.713255]]]}}, {"type": "Feature", "properties": {"id": 1520, "object_type": "restriction", "restriction_type": "oks"}, "geometry": {"type": "Polygon", "coordinates": [[[37.6012059, 55.71308659999999], [37.6012233, 55.713088899999995], [37.6012459, 55.71303290000001], [37.6012293, 55.71303079999999], [37.6012199, 55.7130541], [37.6008291, 55.713003999999984], [37.6008384, 55.7129811], [37.6008232, 55.7129791], [37.6008005, 55.71303519999999], [37.6008158, 55.713037199999995], [37.6008253, 55.7130135], [37.60121530000001, 55.713063399999996], [37.6012059, 55.71308659999999]]]}}, {"type": "Feature", "properties": {"id": 1521, "object_type": "restriction", "restriction_type": "oks"}, "geometry": {"type": "Polygon", "coordinates": [[[37.6043022, 55.71349309999999], [37.6043196, 55.7134953], [37.6043418, 55.7134393], [37.6043252, 55.713437199999994], [37.604316, 55.713460500000004], [37.6039249, 55.713411199999996], [37.603934, 55.7133883], [37.6039187, 55.71338640000001], [37.6038964, 55.71344249999999], [37.6039117, 55.7134445], [37.6039211, 55.7134207], [37.6043114, 55.7134699], [37.6043022, 55.71349309999999]]]}}, {"type": "Feature", "properties": {"id": 1522, "object_type": "restriction", "restriction_type": "oks"}, "geometry": {"type": "Polygon", "coordinates": [[[37.6037667, 55.7134251], [37.603784, 55.7134275], [37.6038081, 55.71337169999999], [37.60379160000001, 55.7133695], [37.6037816, 55.7133926], [37.6033922, 55.713339199999986], [37.6034021, 55.713316400000004], [37.6033869, 55.71331429999999], [37.6033627, 55.7133702], [37.6033779, 55.7133723], [37.6033881, 55.71334859999999], [37.6037767, 55.71340200000001], [37.6037667, 55.7134251]]]}}, {"type": "Feature", "properties": {"id": 1523, "object_type": "restriction", "restriction_type": "oks"}, "geometry": {"type": "Polygon", "coordinates": [[[37.603119, 55.713338300000004], [37.6031365, 55.7133407], [37.6031599, 55.713284900000005], [37.6031436, 55.713282699999986], [37.6031337, 55.71330629999999], [37.6026549, 55.71324250000001], [37.6026643, 55.713220099999994], [37.6026489, 55.71321799999999], [37.6026254, 55.713274], [37.6026404, 55.713276], [37.6026505, 55.7132519], [37.6031285, 55.713315599999994], [37.603119, 55.713338300000004]]]}}, {"type": "Feature", "properties": {"id": 1524, "object_type": "restriction", "restriction_type": "oks"}, "geometry": {"type": "Polygon", "coordinates": [[[37.6017462, 55.7131581], [37.6017636, 55.713160499999994], [37.6017877, 55.713104699999995], [37.6017712, 55.71310249999999], [37.6017611, 55.7131256], [37.6013718, 55.71307219999999], [37.6013817, 55.713049399999996], [37.6013665, 55.7130473], [37.6013423, 55.7131032], [37.6013575, 55.713105299999995], [37.6013677, 55.71308159999999], [37.6017562, 55.713135], [37.6017462, 55.7131581]]]}}, {"type": "Feature", "properties": {"id": 1525, "object_type": "restriction", "restriction_type": "road"}, "geometry": {"type": "Polygon", "coordinates": [[[37.615696348322636, 55.720067461526305], [37.61558565237199, 55.72005636193291], [37.61556894761639, 55.720109438066316], [37.61567964768884, 55.72012053807419], [37.61579645574266, 55.72013223888198], [37.615797427601926, 55.7201323304067], [37.616956228368984, 55.72023453047986], [37.61697097162068, 55.720181269519536], [37.61581265915362, 55.72007911252525], [37.615696348322636, 55.720067461526305]]]}}, {"type": "Feature", "properties": {"id": 1526, "object_type": "restriction", "restriction_type": "oks"}, "geometry": {"type": "Polygon", "coordinates": [[[37.6086796, 55.71835179999999], [37.6086739, 55.718337], [37.6086106, 55.7183446], [37.6086162, 55.7183594], [37.6086796, 55.71835179999999]]]}}, {"type": "Feature", "properties": {"id": 1527, "object_type": "restriction", "restriction_type": "oks"}, "geometry": {"type": "Polygon", "coordinates": [[[37.6084617, 55.71855560000001], [37.6084521, 55.718539299999996], [37.6083757, 55.7185539], [37.60838520000001, 55.7185703], [37.6084617, 55.71855560000001]]]}}, {"type": "Feature", "properties": {"id": 1528, "object_type": "restriction", "restriction_type": "oks"}, "geometry": {"type": "Polygon", "coordinates": [[[37.6140055, 55.71124149999999], [37.6140028, 55.7111987], [37.6138727, 55.71120139999999], [37.6138754, 55.71124409999999], [37.6140055, 55.71124149999999]]]}}, {"type": "Feature", "properties": {"id": 1529, "object_type": "restriction", "restriction_type": "road"}, "geometry": {"type": "Polygon", "coordinates": [[[37.61578931567934, 55.71467892656734], [37.6161887915745, 55.714682025606926], [37.61674430670602, 55.71468742381329], [37.61715644621588, 55.71469182316969], [37.61715802468007, 55.71469183019439], [37.61755292508801, 55.71469113019582], [37.617553758390265, 55.71469112598046], [37.6177095585512, 55.714689825979974], [37.61770744145029, 55.71460897401977], [37.617552058239085, 55.71461027054319], [37.61715836461932, 55.714610968407484], [37.61674695420606, 55.71460657683675], [37.61674683235915, 55.71460657559445], [37.61619113293273, 55.714601175603015], [37.61619088390538, 55.71460117342703], [37.615791638328865, 55.71459807617927], [37.615657092412754, 55.71459628090442], [37.61565370758307, 55.71467711909528], [37.615788607722244, 55.71467891909785], [37.61578931567934, 55.71467892656734]]]}}, {"type": "Feature", "properties": {"id": 1530, "object_type": "restriction", "restriction_type": "road"}, "geometry": {"type": "Polygon", "coordinates": [[[37.613659644916126, 55.714529674262415], [37.6136625446073, 55.714276474259684], [37.61356705539342, 55.71427612572177], [37.6135641604924, 55.71452885361849], [37.61355699506506, 55.714626281911045], [37.61365240493798, 55.71462851807042], [37.61365960481895, 55.714530618067016], [37.613659644916126, 55.714529674262415]]]}}, {"type": "Feature", "properties": {"id": 1531, "object_type": "restriction", "restriction_type": "oks"}, "geometry": {"type": "Polygon", "coordinates": [[[37.6190088, 55.71270479999998], [37.6190097, 55.71263449999999], [37.61901, 55.712610299999994], [37.6191627, 55.712610899999994], [37.6191652, 55.712424399999996], [37.6191659, 55.71236919999999], [37.6191664, 55.71233169999998], [37.6189254, 55.7123307], [37.6189249, 55.7123682], [37.6189234, 55.7124809], [37.6187938, 55.71248039999999], [37.6187908, 55.71270389999999], [37.6190088, 55.71270479999998]]]}}, {"type": "Feature", "properties": {"id": 1532, "object_type": "restriction", "restriction_type": "oks"}, "geometry": {"type": "Polygon", "coordinates": [[[37.6194215, 55.712706699999984], [37.6194225, 55.7126802], [37.6193355, 55.71267910000001], [37.6193345, 55.7127056], [37.6194215, 55.712706699999984]]]}}, {"type": "Feature", "properties": {"id": 1533, "object_type": "restriction", "restriction_type": "oks"}, "geometry": {"type": "Polygon", "coordinates": [[[37.6188925, 55.71226419999999], [37.6188943, 55.7122124], [37.6188218, 55.7122115], [37.6188201, 55.71226339999998], [37.6188925, 55.71226419999999]]]}}, {"type": "Feature", "properties": {"id": 1534, "object_type": "restriction", "restriction_type": "oks"}, "geometry": {"type": "Polygon", "coordinates": [[[37.6029098, 55.72151100000001], [37.6027254, 55.721300299999996], [37.6026495, 55.72131799999999], [37.6026536, 55.721354100000006], [37.6028196, 55.7215327], [37.6029098, 55.72151100000001]]]}}, {"type": "Feature", "properties": {"id": 1535, "object_type": "restriction", "restriction_type": "school"}, "geometry": {"type": "Polygon", "coordinates": [[[37.6042457, 55.7221504], [37.6043824, 55.7221013], [37.603944, 55.72149279999999], [37.60281530000001, 55.7218167], [37.6026743, 55.7218571], [37.6030271, 55.7221114], [37.60316785341175, 55.72221291856056], [37.60404413176136, 55.722222880745626], [37.6042457, 55.7221504]]]}}, {"type": "Feature", "properties": {"id": 1536, "object_type": "restriction", "restriction_type": "park"}, "geometry": {"type": "Polygon", "coordinates": [[[37.6049972, 55.7205098], [37.6049935, 55.720511900000005], [37.6049905, 55.7205144], [37.6049885, 55.72051709999999], [37.6049875, 55.72052009999999], [37.6049875, 55.7205231], [37.6049885, 55.720525999999985], [37.6049905, 55.720528699999996], [37.6049935, 55.720531199999996], [37.6049972, 55.7205333], [37.6050016, 55.720535], [37.6050065, 55.72053609999999], [37.6050117, 55.7205367], [37.605017, 55.7205367], [37.6050222, 55.7205361], [37.60502710000001, 55.72053499999999], [37.6050315, 55.7205333], [37.6050352, 55.7205312], [37.6050382, 55.720528699999996], [37.6050402, 55.72052599999999], [37.6050412, 55.720523], [37.6050412, 55.720520099999995], [37.6050402, 55.72051709999999], [37.6050381, 55.7205144], [37.6050352, 55.7205119], [37.6050315, 55.7205098], [37.60502710000001, 55.72050809999999], [37.6050222, 55.720507], [37.605017, 55.720506400000005], [37.6050117, 55.7205064], [37.6050065, 55.720507], [37.6050016, 55.720508099999996], [37.6049972, 55.7205098]]]}}, {"type": "Feature", "properties": {"id": 1537, "object_type": "restriction", "restriction_type": "road"}, "geometry": {"type": "Polygon", "coordinates": [[[37.608141158123864, 55.71191475641336], [37.60763450069644, 55.711927950099884], [37.60764329931444, 55.712035649899555], [37.60815020001091, 55.71202244988518], [37.60815068370852, 55.712022436594346], [37.608600275698485, 55.71200943682932], [37.60904446768395, 55.71199663706355], [37.609034732328226, 55.71188896293588], [37.60859053293816, 55.71190176292159], [37.608141158123864, 55.71191475641336]]]}}, {"type": "Feature", "properties": {"id": 1538, "object_type": "restriction", "restriction_type": "oks"}, "geometry": {"type": "Polygon", "coordinates": [[[37.6072963, 55.719649999999994], [37.6073019, 55.7196179], [37.6072553, 55.7195991], [37.6072031, 55.7196124], [37.6071975, 55.719644499999994], [37.6072441, 55.71966330000001], [37.6072963, 55.719649999999994]]]}}, {"type": "Feature", "properties": {"id": 1539, "object_type": "restriction", "restriction_type": "oks"}, "geometry": {"type": "Polygon", "coordinates": [[[37.5997129, 55.7198504], [37.5996566, 55.71981099999999], [37.5995663, 55.71985180000001], [37.5996225, 55.7198913], [37.5997129, 55.7198504]]]}}, {"type": "Feature", "properties": {"id": 1540, "object_type": "restriction", "restriction_type": "oks"}, "geometry": {"type": "Polygon", "coordinates": [[[37.6002159, 55.721982], [37.6002632, 55.7219565], [37.6002097, 55.72192499999999], [37.6001624, 55.7219504], [37.6002159, 55.721982]]]}}, {"type": "Feature", "properties": {"id": 1541, "object_type": "restriction", "restriction_type": "road"}, "geometry": {"type": "Polygon", "coordinates": [[[37.61358624024796, 55.71001707011778], [37.6134907597525, 55.71001692986367], [37.613490659730644, 55.710038628867665], [37.61349035965818, 55.71010192786927], [37.61358584034231, 55.710102072112164], [37.61358614026512, 55.710038772111645], [37.61358624024796, 55.71001707011778]]]}}, {"type": "Feature", "properties": {"id": 1542, "object_type": "restriction", "restriction_type": "road"}, "geometry": {"type": "Polygon", "coordinates": [[[37.613493459071904, 55.710647612736395], [37.61349245885923, 55.710822012734894], [37.613587941141304, 55.71082218724654], [37.61358894092862, 55.71064778724503], [37.613493459071904, 55.710647612736395]]]}}, {"type": "Feature", "properties": {"id": 1543, "object_type": "restriction", "restriction_type": "road"}, "geometry": {"type": "Polygon", "coordinates": [[[37.59962478917167, 55.7158416464638], [37.59963043542723, 55.71584324940496], [37.59984773555598, 55.71589644944461], [37.59984867753601, 55.71589667428499], [37.600824178132044, 55.71612357445568], [37.60142924626365, 55.716264248585425], [37.60185286542997, 55.716383347927255], [37.6018564311854, 55.71638426355867], [37.602205931398636, 55.716465763619944], [37.60224846856948, 55.71640763637607], [37.60190078019208, 55.71632655884377], [37.60147713476126, 55.716207452154116], [37.60147351389373, 55.71620652367347], [37.600866618025755, 55.71606542465407], [37.59989159525019, 55.71583863569038], [37.59968059094096, 55.71578697703342], [37.59954229909611, 55.71572930722731], [37.59947610086099, 55.715779892763436], [37.5996195009018, 55.71583969280207], [37.59962478917167, 55.7158416464638]]]}}, {"type": "Feature", "properties": {"id": 1544, "object_type": "restriction", "restriction_type": "road"}, "geometry": {"type": "Polygon", "coordinates": [[[37.60585002610641, 55.721295666079364], [37.60597352861919, 55.721490970469446], [37.606162862999774, 55.72179036734245], [37.60629069859756, 55.72199706366128], [37.6063959013749, 55.72197633631602], [37.60626800112896, 55.72176953636915], [37.60626787153314, 55.721769329156174], [37.606078471195254, 55.72146982925885], [37.60595497248914, 55.72127453172035], [37.60576807351686, 55.72097883397557], [37.60553596631785, 55.720612023372155], [37.605431033654106, 55.72063317660524], [37.60566312983763, 55.720999971353464], [37.60585002610641, 55.721295666079364]]]}}, {"type": "Feature", "properties": {"id": 1545, "object_type": "restriction", "restriction_type": "road"}, "geometry": {"type": "Polygon", "coordinates": [[[37.61433464666501, 55.7199219906305], [37.614334491660706, 55.71992197438757], [37.614127691818034, 55.7199004744053], [37.61379194686784, 55.71986556783667], [37.61375624193816, 55.71985382812142], [37.61370015802269, 55.719908171871865], [37.61374425804259, 55.719922671881974], [37.61374851304548, 55.71992393539813], [37.61375294520892, 55.719924987133346], [37.61375752152306, 55.71992581925454], [37.61376220790441, 55.71992642556422], [37.61410750816711, 55.719962325593805], [37.614314230800055, 55.71998381755172], [37.614433453409035, 55.719996409378766], [37.614433718086715, 55.719996436959505], [37.61473431831568, 55.720027336984984], [37.61475428166815, 55.71996546301396], [37.61445381429528, 55.719934576649415], [37.61433464666501, 55.7199219906305]]]}}, {"type": "Feature", "properties": {"id": 1546, "object_type": "restriction", "restriction_type": "road"}, "geometry": {"type": "Polygon", "coordinates": [[[37.61368040776416, 55.717917551077164], [37.61367940759446, 55.71779835107673], [37.61367940618354, 55.71779823118326], [37.6136763078516, 55.717593660559125], [37.613676007171755, 55.71706389173706], [37.61367590678082, 55.7167887935339], [37.61367589700924, 55.71678821101458], [37.613674401666785, 55.71674315329457], [37.61367280397444, 55.71664999559257], [37.61356139602511, 55.71665060438217], [37.61356299589231, 55.716743904382206], [37.613563003053834, 55.71674418895984], [37.61356449332506, 55.71678909772605], [37.61356459282799, 55.71706390643883], [37.61356489207536, 55.717593810034835], [37.613564894107505, 55.71759406879161], [37.613567992908365, 55.71779870884555], [37.61356899117214, 55.71791772208255], [37.613568591823984, 55.71798539526619], [37.613680008176736, 55.71798560470852], [37.61368040808023, 55.717917804707845], [37.61368040776416, 55.717917551077164]]]}}, {"type": "Feature", "properties": {"id": 1547, "object_type": "restriction", "restriction_type": "oks"}, "geometry": {"type": "Polygon", "coordinates": [[[37.6161005, 55.72164239999999], [37.6161033, 55.7216341], [37.616206700000006, 55.721320399999996], [37.6155679, 55.72125359999998], [37.6154617, 55.72157549999999], [37.6161005, 55.72164239999999]]]}}, {"type": "Feature", "properties": {"id": 1548, "object_type": "restriction", "restriction_type": "oks"}, "geometry": {"type": "Polygon", "coordinates": [[[37.6123011, 55.71227089999999], [37.6123027, 55.712291699999994], [37.6123039, 55.712306899999994], [37.6123045, 55.71231470000001], [37.6125756, 55.712308099999994], [37.6125632, 55.7121478], [37.6125545, 55.71203659999999], [37.6125514, 55.711996], [37.6124068, 55.71199959999999], [37.6122804, 55.71200269999999], [37.6123011, 55.71227089999999]]]}}, {"type": "Feature", "properties": {"id": 1549, "object_type": "restriction", "restriction_type": "oks"}, "geometry": {"type": "Polygon", "coordinates": [[[37.6022644, 55.7174192], [37.6021664, 55.717264099999994], [37.6020282, 55.717291800000005], [37.6021262, 55.7174469], [37.6022644, 55.7174192]]]}}, {"type": "Feature", "properties": {"id": 1550, "object_type": "restriction", "restriction_type": "oks"}, "geometry": {"type": "Polygon", "coordinates": [[[37.6023827, 55.717579199999996], [37.6022882, 55.7174358], [37.6021429, 55.7174662], [37.6022373, 55.7176096], [37.6023827, 55.717579199999996]]]}}, {"type": "Feature", "properties": {"id": 1551, "object_type": "restriction", "restriction_type": "oks"}, "geometry": {"type": "Polygon", "coordinates": [[[37.6204805, 55.7149436], [37.6204176, 55.71508589999999], [37.6211464, 55.715195], [37.621171704670935, 55.715195332091476], [37.62117433839166, 55.71512057338681], [37.6206854, 55.7150605], [37.6207145, 55.714977100000006], [37.6204805, 55.7149436]]]}}, {"type": "Feature", "properties": {"id": 1552, "object_type": "restriction", "restriction_type": "oks"}, "geometry": {"type": "Polygon", "coordinates": [[[37.6055442, 55.719939], [37.6054625, 55.719954699999995], [37.6054236, 55.7199622], [37.6054944, 55.720079], [37.605615, 55.72005579999999], [37.6055442, 55.719939]]]}}, {"type": "Feature", "properties": {"id": 1553, "object_type": "restriction", "restriction_type": "oks"}, "geometry": {"type": "Polygon", "coordinates": [[[37.6039802, 55.720436599999985], [37.6040724, 55.7204201], [37.6040232, 55.720333], [37.603931, 55.7203495], [37.6039802, 55.720436599999985]]]}}, {"type": "Feature", "properties": {"id": 1554, "object_type": "restriction", "restriction_type": "oks"}, "geometry": {"type": "Polygon", "coordinates": [[[37.6047406, 55.71996930000001], [37.604742, 55.719980899999996], [37.6047577, 55.719988499999985], [37.6047783, 55.71998769999999], [37.6047918, 55.7199789], [37.6047903, 55.71996730000001], [37.6047747, 55.719959700000004], [37.6047541, 55.719960500000006], [37.6047406, 55.71996930000001]]]}}, {"type": "Feature", "properties": {"id": 1555, "object_type": "restriction", "restriction_type": "oks"}, "geometry": {"type": "Polygon", "coordinates": [[[37.6039345, 55.7197801], [37.6038616, 55.719662899999996], [37.6037666, 55.7196816], [37.6038395, 55.7197988], [37.6039345, 55.7197801]]]}}, {"type": "Feature", "properties": {"id": 1556, "object_type": "restriction", "restriction_type": "oks"}, "geometry": {"type": "Polygon", "coordinates": [[[37.6128343, 55.712385100000006], [37.6128327, 55.712366499999995], [37.6127697, 55.7123682], [37.6127713, 55.7123868], [37.6128343, 55.712385100000006]]]}}, {"type": "Feature", "properties": {"id": 1557, "object_type": "restriction", "restriction_type": "oks"}, "geometry": {"type": "Polygon", "coordinates": [[[37.60673980000001, 55.7197805], [37.6067014, 55.71971829999999], [37.6066095, 55.7197362], [37.6066479, 55.719798499999996], [37.60673980000001, 55.7197805]]]}}, {"type": "Feature", "properties": {"id": 1558, "object_type": "restriction", "restriction_type": "oks"}, "geometry": {"type": "Polygon", "coordinates": [[[37.6068372, 55.711063], [37.6068302, 55.7109578], [37.606755, 55.7109594], [37.6066797, 55.710961000000005], [37.6066866, 55.7110662], [37.6068372, 55.711063]]]}}, {"type": "Feature", "properties": {"id": 1559, "object_type": "restriction", "restriction_type": "oks"}, "geometry": {"type": "Polygon", "coordinates": [[[37.6066643, 55.71106180000001], [37.6066581, 55.7109682], [37.6065862, 55.71096969999999], [37.6065924, 55.7110633], [37.6066643, 55.71106180000001]]]}}, {"type": "Feature", "properties": {"id": 1560, "object_type": "restriction", "restriction_type": "oks"}, "geometry": {"type": "Polygon", "coordinates": [[[37.615781, 55.7111776], [37.6158832, 55.711175], [37.6159791, 55.711172600000005], [37.616085, 55.711169999999996], [37.6164658, 55.7111604], [37.6167843, 55.71115249999999], [37.6170775, 55.71114519999999], [37.6173489, 55.7111384], [37.6174677, 55.711135399999996], [37.6174579, 55.711010699999996], [37.6159693, 55.7110479], [37.6156129, 55.7110568], [37.6156227, 55.71118150000001], [37.615781, 55.7111776]]]}}, {"type": "Feature", "properties": {"id": 1561, "object_type": "restriction", "restriction_type": "park"}, "geometry": {"type": "Polygon", "coordinates": [[[37.6102746, 55.71167419999999], [37.6102547, 55.71166050000001], [37.6102259, 55.71165040000001], [37.6101928, 55.7116465], [37.6101593, 55.711649], [37.6101292, 55.7116577], [37.6101061, 55.7116716], [37.6100927, 55.7116891], [37.6100905, 55.7117081], [37.6100997, 55.71172640000001], [37.6101194, 55.71174189999999], [37.6101451, 55.71175219999999], [37.6101752, 55.7117575], [37.6102067, 55.7117571], [37.6102364, 55.711751199999995], [37.6102613, 55.711740299999995], [37.6102789, 55.71172559999999], [37.6102873, 55.71170849999999], [37.6102859, 55.7116908], [37.6102746, 55.71167419999999]]]}}, {"type": "Feature", "properties": {"id": 1562, "object_type": "restriction", "restriction_type": "park"}, "geometry": {"type": "Polygon", "coordinates": [[[37.6071908, 55.711729299999995], [37.6071548, 55.7117366], [37.6071245, 55.71174979999999], [37.6071031, 55.7117677], [37.6070927, 55.711788399999996], [37.6070941, 55.71180989999999], [37.6071075, 55.7118301], [37.6071313, 55.711847], [37.6071665, 55.7118596], [37.6072073, 55.71186479999999], [37.6072489, 55.711861899999995], [37.6072861, 55.71185109999999], [37.6073147, 55.7118339], [37.6073312, 55.711812299999984], [37.6073337, 55.711788799999994], [37.60732190000001, 55.7117662], [37.6072971, 55.711747199999984], [37.6072657, 55.71173489999999], [37.607229, 55.71172879999999], [37.6071908, 55.711729299999995]]]}}, {"type": "Feature", "properties": {"id": 1563, "object_type": "restriction", "restriction_type": "park"}, "geometry": {"type": "Polygon", "coordinates": [[[37.6136021, 55.7115967], [37.6135902, 55.711588699999986], [37.6135759, 55.7115838], [37.6135595, 55.71158160000001], [37.613542800000005, 55.711582400000005], [37.6135273, 55.711586], [37.6135146, 55.7115922], [37.6135059, 55.7116003], [37.6135021, 55.7116095], [37.6135035, 55.7116189], [37.61351, 55.7116276], [37.613520900000005, 55.711634800000006], [37.613537, 55.71164009999999], [37.6135553, 55.71164189999999], [37.6135737, 55.7116401], [37.6135899, 55.71163489999999], [37.6136019, 55.7116269], [37.6136083, 55.7116171], [37.6136084, 55.7116066], [37.6136021, 55.7115967]]]}}, {"type": "Feature", "properties": {"id": 1564, "object_type": "restriction", "restriction_type": "park"}, "geometry": {"type": "Polygon", "coordinates": [[[37.613708, 55.71157839999999], [37.61369210000001, 55.7115837], [37.6136804, 55.7115917], [37.6136742, 55.7116015], [37.6136744, 55.7116119], [37.6136809, 55.711621599999994], [37.6136928, 55.71162949999999], [37.6137071, 55.711634299999986], [37.6137234, 55.711636299999995], [37.6137399, 55.7116354], [37.6137551, 55.71163169999998], [37.6137676, 55.71162549999999], [37.613776, 55.7116174], [37.6137796, 55.7116083], [37.613778, 55.711599], [37.6137714, 55.7115904], [37.613760400000004, 55.711583400000016], [37.6137443, 55.71157829999999], [37.6137262, 55.711576599999994], [37.613708, 55.71157839999999]]]}}, {"type": "Feature", "properties": {"id": 1565, "object_type": "restriction", "restriction_type": "park"}, "geometry": {"type": "Polygon", "coordinates": [[[37.6207797, 55.7113206], [37.620587, 55.7113249], [37.6205884, 55.71133510000001], [37.620625100000005, 55.71134119999999], [37.6206565, 55.711353499999994], [37.6206781, 55.7113701], [37.6206931, 55.7113951], [37.6206906, 55.7114186], [37.6206741, 55.711440200000006], [37.6206455, 55.711457399999986], [37.6206083, 55.7114682], [37.6206065, 55.71147800000001], [37.62079630000001, 55.7114738], [37.6207797, 55.7113206]]]}}, {"type": "Feature", "properties": {"id": 1566, "object_type": "restriction", "restriction_type": "park"}, "geometry": {"type": "Polygon", "coordinates": [[[37.6204101, 55.71133989999999], [37.6203741, 55.71134719999999], [37.6203438, 55.711360400000004], [37.6203224, 55.7113783], [37.620312, 55.711399], [37.6203134, 55.71142049999999], [37.6203268, 55.71144069999999], [37.6203506, 55.7114576], [37.62038580000001, 55.711470199999994], [37.6204266, 55.7114754], [37.6204682, 55.711472500000006], [37.6205054, 55.7114617], [37.620534, 55.7114445], [37.6205505, 55.71142290000001], [37.620553, 55.71139939999999], [37.6205412, 55.7113768], [37.620538, 55.71137439999999], [37.62051640000001, 55.711357799999995], [37.620485, 55.7113455], [37.6204483, 55.71133939999999], [37.6204101, 55.71133989999999]]]}}, {"type": "Feature", "properties": {"id": 1567, "object_type": "restriction", "restriction_type": "oks"}, "geometry": {"type": "Polygon", "coordinates": [[[37.6170263, 55.7211937], [37.6170754, 55.7210608], [37.6168362, 55.7210328], [37.6167871, 55.7211657], [37.6170263, 55.7211937]]]}}, {"type": "Feature", "properties": {"id": 1568, "object_type": "restriction", "restriction_type": "oks"}, "geometry": {"type": "Polygon", "coordinates": [[[37.6061246, 55.7129755], [37.6060974, 55.71290150000001], [37.6063273, 55.7128747], [37.6063575, 55.7128712], [37.606338, 55.7128178], [37.6059886, 55.712860799999994], [37.6059043, 55.71263119999999], [37.6057391, 55.7126512], [37.6057516, 55.71268319999999], [37.6057144, 55.7126876], [37.6056539, 55.7126947], [37.6057149, 55.71285019999999], [37.6057527, 55.712961699999994], [37.6057754, 55.71295899999999], [37.6057948, 55.713016399999994], [37.6061246, 55.7129755]]]}}, {"type": "Feature", "properties": {"id": 1569, "object_type": "restriction", "restriction_type": "oks"}, "geometry": {"type": "Polygon", "coordinates": [[[37.606232, 55.713184600000005], [37.6064618, 55.71315690000001], [37.6063575, 55.7128712], [37.6063273, 55.7128747], [37.6060974, 55.71290150000001], [37.6061246, 55.7129755], [37.6061554, 55.71305709999999], [37.6061743, 55.713107799999996], [37.6061972, 55.71316919999999], [37.6062249, 55.7131649], [37.606232, 55.713184600000005]]]}}, {"type": "Feature", "properties": {"id": 1570, "object_type": "restriction", "restriction_type": "oks"}, "geometry": {"type": "Polygon", "coordinates": [[[37.6069653, 55.7121884], [37.6070434, 55.7123753], [37.607124, 55.7125681], [37.6074648, 55.712522899999996], [37.6074423, 55.7124692], [37.607481, 55.712464099999984], [37.6074244, 55.7123288], [37.60737, 55.712198699999995], [37.6073314, 55.712203800000005], [37.6073061, 55.7121432], [37.6069653, 55.7121884]]]}}, {"type": "Feature", "properties": {"id": 1571, "object_type": "restriction", "restriction_type": "oks"}, "geometry": {"type": "Polygon", "coordinates": [[[37.6072313, 55.7128363], [37.6073806, 55.71322259999999], [37.6076576, 55.713188599999995], [37.6076344, 55.7131285], [37.6077036, 55.71312], [37.607651600000004, 55.7129855], [37.6076006, 55.712853499999994], [37.6075179, 55.7128637], [37.6074949, 55.71280399999999], [37.6072313, 55.7128363]]]}}, {"type": "Feature", "properties": {"id": 1572, "object_type": "restriction", "restriction_type": "oks"}, "geometry": {"type": "Polygon", "coordinates": [[[37.6074802, 55.71349599999999], [37.607630300000004, 55.71389340000001], [37.6078966, 55.7138615], [37.6078739, 55.7138014], [37.6079499, 55.713792299999994], [37.6078999, 55.71365980000001], [37.6078492, 55.71352559999999], [37.60777680000001, 55.713534300000006], [37.6077501, 55.7134637], [37.6074802, 55.71349599999999]]]}}, {"type": "Feature", "properties": {"id": 1573, "object_type": "restriction", "restriction_type": "oks"}, "geometry": {"type": "Polygon", "coordinates": [[[37.6162751, 55.718029099999995], [37.616153, 55.718034199999984], [37.6160948, 55.71803659999999], [37.6161089, 55.718143999999995], [37.6162892, 55.71813650000001], [37.6162751, 55.718029099999995]]]}}, {"type": "Feature", "properties": {"id": 1574, "object_type": "restriction", "restriction_type": "school"}, "geometry": {"type": "Polygon", "coordinates": [[[37.617166, 55.719051], [37.6173779, 55.71834700000001], [37.6167199, 55.7182971], [37.615601, 55.7182865], [37.6154736, 55.71884249999999], [37.6154964, 55.7188629], [37.6169783, 55.71900870000001], [37.617166, 55.719051]]]}}, {"type": "Feature", "properties": {"id": 1575, "object_type": "restriction", "restriction_type": "oks"}, "geometry": {"type": "Polygon", "coordinates": [[[37.6043338, 55.71938910000001], [37.6043131, 55.71935580000001], [37.604273, 55.7193637], [37.6042937, 55.719397], [37.6043338, 55.71938910000001]]]}}, {"type": "Feature", "properties": {"id": 1576, "object_type": "restriction", "restriction_type": "road"}, "geometry": {"type": "Polygon", "coordinates": [[[37.6062619327332, 55.71044626645755], [37.606119667284446, 55.71043693350133], [37.6061026671367, 55.71051953349075], [37.60610233775936, 55.71052159126916], [37.60608593749935, 55.710664791258296], [37.60622886251086, 55.71067000870014], [37.606245144147316, 55.71052783995527], [37.6062619327332, 55.71044626645755]]]}}, {"type": "Feature", "properties": {"id": 1577, "object_type": "restriction", "restriction_type": "road"}, "geometry": {"type": "Polygon", "coordinates": [[[37.60629892745876, 55.71026769044922], [37.606421022030005, 55.70967794361404], [37.60642443709497, 55.7096690456158], [37.60627901095766, 55.7096673952693], [37.60615667326109, 55.71025830611833], [37.60614377329283, 55.71032070541207], [37.606119674637135, 55.71043689791369], [37.60626192538063, 55.71044630204521], [37.60628602517286, 55.710330102030234], [37.60629892745876, 55.71026769044922]]]}}, {"type": "Feature", "properties": {"id": 1578, "object_type": "restriction", "restriction_type": "tram_tracks"}, "geometry": {"type": "Polygon", "coordinates": [[[37.606358811883304, 55.71157432656019], [37.60634091185411, 55.71152652656364], [37.60632551120346, 55.711485424896615], [37.60632536581563, 55.711485060348174], [37.606312165796936, 55.71145386035071], [37.60631212598807, 55.71145376762013], [37.60627632593904, 55.71137156762702], [37.606226874056695, 55.71137843236795], [37.606262653830704, 55.71146058604679], [37.60627575728993, 55.71149155790602], [37.60629108845656, 55.71153247427077], [37.6063089562272, 55.71158018828714], [37.60633952611643, 55.71166700293387], [37.606389473880064, 55.711661397061015], [37.606358873826615, 55.71157449706693], [37.606358811883304, 55.71157432656019]]]}}, {"type": "Feature", "properties": {"id": 1579, "object_type": "restriction", "restriction_type": "oks"}, "geometry": {"type": "Polygon", "coordinates": [[[37.6106412, 55.72191899999999], [37.6108702, 55.7218921], [37.6108603, 55.72186299999999], [37.6109171, 55.7218553], [37.61085, 55.7216772], [37.61083150000001, 55.72167949999999], [37.6108226, 55.7216558], [37.6107996, 55.7215932], [37.610789, 55.72156439999999], [37.6107116, 55.721573199999995], [37.6106736, 55.72146180000001], [37.610518, 55.721475700000006], [37.6105638, 55.72159669999999], [37.6105267, 55.72160139999999], [37.6106412, 55.72191899999999]]]}}, {"type": "Feature", "properties": {"id": 1580, "object_type": "restriction", "restriction_type": "oks"}, "geometry": {"type": "Polygon", "coordinates": [[[37.6106736, 55.72146180000001], [37.6107116, 55.721573199999995], [37.610789, 55.72156439999999], [37.6107996, 55.7215932], [37.6108802, 55.72158619999999], [37.6109079, 55.7215833], [37.6109005, 55.7215512], [37.6110822, 55.721536300000004], [37.6112036, 55.72152640000001], [37.6112401, 55.7215234], [37.6112081, 55.72141419999999], [37.6111744, 55.7214172], [37.6106736, 55.72146180000001]]]}}, {"type": "Feature", "properties": {"id": 1581, "object_type": "restriction", "restriction_type": "oks"}, "geometry": {"type": "Polygon", "coordinates": [[[37.598946, 55.719175899999996], [37.5988908, 55.71913709999998], [37.5988195, 55.7191694], [37.5988747, 55.719208099999996], [37.598946, 55.719175899999996]]]}}, {"type": "Feature", "properties": {"id": 1582, "object_type": "restriction", "restriction_type": "oks"}, "geometry": {"type": "Polygon", "coordinates": [[[37.5994383, 55.719593200000006], [37.5993481, 55.71952989999999], [37.5992392, 55.7195792], [37.59932940000001, 55.7196425], [37.5994383, 55.719593200000006]]]}}, {"type": "Feature", "properties": {"id": 1583, "object_type": "restriction", "restriction_type": "oks"}, "geometry": {"type": "Polygon", "coordinates": [[[37.6075927, 55.71145159999998], [37.607593, 55.71142149999999], [37.6075671, 55.71142139999999], [37.6075669, 55.71145159999999], [37.6075927, 55.71145159999998]]]}}, {"type": "Feature", "properties": {"id": 1584, "object_type": "restriction", "restriction_type": "park"}, "geometry": {"type": "Polygon", "coordinates": [[[37.614374, 55.7121492], [37.614441, 55.712149000000004], [37.6144638, 55.71214950000001], [37.6144664, 55.7118999], [37.6143766, 55.7118996], [37.614374, 55.7121492]]]}}, {"type": "Feature", "properties": {"id": 1585, "object_type": "restriction", "restriction_type": "oks"}, "geometry": {"type": "Polygon", "coordinates": [[[37.6138334, 55.711980700000005], [37.6138334, 55.7119985], [37.6138335, 55.7120178], [37.613888800000005, 55.71201779999999], [37.6138889, 55.7120596], [37.6141472, 55.712059399999994], [37.6142397, 55.71205929999999], [37.6142396, 55.71203], [37.6142955, 55.71202999999999], [37.6142953, 55.71197369999999], [37.6142356, 55.7119737], [37.6142355, 55.711951799999994], [37.6141512, 55.711951799999994], [37.6138886, 55.711952], [37.6138887, 55.711980600000004], [37.6138334, 55.711980700000005]]]}}, {"type": "Feature", "properties": {"id": 1586, "object_type": "restriction", "restriction_type": "oks"}, "geometry": {"type": "Polygon", "coordinates": [[[37.6140392, 55.70991379999999], [37.61405940000001, 55.70990939999999], [37.6140602, 55.70977989999999], [37.61406033654704, 55.70975545840146], [37.61381555283034, 55.70975269564097], [37.6138154, 55.709776899999994], [37.6138496, 55.709776899999994], [37.6138487, 55.7099089], [37.6138739, 55.709908999999996], [37.6138737, 55.7099476], [37.614039, 55.709947899999996], [37.6140392, 55.70991379999999]]]}}, {"type": "Feature", "properties": {"id": 1587, "object_type": "restriction", "restriction_type": "oks"}, "geometry": {"type": "Polygon", "coordinates": [[[37.6003225, 55.71650499999999], [37.600127, 55.7163931], [37.6000425, 55.71634469999999], [37.5999724, 55.7163836], [37.6002525, 55.7165438], [37.6003225, 55.71650499999999]]]}}, {"type": "Feature", "properties": {"id": 1588, "object_type": "restriction", "restriction_type": "oks"}, "geometry": {"type": "Polygon", "coordinates": [[[37.6002158, 55.716342499999996], [37.6002299, 55.71633479999999], [37.5999805, 55.716191999999985], [37.5998762, 55.71624979999999], [37.6000425, 55.71634469999999], [37.600127, 55.7163931], [37.6002158, 55.716342499999996]]]}}, {"type": "Feature", "properties": {"id": 1589, "object_type": "restriction", "restriction_type": "oks"}, "geometry": {"type": "Polygon", "coordinates": [[[37.6007938, 55.716203099999994], [37.600759, 55.71625980000001], [37.6009461, 55.716299500000005], [37.6009028, 55.71636289999999], [37.6009461, 55.716354200000005], [37.600943, 55.71634860000001], [37.6011647, 55.716302299999995], [37.6011858, 55.7163304], [37.60128, 55.7163106], [37.6007938, 55.716203099999994]]]}}, {"type": "Feature", "properties": {"id": 1590, "object_type": "restriction", "restriction_type": "oks"}, "geometry": {"type": "Polygon", "coordinates": [[[37.6003423, 55.7162116], [37.600545600000004, 55.71625409999999], [37.6005283, 55.716280399999995], [37.6006726, 55.7163105], [37.6007518, 55.7161904], [37.6004042, 55.7161177], [37.6003423, 55.7162116]]]}}, {"type": "Feature", "properties": {"id": 1591, "object_type": "restriction", "restriction_type": "oks"}, "geometry": {"type": "Polygon", "coordinates": [[[37.5988881, 55.715208200000006], [37.5989082, 55.715360099999984], [37.5990464, 55.71534949999999], [37.5990088, 55.71510959999999], [37.59888850153341, 55.71510960005372], [37.598884972829396, 55.715208169212964], [37.5988881, 55.715208200000006]]]}}, {"type": "Feature", "properties": {"id": 1592, "object_type": "restriction", "restriction_type": "oks"}, "geometry": {"type": "Polygon", "coordinates": [[[37.6002481, 55.7155018], [37.6002702, 55.715447700000006], [37.6002013, 55.715438799999994], [37.6001937, 55.7154574], [37.600102, 55.7154455], [37.60008750000001, 55.7154811], [37.6002481, 55.7155018]]]}}, {"type": "Feature", "properties": {"id": 1593, "object_type": "restriction", "restriction_type": "oks"}, "geometry": {"type": "Polygon", "coordinates": [[[37.60008750000001, 55.7154811], [37.600102, 55.7154455], [37.6001516, 55.7153238], [37.599960700000004, 55.71529910000001], [37.5999479, 55.715330300000005], [37.5999931, 55.7153362], [37.5999418, 55.71546219999999], [37.60008750000001, 55.7154811]]]}}, {"type": "Feature", "properties": {"id": 1594, "object_type": "restriction", "restriction_type": "oks"}, "geometry": {"type": "Polygon", "coordinates": [[[37.599613, 55.71542039999999], [37.599744900000005, 55.71543669999999], [37.5998528, 55.7151598], [37.59972080000001, 55.7151435], [37.599613, 55.71542039999999]]]}}, {"type": "Feature", "properties": {"id": 1595, "object_type": "restriction", "restriction_type": "oks"}, "geometry": {"type": "Polygon", "coordinates": [[[37.601481, 55.71378389999999], [37.6014628, 55.71378099999999], [37.6014487, 55.71381199999998], [37.6014709, 55.7138154], [37.601509, 55.7138399], [37.6015662, 55.71383829999999], [37.6015996, 55.7138121], [37.6015841, 55.713781], [37.6015312, 55.7137685], [37.601481, 55.71378389999999]]]}}, {"type": "Feature", "properties": {"id": 1596, "object_type": "restriction", "restriction_type": "oks"}, "geometry": {"type": "Polygon", "coordinates": [[[37.6026832, 55.7146193], [37.6027109, 55.71461519999999], [37.6027341, 55.71460570000001], [37.6027496, 55.7145922], [37.6027554, 55.7145764], [37.6027507, 55.71456049999999], [37.6027361, 55.714546600000006], [37.6027136, 55.7145366], [37.60268630000001, 55.7145319], [37.6026577, 55.71453309999999], [37.6026318, 55.71453999999999], [37.6026121, 55.7145517], [37.6026013, 55.71456659999999], [37.6026007, 55.714582799999995], [37.6026105, 55.7145979], [37.6026294, 55.71461], [37.6026548, 55.7146175], [37.6026832, 55.7146193]]]}}, {"type": "Feature", "properties": {"id": 1597, "object_type": "restriction", "restriction_type": "oks"}, "geometry": {"type": "Polygon", "coordinates": [[[37.6028085, 55.714662000000004], [37.6028055, 55.7146749], [37.6029017, 55.7146892], [37.6029366, 55.714688800000005], [37.602949300000006, 55.7146824], [37.6029621, 55.7146709], [37.6029614, 55.71465089999999], [37.602948700000006, 55.7146388], [37.6029208, 55.7146339], [37.6028313, 55.71462029999998], [37.6028239, 55.7146348], [37.60278, 55.714627099999994], [37.6027669, 55.71465429999999], [37.6028085, 55.714662000000004]]]}}, {"type": "Feature", "properties": {"id": 1598, "object_type": "restriction", "restriction_type": "oks"}, "geometry": {"type": "Polygon", "coordinates": [[[37.5988747, 55.717325100000004], [37.5990279, 55.717292399999984], [37.5989567, 55.71718669999999], [37.59881304034495, 55.71721736365421], [37.598812489611824, 55.717232745566704], [37.5988747, 55.717325100000004]]]}}, {"type": "Feature", "properties": {"id": 1599, "object_type": "restriction", "restriction_type": "oks"}, "geometry": {"type": "Polygon", "coordinates": [[[37.5990088, 55.71510959999999], [37.5990088, 55.7150082], [37.59889213155615, 55.715008200064474], [37.59888850153341, 55.71510960005372], [37.5990088, 55.71510959999999]]]}}, {"type": "Feature", "properties": {"id": 1600, "object_type": "restriction", "restriction_type": "oks"}, "geometry": {"type": "Polygon", "coordinates": [[[37.6049035, 55.7181605], [37.6048704, 55.7181011], [37.604785, 55.71811619999999], [37.604818, 55.7181756], [37.6049035, 55.7181605]]]}}, {"type": "Feature", "properties": {"id": 1601, "object_type": "restriction", "restriction_type": "oks"}, "geometry": {"type": "Polygon", "coordinates": [[[37.6046246, 55.71508250000001], [37.6047447, 55.71506990000001], [37.6047301, 55.7150257], [37.6047126, 55.7150276], [37.6047048, 55.715004199999996], [37.6046022, 55.715014999999994], [37.6046246, 55.71508250000001]]]}}, {"type": "Feature", "properties": {"id": 1602, "object_type": "restriction", "restriction_type": "oks"}, "geometry": {"type": "Polygon", "coordinates": [[[37.6050458, 55.71527210000001], [37.6052356, 55.715621999999996], [37.6052668, 55.715616499999996], [37.6052718, 55.71562619999999], [37.6053985, 55.71560499999999], [37.6054015, 55.715611800000005], [37.6054468, 55.715603699999996], [37.6054047, 55.715514999999996], [37.6052862, 55.715531199999994], [37.6051323, 55.71525959999999], [37.6050458, 55.71527210000001]]]}}, {"type": "Feature", "properties": {"id": 1603, "object_type": "restriction", "restriction_type": "oks"}, "geometry": {"type": "Polygon", "coordinates": [[[37.60704100000001, 55.71659299999999], [37.6070328, 55.71659459999999], [37.6070626, 55.716641599999996], [37.6070729, 55.71663959999999], [37.607141, 55.7167473], [37.6073164, 55.716712099999995], [37.6071969, 55.71652310000001], [37.6070193, 55.71655870000001], [37.60704100000001, 55.71659299999999]]]}}, {"type": "Feature", "properties": {"id": 1604, "object_type": "restriction", "restriction_type": "oks"}, "geometry": {"type": "Polygon", "coordinates": [[[37.6059946, 55.71663899999999], [37.6059489, 55.716648299999996], [37.6059849, 55.7167084], [37.6061425, 55.71667639999998], [37.6061309, 55.716651000000006], [37.6062163, 55.7166325], [37.6061071, 55.71646789999999], [37.60591440000001, 55.716505500000004], [37.6059946, 55.71663899999999]]]}}, {"type": "Feature", "properties": {"id": 1605, "object_type": "restriction", "restriction_type": "oks"}, "geometry": {"type": "Polygon", "coordinates": [[[37.6057484, 55.7166691], [37.605899, 55.716637], [37.6058159, 55.716513299999995], [37.6056653, 55.716545399999994], [37.6057484, 55.7166691]]]}}, {"type": "Feature", "properties": {"id": 1606, "object_type": "restriction", "restriction_type": "oks"}, "geometry": {"type": "Polygon", "coordinates": [[[37.6062354, 55.7164708], [37.6063819, 55.7164394], [37.606346, 55.716384600000005], [37.6062035, 55.716414900000004], [37.6062354, 55.7164708]]]}}, {"type": "Feature", "properties": {"id": 1607, "object_type": "restriction", "restriction_type": "oks"}, "geometry": {"type": "Polygon", "coordinates": [[[37.605248, 55.71718499999999], [37.6051231, 55.71720989999999], [37.604879000000004, 55.7172571], [37.60498110000001, 55.7174228], [37.6053564, 55.71735029999999], [37.605248, 55.71718499999999]]]}}, {"type": "Feature", "properties": {"id": 1608, "object_type": "restriction", "restriction_type": "oks"}, "geometry": {"type": "Polygon", "coordinates": [[[37.6054582, 55.71706919999999], [37.6050786, 55.717143899999996], [37.6051231, 55.71720989999999], [37.605248, 55.71718499999999], [37.6053564, 55.71735029999999], [37.605539, 55.71731549999999], [37.6055111, 55.71727049999999], [37.6054618, 55.7172806], [37.6054285, 55.71723110000001], [37.6054816, 55.71722009999999], [37.6054485, 55.7171682], [37.6055099, 55.7171552], [37.6054582, 55.71706919999999]]]}}, {"type": "Feature", "properties": {"id": 1609, "object_type": "restriction", "restriction_type": "oks"}, "geometry": {"type": "Polygon", "coordinates": [[[37.6035097, 55.71681949999999], [37.6035669, 55.716807], [37.6035458, 55.71677650000001], [37.6034886, 55.716789], [37.6035097, 55.71681949999999]]]}}, {"type": "Feature", "properties": {"id": 1610, "object_type": "restriction", "restriction_type": "oks"}, "geometry": {"type": "Polygon", "coordinates": [[[37.6039967, 55.7165824], [37.6041069, 55.71655749999999], [37.6041244, 55.716582100000004], [37.6042858, 55.716545700000005], [37.6042489, 55.7164937], [37.6039772, 55.716555099999994], [37.6039967, 55.7165824]]]}}, {"type": "Feature", "properties": {"id": 1611, "object_type": "restriction", "restriction_type": "oks"}, "geometry": {"type": "Polygon", "coordinates": [[[37.604544, 55.7171731], [37.6045719, 55.717168099999995], [37.6045631, 55.717151599999994], [37.6045708, 55.71714699999998], [37.6045749, 55.717144], [37.6045789, 55.71714039999999], [37.6045817, 55.7171374], [37.6045846, 55.7171336], [37.6045876, 55.7171281], [37.6045893, 55.717122599999996], [37.6045896, 55.7171136], [37.6045884, 55.7171087], [37.6045862, 55.71710370000001], [37.6045834, 55.717099399999995], [37.6045812, 55.7170966], [37.604578, 55.7170933], [37.6045729, 55.71708909999999], [37.6045673, 55.7170854], [37.6045615, 55.717082299999994], [37.6045548, 55.717079299999995], [37.6045479, 55.71707679999999], [37.6045409, 55.71707489999999], [37.6045328, 55.7170731], [37.6045245, 55.71707189999999], [37.6045145, 55.71707099999999], [37.6045028, 55.717054400000016], [37.6044768, 55.71706029999999], [37.6044307, 55.71698649999999], [37.6043071, 55.717012], [37.6043015, 55.717009899999994], [37.6042966, 55.7170087], [37.60429130000001, 55.717008], [37.6042872, 55.71700779999999], [37.6042823, 55.717007900000006], [37.6042763, 55.717008699999994], [37.60427000000001, 55.71701029999999], [37.604266, 55.717011799999995], [37.6042616, 55.7170143], [37.6042586, 55.71701670000001], [37.6042565, 55.71701910000001], [37.6042546, 55.71702309999999], [37.6041739, 55.717039199999995], [37.604222, 55.717114599999995], [37.60420330000001, 55.7171179], [37.6042643, 55.7172155], [37.6042794, 55.7172114], [37.6043337, 55.717296399999995], [37.6043888, 55.7172865], [37.6045897, 55.71724569999999], [37.604544, 55.7171731]]]}}, {"type": "Feature", "properties": {"id": 1612, "object_type": "restriction", "restriction_type": "oks"}, "geometry": {"type": "Polygon", "coordinates": [[[37.6047622, 55.71750259999999], [37.6048927, 55.717477], [37.604859, 55.717422599999985], [37.6047285, 55.7174482], [37.6047622, 55.71750259999999]]]}}, {"type": "Feature", "properties": {"id": 1613, "object_type": "restriction", "restriction_type": "oks"}, "geometry": {"type": "Polygon", "coordinates": [[[37.6041798, 55.7176258], [37.6047078, 55.717518600000005], [37.6046716, 55.717462100000006], [37.6047166, 55.717452999999985], [37.6046038, 55.71727659999999], [37.60462, 55.7172733], [37.6046009, 55.717243499999995], [37.6045897, 55.71724569999999], [37.6043888, 55.7172865], [37.6043921, 55.7172918], [37.6043294, 55.71730449999999], [37.6043396, 55.7173204], [37.6043606, 55.7173162], [37.604367, 55.7173263], [37.6040758, 55.7173854], [37.6040848, 55.71739949999999], [37.6040407, 55.717408400000004], [37.6041741, 55.7176168], [37.6041798, 55.7176258]]]}}, {"type": "Feature", "properties": {"id": 1614, "object_type": "restriction", "restriction_type": "oks"}, "geometry": {"type": "Polygon", "coordinates": [[[37.6011653, 55.719740699999996], [37.6011975, 55.71978450000001], [37.6014791, 55.719755], [37.6015086, 55.7197845], [37.6019056, 55.71967469999999], [37.6018572, 55.7196026], [37.6011653, 55.719740699999996]]]}}, {"type": "Feature", "properties": {"id": 1615, "object_type": "restriction", "restriction_type": "oks"}, "geometry": {"type": "Polygon", "coordinates": [[[37.6023929, 55.7194918], [37.602391, 55.71948890000001], [37.6018572, 55.7196026], [37.6019056, 55.71967469999999], [37.6020075, 55.71965300000001], [37.6024394, 55.719561], [37.6023929, 55.7194918]]]}}, {"type": "Feature", "properties": {"id": 1616, "object_type": "restriction", "restriction_type": "oks"}, "geometry": {"type": "Polygon", "coordinates": [[[37.6024394, 55.719561], [37.6020075, 55.71965300000001], [37.6021591, 55.71988420000001], [37.60226, 55.71989269999999], [37.6022043, 55.71980529999999], [37.6021564, 55.7198138], [37.6021373, 55.719784899999986], [37.6021852, 55.71977540000001], [37.6021551, 55.71972439999999], [37.6023147, 55.719693799999995], [37.6024441, 55.719881900000004], [37.6025681, 55.719864199999996], [37.6024387, 55.7196682], [37.6026323, 55.7196297], [37.60275240000001, 55.71979050000001], [37.6027042, 55.719801499999996], [37.6027428, 55.719857600000005], [37.60279680000001, 55.71984429999999], [37.6028135, 55.7198715], [37.60305700000001, 55.7198198], [37.602987, 55.71971659999999], [37.6028952, 55.71973650000001], [37.6028498, 55.7196679], [37.6029135, 55.719653799999996], [37.602891, 55.71961999999999], [37.6029024, 55.7196176], [37.6028689, 55.719570899999994], [37.6028534, 55.7195739], [37.6028216, 55.7195262], [37.6027689, 55.71953769999998], [37.6027404, 55.7194967], [37.6024394, 55.719561]]]}}, {"type": "Feature", "properties": {"id": 1617, "object_type": "restriction", "restriction_type": "oks"}, "geometry": {"type": "Polygon", "coordinates": [[[37.6033692, 55.71946199999999], [37.6034651, 55.719445500000006], [37.6032598, 55.71906699999999], [37.6031639, 55.7190835], [37.6033692, 55.71946199999999]]]}}, {"type": "Feature", "properties": {"id": 1618, "object_type": "restriction", "restriction_type": "oks"}, "geometry": {"type": "Polygon", "coordinates": [[[37.6030017, 55.7190372], [37.6032396, 55.7189923], [37.6031224, 55.71879489999999], [37.6028845, 55.7188397], [37.6030017, 55.7190372]]]}}, {"type": "Feature", "properties": {"id": 1619, "object_type": "restriction", "restriction_type": "oks"}, "geometry": {"type": "Polygon", "coordinates": [[[37.6011125, 55.71934429999999], [37.6009594, 55.719376399999994], [37.6010181, 55.71946539999998], [37.6011713, 55.7194333], [37.6011125, 55.71934429999999]]]}}, {"type": "Feature", "properties": {"id": 1620, "object_type": "restriction", "restriction_type": "oks"}, "geometry": {"type": "Polygon", "coordinates": [[[37.6033106, 55.716388699999996], [37.60327300000001, 55.7164151], [37.6032954, 55.71642440000001], [37.6033081, 55.71642959999999], [37.6033463, 55.71640289999999], [37.603355, 55.7163831], [37.6033671, 55.7163812], [37.6034447, 55.7164066], [37.60346750000001, 55.71640779999999], [37.6034831, 55.71639769999999], [37.6034864, 55.71638069999999], [37.6034601, 55.71637869999999], [37.6034212, 55.7163636], [37.6033845, 55.7163471], [37.6033118, 55.71635559999999], [37.6033106, 55.716388699999996]]]}}, {"type": "Feature", "properties": {"id": 1621, "object_type": "restriction", "restriction_type": "oks"}, "geometry": {"type": "Polygon", "coordinates": [[[37.5994597, 55.716817899999995], [37.59930750000001, 55.716850599999994], [37.5993222, 55.71687219999999], [37.5990104, 55.7169393], [37.599422, 55.7175462], [37.599847, 55.717454700000005], [37.5996549, 55.7171714], [37.5996938, 55.71716299999999], [37.5994732, 55.716837700000006], [37.5994597, 55.716817899999995]]]}}, {"type": "Feature", "properties": {"id": 1622, "object_type": "restriction", "restriction_type": "oks"}, "geometry": {"type": "Polygon", "coordinates": [[[37.6025513, 55.71818309999999], [37.6026375, 55.71816650000001], [37.6025444, 55.718013599999985], [37.6024583, 55.7180302], [37.6025513, 55.71818309999999]]]}}, {"type": "Feature", "properties": {"id": 1623, "object_type": "restriction", "restriction_type": "oks"}, "geometry": {"type": "Polygon", "coordinates": [[[37.6026904, 55.7184265], [37.6026599, 55.7184326], [37.6027112, 55.71851420000001], [37.6028632, 55.71848379999999], [37.60285850000001, 55.718476400000014], [37.6026799, 55.718192300000005], [37.6025584, 55.7182166], [37.6026904, 55.7184265]]]}}, {"type": "Feature", "properties": {"id": 1624, "object_type": "restriction", "restriction_type": "oks"}, "geometry": {"type": "Polygon", "coordinates": [[[37.6020432, 55.7171568], [37.6024314, 55.71707739999999], [37.602388, 55.717010099999996], [37.6019998, 55.7170896], [37.6020432, 55.7171568]]]}}, {"type": "Feature", "properties": {"id": 1625, "object_type": "restriction", "restriction_type": "oks"}, "geometry": {"type": "Polygon", "coordinates": [[[37.6024612, 55.71756229999999], [37.6025363, 55.7175474], [37.6025188, 55.7175196], [37.6025018, 55.71749239999998], [37.60242670000001, 55.7175074], [37.6024612, 55.71756229999999]]]}}, {"type": "Feature", "properties": {"id": 1626, "object_type": "restriction", "restriction_type": "oks"}, "geometry": {"type": "Polygon", "coordinates": [[[37.6023475, 55.7182449], [37.6023936, 55.718234599999995], [37.6022811, 55.718061799999994], [37.6021735, 55.718086799999995], [37.6021573, 55.718065499999994], [37.6016451, 55.718176699999994], [37.6016545, 55.71819609999999], [37.6015455, 55.718220699999996], [37.6016587, 55.71839239999999], [37.6017164, 55.718378799999996], [37.6017631, 55.7184478], [37.6023918, 55.718317199999994], [37.6023475, 55.7182449]]]}}, {"type": "Feature", "properties": {"id": 1627, "object_type": "restriction", "restriction_type": "oks"}, "geometry": {"type": "Polygon", "coordinates": [[[37.6025192, 55.7185262], [37.6023918, 55.718317199999994], [37.6017631, 55.7184478], [37.6017685, 55.7184556], [37.6018997, 55.71866270000001], [37.6025192, 55.7185262]]]}}, {"type": "Feature", "properties": {"id": 1628, "object_type": "restriction", "restriction_type": "oks"}, "geometry": {"type": "Polygon", "coordinates": [[[37.6037744, 55.7198836], [37.60372890000001, 55.71989179999999], [37.6037676, 55.7199602], [37.6038293, 55.71994909999999], [37.6038246, 55.7199408], [37.6038861, 55.719929799999996], [37.6038795, 55.719918], [37.6039401, 55.71990709999999], [37.6039079, 55.719850300000004], [37.6037696, 55.7198752], [37.6037744, 55.7198836]]]}}, {"type": "Feature", "properties": {"id": 1629, "object_type": "restriction", "restriction_type": "oks"}, "geometry": {"type": "Polygon", "coordinates": [[[37.6034379, 55.71046830000001], [37.603472, 55.7103925], [37.6033734, 55.710378399999996], [37.6033392, 55.7104542], [37.6034379, 55.71046830000001]]]}}, {"type": "Feature", "properties": {"id": 1630, "object_type": "restriction", "restriction_type": "oks"}, "geometry": {"type": "Polygon", "coordinates": [[[37.6098647, 55.719848199999994], [37.6099336, 55.71984019999999], [37.6099323, 55.7198361], [37.60994540000001, 55.7198346], [37.609939, 55.7198159], [37.6099259, 55.7198172], [37.6099194, 55.71979919999999], [37.6098524, 55.71980730000001], [37.6098492, 55.71980769999999], [37.6098647, 55.719848199999994]]]}}, {"type": "Feature", "properties": {"id": 1631, "object_type": "restriction", "restriction_type": "oks"}, "geometry": {"type": "Polygon", "coordinates": [[[37.6052267, 55.7216793], [37.60530980000001, 55.7216642], [37.6052728, 55.72159959999999], [37.6051897, 55.72161470000001], [37.6052267, 55.7216793]]]}}, {"type": "Feature", "properties": {"id": 1632, "object_type": "restriction", "restriction_type": "oks"}, "geometry": {"type": "Polygon", "coordinates": [[[37.6077284, 55.7201727], [37.6077811, 55.7202583], [37.607889, 55.7204335], [37.6079621, 55.72041999999999], [37.6077964, 55.72015789999999], [37.6077284, 55.7201727]]]}}, {"type": "Feature", "properties": {"id": 1633, "object_type": "restriction", "restriction_type": "oks"}, "geometry": {"type": "Polygon", "coordinates": [[[37.6082786, 55.7211079], [37.6083718, 55.7210952], [37.608351, 55.721047000000006], [37.6082579, 55.7210597], [37.6082786, 55.7211079]]]}}, {"type": "Feature", "properties": {"id": 1634, "object_type": "restriction", "restriction_type": "oks"}, "geometry": {"type": "Polygon", "coordinates": [[[37.6072065, 55.7209283], [37.6070843, 55.72071300000001], [37.6069656, 55.7207372], [37.6070176, 55.72082499999999], [37.607068, 55.7208182], [37.607135, 55.720938399999994], [37.6072065, 55.7209283]]]}}, {"type": "Feature", "properties": {"id": 1635, "object_type": "restriction", "restriction_type": "oks"}, "geometry": {"type": "Polygon", "coordinates": [[[37.6162155, 55.7207142], [37.616229600000004, 55.7206721], [37.61618200000001, 55.72066770000001], [37.6161693, 55.720709299999996], [37.6162155, 55.7207142]]]}}, {"type": "Feature", "properties": {"id": 1636, "object_type": "restriction", "restriction_type": "oks"}, "geometry": {"type": "Polygon", "coordinates": [[[37.6141769, 55.72228239999999], [37.6142251, 55.72227300000001], [37.6141899, 55.7222155], [37.6142073, 55.722212], [37.6142203, 55.72220879999999], [37.6142307, 55.7222035], [37.6142376, 55.722196499999995], [37.6142401, 55.7221886], [37.6142379, 55.722180699999996], [37.6143576, 55.722157499999994], [37.6143533, 55.72215059999999], [37.6143482, 55.72214389999999], [37.6143422, 55.722137399999994], [37.6143355, 55.72213119999999], [37.6143281, 55.722125199999994], [37.61432, 55.7221195], [37.6143112, 55.7221142], [37.6143018, 55.7221092], [37.6142918, 55.72210449999999], [37.6142812, 55.722100299999994], [37.6142702, 55.7220965], [37.6142587, 55.7220931], [37.6142469, 55.7220902], [37.6142347, 55.7220877], [37.6142223, 55.7220857], [37.6142096, 55.72208409999999], [37.6141968, 55.722083099999985], [37.6141839, 55.72208260000001], [37.614170900000005, 55.7220825], [37.614158, 55.722083], [37.61414520000001, 55.72208390000001], [37.6141325, 55.7220853], [37.61412, 55.7220873], [37.6141077, 55.72208959999998], [37.6140958, 55.7220925], [37.6140843, 55.722095799999984], [37.6140732, 55.7220995], [37.6140625, 55.72210369999999], [37.6140524, 55.72210820000001], [37.6140429, 55.72211320000001], [37.6140339, 55.72211849999998], [37.6140257, 55.722124099999995], [37.6140181, 55.72212999999999], [37.6140113, 55.722136199999994], [37.6140052, 55.72214259999999], [37.6139999, 55.72214929999999], [37.61399550000001, 55.7221561], [37.6139918, 55.7221631], [37.6139891, 55.722170299999995], [37.6139872, 55.722177499999994], [37.6139861, 55.7221847], [37.613986, 55.72219199999999], [37.6139867, 55.7221993], [37.6139884, 55.7222065], [37.6139908, 55.7222137], [37.6139942, 55.72222070000001], [37.61406589335212, 55.722336370727696], [37.61421091321677, 55.722338006978575], [37.6141769, 55.72228239999999]]]}}, {"type": "Feature", "properties": {"id": 1637, "object_type": "restriction", "restriction_type": "oks"}, "geometry": {"type": "Polygon", "coordinates": [[[37.6123552, 55.72066889999999], [37.612378, 55.720755000000004], [37.6125929, 55.72073639999999], [37.6125754, 55.7206493], [37.6123552, 55.72066889999999]]]}}, {"type": "Feature", "properties": {"id": 1638, "object_type": "restriction", "restriction_type": "oks"}, "geometry": {"type": "Polygon", "coordinates": [[[37.610644, 55.7205728], [37.6108175, 55.72055369999999], [37.6108246, 55.72057399999999], [37.6108706, 55.7205689], [37.6108637, 55.72054899999999], [37.6108949, 55.7205456], [37.6108979, 55.7205544], [37.6109593, 55.720547599999996], [37.6109207, 55.72043629999999], [37.6106085, 55.72047070000001], [37.610644, 55.7205728]]]}}, {"type": "Feature", "properties": {"id": 1639, "object_type": "restriction", "restriction_type": "oks"}, "geometry": {"type": "Polygon", "coordinates": [[[37.6128061, 55.71734309999999], [37.6128965, 55.717343500000005], [37.6129014, 55.7172448], [37.6129418, 55.71724480000001], [37.6129456, 55.71713329999999], [37.61282510000001, 55.7171341], [37.6127595, 55.717134], [37.6127585, 55.71724119999999], [37.6127827, 55.717241200000004], [37.61278190000001, 55.71734300000001], [37.6128061, 55.71734309999999]]]}}, {"type": "Feature", "properties": {"id": 1640, "object_type": "restriction", "restriction_type": "oks"}, "geometry": {"type": "Polygon", "coordinates": [[[37.6112146, 55.71724639999999], [37.6112137, 55.71721409999999], [37.6111575, 55.7172146], [37.61115840000001, 55.7172469], [37.6112146, 55.71724639999999]]]}}, {"type": "Feature", "properties": {"id": 1641, "object_type": "restriction", "restriction_type": "oks"}, "geometry": {"type": "Polygon", "coordinates": [[[37.6098713, 55.71613860000001], [37.6099317, 55.71613429999999], [37.6099136, 55.716057], [37.609854, 55.7160617], [37.6098713, 55.71613860000001]]]}}, {"type": "Feature", "properties": {"id": 1642, "object_type": "restriction", "restriction_type": "oks"}, "geometry": {"type": "Polygon", "coordinates": [[[37.6147, 55.713803], [37.6147792, 55.71380409999999], [37.6147814, 55.713755199999994], [37.6147014, 55.7137542], [37.6147, 55.713803]]]}}, {"type": "Feature", "properties": {"id": 1643, "object_type": "restriction", "restriction_type": "oks"}, "geometry": {"type": "Polygon", "coordinates": [[[37.6141415, 55.713820399999996], [37.6144389, 55.713824599999995], [37.6144412, 55.7137722], [37.6141439, 55.71376800000001], [37.6141415, 55.713820399999996]]]}}, {"type": "Feature", "properties": {"id": 1644, "object_type": "restriction", "restriction_type": "oks"}, "geometry": {"type": "Polygon", "coordinates": [[[37.619255, 55.7199834], [37.6194302, 55.720010300000006], [37.6195416, 55.7197819], [37.619423, 55.71976370000001], [37.6194184, 55.719775], [37.6193605, 55.71976589999999], [37.619255, 55.7199834]]]}}, {"type": "Feature", "properties": {"id": 1645, "object_type": "restriction", "restriction_type": "oks"}, "geometry": {"type": "Polygon", "coordinates": [[[37.6206092, 55.71951949999999], [37.6204956, 55.7195048], [37.6204019, 55.71973570000001], [37.6205155, 55.7197503], [37.6206092, 55.71951949999999]]]}}, {"type": "Feature", "properties": {"id": 1646, "object_type": "restriction", "restriction_type": "oks"}, "geometry": {"type": "Polygon", "coordinates": [[[37.620099, 55.720323699999994], [37.6201108, 55.7203252], [37.6201482, 55.72023180000001], [37.6199185, 55.720205199999995], [37.6198548, 55.72035679999999], [37.61997310000001, 55.7203726], [37.6199351, 55.720464299999996], [37.6200313, 55.72047809999998], [37.620099, 55.720323699999994]]]}}, {"type": "Feature", "properties": {"id": 1647, "object_type": "restriction", "restriction_type": "oks"}, "geometry": {"type": "Polygon", "coordinates": [[[37.6208527, 55.718838], [37.6208604, 55.718892999999994], [37.6210311, 55.71888879999999], [37.6210275, 55.7188347], [37.6208527, 55.718838]]]}}, {"type": "Feature", "properties": {"id": 1648, "object_type": "restriction", "restriction_type": "oks"}, "geometry": {"type": "Polygon", "coordinates": [[[37.6210275, 55.7188347], [37.6210311, 55.71888879999999], [37.62104157760571, 55.71888857602532], [37.62104348793365, 55.71883436365853], [37.6210275, 55.7188347]]]}}, {"type": "Feature", "properties": {"id": 1649, "object_type": "restriction", "restriction_type": "oks"}, "geometry": {"type": "Polygon", "coordinates": [[[37.6169005, 55.7130675], [37.6168996, 55.7130308], [37.6168624, 55.71303110000001], [37.6168633, 55.7130678], [37.6169005, 55.7130675]]]}}, {"type": "Feature", "properties": {"id": 1650, "object_type": "restriction", "restriction_type": "oks"}, "geometry": {"type": "Polygon", "coordinates": [[[37.6166606, 55.712954800000006], [37.6168236, 55.712953600000006], [37.6168205, 55.7128223], [37.61665760000001, 55.71282339999999], [37.6166606, 55.712954800000006]]]}}, {"type": "Feature", "properties": {"id": 1651, "object_type": "restriction", "restriction_type": "oks"}, "geometry": {"type": "Polygon", "coordinates": [[[37.6165998, 55.7127081], [37.6166003, 55.712792099999994], [37.6166896, 55.71279259999999], [37.61669, 55.712708], [37.6166204, 55.71270789999999], [37.6165998, 55.7127081]]]}}, {"type": "Feature", "properties": {"id": 1652, "object_type": "restriction", "restriction_type": "oks"}, "geometry": {"type": "Polygon", "coordinates": [[[37.6163911, 55.7099616], [37.616469, 55.70996059999999], [37.6164626, 55.7098071], [37.6163909, 55.70980720000001], [37.6163911, 55.7099616]]]}}, {"type": "Feature", "properties": {"id": 1653, "object_type": "restriction", "restriction_type": "oks"}, "geometry": {"type": "MultiPolygon", "coordinates": [[[[37.6163909, 55.70980720000001], [37.6164626, 55.7098071], [37.6165216, 55.709807], [37.61652115385057, 55.709783205383154], [37.61639083626389, 55.709781737222556], [37.6163909, 55.70980720000001]]], [[[37.6166866, 55.7099427], [37.6170791, 55.7099432], [37.61707974311223, 55.709789496893514], [37.6166871859667, 55.709785075703934], [37.6166866, 55.7099427]]]]}}, {"type": "Feature", "properties": {"id": 1654, "object_type": "restriction", "restriction_type": "oks"}, "geometry": {"type": "Polygon", "coordinates": [[[37.6174094, 55.70996230000001], [37.617407, 55.7098641], [37.6173262, 55.70986469999999], [37.6173286, 55.7099629], [37.6174094, 55.70996230000001]]]}}, {"type": "Feature", "properties": {"id": 1655, "object_type": "restriction", "restriction_type": "oks"}, "geometry": {"type": "Polygon", "coordinates": [[[37.6149019, 55.7109853], [37.614901, 55.71096539999999], [37.6148542, 55.71096610000001], [37.6148551, 55.710986], [37.6149019, 55.7109853]]]}}, {"type": "Feature", "properties": {"id": 1656, "object_type": "restriction", "restriction_type": "oks"}, "geometry": {"type": "Polygon", "coordinates": [[[37.6170401, 55.7104152], [37.6170401, 55.7103653], [37.6169477, 55.710365299999985], [37.6169477, 55.7104152], [37.6170401, 55.7104152]]]}}, {"type": "Feature", "properties": {"id": 1657, "object_type": "restriction", "restriction_type": "oks"}, "geometry": {"type": "Polygon", "coordinates": [[[37.6168201, 55.710674299999994], [37.6169215, 55.710675099999996], [37.6169242, 55.71059], [37.6168221, 55.7105894], [37.6168201, 55.710674299999994]]]}}, {"type": "Feature", "properties": {"id": 1658, "object_type": "restriction", "restriction_type": "oks"}, "geometry": {"type": "Polygon", "coordinates": [[[37.6171411, 55.7105933], [37.6170546, 55.7105939], [37.6170554, 55.710650399999984], [37.6171313, 55.7106505], [37.6171411, 55.7106505], [37.6171411, 55.7105933]]]}}, {"type": "Feature", "properties": {"id": 1659, "object_type": "restriction", "restriction_type": "oks"}, "geometry": {"type": "Polygon", "coordinates": [[[37.6117097, 55.710201299999994], [37.6117096, 55.7101528], [37.6116534, 55.71015280000001], [37.6116534, 55.710201299999994], [37.6117097, 55.710201299999994]]]}}, {"type": "Feature", "properties": {"id": 1660, "object_type": "restriction", "restriction_type": "oks"}, "geometry": {"type": "Polygon", "coordinates": [[[37.6129256, 55.71012229999999], [37.6129256, 55.71008519999999], [37.612816, 55.710086600000004], [37.6128163, 55.7101227], [37.6129256, 55.71012229999999]]]}}, {"type": "Feature", "properties": {"id": 1661, "object_type": "restriction", "restriction_type": "oks"}, "geometry": {"type": "Polygon", "coordinates": [[[37.6040866, 55.710576999999994], [37.6041381, 55.7104699], [37.6039699, 55.710444200000005], [37.6039184, 55.710551300000006], [37.6040866, 55.710576999999994]]]}}, {"type": "Feature", "properties": {"id": 1662, "object_type": "restriction", "restriction_type": "oks"}, "geometry": {"type": "Polygon", "coordinates": [[[37.6046204, 55.71090829999999], [37.6046399, 55.71086559999999], [37.6045024, 55.7108456], [37.6044829, 55.7108883], [37.6046204, 55.71090829999999]]]}}, {"type": "Feature", "properties": {"id": 1663, "object_type": "restriction", "restriction_type": "oks"}, "geometry": {"type": "Polygon", "coordinates": [[[37.6033495, 55.7105857], [37.602817, 55.710512400000006], [37.6028036, 55.7105414], [37.602754600000004, 55.7106398], [37.6032848, 55.71072060000001], [37.6033495, 55.7105857]]]}}, {"type": "Feature", "properties": {"id": 1664, "object_type": "restriction", "restriction_type": "oks"}, "geometry": {"type": "Polygon", "coordinates": [[[37.602754600000004, 55.7106398], [37.6028036, 55.7105414], [37.6021059, 55.71043490000001], [37.6020545, 55.710542200000006], [37.6020479, 55.710557300000005], [37.602743, 55.7106631], [37.602754600000004, 55.7106398]]]}}, {"type": "Feature", "properties": {"id": 1665, "object_type": "restriction", "restriction_type": "oks"}, "geometry": {"type": "Polygon", "coordinates": [[[37.6021059, 55.71043490000001], [37.6019802, 55.71041539999999], [37.6020106, 55.710350500000004], [37.602194, 55.7103783], [37.6022399, 55.710282400000004], [37.6020565, 55.7102543], [37.6020891, 55.7101878], [37.602247, 55.71021180000001], [37.6022918, 55.7101184], [37.6021336, 55.710094500000004], [37.601841, 55.7100495], [37.6018705, 55.70998929999999], [37.6018951, 55.70999299999999], [37.6019168, 55.70994789999999], [37.6018891, 55.7099433], [37.6019088, 55.7099034], [37.6019208, 55.70987739999999], [37.601779900000004, 55.70985590000001], [37.6016665, 55.7100921], [37.6017609, 55.71010679999999], [37.601743, 55.7101442], [37.6017908, 55.71015160000001], [37.6016856, 55.7103704], [37.601543, 55.710348799999984], [37.6014917, 55.71045649999999], [37.6020545, 55.710542200000006], [37.6021059, 55.71043490000001]]]}}, {"type": "Feature", "properties": {"id": 1666, "object_type": "restriction", "restriction_type": "oks"}, "geometry": {"type": "Polygon", "coordinates": [[[37.6036388, 55.71049639999998], [37.6037901, 55.71051859999999], [37.6039306, 55.71020699999999], [37.6034831, 55.7101374], [37.6021965, 55.709946699999996], [37.6021202, 55.70994279999999], [37.6020186, 55.709928699999985], [37.6019918, 55.7099907], [37.6020336, 55.710025099999996], [37.6020263, 55.71004550000001], [37.6020601, 55.71005069999999], [37.6020651, 55.71004039999998], [37.6021512, 55.710053], [37.6021336, 55.710094500000004], [37.6022918, 55.7101184], [37.603717, 55.7103337], [37.6036388, 55.71049639999998]]]}}, {"type": "Feature", "properties": {"id": 1667, "object_type": "restriction", "restriction_type": "oks"}, "geometry": {"type": "Polygon", "coordinates": [[[37.6043588, 55.710728], [37.6044423, 55.7105546], [37.6042517, 55.7105255], [37.6041682, 55.7106988], [37.6042827, 55.71071629999999], [37.6043588, 55.710728]]]}}, {"type": "Feature", "properties": {"id": 1668, "object_type": "restriction", "restriction_type": "oks"}, "geometry": {"type": "Polygon", "coordinates": [[[37.6147497, 55.71598949999999], [37.6147508, 55.7159581], [37.6146973, 55.715957499999995], [37.6146962, 55.71598889999999], [37.6147497, 55.71598949999999]]]}}, {"type": "Feature", "properties": {"id": 1669, "object_type": "restriction", "restriction_type": "oks"}, "geometry": {"type": "Polygon", "coordinates": [[[37.6137261, 55.7147293], [37.6137358, 55.715197399999994], [37.6139665, 55.715196600000006], [37.6139663, 55.71518469999999], [37.6141641, 55.715183899999985], [37.6141625, 55.7150486], [37.6139647, 55.715049300000004], [37.6139609, 55.7147281], [37.6137261, 55.7147293]]]}}, {"type": "Feature", "properties": {"id": 1670, "object_type": "restriction", "restriction_type": "oks"}, "geometry": {"type": "Polygon", "coordinates": [[[37.6137418, 55.71529639999999], [37.6138279, 55.7152966], [37.6138283, 55.7152446], [37.6137421, 55.715244399999996], [37.6137418, 55.71529639999999]]]}}, {"type": "Feature", "properties": {"id": 1671, "object_type": "restriction", "restriction_type": "road"}, "geometry": {"type": "Polygon", "coordinates": [[[37.61565597714385, 55.714596270927224], [37.61374687911544, 55.7145875709465], [37.61374572088269, 55.71466842905323], [37.61565482285427, 55.71467712907251], [37.61565597714385, 55.714596270927224]]]}}, {"type": "Feature", "properties": {"id": 1672, "object_type": "restriction", "restriction_type": "road"}, "geometry": {"type": "Polygon", "coordinates": [[[37.61361702895952, 55.71662334645548], [37.613617171040275, 55.7166772535444], [37.61373617112222, 55.71667715354475], [37.61373684680047, 55.71667715027778], [37.61571694816409, 55.71665965027297], [37.61571545183664, 55.716605749726924], [37.61373569101853, 55.71662324673921], [37.61361702895952, 55.71662334645548]]]}}, {"type": "Feature", "properties": {"id": 1673, "object_type": "restriction", "restriction_type": "road"}, "geometry": {"type": "Polygon", "coordinates": [[[37.61535325004521, 55.72002747006361], [37.61475435050105, 55.71996547011471], [37.61473424948267, 55.72002732988422], [37.61533309657988, 55.7200893244116], [37.615567143418616, 55.72011381884945], [37.61558745656494, 55.72005198114947], [37.615353356742915, 55.72002748116965], [37.61535325004521, 55.72002747006361]]]}}, {"type": "Feature", "properties": {"id": 1674, "object_type": "restriction", "restriction_type": "road"}, "geometry": {"type": "Polygon", "coordinates": [[[37.61068976280234, 55.70985720208669], [37.61069516247061, 55.71012920208703], [37.61069529563937, 55.710130934305276], [37.61074779503825, 55.7105225333761], [37.61075809481592, 55.71059943241478], [37.61085330517945, 55.71059536756674], [37.61084300508632, 55.71051846757021], [37.610790620309, 55.71012773057556], [37.61078524111577, 55.709856795261835], [37.6107856398342, 55.7097912926396], [37.61069016016633, 55.709791107341836], [37.61068976008621, 55.709856807341254], [37.61068976280234, 55.70985720208669]]]}}, {"type": "Feature", "properties": {"id": 1675, "object_type": "restriction", "restriction_type": "road"}, "geometry": {"type": "Polygon", "coordinates": [[[37.60285100338326, 55.716665457748455], [37.60292559657218, 55.71661874223988], [37.60282339658259, 55.71656674227079], [37.60281970596259, 55.7165650208013], [37.602815767124596, 55.71656348457027], [37.60281160916142, 55.71656214492452], [37.60241060936908, 55.716445545008426], [37.60235959059424, 55.716501454985966], [37.602754169041525, 55.71661618781025], [37.60285100338326, 55.716665457748455]]]}}, {"type": "Feature", "properties": {"id": 1676, "object_type": "restriction", "restriction_type": "road"}, "geometry": {"type": "Polygon", "coordinates": [[[37.62066933839523, 55.711256754111794], [37.620672351534445, 55.71125665156179], [37.620781651683885, 55.71125195155616], [37.62078532885611, 55.71125175297546], [37.62101592916807, 55.71123675295668], [37.62099407086065, 55.711129647042036], [37.620765306351196, 55.71114452765086], [37.62065935361403, 55.71114908371613], [37.61983556714129, 55.71116974575514], [37.618952372758244, 55.71119184562108], [37.61896082725216, 55.711299554378364], [37.619844028465884, 55.7112774543545], [37.62066933839523, 55.711256754111794]]]}}, {"type": "Feature", "properties": {"id": 1677, "object_type": "restriction", "restriction_type": "oks"}, "geometry": {"type": "Polygon", "coordinates": [[[37.6139248, 55.71023209999999], [37.613974000000006, 55.71023329999999], [37.6140078, 55.7102312], [37.6140332, 55.71022139999999], [37.614055, 55.71021009999999], [37.6140706, 55.71019689999999], [37.6140821, 55.71018049999999], [37.6140874, 55.7101664], [37.6140824, 55.710139000000005], [37.6140513, 55.7101028], [37.6140027, 55.7100834], [37.6139513, 55.7100684], [37.6138784, 55.710068299999996], [37.613878, 55.710102199999994], [37.6138765, 55.710139899999994], [37.6139437, 55.71014], [37.6139685, 55.71014589999999], [37.6139786, 55.710158], [37.6139714, 55.71016809999999], [37.6139429, 55.71017639999999], [37.6139248, 55.71023209999999]]]}}, {"type": "Feature", "properties": {"id": 1678, "object_type": "restriction", "restriction_type": "road"}, "geometry": {"type": "Polygon", "coordinates": [[[37.61776504423009, 55.713350409043166], [37.61776374396478, 55.71313290904227], [37.617668256035316, 55.713133090939145], [37.61766955518852, 55.71335049363381], [37.617664955027976, 55.71402559632351], [37.617760444972575, 55.71402580365795], [37.617765044149024, 55.71335060365185], [37.61776504423009, 55.713350409043166]]]}}, {"type": "Feature", "properties": {"id": 1679, "object_type": "restriction", "restriction_type": "road"}, "geometry": {"type": "Polygon", "coordinates": [[[37.61773414332874, 55.716183475299516], [37.61773724334688, 55.71605536816212], [37.61764175665432, 55.716054631819325], [37.61763865658444, 55.71618272825048], [37.61762895619302, 55.71657592467564], [37.61762900709686, 55.71657759959018], [37.61763390702713, 55.71663489959172], [37.61772929297, 55.71663230038975], [37.61772446447801, 55.71657583740181], [37.61773414332874, 55.716183475299516]]]}}, {"type": "Feature", "properties": {"id": 1680, "object_type": "restriction", "restriction_type": "road"}, "geometry": {"type": "Polygon", "coordinates": [[[37.61765015433192, 55.71542849592965], [37.61764175356801, 55.71605479592241], [37.61773724643279, 55.716055204059025], [37.61774564566889, 55.71542890405178], [37.61765015433192, 55.71542849592965]]]}}, {"type": "Feature", "properties": {"id": 1681, "object_type": "restriction", "restriction_type": "oks"}, "geometry": {"type": "Polygon", "coordinates": [[[37.6130712, 55.713508699999984], [37.6130933, 55.7135125], [37.6133772, 55.71351199999999], [37.6134004, 55.713505899999994], [37.6134075, 55.71349349999999], [37.6134064, 55.7133631], [37.6134062, 55.713342599999976], [37.6130643, 55.71333899999999], [37.6130643, 55.713497399999994], [37.6130712, 55.713508699999984]]]}}, {"type": "Feature", "properties": {"id": 1682, "object_type": "restriction", "restriction_type": "oks"}, "geometry": {"type": "Polygon", "coordinates": [[[37.6133968, 55.71386299999999], [37.6133981, 55.713696999999996], [37.613395, 55.7136827], [37.6133785, 55.713675699999996], [37.6130933, 55.7136724], [37.6130761, 55.7136794], [37.613071, 55.7136933], [37.6130697, 55.7138616], [37.6133968, 55.71386299999999]]]}}, {"type": "Feature", "properties": {"id": 1683, "object_type": "restriction", "restriction_type": "oks"}, "geometry": {"type": "Polygon", "coordinates": [[[37.6129536, 55.71369629999999], [37.612969, 55.713688399999995], [37.6129752, 55.71367659999999], [37.6129791, 55.713518699999995], [37.6129718, 55.7135096], [37.6129562, 55.7135045], [37.6126519, 55.713505399999995], [37.6126506, 55.713695599999994], [37.6129536, 55.71369629999999]]]}}, {"type": "Feature", "properties": {"id": 1684, "object_type": "restriction", "restriction_type": "road"}, "geometry": {"type": "Polygon", "coordinates": [[[37.617664955019045, 55.714025597642205], [37.61766375480145, 55.714203997640595], [37.6177592451991, 55.714204202340845], [37.6177604449815, 55.71402580233926], [37.617664955019045, 55.714025597642205]]]}}, {"type": "Feature", "properties": {"id": 1685, "object_type": "restriction", "restriction_type": "road"}, "geometry": {"type": "Polygon", "coordinates": [[[37.60512156468632, 55.720259454178944], [37.60341105653325, 55.720606574631674], [37.60236014943061, 55.7208120977749], [37.602359480416574, 55.72081223070621], [37.6015450249368, 55.72097661987055], [37.601441879902886, 55.72099542750453], [37.60143703765717, 55.720996420335496], [37.60065613828843, 55.72117472016909], [37.600709861762525, 55.72124967982508], [37.60148837291536, 55.72107192524958], [37.60159012023224, 55.72105337247344], [37.601592218932566, 55.72105296944456], [37.60240738570554, 55.72088843668954], [37.603458351524466, 55.720682902025914], [37.60345913390063, 55.7206827461441], [37.605169292535386, 55.720335696567346], [37.60528494410709, 55.720313838020836], [37.60523945593692, 55.72023716197496], [37.60512305603889, 55.72025916195406], [37.60512156468632, 55.720259454178944]]]}}, {"type": "Feature", "properties": {"id": 1686, "object_type": "restriction", "restriction_type": "road"}, "geometry": {"type": "Polygon", "coordinates": [[[37.608706716445184, 55.71669087728538], [37.60861051651128, 55.71669347728394], [37.60861508349157, 55.71674732271591], [37.60871070926202, 55.716744738236216], [37.60906043471232, 55.71674004594544], [37.60905816528894, 55.71668615405442], [37.6087078655301, 55.71669085405249], [37.608706716445184, 55.71669087728538]]]}}, {"type": "Feature", "properties": {"id": 1687, "object_type": "restriction", "restriction_type": "road"}, "geometry": {"type": "Polygon", "coordinates": [[[37.61780147959608, 55.71990739844591], [37.61769388274729, 55.72019328826378], [37.61766198636514, 55.720277878134794], [37.61784881368955, 55.72030032179445], [37.617880713497534, 55.72021572176931], [37.6179881671727, 55.719930208779104], [37.61809870214501, 55.71965731460335], [37.61791249791326, 55.71963328532634], [37.61780179729978, 55.71990658523972], [37.61780147959608, 55.71990739844591]]]}}, {"type": "Feature", "properties": {"id": 1688, "object_type": "restriction", "restriction_type": "road"}, "geometry": {"type": "Polygon", "coordinates": [[[37.59955730035987, 55.7148143838378], [37.59955711953629, 55.714814845755974], [37.59936001884545, 55.7153369456654], [37.59946898117319, 55.71535005431052], [37.59966599314867, 55.714828185563], [37.599728299458576, 55.714674516109795], [37.599729049846914, 55.714672303797826], [37.59977674960847, 55.71449810377531], [37.59966665040545, 55.7144884962001], [37.59961925513959, 55.71466158243109], [37.59955730035987, 55.7148143838378]]]}}, {"type": "Feature", "properties": {"id": 1689, "object_type": "restriction", "restriction_type": "road"}, "geometry": {"type": "Polygon", "coordinates": [[[37.61946276949355, 55.71333324769362], [37.6177177706948, 55.71332354770656], [37.61771682930424, 55.71337745229332], [37.61946183050551, 55.71338715230625], [37.61946276949355, 55.71333324769362]]]}}, {"type": "Feature", "properties": {"id": 1690, "object_type": "restriction", "restriction_type": "oks"}, "geometry": {"type": "Polygon", "coordinates": [[[37.6137802, 55.71597359999999], [37.6137836, 55.7162312], [37.6137876, 55.7165272], [37.6141373, 55.71652580000001], [37.6141351, 55.716361000000006], [37.6141301, 55.7163611], [37.6141292, 55.716297], [37.6139413, 55.71629779999999], [37.613939, 55.7161283], [37.6140457, 55.7161279], [37.6140436, 55.715972499999985], [37.6140431, 55.71593399999999], [37.6137797, 55.7159352], [37.6137802, 55.71597359999999]]]}}, {"type": "Feature", "properties": {"id": 1691, "object_type": "restriction", "restriction_type": "road"}, "geometry": {"type": "Polygon", "coordinates": [[[37.61358693960557, 55.710497094355496], [37.61358693913744, 55.71049706222709], [37.6135863390906, 55.71045866222707], [37.61349086090912, 55.71045913775437], [37.61349146061129, 55.71049752169], [37.613492160297255, 55.71054930312463], [37.61349346014399, 55.71064790062042], [37.61358893985583, 55.710647499361016], [37.61358763973557, 55.71054889936088], [37.61358693960557, 55.710497094355496]]]}}, {"type": "Feature", "properties": {"id": 1692, "object_type": "restriction", "restriction_type": "oks"}, "geometry": {"type": "Polygon", "coordinates": [[[37.6192403, 55.72223139999999], [37.6194591, 55.722253399999985], [37.619473, 55.7222095], [37.6192542, 55.72218749999998], [37.6192403, 55.72223139999999]]]}}, {"type": "Feature", "properties": {"id": 1693, "object_type": "restriction", "restriction_type": "oks"}, "geometry": {"type": "Polygon", "coordinates": [[[37.6181588, 55.722048799999996], [37.6181715, 55.72204289999999], [37.6181802, 55.722035], [37.6181839, 55.722025599999995], [37.618182, 55.7220161], [37.61817460000001, 55.7220074], [37.6181625, 55.7220007], [37.6181471, 55.7219965], [37.6181301, 55.72199549999999], [37.6181135, 55.7219977], [37.6180991, 55.7220028], [37.61808880000001, 55.72201009999999], [37.6180832, 55.722018799999994], [37.6180829, 55.7220281], [37.6180878, 55.72203699999999], [37.6180976, 55.7220445], [37.61811110000001, 55.7220499], [37.6181269, 55.7220525], [37.6181434, 55.7220521], [37.6181588, 55.722048799999996]]]}}, {"type": "Feature", "properties": {"id": 1694, "object_type": "restriction", "restriction_type": "road"}, "geometry": {"type": "Polygon", "coordinates": [[[37.6065617480391, 55.72224484936901], [37.60639590906455, 55.7219763487576], [37.60629069090795, 55.721997051219695], [37.606447026439284, 55.722250166547134], [37.60656595440448, 55.722251515798696], [37.6065617480391, 55.72224484936901]]]}}, {"type": "Feature", "properties": {"id": 1695, "object_type": "restriction", "restriction_type": "road"}, "geometry": {"type": "Polygon", "coordinates": [[[37.60449134628891, 55.71916004988185], [37.60459605368265, 55.71913855009565], [37.604518653542144, 55.719018450127685], [37.604518572943874, 55.71901832587916], [37.60443787280005, 55.718894725912534], [37.60433332717122, 55.71891647406503], [37.60441398649714, 55.719040012022404], [37.60449134628891, 55.71916004988185]]]}}, {"type": "Feature", "properties": {"id": 1696, "object_type": "restriction", "restriction_type": "road"}, "geometry": {"type": "Polygon", "coordinates": [[[37.604636776137774, 55.71938824088103], [37.604752775220234, 55.71957033982479], [37.6048816742053, 55.719772638658824], [37.60498297179088, 55.71993173520257], [37.60508782818094, 55.7199104647749], [37.60498652799388, 55.71975136481688], [37.604857624022586, 55.71954905900827], [37.604741624537525, 55.71936696020074], [37.60462502288927, 55.71918395799956], [37.604596115157285, 55.7191386459676], [37.6044912848145, 55.719159954009854], [37.60452018092038, 55.71920524800134], [37.604636776137774, 55.71938824088103]]]}}, {"type": "Feature", "properties": {"id": 1697, "object_type": "restriction", "restriction_type": "road"}, "geometry": {"type": "Polygon", "coordinates": [[[37.60349562137293, 55.71757785066575], [37.603669978042625, 55.7178541825827], [37.60391113513423, 55.71824201441653], [37.603911182067854, 55.71824208958998], [37.60396157592413, 55.71832247996191], [37.60408436965553, 55.71851877036373], [37.60418696974629, 55.71868277086175], [37.604333075205915, 55.718916080086025], [37.604438124766276, 55.71889511989135], [37.6042920273642, 55.71866182454138], [37.604189430164276, 55.718497829370015], [37.60406663008429, 55.71830152966461], [37.604016241455646, 55.71822114795736], [37.603775064377864, 55.71783328566097], [37.6037749789252, 55.717833149239326], [37.60360060342368, 55.71755678865543], [37.60339972768322, 55.71723572812009], [37.603294672289, 55.717256671857285], [37.603495571908915, 55.71757777194068], [37.60349562137293, 55.71757785066575]]]}}, {"type": "Feature", "properties": {"id": 1698, "object_type": "restriction", "restriction_type": "road"}, "geometry": {"type": "Polygon", "coordinates": [[[37.60312147638039, 55.716993245226774], [37.60322592359073, 55.71697135475084], [37.60311792340029, 55.716807154795475], [37.60311618577503, 55.71680480840967], [37.60311411794091, 55.716802548959386], [37.60293671779134, 55.71662654902812], [37.60283988217039, 55.71665765095255], [37.603015048544464, 55.71683143517961], [37.60312147638039, 55.716993245226774]]]}}, {"type": "Feature", "properties": {"id": 1699, "object_type": "restriction", "restriction_type": "road"}, "geometry": {"type": "Polygon", "coordinates": [[[37.61370886974796, 55.71980994119616], [37.61369837765868, 55.71978336132779], [37.61358962232269, 55.71979703864802], [37.61360162228237, 55.71982743865311], [37.613602806470944, 55.71982994621112], [37.613604352941024, 55.71983239011567], [37.613606251160235, 55.71983475372218], [37.61363045113421, 55.719861853731786], [37.613633445541815, 55.71986479950996], [37.61363698531658, 55.719867545831285], [37.61368498530359, 55.71990084584801], [37.61377141465265, 55.7198611541365], [37.61372722870006, 55.71983050015831], [37.61370886974796, 55.71980994119616]]]}}, {"type": "Feature", "properties": {"id": 1700, "object_type": "restriction", "restriction_type": "oks"}, "geometry": {"type": "Polygon", "coordinates": [[[37.604136, 55.716148399999994], [37.6041469, 55.7161321], [37.6041148, 55.71612529999999], [37.6041039, 55.7161415], [37.604136, 55.716148399999994]]]}}, {"type": "Feature", "properties": {"id": 1701, "object_type": "restriction", "restriction_type": "oks"}, "geometry": {"type": "Polygon", "coordinates": [[[37.60489590000001, 55.7145734], [37.6049162, 55.7145522], [37.6048943, 55.71452910000001], [37.6048401, 55.71452970000001], [37.6048198, 55.7145518], [37.6048417, 55.714574000000006], [37.60489590000001, 55.7145734]]]}}, {"type": "Feature", "properties": {"id": 1702, "object_type": "restriction", "restriction_type": "oks"}, "geometry": {"type": "Polygon", "coordinates": [[[37.6142203, 55.71014089999999], [37.6142208, 55.71009949999999], [37.6141883, 55.71009939999999], [37.6141882, 55.710113699999994], [37.6141174, 55.710113499999984], [37.6141173, 55.7101242], [37.6141171, 55.710140499999994], [37.6142203, 55.71014089999999]]]}}, {"type": "Feature", "properties": {"id": 1703, "object_type": "restriction", "restriction_type": "road"}, "geometry": {"type": "Polygon", "coordinates": [[[37.62127888662317, 55.71148579711803], [37.62130188799462, 55.71149962905434], [37.62130792540878, 55.71132821527764], [37.621179379573654, 55.71123112535288], [37.62102642030057, 55.711295674598645], [37.621272020135635, 55.711481174749814], [37.62127888662317, 55.71148579711803]]]}}, {"type": "Feature", "properties": {"id": 1704, "object_type": "restriction", "restriction_type": "oks"}, "geometry": {"type": "Polygon", "coordinates": [[[37.619801300000006, 55.711056799999994], [37.6198985, 55.7110568], [37.6199113, 55.711065499999975], [37.619912, 55.7110881], [37.6199301, 55.71109649999999], [37.6202767, 55.7110904], [37.6202965, 55.71108149999999], [37.620301000000005, 55.710874199999985], [37.62027870000001, 55.7108626], [37.6201171, 55.71085999999999], [37.6201024, 55.710852], [37.62010370000001, 55.71082899999999], [37.6200937, 55.7108211], [37.619801300000006, 55.7108254], [37.6197866, 55.7108354], [37.6197826, 55.7110439], [37.619801300000006, 55.711056799999994]]]}}, {"type": "Feature", "properties": {"id": 1705, "object_type": "restriction", "restriction_type": "road"}, "geometry": {"type": "Polygon", "coordinates": [[[37.59962096029439, 55.71429022314369], [37.59962244665305, 55.71429362300223], [37.59966445604262, 55.71437092426665], [37.59966599799409, 55.714493523275486], [37.599777402005714, 55.71449307669926], [37.59977580182466, 55.714365876699006], [37.59977550248845, 55.7143628367911], [37.5997746837965, 55.7143598274734], [37.599773353423544, 55.714356876955925], [37.59973078123557, 55.71427854049832], [37.599724447129056, 55.71423084890812], [37.599613352864694, 55.714235551066736], [37.59962015279233, 55.71428675106939], [37.59962096029439, 55.71429022314369]]]}}, {"type": "Feature", "properties": {"id": 1706, "object_type": "restriction", "restriction_type": "road"}, "geometry": {"type": "Polygon", "coordinates": [[[37.59998844796783, 55.71978076562241], [37.59937824488614, 55.71928776353354], [37.59929995508309, 55.71931863645381], [37.599910153420204, 55.71981163551144], [37.60062035169983, 55.72038553458831], [37.600662366375566, 55.72041944646807], [37.60074063359365, 55.72038855351927], [37.600698640928044, 55.720354659466715], [37.59998844796783, 55.71978076562241]]]}}, {"type": "Feature", "properties": {"id": 1707, "object_type": "restriction", "restriction_type": "road"}, "geometry": {"type": "Polygon", "coordinates": [[[37.60597236958968, 55.715923747031596], [37.60600466950011, 55.71600294704331], [37.60609773048581, 55.71599085293899], [37.606065504756096, 55.71591183528184], [37.60573487363631, 55.71504631829799], [37.605641526350425, 55.715057681684186], [37.60597222536187, 55.715923381803876], [37.60597236958968, 55.715923747031596]]]}}, {"type": "Feature", "properties": {"id": 1708, "object_type": "restriction", "restriction_type": "road"}, "geometry": {"type": "Polygon", "coordinates": [[[37.60240635845156, 55.71644443401212], [37.602248458547926, 55.7164076340398], [37.602205941420195, 55.71646576595622], [37.60236384151657, 55.716502565983895], [37.60240635845156, 55.71644443401212]]]}}, {"type": "Feature", "properties": {"id": 1709, "object_type": "restriction", "restriction_type": "road"}, "geometry": {"type": "Polygon", "coordinates": [[[37.599297378911594, 55.71559455295986], [37.59929798448169, 55.71559727533751], [37.599299008133926, 55.715599957553124], [37.599300442075155, 55.7156025791865], [37.599344741992674, 55.71567257920486], [37.599346529724755, 55.71567506409767], [37.59934868605028, 55.715677453957774], [37.59935119528343, 55.71567973140048], [37.59946319522393, 55.715772331441855], [37.59955520473454, 55.71573686854064], [37.59944724648366, 55.71564761029771], [37.59940866295514, 55.715586643228725], [37.599409503846694, 55.715507588827556], [37.59929809615427, 55.715507211147184], [37.59929719603389, 55.71559181114614], [37.599297378911594, 55.71559455295986]]]}}, {"type": "Feature", "properties": {"id": 1710, "object_type": "restriction", "restriction_type": "road"}, "geometry": {"type": "Polygon", "coordinates": [[[37.59934936711986, 55.71536528410245], [37.599299266939745, 55.71550098407939], [37.59940833307852, 55.7155138158965], [37.59945841234187, 55.71537817155288], [37.599468991391646, 55.71535002718434], [37.599360008626924, 55.71533697279154], [37.59934940858958, 55.71536517278668], [37.59934936711986, 55.71536528410245]]]}}, {"type": "Feature", "properties": {"id": 1711, "object_type": "restriction", "restriction_type": "road"}, "geometry": {"type": "Polygon", "coordinates": [[[37.60699302976466, 55.713341636961], [37.6069697585416, 55.713344112623055], [37.60696824505454, 55.71334428799354], [37.60690924509241, 55.7133516879888], [37.606929954921235, 55.71340431201028], [37.606988200727955, 55.71339700660424], [37.60701094148548, 55.71339458737465], [37.607011398577946, 55.71339453744371], [37.60704529860003, 55.71339073744128], [37.60704598957637, 55.71339065698637], [37.607096489608956, 55.71338455698245], [37.60707651040422, 55.71333184301669], [37.60702635539791, 55.71333790134427], [37.60699302976466, 55.713341636961]]]}}, {"type": "Feature", "properties": {"id": 1712, "object_type": "restriction", "restriction_type": "road"}, "geometry": {"type": "Polygon", "coordinates": [[[37.60623613057612, 55.713491402485], [37.606650730841935, 55.7134390024514], [37.60662986917181, 55.71338639754767], [37.60621526943762, 55.71343879751409], [37.60623613057612, 55.713491402485]]]}}, {"type": "Feature", "properties": {"id": 1713, "object_type": "restriction", "restriction_type": "oks"}, "geometry": {"type": "Polygon", "coordinates": [[[37.6124505, 55.71100919999999], [37.6124721, 55.7110088], [37.6124689, 55.7109596], [37.6124294, 55.7109604], [37.6124326, 55.71100959999999], [37.6124505, 55.71100919999999]]]}}, {"type": "Feature", "properties": {"id": 1714, "object_type": "restriction", "restriction_type": "road"}, "geometry": {"type": "Polygon", "coordinates": [[[37.61278922757516, 55.71145954386498], [37.613295240055315, 55.71144594622038], [37.613295410286405, 55.71144594155958], [37.613553610641006, 55.71143874155161], [37.61354418937073, 55.71133105844781], [37.613286074837504, 55.71133825606655], [37.61278006065118, 55.71135185376412], [37.612779884223016, 55.711351858597105], [37.61162268581229, 55.7113841585613], [37.610934761185376, 55.711403459255465], [37.61094423882645, 55.71151114074395], [37.61163212699646, 55.71149184108099], [37.61278922757516, 55.71145954386498]]]}}, {"type": "Feature", "properties": {"id": 1715, "object_type": "restriction", "restriction_type": "road"}, "geometry": {"type": "Polygon", "coordinates": [[[37.614159789392616, 55.71142215277679], [37.61480531920229, 55.71140565202213], [37.61479668080838, 55.71129794797731], [37.61415119618721, 55.71131444758902], [37.61374941117009, 55.711324647211605], [37.6137484226903, 55.71132467520212], [37.61354362297133, 55.71133107519485], [37.61355417704196, 55.71143872480453], [37.613758483209516, 55.71143234023872], [37.614159789392616, 55.71142215277679]]]}}, {"type": "Feature", "properties": {"id": 1716, "object_type": "restriction", "restriction_type": "road"}, "geometry": {"type": "Polygon", "coordinates": [[[37.61534377617627, 55.71128394809175], [37.61479667692802, 55.71129794807654], [37.61480532308266, 55.71140565192288], [37.615352423834416, 55.711391651907704], [37.61534377617627, 55.71128394809175]]]}}, {"type": "Feature", "properties": {"id": 1717, "object_type": "restriction", "restriction_type": "road"}, "geometry": {"type": "Polygon", "coordinates": [[[37.615411875903405, 55.71128224556854], [37.61534387599685, 55.71128394556672], [37.61535232401355, 55.71139165443274], [37.615420324107, 55.71138995443089], [37.615411875903405, 55.71128224556854]]]}}, {"type": "Feature", "properties": {"id": 1718, "object_type": "restriction", "restriction_type": "road"}, "geometry": {"type": "Polygon", "coordinates": [[[37.6157103430445, 55.7112745489402], [37.61541174345478, 55.71128224893181], [37.61542045655599, 55.711389951067616], [37.61571905696627, 55.71138225105925], [37.6157103430445, 55.7112745489402]]]}}, {"type": "Feature", "properties": {"id": 1719, "object_type": "restriction", "restriction_type": "road"}, "geometry": {"type": "Polygon", "coordinates": [[[37.617445184369416, 55.71123024786677], [37.61571038675316, 55.71127454781869], [37.61571901325749, 55.711382252180755], [37.61745381564124, 55.71133795213268], [37.617445184369416, 55.71123024786677]]]}}, {"type": "Feature", "properties": {"id": 1720, "object_type": "restriction", "restriction_type": "road"}, "geometry": {"type": "Polygon", "coordinates": [[[37.61775081661112, 55.71133045463532], [37.617750948310594, 55.71133045129721], [37.61791024852947, 55.71132635129275], [37.617901551481275, 55.71121864870668], [37.617742317554615, 55.71122274700732], [37.61763018355346, 55.711225545361096], [37.61744520541053, 55.711230247330626], [37.61745379460006, 55.71133795266883], [37.61763865565749, 55.711333253660115], [37.61775081661112, 55.71133045463532]]]}}, {"type": "Feature", "properties": {"id": 1721, "object_type": "restriction", "restriction_type": "road"}, "geometry": {"type": "Polygon", "coordinates": [[[37.61877329653923, 55.71119644754656], [37.61790159773703, 55.711218647522465], [37.61791020227359, 55.711326352476966], [37.61878190347139, 55.71130415245289], [37.61877329653923, 55.71119644754656]]]}}, {"type": "Feature", "properties": {"id": 1722, "object_type": "restriction", "restriction_type": "road"}, "geometry": {"type": "Polygon", "coordinates": [[[37.61895225809537, 55.71119184852882], [37.61877325834133, 55.71119644852382], [37.618781941669404, 55.71130415147562], [37.618960941915354, 55.711299551470624], [37.61895225809537, 55.71119184852882]]]}}, {"type": "Feature", "properties": {"id": 1723, "object_type": "restriction", "restriction_type": "road"}, "geometry": {"type": "Polygon", "coordinates": [[[37.61348926052133, 55.71033770054533], [37.61349086037326, 55.71045910054518], [37.61358633962654, 55.71045869943625], [37.61358473947848, 55.7103372994361], [37.61348926052133, 55.71033770054533]]]}}, {"type": "Feature", "properties": {"id": 1724, "object_type": "restriction", "restriction_type": "road"}, "geometry": {"type": "Polygon", "coordinates": [[[37.61349035965326, 55.710101928911996], [37.61348925936607, 55.71033742891006], [37.6135847406344, 55.71033757107136], [37.61358584034721, 55.71010207106944], [37.61349035965326, 55.710101928911996]]]}}, {"type": "Feature", "properties": {"id": 1725, "object_type": "restriction", "restriction_type": "road"}, "geometry": {"type": "Polygon", "coordinates": [[[37.61349075976121, 55.71001692800019], [37.61358624023927, 55.710017071981255], [37.61358750276535, 55.709750121306165], [37.61349202735747, 55.709749043409694], [37.61349075976121, 55.71001692800019]]]}}, {"type": "Feature", "properties": {"id": 1726, "object_type": "restriction", "restriction_type": "road"}, "geometry": {"type": "Polygon", "coordinates": [[[37.61097341482745, 55.711351873586366], [37.6109032143399, 55.71094707361079], [37.61080818565403, 55.71095232637079], [37.61087838516648, 55.71135712639521], [37.61097341482745, 55.711351873586366]]]}}, {"type": "Feature", "properties": {"id": 1727, "object_type": "restriction", "restriction_type": "road"}, "geometry": {"type": "Polygon", "coordinates": [[[37.610891840839045, 55.71145888855489], [37.610987159157396, 55.71145571142658], [37.610980759083056, 55.711394511428665], [37.61098061577146, 55.71139347874353], [37.610973415721354, 55.71135187874602], [37.61087838427258, 55.71135712123556], [37.61088549499058, 55.71139820567294], [37.610891840839045, 55.71145888855489]]]}}, {"type": "Feature", "properties": {"id": 1728, "object_type": "restriction", "restriction_type": "road"}, "geometry": {"type": "Polygon", "coordinates": [[[37.61474678422246, 55.71184103949021], [37.61553758530843, 55.711818639465285], [37.6155280147035, 55.71171096053413], [37.614737215789475, 55.71173336050921], [37.61474678422246, 55.71184103949021]]]}}, {"type": "Feature", "properties": {"id": 1729, "object_type": "restriction", "restriction_type": "road"}, "geometry": {"type": "Polygon", "coordinates": [[[37.6121846929544, 55.71179835836022], [37.61218453837915, 55.71179836273828], [37.61166333909482, 55.711813362721536], [37.61014675518383, 55.71185703923506], [37.610006074676924, 55.71185972359865], [37.61000421357545, 55.71185976937466], [37.60903451490653, 55.711888969341786], [37.60904468510624, 55.71199663065764], [37.610013456279916, 55.71196745863769], [37.6101540255254, 55.711964776398176], [37.61015566352913, 55.711964737191465], [37.611673063327146, 55.71192103720853], [37.61219418435123, 55.71190603948546], [37.61266420770298, 55.711892941624676], [37.61360561993686, 55.71186664129027], [37.61359618007491, 55.71175895870915], [37.61265478676605, 55.71178525852918], [37.6121846929544, 55.71179835836022]]]}}, {"type": "Feature", "properties": {"id": 1730, "object_type": "restriction", "restriction_type": "road"}, "geometry": {"type": "Polygon", "coordinates": [[[37.61369095587552, 55.711756529955196], [37.61369016769281, 55.71175654832375], [37.613596567821425, 55.71175894832113], [37.613605232189286, 55.71186665167829], [37.6136984382938, 55.71186426177902], [37.614031844592084, 55.71185727003713], [37.614579747875595, 55.71184576997228], [37.614572652132956, 55.711738030027185], [37.61402475377563, 55.711749529996766], [37.61369095587552, 55.711756529955196]]]}}, {"type": "Feature", "properties": {"id": 1731, "object_type": "restriction", "restriction_type": "road"}, "geometry": {"type": "Polygon", "coordinates": [[[37.62084944195389, 55.71157714638317], [37.62085795805662, 55.71168485361629], [37.62095712372227, 55.711682354482306], [37.62104178934178, 55.71168025533534], [37.621033410668545, 55.71157254466413], [37.620948710784944, 55.711574644661845], [37.62084944195389, 55.71157714638317]]]}}, {"type": "Feature", "properties": {"id": 1732, "object_type": "restriction", "restriction_type": "road"}, "geometry": {"type": "Polygon", "coordinates": [[[37.619937357383954, 55.711708053626474], [37.62085795864903, 55.711684853601355], [37.62084944136148, 55.711577146398085], [37.61992884262655, 55.71160034637298], [37.619937357383954, 55.711708053626474]]]}}, {"type": "Feature", "properties": {"id": 1733, "object_type": "restriction", "restriction_type": "road"}, "geometry": {"type": "Polygon", "coordinates": [[[37.615903028316616, 55.71180905432664], [37.616786029530076, 55.711786954302795], [37.616777570480345, 55.71167924569666], [37.6158945716938, 55.7117013456728], [37.615903028316616, 55.71180905432664]]]}}, {"type": "Feature", "properties": {"id": 1734, "object_type": "restriction", "restriction_type": "road"}, "geometry": {"type": "Polygon", "coordinates": [[[37.615667161799806, 55.711707045922374], [37.61566664670024, 55.7117070596297], [37.615528046890574, 55.71171095962538], [37.61553755312127, 55.711818640374034], [37.61567589579347, 55.711814747616046], [37.61573543622328, 55.71181325412738], [37.6159030343283, 55.711809054176086], [37.61589456568214, 55.71170134582335], [37.61572696591246, 55.71170554581884], [37.615667161799806, 55.711707045922374]]]}}, {"type": "Feature", "properties": {"id": 1735, "object_type": "restriction", "restriction_type": "road"}, "geometry": {"type": "Polygon", "coordinates": [[[37.61458098830428, 55.71184573937333], [37.614746788531974, 55.71184103936809], [37.614737211479984, 55.71173336063132], [37.614571411707665, 55.71173806062607], [37.61458098830428, 55.71184573937333]]]}}, {"type": "Feature", "properties": {"id": 1736, "object_type": "restriction", "restriction_type": "road"}, "geometry": {"type": "Polygon", "coordinates": [[[37.607352355867626, 55.712043151023096], [37.60764325626733, 55.71203565101495], [37.60763454374343, 55.711927948984496], [37.60734364414314, 55.711935448976355], [37.607352355867626, 55.712043151023096]]]}}, {"type": "Feature", "properties": {"id": 1737, "object_type": "restriction", "restriction_type": "road"}, "geometry": {"type": "Polygon", "coordinates": [[[37.606913082483786, 55.71205741820854], [37.607353483087955, 55.71204311819217], [37.60734251692591, 55.71193548180718], [37.60690211753006, 55.711949781790835], [37.606913082483786, 55.71205741820854]]]}}, {"type": "Feature", "properties": {"id": 1738, "object_type": "restriction", "restriction_type": "road"}, "geometry": {"type": "Polygon", "coordinates": [[[37.60740235014917, 55.71161583169635], [37.60768995054398, 55.71160723168667], [37.6076901831915, 55.711607224568915], [37.608268683985344, 55.711589124548354], [37.60825811602797, 55.71148147545101], [37.607679733140046, 55.711499571791414], [37.60739651936252, 55.7115080406387], [37.60727979215183, 55.711505628918246], [37.60727280783733, 55.711613371081135], [37.607393808003515, 55.71161587108544], [37.60740235014917, 55.71161583169635]]]}}, {"type": "Feature", "properties": {"id": 1739, "object_type": "restriction", "restriction_type": "road"}, "geometry": {"type": "Polygon", "coordinates": [[[37.61065038735379, 55.711519439373426], [37.610640812658154, 55.711411760625985], [37.609977413569155, 55.71143056060509], [37.60997712168114, 55.71143056912894], [37.60937512250749, 55.71144866910856], [37.609385277505254, 55.71155633089083], [37.609987132394934, 55.71153823525861], [37.61065038735379, 55.711519439373426]]]}}, {"type": "Feature", "properties": {"id": 1740, "object_type": "restriction", "restriction_type": "road"}, "geometry": {"type": "Polygon", "coordinates": [[[37.610934729420855, 55.711403460149576], [37.610640829824455, 55.71141176014034], [37.61065037018744, 55.71151943985906], [37.610944270591055, 55.71151113984985], [37.610934729420855, 55.711403460149576]]]}}, {"type": "Feature", "properties": {"id": 1741, "object_type": "restriction", "restriction_type": "road"}, "geometry": {"type": "Polygon", "coordinates": [[[37.6170236467315, 55.71178095387308], [37.61733794716343, 55.71177305386453], [37.61732945284706, 55.7116653461349], [37.61701515327897, 55.71167324612635], [37.6170236467315, 55.71178095387308]]]}}, {"type": "Feature", "properties": {"id": 1742, "object_type": "restriction", "restriction_type": "road"}, "geometry": {"type": "Polygon", "coordinates": [[[37.61678606656627, 55.71178695337162], [37.61702366689278, 55.71178095336513], [37.61701513311775, 55.7116732466343], [37.61677753344424, 55.71167924662782], [37.61678606656627, 55.71178695337162]]]}}, {"type": "Feature", "properties": {"id": 1743, "object_type": "restriction", "restriction_type": "road"}, "geometry": {"type": "Polygon", "coordinates": [[[37.60120200045126, 55.710620507433624], [37.60120184865903, 55.71062078245185], [37.60118544862205, 55.71065098244456], [37.60118521988606, 55.71065141469158], [37.60113491976473, 55.710749014669176], [37.601133889814086, 55.710751340153394], [37.60081903514588, 55.7115981771542], [37.60072889852378, 55.711797488553024], [37.60066558794072, 55.71190617642031], [37.60066402963071, 55.71190942972213], [37.60064892957794, 55.71194932971519], [37.60075787044073, 55.711962470260744], [37.600772345857514, 55.7119242205109], [37.60083531195484, 55.711816123528976], [37.60083636835334, 55.71181407911174], [37.600927268095624, 55.71161307907068], [37.60092781132783, 55.711611759967475], [37.60124247378574, 55.71076543365456], [37.60129206851681, 55.710669201872], [37.601308276586224, 55.710639355230626], [37.601329399529014, 55.71060169253419], [37.601329675731165, 55.71060118522177], [37.60134657569166, 55.71056918521427], [37.6012398243332, 55.710551214762646], [37.601223058603736, 55.710582960441144], [37.60120200045126, 55.710620507433624]]]}}, {"type": "Feature", "properties": {"id": 1744, "object_type": "restriction", "restriction_type": "road"}, "geometry": {"type": "Polygon", "coordinates": [[[37.61979313212358, 55.71171175172561], [37.619937432321855, 55.71170805172158], [37.619928767688855, 55.711600348277855], [37.619784467887136, 55.711604048273834], [37.61979313212358, 55.71171175172561]]]}}, {"type": "Feature", "properties": {"id": 1745, "object_type": "restriction", "restriction_type": "road"}, "geometry": {"type": "Polygon", "coordinates": [[[37.61925363350425, 55.716809126393926], [37.61943856656049, 55.71683607353677], [37.61945676647317, 55.71679627352268], [37.619456976682436, 55.71679580516864], [37.61951607638575, 55.71666160512276], [37.619330723676924, 55.71663559480759], [37.6192717266268, 55.716769560318994], [37.61925363350425, 55.716809126393926]]]}}, {"type": "Feature", "properties": {"id": 1746, "object_type": "restriction", "restriction_type": "road"}, "geometry": {"type": "Polygon", "coordinates": [[[37.61914667965906, 55.71745447891588], [37.6194383783125, 55.71683647869099], [37.61925382175401, 55.71680872123999], [37.61896212040746, 55.717426721015116], [37.61914667965906, 55.71745447891588]]]}}, {"type": "Feature", "properties": {"id": 1747, "object_type": "restriction", "restriction_type": "road"}, "geometry": {"type": "Polygon", "coordinates": [[[37.61079549532798, 55.7108781387601], [37.61089070466736, 55.71087406122142], [37.61086020530288, 55.710647068007155], [37.61085330614437, 55.710595374783665], [37.61075809385102, 55.71059942519784], [37.610764993788415, 55.710651125200165], [37.61079549532798, 55.7108781387601]]]}}, {"type": "Feature", "properties": {"id": 1748, "object_type": "restriction", "restriction_type": "road"}, "geometry": {"type": "Polygon", "coordinates": [[[37.61090322008253, 55.71094710693857], [37.61089061999386, 55.71087350694294], [37.61079558000014, 55.71087869303864], [37.61080817991147, 55.71095229304301], [37.61090322008253, 55.71094710693857]]]}}, {"type": "Feature", "properties": {"id": 1749, "object_type": "restriction", "restriction_type": "road"}, "geometry": {"type": "Polygon", "coordinates": [[[37.613648642445234, 55.71181273136876], [37.613553157554904, 55.71181286861267], [37.613553557404856, 55.71190155932904], [37.61355415715186, 55.712083950045646], [37.61364964284832, 55.71208384993578], [37.61364904262584, 55.71190144993484], [37.613648642445234, 55.71181273136876]]]}}, {"type": "Feature", "properties": {"id": 1750, "object_type": "restriction", "restriction_type": "road"}, "geometry": {"type": "Polygon", "coordinates": [[[37.61356025697146, 55.71260852839961], [37.61356105685582, 55.7127033283993], [37.613656543144174, 55.71270307158213], [37.61365574302853, 55.71260827158183], [37.61356025697146, 55.71260852839961]]]}}, {"type": "Feature", "properties": {"id": 1751, "object_type": "restriction", "restriction_type": "road"}, "geometry": {"type": "Polygon", "coordinates": [[[37.613554158282255, 55.71208409211743], [37.61355515818565, 55.7121632921173], [37.613650641814175, 55.712162907864105], [37.61364964171757, 55.712083707864004], [37.613554158282255, 55.71208409211743]]]}}, {"type": "Feature", "properties": {"id": 1752, "object_type": "restriction", "restriction_type": "oks"}, "geometry": {"type": "Polygon", "coordinates": [[[37.6097993, 55.710957500000006], [37.60979450000001, 55.7108707], [37.6096358, 55.7108735], [37.6096406, 55.710960299999996], [37.6097993, 55.710957500000006]]]}}, {"type": "Feature", "properties": {"id": 1753, "object_type": "restriction", "restriction_type": "oks"}, "geometry": {"type": "Polygon", "coordinates": [[[37.6082718, 55.710245099999995], [37.608267, 55.710158199999995], [37.6081083, 55.71016099999999], [37.608113, 55.710247800000005], [37.6082718, 55.710245099999995]]]}}, {"type": "Feature", "properties": {"id": 1754, "object_type": "restriction", "restriction_type": "oks"}, "geometry": {"type": "Polygon", "coordinates": [[[37.6074359, 55.7104124], [37.60743120000001, 55.71032559999999], [37.6072724, 55.71032829999999], [37.6072772, 55.71041519999999], [37.6074359, 55.7104124]]]}}, {"type": "Feature", "properties": {"id": 1755, "object_type": "restriction", "restriction_type": "road"}, "geometry": {"type": "Polygon", "coordinates": [[[37.60938486004438, 55.7115563429241], [37.6093755399672, 55.71144865707533], [37.60881724073403, 55.71146405705833], [37.60881663842636, 55.71146407474752], [37.608258139192785, 55.711481474727776], [37.60826866082046, 55.711589125271594], [37.60882686048162, 55.71157173463344], [37.60938486004438, 55.7115563429241]]]}}, {"type": "Feature", "properties": {"id": 1756, "object_type": "restriction", "restriction_type": "road"}, "geometry": {"type": "Polygon", "coordinates": [[[37.611096258191886, 55.71666115447984], [37.61095158402997, 55.716662550371396], [37.61095136805807, 55.71666255273093], [37.610771068182196, 55.71666475273008], [37.61077313181892, 55.716718647269786], [37.61095332396211, 55.71671644858658], [37.61109831607077, 55.71671504962806], [37.6110991673494, 55.71671503712685], [37.61114984915891, 55.71671403748582], [37.61121203097425, 55.71671283783689], [37.611208769027684, 55.716658962162995], [37.61114656907048, 55.71666016216239], [37.611096258191886, 55.71666115447984]]]}}, {"type": "Feature", "properties": {"id": 1757, "object_type": "restriction", "restriction_type": "road"}, "geometry": {"type": "Polygon", "coordinates": [[[37.60987776928858, 55.71667555271987], [37.60982974293764, 55.71667615304533], [37.60977551143538, 55.716676853445094], [37.60930001531018, 55.716682953397125], [37.60930218469101, 55.71673684660276], [37.60977768501837, 55.716730746600305], [37.609831874636136, 55.716730046734895], [37.609879843879625, 55.71672944711952], [37.61035562185323, 55.71672364738977], [37.61077311293503, 55.7167186474981], [37.61077108706606, 55.71666475250179], [37.61035358735352, 55.716669752499875], [37.60987776928858, 55.71667555271987]]]}}, {"type": "Feature", "properties": {"id": 1758, "object_type": "restriction", "restriction_type": "road"}, "geometry": {"type": "Polygon", "coordinates": [[[37.60906041904236, 55.71674004615427], [37.60930221920883, 55.71673684615295], [37.609299980792414, 55.71668295384691], [37.609058180958876, 55.716686153845615], [37.60906041904236, 55.71674004615427]]]}}, {"type": "Feature", "properties": {"id": 1759, "object_type": "restriction", "restriction_type": "oks"}, "geometry": {"type": "Polygon", "coordinates": [[[37.604467, 55.71035180000001], [37.6045547, 55.71036459999999], [37.6045626, 55.71034739999999], [37.6048284, 55.71038630000001], [37.6048388, 55.71036360000001], [37.6049155, 55.71037489999999], [37.6049388, 55.71032429999999], [37.6045088, 55.710261300000006], [37.604467, 55.71035180000001]]]}}, {"type": "Feature", "properties": {"id": 1760, "object_type": "restriction", "restriction_type": "road"}, "geometry": {"type": "Polygon", "coordinates": [[[37.60857398354001, 55.71749996015074], [37.608688510312874, 55.7178014692668], [37.608880496929885, 55.71830993704219], [37.60888260167364, 55.71831451567587], [37.60893859817514, 55.718417509684244], [37.60900634536469, 55.718542219961805], [37.60907112505937, 55.71872147453999], [37.60925827489023, 55.71869992538843], [37.609192574471955, 55.71851812543596], [37.60919030529814, 55.718513096227305], [37.60912120502758, 55.718385896276956], [37.609066428748186, 55.7182851474832], [37.608875301854255, 55.71777896302545], [37.608875277344765, 55.71777889830803], [37.608760676655116, 55.71747719839099], [37.60876055446781, 55.717476881372676], [37.60849975294933, 55.71680988156147], [37.60849174004324, 55.716789448726786], [37.60830525990236, 55.716812751202085], [37.608313253417265, 55.71683313478917], [37.60857398354001, 55.71749996015074]]]}}, {"type": "Feature", "properties": {"id": 1761, "object_type": "restriction", "restriction_type": "road"}, "geometry": {"type": "Polygon", "coordinates": [[[37.609294685992054, 55.71935629496739], [37.609295225573554, 55.719357778924774], [37.60931778563265, 55.719415680206644], [37.60934358982239, 55.71951585634272], [37.609532610141315, 55.71950034358433], [37.609506309899274, 55.719398243603166], [37.60950507450859, 55.71939442098722], [37.60948206263848, 55.71933536084244], [37.60942101406826, 55.7191546065696], [37.609358114183124, 55.71896830823475], [37.60917048576963, 55.71898849169331], [37.60923338533764, 55.7191747917388], [37.609294685992054, 55.71935629496739]]]}}, {"type": "Feature", "properties": {"id": 1762, "object_type": "restriction", "restriction_type": "road"}, "geometry": {"type": "Polygon", "coordinates": [[[37.606529696253894, 55.71196103394737], [37.60647349633079, 55.711963333944624], [37.606473242075616, 55.71196334454269], [37.60639784217872, 55.711966544538875], [37.606412157839735, 55.71207405546035], [37.606487430828544, 55.712070860851334], [37.60654250759605, 55.71206860682052], [37.60659311020652, 55.712067135814586], [37.60658328980576, 55.71195946418483], [37.60653168987662, 55.71196096418315], [37.606529696253894, 55.71196103394737]]]}}, {"type": "Feature", "properties": {"id": 1763, "object_type": "restriction", "restriction_type": "road"}, "geometry": {"type": "Polygon", "coordinates": [[[37.606097936055825, 55.71110287090385], [37.606056435748926, 55.71127577087838], [37.60619836427142, 55.7112866290807], [37.606239863964525, 55.71111372905524], [37.606097936055825, 55.71110287090385]]]}}, {"type": "Feature", "properties": {"id": 1764, "object_type": "restriction", "restriction_type": "road"}, "geometry": {"type": "Polygon", "coordinates": [[[37.606271740951165, 55.71134939317039], [37.606411459017714, 55.71133160678969], [37.60638505890525, 55.71126550680402], [37.60638267455921, 55.71126085527518], [37.606379322281505, 55.711256398047645], [37.606233022074164, 55.71109029812247], [37.60610477786727, 55.71112630184368], [37.606247237931456, 55.71128804253948], [37.606271740951165, 55.71134939317039]]]}}, {"type": "Feature", "properties": {"id": 1765, "object_type": "restriction", "restriction_type": "road"}, "geometry": {"type": "Polygon", "coordinates": [[[37.60680926767699, 55.711538975370004], [37.60702736790601, 55.711589475435176], [37.60703554092091, 55.711591127061645], [37.607043945851665, 55.71159235280426], [37.60715594599534, 55.711605652822826], [37.607164588915516, 55.71160644751072], [37.607265289051114, 55.711613047520416], [37.60728731091756, 55.711505952477985], [37.60719096480845, 55.71149963783977], [37.60709177544231, 55.71148785910576], [37.60688249318287, 55.711439400814285], [37.606754848776845, 55.71140838442405], [37.6066793511268, 55.71150741556343], [37.606807751257826, 55.71153861560337], [37.60680926767699, 55.711538975370004]]]}}, {"type": "Feature", "properties": {"id": 1766, "object_type": "restriction", "restriction_type": "road"}, "geometry": {"type": "Polygon", "coordinates": [[[37.606670841837584, 55.71150505874242], [37.60676335805029, 55.711410741239185], [37.60638785835925, 55.711293341381406], [37.60638363940622, 55.71129209883812], [37.606169439604955, 55.711232798912064], [37.60608536029032, 55.71132960107263], [37.606297423579534, 55.71138830955835], [37.606670841837584, 55.71150505874242]]]}}, {"type": "Feature", "properties": {"id": 1767, "object_type": "restriction", "restriction_type": "road"}, "geometry": {"type": "Polygon", "coordinates": [[[37.60038306591088, 55.71049233934186], [37.600576166170775, 55.71050513936065], [37.600579448353365, 55.71050532453538], [37.60067521938935, 55.71050978592009], [37.600764313441644, 55.710514820020784], [37.60095108659416, 55.71053415471677], [37.60113701387835, 55.71055945958877], [37.60128432263697, 55.71058297366508], [37.60140843399591, 55.71060277548069], [37.60141007651831, 55.71060302863589], [37.604223479986416, 55.71102142920808], [37.604364901223924, 55.71104243236772], [37.60463538534349, 55.71108263001307], [37.60531929731694, 55.71118434257631], [37.605747056060345, 55.71125121404874], [37.60583449130101, 55.71126741610989], [37.60588203627608, 55.71127916467717], [37.60608895817613, 55.711330545297926], [37.60616584172611, 55.71123185468914], [37.60595884193444, 55.71118045475465], [37.60595868525639, 55.71118041594442], [37.60590688530868, 55.71116761596075], [37.60589837673293, 55.71116578116994], [37.605804476841804, 55.71114838119314], [37.60580018034477, 55.71114764772575], [37.60536968086935, 55.71108034781733], [37.60536852239464, 55.71108017112826], [37.60468402323844, 55.710978371267444], [37.60441350637567, 55.710938168765885], [37.604272105536765, 55.71091716864337], [37.60145954667403, 55.710498893801585], [37.601336271676324, 55.710479225432046], [37.60118717747387, 55.71045542636094], [37.601183576257185, 55.71045489409206], [37.60099327649599, 55.71042899412778], [37.60098812001472, 55.71042837682019], [37.60079492026671, 55.71040837684845], [37.60078720823516, 55.71040776084316], [37.60069340836216, 55.71040246085105], [37.6006917514924, 55.710402375456695], [37.60059679554366, 55.710397952044296], [37.600409768500406, 55.71038555460544], [37.6000615354567, 55.71034358096666], [37.60002166448847, 55.71044901902937], [37.60037426493978, 55.71049151908865], [37.60038306591088, 55.71049233934186]]]}}, {"type": "Feature", "properties": {"id": 1768, "object_type": "restriction", "restriction_type": "road"}, "geometry": {"type": "Polygon", "coordinates": [[[37.60752777670177, 55.714690555342294], [37.60753107932525, 55.71468735592066], [37.607531184712336, 55.71468725348205], [37.60754245152811, 55.71467626484405], [37.60756469724639, 55.714664018819875], [37.607594371188725, 55.714661470482355], [37.607572828832616, 55.71458152951653], [37.607520428885046, 55.714586029512255], [37.60751317016961, 55.71458687179147], [37.60750610448497, 55.71458813298554], [37.607499307477696, 55.7145897995919], [37.6074928519179, 55.7145918537675], [37.60748680692009, 55.71459427352001], [37.60748123720328, 55.714597032943], [37.607466137204064, 55.7146053329369], [37.6074353989739, 55.71462225395491], [37.60743094175898, 55.71462494174707], [37.60742693615135, 55.71462784729211], [37.60742341536852, 55.71463094649515], [37.60740726791318, 55.71464669522382], [37.60740092073309, 55.71465284404518], [37.607398061749635, 55.71465590829895], [37.60739567780316, 55.714659099436155], [37.607380977770475, 55.714681399428], [37.607379097108996, 55.71468467216201], [37.60737771616883, 55.714688023311766], [37.60736261609054, 55.714733323302745], [37.607503383937, 55.71474827665702], [37.607517353698896, 55.7147063671495], [37.60752777670177, 55.714690555342294]]]}}, {"type": "Feature", "properties": {"id": 1769, "object_type": "restriction", "restriction_type": "road"}, "geometry": {"type": "Polygon", "coordinates": [[[37.607668219013945, 55.715074561682655], [37.60763494238331, 55.71501925976269], [37.60760165045728, 55.71493593422062], [37.60752653114506, 55.71472993108204], [37.60733946880413, 55.714751668846425], [37.607414768329654, 55.71495816890093], [37.60741514717736, 55.71495916050289], [37.60744974698087, 55.715045760527936], [37.60745248102631, 55.71505123822539], [37.607486980890926, 55.715108573465706], [37.607521911544545, 55.715172003050846], [37.607704288381896, 55.71513999688101], [37.60766898824612, 55.715075896906335], [37.607668219013945, 55.715074561682655]]]}}, {"type": "Feature", "properties": {"id": 1770, "object_type": "restriction", "restriction_type": "road"}, "geometry": {"type": "Polygon", "coordinates": [[[37.6103401277439, 55.722060773780726], [37.610339718500065, 55.72205971187745], [37.61031268094813, 55.72199280913427], [37.61028318887497, 55.72190631285564], [37.610095611077334, 55.721926687072454], [37.61012541087485, 55.72201408709402], [37.610126081597635, 55.722015888031784], [37.61015326734189, 55.722083158263935], [37.610230231984886, 55.722293030986904], [37.610426115144804, 55.72229524720561], [37.6103401277439, 55.722060773780726]]]}}, {"type": "Feature", "properties": {"id": 1771, "object_type": "restriction", "restriction_type": "road"}, "geometry": {"type": "Polygon", "coordinates": [[[37.60665056160239, 55.71343902365929], [37.6069298617819, 55.713404323637036], [37.60690933823163, 55.71335167636205], [37.60663003841114, 55.71338637633981], [37.60665056160239, 55.71343902365929]]]}}, {"type": "Feature", "properties": {"id": 1772, "object_type": "restriction", "restriction_type": "road"}, "geometry": {"type": "Polygon", "coordinates": [[[37.60721088067238, 55.71387644729846], [37.60720987248924, 55.713873449681884], [37.60701288349751, 55.71336648112814], [37.606770268953646, 55.71273850620517], [37.606668440595435, 55.712465300173356], [37.606656636942816, 55.71243369057515], [37.60649843990107, 55.71200920123683], [37.6064059379608, 55.71176109762302], [37.60633753796799, 55.71157759881951], [37.606337462225426, 55.71157739752888], [37.60631676258212, 55.71152289881084], [37.60625046266566, 55.71134830012952], [37.606063737281566, 55.71137089979919], [37.60613003688259, 55.71154549984718], [37.60615069951081, 55.71159990179557], [37.60621906155979, 55.71178330115861], [37.606311560937876, 55.712031401082115], [37.606469759074585, 55.71245589880627], [37.606481563108346, 55.71248750983189], [37.60658345872636, 55.712760899829], [37.60658360578349, 55.71276128731256], [37.60682630435127, 55.71338948748824], [37.606826328611824, 55.71338955010434], [37.6070227482059, 55.71389505949462], [37.60707181887825, 55.71406745266452], [37.607072730783884, 55.71407019967395], [37.60712673045889, 55.71421239971304], [37.607313469488325, 55.714189800215685], [37.60725998821382, 55.71404896708404], [37.60721088067238, 55.71387644729846]]]}}, {"type": "Feature", "properties": {"id": 1773, "object_type": "restriction", "restriction_type": "road"}, "geometry": {"type": "Polygon", "coordinates": [[[37.606755214577845, 55.71273908057602], [37.60679031603186, 55.712834285138456], [37.60679042521619, 55.71283457721898], [37.60699312399344, 55.713369477365674], [37.60725112248865, 55.71405027768843], [37.607293623873545, 55.7141623820489], [37.60729401665587, 55.71416337242516], [37.60743271590025, 55.714498272525546], [37.60743287093245, 55.71449864101544], [37.607490770628324, 55.71463414105731], [37.60767642931281, 55.71460885887215], [37.60761860767208, 55.71447354300503], [37.607480187937846, 55.7141393216482], [37.60743787664042, 55.71402772008111], [37.60717987590235, 55.71334692242699], [37.60697723004028, 55.71281216866476], [37.606942184533, 55.712717117079116], [37.60690868820289, 55.71262622762721], [37.60688779110826, 55.71256943589243], [37.60670080884049, 55.71259136403611], [37.606721708710154, 55.71264816405123], [37.606755214577845, 55.71273908057602]]]}}, {"type": "Feature", "properties": {"id": 1774, "object_type": "restriction", "restriction_type": "road"}, "geometry": {"type": "Polygon", "coordinates": [[[37.606220770425836, 55.71126992107946], [37.606034029521474, 55.71129247884924], [37.60605422669397, 55.71134577172455], [37.60606372393588, 55.71137086459584], [37.606250476011496, 55.71134833533284], [37.606240975954115, 55.71132323533973], [37.606220770425836, 55.71126992107946]]]}}, {"type": "Feature", "properties": {"id": 1775, "object_type": "restriction", "restriction_type": "road"}, "geometry": {"type": "Polygon", "coordinates": [[[37.60001389262054, 55.71044788750386], [37.600069307305404, 55.71034471248907], [37.59919140834935, 55.71019441269147], [37.599065206979624, 55.7101728081497], [37.59906119958835, 55.71028478359883], [37.599135992947666, 55.71029758753617], [37.60001389262054, 55.71044788750386]]]}}, {"type": "Feature", "properties": {"id": 1776, "object_type": "restriction", "restriction_type": "road"}, "geometry": {"type": "Polygon", "coordinates": [[[37.59906075294062, 55.71029726388319], [37.59905675773019, 55.710408898096006], [37.59939107475425, 55.710463852402235], [37.59994494119088, 55.7105551468836], [37.59999845873734, 55.71045165310977], [37.5994445594031, 55.71036035323326], [37.59906075294062, 55.71029726388319]]]}}, {"type": "Feature", "properties": {"id": 1777, "object_type": "restriction", "restriction_type": "road"}, "geometry": {"type": "Polygon", "coordinates": [[[37.600039386746175, 55.710478034182444], [37.60006148671303, 55.71044423417426], [37.60006155842176, 55.71044412376097], [37.60008645838369, 55.710405523751724], [37.59999674163769, 55.71038707623198], [37.59997187724086, 55.71042562097183], [37.59994983828174, 55.710459327556485], [37.59992696345903, 55.71049398934597], [37.60001643656271, 55.710512810637844], [37.600039336528845, 55.71047811062936], [37.600039386746175, 55.710478034182444]]]}}, {"type": "Feature", "properties": {"id": 1778, "object_type": "restriction", "restriction_type": "road"}, "geometry": {"type": "Polygon", "coordinates": [[[37.60126699337308, 55.71057651272262], [37.601124493564264, 55.71056641273732], [37.60112289243731, 55.71056630699621], [37.600538309447124, 55.71053052026414], [37.60031431772256, 55.710502810944234], [37.600116151201746, 55.71047068648786], [37.59999799387881, 55.710451577209035], [37.59994540605053, 55.71055522278455], [37.60006347745084, 55.71057431816203], [37.600264548970245, 55.71060691354987], [37.6002704632536, 55.710607757828896], [37.60050246354943, 55.710636457868844], [37.6005126067371, 55.710637392948975], [37.60110150617727, 55.7106734439472], [37.60124097502472, 55.71068332910963], [37.60137335929844, 55.71069631181713], [37.60140604065605, 55.710590088180005], [37.60127144083257, 55.710576888198766], [37.60126699337308, 55.71057651272262]]]}}, {"type": "Feature", "properties": {"id": 1779, "object_type": "restriction", "restriction_type": "road"}, "geometry": {"type": "Polygon", "coordinates": [[[37.60616866874452, 55.711420195661006], [37.60601846873693, 55.7113339957437], [37.60601224575734, 55.7113307287725], [37.60600553294026, 55.71132778709891], [37.605896333000004, 55.711284187147946], [37.60588860615392, 55.71128140611331], [37.60588044269822, 55.71127905605044], [37.605808542769374, 55.71126075607364], [37.60580216968595, 55.71125928764572], [37.60567076983184, 55.711232087681424], [37.605662735981454, 55.71123064835625], [37.6053221363992, 55.711178848426925], [37.60532188187859, 55.711178809930445], [37.60423028322082, 55.71101461015474], [37.601414279220585, 55.710591109610796], [37.601365120712934, 55.710695290383484], [37.604181120333685, 55.711118790384255], [37.605272590747624, 55.711282970914716], [37.60560899070009, 55.71133413216559], [37.60573319677308, 55.71135984301652], [37.60579357441581, 55.71137521035032], [37.6058883082186, 55.7114130344908], [37.60603122573382, 55.711495055136666], [37.60615277302767, 55.711570477889175], [37.606294026841546, 55.711497922069285], [37.60617122681552, 55.71142172213935], [37.60616866874452, 55.711420195661006]]]}}, {"type": "Feature", "properties": {"id": 1780, "object_type": "restriction", "restriction_type": "road"}, "geometry": {"type": "Polygon", "coordinates": [[[37.60998880808622, 55.721410596688926], [37.61000619192526, 55.721463603310404], [37.61007989197363, 55.72145590330547], [37.61008067711002, 55.721455817432094], [37.610105177125945, 55.72145301743031], [37.61008622288658, 55.72140018256891], [37.61006211483367, 55.72140293777502], [37.60998880808622, 55.721410596688926]]]}}, {"type": "Feature", "properties": {"id": 1781, "object_type": "restriction", "restriction_type": "road"}, "geometry": {"type": "Polygon", "coordinates": [[[37.6093533260334, 55.71949890013449], [37.609319380106164, 55.719416431976995], [37.60926593289082, 55.71928356398581], [37.60926471297885, 55.71928085792636], [37.609247712904924, 55.719246857938614], [37.60924609114565, 55.71924393482838], [37.60915552461864, 55.71909560909506], [37.60910506293178, 55.719002740585296], [37.60910290068954, 55.718997335011665], [37.609054595472706, 55.71887423215731], [37.60893622777315, 55.71854991076861], [37.6089108563734, 55.71839141538716], [37.60889459406588, 55.71827718211207], [37.608892718042405, 55.718270040261494], [37.6087104189073, 55.71779704543745], [37.60859452015687, 55.71749605055009], [37.60859436503281, 55.717495654854474], [37.6084892070996, 55.71723211247617], [37.60835594032227, 55.71687557118001], [37.608336832319175, 55.716824550115525], [37.60833658657615, 55.7168239130113], [37.608271645268694, 55.71666031377464], [37.6081160925316, 55.71623841592507], [37.60811592518761, 55.716237971440954], [37.60806942491149, 55.716116971474634], [37.60788277503513, 55.71613982845416], [37.60792918942862, 55.71626060644462], [37.608084806447984, 55.716682684116165], [37.60808511374135, 55.716683486870544], [37.60815008708584, 55.716847168784845], [37.608169063565384, 55.716897839289], [37.60830245880815, 55.71725472884517], [37.60830273551091, 55.7172554449983], [37.60840795603321, 55.71751914739107], [37.60852377910287, 55.71781994946259], [37.6087047193133, 55.71828942427691], [37.60872050563719, 55.71840031782511], [37.60872058626253, 55.718400851026885], [37.60874648587182, 55.71856265104478], [37.60874806260646, 55.71856867690813], [37.60886766185341, 55.71889637699468], [37.60886795732752, 55.71889715731346], [37.60891645704624, 55.71902075734858], [37.60891654224338, 55.7190209723876], [37.608919542226374, 55.71902847238978], [37.60892139516342, 55.71903240677885], [37.608973394959854, 55.71912810681619], [37.60897440907984, 55.71912986503982], [37.60906462430582, 55.71927761655732], [37.609080214900594, 55.719308797893575], [37.60913316675192, 55.71944043598196], [37.60913327409631, 55.719440699770104], [37.60916726047258, 55.71952326715027], [37.60917604705922, 55.71954473450397], [37.60936215288417, 55.719520465425205], [37.60935335283556, 55.719498965431576], [37.6093533260334, 55.71949890013449]]]}}, {"type": "Feature", "properties": {"id": 1782, "object_type": "restriction", "restriction_type": "road"}, "geometry": {"type": "Polygon", "coordinates": [[[37.60936516483631, 55.71956045262595], [37.609455964921565, 55.71954725261328], [37.609420235113575, 55.71946894738406], [37.60932943519884, 55.71948214737136], [37.60936516483631, 55.71956045262595]]]}}, {"type": "Feature", "properties": {"id": 1783, "object_type": "restriction", "restriction_type": "road"}, "geometry": {"type": "Polygon", "coordinates": [[[37.61029383831878, 55.72200933285656], [37.61029401037923, 55.722009795927], [37.61040229160019, 55.72229497768313], [37.610598493062035, 55.72229719722783], [37.610480877399546, 55.72198743532367], [37.61044436139897, 55.721886967098364], [37.610306653853286, 55.721508748845764], [37.61011954609596, 55.72153045108269], [37.6102572418856, 55.72190864200664], [37.61029383831878, 55.72200933285656]]]}}, {"type": "Feature", "properties": {"id": 1784, "object_type": "restriction", "restriction_type": "road"}, "geometry": {"type": "Polygon", "coordinates": [[[37.61947636624853, 55.711934024312725], [37.61947636953372, 55.711934112261524], [37.61949396900054, 55.71237141226555], [37.61958943099828, 55.712370187715905], [37.619571832234904, 55.71193293169276], [37.619565833538196, 55.71175887566993], [37.619562533200856, 55.71166426926866], [37.61946706679815, 55.71166533071276], [37.6194703665711, 55.71175992751128], [37.61947636624853, 55.711934024312725]]]}}, {"type": "Feature", "properties": {"id": 1785, "object_type": "restriction", "restriction_type": "road"}, "geometry": {"type": "Polygon", "coordinates": [[[37.619592140988, 55.71251912352406], [37.61958944080674, 55.712370523524164], [37.61949395919289, 55.71237107645727], [37.61949665901164, 55.712519676457376], [37.619592140988, 55.71251912352406]]]}}, {"type": "Feature", "properties": {"id": 1786, "object_type": "restriction", "restriction_type": "road"}, "geometry": {"type": "Polygon", "coordinates": [[[37.60636190088942, 55.71164287631003], [37.60654929906204, 55.7116221236182], [37.60652959893104, 55.711565423632436], [37.60652903043565, 55.71156390369718], [37.606434729902126, 55.71132860376544], [37.60624847004238, 55.7113523961636], [37.606342465866994, 55.711586938576254], [37.60636190088942, 55.71164287631003]]]}}, {"type": "Feature", "properties": {"id": 1787, "object_type": "restriction", "restriction_type": "road"}, "geometry": {"type": "Polygon", "coordinates": [[[37.606473305254525, 55.71196299107163], [37.606660694696885, 55.7119422088566], [37.606591694238794, 55.71174390890651], [37.60654929238776, 55.71162210442706], [37.60636190756361, 55.71164289550117], [37.60640430649926, 55.71176469328255], [37.606473305254525, 55.71196299107163]]]}}, {"type": "Feature", "properties": {"id": 1788, "object_type": "restriction", "restriction_type": "road"}, "geometry": {"type": "Polygon", "coordinates": [[[37.6066818818218, 55.71200287150674], [37.606660681681646, 55.711942171522075], [37.60647331826958, 55.71196302840619], [37.60649451812941, 55.71202372842153], [37.6066818818218, 55.71200287150674]]]}}, {"type": "Feature", "properties": {"id": 1789, "object_type": "restriction", "restriction_type": "road"}, "geometry": {"type": "Polygon", "coordinates": [[[37.619514956384876, 55.71314176002494], [37.61951496525712, 55.71314243813076], [37.619518665129554, 55.71324703813153], [37.61961413486944, 55.7132459618499], [37.61961044673442, 55.71314170087207], [37.61961114352296, 55.713065939955754], [37.61961113485625, 55.71306526773991], [37.61960993481442, 55.71303096774015], [37.61951446518457, 55.713032032241266], [37.619515653385335, 55.71306599616412], [37.619514956384876, 55.71314176002494]]]}}, {"type": "Feature", "properties": {"id": 1790, "object_type": "restriction", "restriction_type": "road"}, "geometry": {"type": "Polygon", "coordinates": [[[37.619621314364416, 55.713359842083996], [37.619614114225165, 55.71324554208604], [37.61951868577281, 55.713247457895406], [37.619525885633564, 55.71336175789746], [37.619621314364416, 55.713359842083996]]]}}, {"type": "Feature", "properties": {"id": 1791, "object_type": "restriction", "restriction_type": "road"}, "geometry": {"type": "Polygon", "coordinates": [[[37.61959823433075, 55.71269256571682], [37.619592134118925, 55.71251886571808], [37.61949666588008, 55.712519934263355], [37.619502765668265, 55.712693634264596], [37.61959823433075, 55.71269256571682]]]}}, {"type": "Feature", "properties": {"id": 1792, "object_type": "restriction", "restriction_type": "road"}, "geometry": {"type": "Polygon", "coordinates": [[[37.61960993513633, 55.71303097702196], [37.61960663501927, 55.712934977022606], [37.61951116497977, 55.71293602295881], [37.61951446486269, 55.71303202295946], [37.61960993513633, 55.71303097702196]]]}}, {"type": "Feature", "properties": {"id": 1793, "object_type": "restriction", "restriction_type": "road"}, "geometry": {"type": "Polygon", "coordinates": [[[37.62022004496451, 55.71339535024159], [37.62026484499534, 55.71339575024203], [37.62026635500332, 55.71334184975783], [37.62022172737351, 55.71334145129705], [37.62009119978023, 55.71333975353989], [37.62008900021795, 55.71339364645997], [37.62021970030785, 55.71339534646159], [37.62022004496451, 55.71339535024159]]]}}, {"type": "Feature", "properties": {"id": 1794, "object_type": "restriction", "restriction_type": "road"}, "geometry": {"type": "Polygon", "coordinates": [[[37.62096468492318, 55.71340254968684], [37.620966315075385, 55.71334865031305], [37.620769230382514, 55.71334675046132], [37.62071924561159, 55.713346250613775], [37.62071755438694, 55.7134001493861], [37.620767554421356, 55.713400649386635], [37.62096468492318, 55.71340254968684]]]}}, {"type": "Feature", "properties": {"id": 1795, "object_type": "restriction", "restriction_type": "road"}, "geometry": {"type": "Polygon", "coordinates": [[[37.620719202247955, 55.71334625019126], [37.62061380232048, 55.71334525019233], [37.62061219767811, 55.713399149807564], [37.62071759775064, 55.71340014980862], [37.620719202247955, 55.71334625019126]]]}}, {"type": "Feature", "properties": {"id": 1796, "object_type": "restriction", "restriction_type": "road"}, "geometry": {"type": "Polygon", "coordinates": [[[37.620091224913864, 55.71333975387055], [37.619798125115445, 55.713335853874284], [37.619795874882705, 55.71338974612558], [37.62008897508428, 55.713393646129305], [37.620091224913864, 55.71333975387055]]]}}, {"type": "Feature", "properties": {"id": 1797, "object_type": "restriction", "restriction_type": "road"}, "geometry": {"type": "Polygon", "coordinates": [[[37.620613827468084, 55.71334525043467], [37.620266427707136, 55.713341850438226], [37.62026477229143, 55.71339574956163], [37.62061217253047, 55.71339914956522], [37.620613827468084, 55.71334525043467]]]}}, {"type": "Feature", "properties": {"id": 1798, "object_type": "restriction", "restriction_type": "road"}, "geometry": {"type": "Polygon", "coordinates": [[[37.610118862736066, 55.721528367219506], [37.61030733722287, 55.72151083270795], [37.61027763841537, 55.7214091376312], [37.610238639534536, 55.72127544257334], [37.61005016042444, 55.72129295735412], [37.61008916011018, 55.72142665738221], [37.610118862736066, 55.721528367219506]]]}}, {"type": "Feature", "properties": {"id": 1799, "object_type": "restriction", "restriction_type": "road"}, "geometry": {"type": "Polygon", "coordinates": [[[37.61019128463042, 55.72144448361623], [37.61038178475662, 55.72142648360475], [37.610366015253796, 55.7213733163947], [37.61017551537999, 55.721391316383205], [37.61019128463042, 55.72144448361623]]]}}, {"type": "Feature", "properties": {"id": 1800, "object_type": "restriction", "restriction_type": "road"}, "geometry": {"type": "Polygon", "coordinates": [[[37.61003129904966, 55.72124587728325], [37.6100512050839, 55.72129599278676], [37.61023759486103, 55.72127240714222], [37.61021769782269, 55.72122231489937], [37.61019160074582, 55.72115652266462], [37.610191456209414, 55.721156164022574], [37.61015125598734, 55.72105796405167], [37.60996514395604, 55.721082235877496], [37.61000527038274, 55.721180256724665], [37.61003129904966, 55.72124587728325]]]}}, {"type": "Feature", "properties": {"id": 1801, "object_type": "restriction", "restriction_type": "road"}, "geometry": {"type": "Polygon", "coordinates": [[[37.60937585644628, 55.71963775796099], [37.60942035592029, 55.719746257308756], [37.60949096927358, 55.71991844702437], [37.609689485120334, 55.720420737129245], [37.60970168989148, 55.720451549387406], [37.60991198374487, 55.72098363704824], [37.60991383759603, 55.72098760892197], [37.60996683738672, 55.72108580896005], [37.61014956254094, 55.72105439097155], [37.61009762340713, 55.720958156998826], [37.60988811499057, 55.72042806303298], [37.609875909935965, 55.72039725042999], [37.60967731368244, 55.71989476294347], [37.60967714469062, 55.71989434324688], [37.609606444300894, 55.71972194329807], [37.60956266020469, 55.7196151894411], [37.609556869479434, 55.71959505994502], [37.60936833048011, 55.71961233998237], [37.60937463042858, 55.71963423998691], [37.60937585644628, 55.71963775796099]]]}}, {"type": "Feature", "properties": {"id": 1802, "object_type": "restriction", "restriction_type": "road"}, "geometry": {"type": "Polygon", "coordinates": [[[37.61012691662739, 55.72132874787061], [37.610156416604276, 55.721359147880484], [37.61015864669503, 55.721361219154986], [37.61016119742875, 55.72136316898233], [37.61016404817986, 55.72136498159591], [37.61020294817838, 55.72138758160669], [37.61020620429176, 55.72138930440102], [37.6102097311397, 55.72139084809818], [37.61021349791669, 55.72139219921465], [37.610269897939034, 55.721410399225576], [37.61027507704533, 55.72141184333955], [37.61028052719282, 55.72141292392842], [37.61036082724142, 55.721425823937174], [37.610386972741, 55.72137397606125], [37.61031225944982, 55.72136197355529], [37.6102667543694, 55.72134728929501], [37.61023706913935, 55.72133004287197], [37.61021171732532, 55.72130391764007], [37.61018817724965, 55.721273431355954], [37.61010062272647, 55.7212949686283], [37.610125022697545, 55.72132656863679], [37.61012691662739, 55.72132874787061]]]}}, {"type": "Feature", "properties": {"id": 1803, "object_type": "restriction", "restriction_type": "road"}, "geometry": {"type": "Polygon", "coordinates": [[[37.61012055180507, 55.72151788372644], [37.61009147279433, 55.72142747150418], [37.60990352716056, 55.721446728423665], [37.60993282694825, 55.72153782844483], [37.609933300865734, 55.72153920049014], [37.61000890039595, 55.721743900544865], [37.610010133529315, 55.72174682794022], [37.61009713312519, 55.72193042800305], [37.610281666810195, 55.72190257192726], [37.61019535538393, 55.72172042597059], [37.61012055180507, 55.72151788372644]]]}}, {"type": "Feature", "properties": {"id": 1804, "object_type": "restriction", "restriction_type": "road"}, "geometry": {"type": "Polygon", "coordinates": [[[37.61004964207829, 55.72129717744997], [37.6100125418124, 55.72118297747675], [37.610011891114624, 55.721181152706244], [37.60972748944624, 55.72044915291217], [37.609727435513776, 55.72044901496105], [37.60942572647149, 55.719682050841584], [37.60940701531743, 55.71963238697633], [37.60940674908861, 55.7196317022538], [37.60936224883681, 55.71952070228602], [37.60917595110765, 55.719544497643014], [37.609220313799085, 55.719655155802236], [37.60923898451595, 55.71970471296591], [37.60923916617705, 55.71970518474933], [37.6095409373055, 55.72047231601193], [37.60982495557463, 55.72120333800768], [37.60986173047816, 55.721316538141885], [37.60986840350667, 55.721337453762054], [37.610056396448584, 55.721318346165745], [37.6100496963996, 55.72129734617059], [37.61004964207829, 55.72129717744997]]]}}, {"type": "Feature", "properties": {"id": 1805, "object_type": "restriction", "restriction_type": "road"}, "geometry": {"type": "Polygon", "coordinates": [[[37.610430659754016, 55.72136738457321], [37.61043053722278, 55.721367395724165], [37.61036623726548, 55.72137329572041], [37.61038156274465, 55.72142650427905], [37.610445801531384, 55.72142060989599], [37.61047344027436, 55.72141811542466], [37.610473552615005, 55.72141810520811], [37.61088715288967, 55.72138020518395], [37.61087184712046, 55.72132699481553], [37.61045830356007, 55.72136488964481], [37.610430659754016, 55.72136738457321]]]}}, {"type": "Feature", "properties": {"id": 1806, "object_type": "restriction", "restriction_type": "road"}, "geometry": {"type": "Polygon", "coordinates": [[[37.61019119264518, 55.721444492255564], [37.61017560736512, 55.721391307743865], [37.61011240740703, 55.72139720774011], [37.61011072288785, 55.72139738256874], [37.61008622290378, 55.72140018256695], [37.610105177108736, 55.72145301743228], [37.610128837641504, 55.7214503133715], [37.61019119264518, 55.721444492255564]]]}}, {"type": "Feature", "properties": {"id": 1807, "object_type": "restriction", "restriction_type": "road"}, "geometry": {"type": "Polygon", "coordinates": [[[37.60797270497966, 55.7156761578712], [37.60803649498762, 55.71563604212026], [37.60799189499168, 55.7156134421318], [37.60798844682547, 55.71561185230895], [37.60798475133155, 55.71561045069978], [37.60798084063997, 55.71560924949039], [37.60793264066254, 55.715596049498636], [37.607890959311455, 55.71564455049758], [37.607933109149236, 55.715656093610015], [37.60797270497966, 55.7156761578712]]]}}, {"type": "Feature", "properties": {"id": 1808, "object_type": "restriction", "restriction_type": "road"}, "geometry": {"type": "Polygon", "coordinates": [[[37.60787565604211, 55.715602687705925], [37.60794794399047, 55.71563791228355], [37.60797944398593, 55.715617312274325], [37.607982502502395, 55.715615086876014], [37.60798513292421, 55.715612693451895], [37.60798730652703, 55.7156101581384], [37.60800930649998, 55.71558065813042], [37.60792129352374, 55.715559741853916], [37.60790222283395, 55.715585313879735], [37.60787565604211, 55.715602687705925]]]}}, {"type": "Feature", "properties": {"id": 1809, "object_type": "restriction", "restriction_type": "road"}, "geometry": {"type": "Polygon", "coordinates": [[[37.60768482108232, 55.7156331300715], [37.60771362078776, 55.71575673009203], [37.60790297917942, 55.71574266983479], [37.60787417888484, 55.715619069855286], [37.60768482108232, 55.7156331300715]]]}}, {"type": "Feature", "properties": {"id": 1810, "object_type": "restriction", "restriction_type": "road"}, "geometry": {"type": "Polygon", "coordinates": [[[37.60779454854523, 55.71568950762434], [37.60779185619288, 55.71568775920828], [37.607788907822545, 55.71568614775999], [37.60775300782614, 55.71566814776923], [37.60775021212178, 55.715666849630225], [37.60774725023264, 55.71566567478655], [37.60771305024388, 55.715653174793786], [37.60770885263991, 55.71565180606608], [37.60770443082311, 55.715650684653404], [37.607647130854026, 55.71563808466162], [37.60764314962968, 55.71563732136115], [37.607639064887074, 55.71563675873408], [37.6076349083009, 55.71563640114321], [37.60763071210297, 55.71563625136145], [37.60756581214763, 55.71563555136217], [37.60756398785081, 55.7156894486377], [37.60762038943628, 55.71569005697745], [37.607665234645616, 55.715699918227955], [37.60769230451427, 55.715709812188074], [37.607720862546024, 55.71572413098484], [37.607768534954516, 55.71576461991123], [37.6078480650153, 55.7157347800757], [37.60779696499013, 55.71569138009201], [37.60779454854523, 55.71568950762434]]]}}, {"type": "Feature", "properties": {"id": 1811, "object_type": "restriction", "restriction_type": "road"}, "geometry": {"type": "Polygon", "coordinates": [[[37.60793324162967, 55.715715685325286], [37.60811815830769, 55.71568871460474], [37.608097059417524, 55.71564261726797], [37.60805776042105, 55.715556719905955], [37.60787283951633, 55.71558368002406], [37.607912139325954, 55.715669580052456], [37.60793324162967, 55.715715685325286]]]}}, {"type": "Feature", "properties": {"id": 1812, "object_type": "restriction", "restriction_type": "road"}, "geometry": {"type": "Polygon", "coordinates": [[[37.607832838452765, 55.71547379006454], [37.60784964009324, 55.71552019490343], [37.607871754660465, 55.71558103545961], [37.60805884528886, 55.71555936446884], [37.60803675251648, 55.71549858475338], [37.60801996062001, 55.71545220744123], [37.60796506114788, 55.71530050990362], [37.60796275094052, 55.715295410254996], [37.607870950583845, 55.71512741032089], [37.60768844934309, 55.715159189610866], [37.60777887310497, 55.715324671724076], [37.607832838452765, 55.71547379006454]]]}}, {"type": "Feature", "properties": {"id": 1813, "object_type": "restriction", "restriction_type": "road"}, "geometry": {"type": "Polygon", "coordinates": [[[37.60830875981811, 55.71666110111358], [37.6082514684438, 55.716653840228105], [37.60818937612717, 55.71664548164747], [37.60816722385771, 55.71669791835136], [37.60822962389696, 55.71670631835714], [37.60823024013097, 55.71670639888025], [37.608287494422925, 55.71671365506709], [37.608349849908016, 55.71672210836293], [37.608372150076775, 55.71666969163585], [37.60830945011616, 55.71666119164173], [37.60830875981811, 55.71666110111358]]]}}, {"type": "Feature", "properties": {"id": 1814, "object_type": "restriction", "restriction_type": "road"}, "geometry": {"type": "Polygon", "coordinates": [[[37.60830461070226, 55.716810950875185], [37.608492389251616, 55.716791249052754], [37.60847348911819, 55.71673384906641], [37.608472873495614, 55.71673213471197], [37.60845427338673, 55.716684334725436], [37.60826772655926, 55.716707465203406], [37.60828599400298, 55.71675441085863], [37.60830461070226, 55.716810950875185]]]}}, {"type": "Feature", "properties": {"id": 1815, "object_type": "restriction", "restriction_type": "oks"}, "geometry": {"type": "Polygon", "coordinates": [[[37.6092499, 55.7163758], [37.609259, 55.716354700000004], [37.609191, 55.71634540000001], [37.6091821, 55.7163669], [37.6092499, 55.7163758]]]}}, {"type": "Feature", "properties": {"id": 1816, "object_type": "restriction", "restriction_type": "road"}, "geometry": {"type": "Polygon", "coordinates": [[[37.60785082392041, 55.71552037260398], [37.60770642306285, 55.715144572708525], [37.60751977688378, 55.715167427220265], [37.60766333892143, 55.71554104877268], [37.607684823084384, 55.71563313865845], [37.60787417688275, 55.71561906126834], [37.60785217665803, 55.715524761284016], [37.60785082392041, 55.71552037260398]]]}}, {"type": "Feature", "properties": {"id": 1817, "object_type": "restriction", "restriction_type": "road"}, "geometry": {"type": "Polygon", "coordinates": [[[37.60791885819202, 55.715784626114164], [37.6079017590854, 55.71573862881341], [37.60771484086286, 55.71576077111518], [37.60773194075742, 55.715806771127546], [37.607795542366155, 55.715977776554205], [37.607797635020745, 55.71598238243273], [37.60788473467602, 55.716144082495326], [37.60806746525179, 55.71611271743631], [37.60798159134333, 55.71595329436132], [37.60791885819202, 55.715784626114164]]]}}, {"type": "Feature", "properties": {"id": 1818, "object_type": "restriction", "restriction_type": "road"}, "geometry": {"type": "Polygon", "coordinates": [[[37.608071770781734, 55.71607906124023], [37.608112386840766, 55.7162077778505], [37.60815485562792, 55.71641188838846], [37.60815634716439, 55.716416957428024], [37.608239846664844, 55.71663565748846], [37.6082399173314, 55.71663584102272], [37.608267717168246, 55.71670744104286], [37.608454282777856, 55.71668435888598], [37.6084265182317, 55.71661285063874], [37.60834401279703, 55.71639675693203], [37.60830174385009, 55.71619361156838], [37.608300915932965, 55.71619044645987], [37.60825951562675, 55.71605924648973], [37.60825888788089, 55.716057436947544], [37.60812808709059, 55.71571183704224], [37.60812749235395, 55.71571036661298], [37.608118492307106, 55.715689466619494], [37.60793290763361, 55.71571493331007], [37.607941591999904, 55.71573510045012], [37.608071770781734, 55.71607906124023]]]}}, {"type": "Feature", "properties": {"id": 1819, "object_type": "restriction", "restriction_type": "road"}, "geometry": {"type": "Polygon", "coordinates": [[[37.60837216530278, 55.71666969370147], [37.608349834681995, 55.71672210629732], [37.60838003470096, 55.71672620630016], [37.60838060014252, 55.71672628101502], [37.608544000246084, 55.71674728102956], [37.608565199739395, 55.7166947189693], [37.608402082965995, 55.716673755370756], [37.60837216530278, 55.71666969370147]]]}}, {"type": "Feature", "properties": {"id": 1820, "object_type": "restriction", "restriction_type": "road"}, "geometry": {"type": "Polygon", "coordinates": [[[37.60847939373261, 55.716714910689696], [37.60843949374333, 55.71673131068069], [37.60843590613862, 55.716732940338105], [37.60843261331598, 55.716734757499154], [37.60839411331347, 55.71675815748826], [37.608390022667535, 55.71676101106149], [37.608359422655404, 55.71678561105173], [37.60843757737563, 55.716816588935934], [37.608466304558114, 55.716793494517155], [37.60849944197413, 55.71677335384363], [37.608533752914674, 55.71675925109663], [37.60857887877834, 55.71674420913859], [37.6085303212503, 55.71669779085665], [37.60848322126881, 55.71671349084749], [37.60847939373261, 55.716714910689696]]]}}, {"type": "Feature", "properties": {"id": 1821, "object_type": "restriction", "restriction_type": "road"}, "geometry": {"type": "Polygon", "coordinates": [[[37.60917071733577, 55.71898915492382], [37.609357882613914, 55.718967645004575], [37.60930868230001, 55.7188312450402], [37.609308436504705, 55.71883058477221], [37.609258036204984, 55.718699284808714], [37.609071363741684, 55.718722115120045], [37.60912163688576, 55.71885308545662], [37.60917071733577, 55.71898915492382]]]}}, {"type": "Feature", "properties": {"id": 1822, "object_type": "restriction", "restriction_type": "road"}, "geometry": {"type": "Polygon", "coordinates": [[[37.609296067991856, 55.7194869426087], [37.60925126803394, 55.71949344260245], [37.60928693200114, 55.719571757394895], [37.609331652618984, 55.719565268912284], [37.60936497317726, 55.71956048032892], [37.60932962685753, 55.719482119668434], [37.60929622688895, 55.719486919663844], [37.609296067991856, 55.7194869426087]]]}}, {"type": "Feature", "properties": {"id": 1823, "object_type": "restriction", "restriction_type": "road"}, "geometry": {"type": "Polygon", "coordinates": [[[37.60901565097659, 55.71961541814562], [37.60928873491198, 55.71957148161739], [37.60924946512645, 55.71949371837943], [37.60897536537813, 55.71953781833721], [37.60897334173768, 55.71953816221712], [37.60888454181684, 55.71955406220196], [37.608883994197505, 55.71955416162306], [37.60849769453892, 55.71962526155544], [37.60854210550414, 55.71970213844053], [37.60892813238806, 55.719631088704325], [37.60901565097659, 55.71961541814562]]]}}, {"type": "Feature", "properties": {"id": 1824, "object_type": "restriction", "restriction_type": "road"}, "geometry": {"type": "Polygon", "coordinates": [[[37.6098684256037, 55.72133752276456], [37.60990352534918, 55.721446722789906], [37.610091474605746, 55.72142747713793], [37.61005637435124, 55.72131827716329], [37.6098684256037, 55.72133752276456]]]}}, {"type": "Feature", "properties": {"id": 1825, "object_type": "restriction", "restriction_type": "road"}, "geometry": {"type": "Polygon", "coordinates": [[[37.60935809074927, 55.719572660473105], [37.60936809065729, 55.71961146048027], [37.6095571093064, 55.71959593944679], [37.60954711852479, 55.719557175577876], [37.609532627613426, 55.719500411717995], [37.6093435723506, 55.71951578820902], [37.60935807221588, 55.719572588219414], [37.60935809074927, 55.719572660473105]]]}}, {"type": "Feature", "properties": {"id": 1826, "object_type": "restriction", "restriction_type": "road"}, "geometry": {"type": "Polygon", "coordinates": [[[37.60329498016652, 55.717257151518055], [37.603399419804575, 55.71723524845957], [37.60335552437243, 55.71716855553542], [37.603225928784525, 55.716971362650526], [37.60312147118661, 55.71699323732708], [37.603251070957825, 55.71719043738065], [37.60329498016652, 55.717257151518055]]]}}, {"type": "Feature", "properties": {"id": 1827, "object_type": "restriction", "restriction_type": "oks"}, "geometry": {"type": "Polygon", "coordinates": [[[37.6077584, 55.72062689999999], [37.6074877, 55.72067239999999], [37.6075384, 55.72076830000001], [37.6078092, 55.7207229], [37.6077584, 55.72062689999999]]]}}, {"type": "Feature", "properties": {"id": 1828, "object_type": "restriction", "restriction_type": "road"}, "geometry": {"type": "Polygon", "coordinates": [[[37.61356525922766, 55.71291221051069], [37.61356695912606, 55.712995510510815], [37.61366244087349, 55.71299488947062], [37.613660740771884, 55.71291158947075], [37.61356525922766, 55.71291221051069]]]}}, {"type": "Feature", "properties": {"id": 1829, "object_type": "restriction", "restriction_type": "road"}, "geometry": {"type": "Polygon", "coordinates": [[[37.61356105939483, 55.71270350619748], [37.61356525914026, 55.71291220619776], [37.613660740859295, 55.712911593783666], [37.61365654060473, 55.712702893783955], [37.61356105939483, 55.71270350619748]]]}}, {"type": "Feature", "properties": {"id": 1830, "object_type": "restriction", "restriction_type": "road"}, "geometry": {"type": "Polygon", "coordinates": [[[37.61356695906535, 55.712995507521676], [37.613569058938616, 55.71309940752182], [37.61366454106094, 55.713098792459604], [37.61366244093421, 55.712994892459754], [37.61356695906535, 55.712995507521676]]]}}, {"type": "Feature", "properties": {"id": 1831, "object_type": "restriction", "restriction_type": "road"}, "geometry": {"type": "Polygon", "coordinates": [[[37.61366564114759, 55.71315339345253], [37.613664541080986, 55.71309879345261], [37.61356905891858, 55.713099406528826], [37.613570157124734, 55.71315392078965], [37.61357045632256, 55.71318763504581], [37.61366594367741, 55.71318736493559], [37.61366564363618, 55.713153564935496], [37.61366564114759, 55.71315339345253]]]}}, {"type": "Feature", "properties": {"id": 1832, "object_type": "restriction", "restriction_type": "road"}, "geometry": {"type": "Polygon", "coordinates": [[[37.61357085618944, 55.71323142574456], [37.61357095617468, 55.71324352574454], [37.61366644382533, 55.7132432742369], [37.613666343810564, 55.71323117423686], [37.61357085618944, 55.71323142574456]]]}}, {"type": "Feature", "properties": {"id": 1833, "object_type": "restriction", "restriction_type": "road"}, "geometry": {"type": "Polygon", "coordinates": [[[37.61357095627251, 55.7132435370734], [37.61357165617772, 55.71332123707317], [37.61366714382224, 55.71332096290827], [37.613666443727475, 55.713243262908044], [37.61357095627251, 55.7132435370734]]]}}, {"type": "Feature", "properties": {"id": 1834, "object_type": "restriction", "restriction_type": "road"}, "geometry": {"type": "Polygon", "coordinates": [[[37.6135716560966, 55.71332122775037], [37.613572655951316, 55.71344032774998], [37.61366814404868, 55.713440072231435], [37.61366714390339, 55.713320972231074], [37.6135716560966, 55.71332122775037]]]}}, {"type": "Feature", "properties": {"id": 1835, "object_type": "restriction", "restriction_type": "road"}, "geometry": {"type": "Polygon", "coordinates": [[[37.613571155228954, 55.71381600896852], [37.61356995498428, 55.71401660896676], [37.61366544501625, 55.71401679101467], [37.61366664477158, 55.713816191012924], [37.613571155228954, 55.71381600896852]]]}}, {"type": "Feature", "properties": {"id": 1836, "object_type": "restriction", "restriction_type": "oks"}, "geometry": {"type": "Polygon", "coordinates": [[[37.60672, 55.7199138], [37.6067395, 55.719909900000005], [37.6067479, 55.7199118], [37.6067535, 55.71990739999999], [37.606773, 55.719903699999996], [37.6067641, 55.7198893], [37.6067107, 55.71989940000001], [37.60672, 55.7199138]]]}}, {"type": "Feature", "properties": {"id": 1837, "object_type": "restriction", "restriction_type": "oks"}, "geometry": {"type": "Polygon", "coordinates": [[[37.6082063, 55.71903729999999], [37.608215, 55.7190565], [37.6082594, 55.7190501], [37.6082511, 55.719031099999995], [37.6082063, 55.71903729999999]]]}}, {"type": "Feature", "properties": {"id": 1838, "object_type": "restriction", "restriction_type": "road"}, "geometry": {"type": "Polygon", "coordinates": [[[37.613547658247434, 55.714844071870615], [37.61355105807774, 55.71498317187103], [37.61364654192166, 55.71498242811038], [37.61364314175198, 55.714843328110824], [37.613547658247434, 55.714844071870615]]]}}, {"type": "Feature", "properties": {"id": 1839, "object_type": "restriction", "restriction_type": "road"}, "geometry": {"type": "Polygon", "coordinates": [[[37.61364833148065, 55.71470717688456], [37.6136524256075, 55.71462818833556], [37.61355697439475, 55.71462661164589], [37.61355287429842, 55.714705711643816], [37.61355286437782, 55.71470593457314], [37.61355076466096, 55.714762425102094], [37.613547664926394, 55.71484311563078], [37.61364313507534, 55.71484428435068], [37.613646234977004, 55.71476358434896], [37.61364833148065, 55.71470717688456]]]}}, {"type": "Feature", "properties": {"id": 1840, "object_type": "restriction", "restriction_type": "tram_tracks"}, "geometry": {"type": "Polygon", "coordinates": [[[37.60634844033739, 55.71158595102665], [37.60630844030563, 55.711525751034195], [37.60630803364748, 55.71152517687876], [37.60628823363445, 55.71149887688244], [37.606287173661336, 55.711497637390416], [37.60628590857655, 55.71149646081174], [37.60620190855541, 55.71142616082601], [37.606200489263024, 55.71142508493777], [37.60619889850649, 55.71142408842821], [37.60610669850555, 55.71137148844169], [37.60610493132051, 55.71137057109538], [37.60607103132323, 55.71135457109989], [37.606069983646144, 55.71135410243913], [37.606020183652326, 55.711333002445315], [37.60601825589004, 55.71133226107522], [37.605940055904924, 55.71130506108375], [37.60593931174027, 55.71130481198938], [37.60587811175324, 55.71128511199571], [37.605875917123264, 55.711284482866525], [37.605804017142304, 55.71126628287267], [37.60580246072986, 55.7112659232595], [37.60568746076372, 55.71124182326791], [37.605685960462864, 55.71124153848317], [37.60551116051837, 55.71121173849389], [37.60551039849498, 55.71121161585429], [37.6052271985877, 55.711168715869896], [37.60521400140755, 55.71119648412968], [37.60549681879825, 55.711239326172915], [37.60567048153797, 55.71126893229371], [37.60578395053402, 55.711292711449886], [37.605853958592654, 55.71131043254547], [37.60591371242091, 55.71132966703119], [37.605990550114775, 55.71135639318922], [37.60603888160786, 55.71137687099383], [37.606071346735945, 55.711392193771324], [37.60616102462071, 55.71144335492191], [37.606242323302695, 55.711511394206944], [37.606260952077996, 55.71153613850837], [37.6063004897375, 55.711595642740825], [37.60634016366289, 55.711668428069856], [37.60638883633192, 55.71165997192528], [37.60634893629046, 55.711586771932915], [37.60634844033739, 55.71158595102665]]]}}, {"type": "Feature", "properties": {"id": 1841, "object_type": "restriction", "restriction_type": "tram_tracks"}, "geometry": {"type": "Polygon", "coordinates": [[[37.605699477214095, 55.7112343760019], [37.605843060298696, 55.71126611854514], [37.605882525097535, 55.71127652468679], [37.60597334072612, 55.711300428805984], [37.605994859266666, 55.71127437119301], [37.60590406708719, 55.71125047325337], [37.60586387490558, 55.71123987531576], [37.60586238411145, 55.711239514414515], [37.60571718415312, 55.711207414425644], [37.605715439201575, 55.71120706936015], [37.60552973926008, 55.71117456937179], [37.60552852646891, 55.71117437555595], [37.60523712656526, 55.71113217557136], [37.60522447343018, 55.711160024428246], [37.605515262880864, 55.71120213601195], [37.605699477214095, 55.7112343760019]]]}}, {"type": "Feature", "properties": {"id": 1842, "object_type": "restriction", "restriction_type": "tram_tracks"}, "geometry": {"type": "Polygon", "coordinates": [[[37.60704597503994, 55.71158936198631], [37.60704830390026, 55.7115898381738], [37.6070966039155, 55.7115982381768], [37.60709844397162, 55.7115985160988], [37.6072158440113, 55.71161361610439], [37.60721881827744, 55.711613895288885], [37.607334218319025, 55.711620795291616], [37.60733762559254, 55.71162086940113], [37.607480525644995, 55.71161856940056], [37.60747907435546, 55.71158983059941], [37.60733788244799, 55.711592103108636], [37.607225683517484, 55.71158539450721], [37.60711068526438, 55.71157060342033], [37.60706448106031, 55.71156256790699], [37.606988124974805, 55.71154453801911], [37.60698577134531, 55.711544057529984], [37.60695807135405, 55.71153925753171], [37.60694312864062, 55.71156674246779], [37.606969630894895, 55.71157133491651], [37.60704597503994, 55.71158936198631]]]}}, {"type": "Feature", "properties": {"id": 1843, "object_type": "restriction", "restriction_type": "tram_tracks"}, "geometry": {"type": "Polygon", "coordinates": [[[37.621267723346314, 55.711528924879794], [37.6212069573848, 55.711543160929665], [37.62113362838481, 55.711555897019], [37.62106687072414, 55.71156252475794], [37.62104599533525, 55.71156346934559], [37.62097810334047, 55.71156645142467], [37.62094518244578, 55.71156734117861], [37.620947617555025, 55.711596058821364], [37.62098091756723, 55.71159515882109], [37.620981675044646, 55.7115951319553], [37.621049975069546, 55.711592131954326], [37.62105003425749, 55.71159212931535], [37.62107213426553, 55.711591129315046], [37.62107451000502, 55.71159095801907], [37.62114401002947, 55.71158405801672], [37.62114708707785, 55.711583639770055], [37.62122308710216, 55.71157043976557], [37.62122535926082, 55.71156997746743], [37.621288959278836, 55.7115550774625], [37.62129227229397, 55.711554136191005], [37.62130006082295, 55.711551505599374], [37.62130125504946, 55.71151759947482], [37.621267723346314, 55.711528924879794]]]}}, {"type": "Feature", "properties": {"id": 1844, "object_type": "restriction", "restriction_type": "tram_tracks"}, "geometry": {"type": "Polygon", "coordinates": [[[37.62096171027849, 55.7112447890909], [37.621027370455074, 55.71124748877521], [37.62106227618965, 55.7112507817691], [37.62110650361903, 55.71125708653069], [37.62115258624945, 55.711267777701764], [37.62118830036636, 55.71128096445421], [37.621307601288926, 55.711337417709714], [37.62130890090662, 55.71130051884752], [37.621219856199716, 55.711258382836895], [37.62121743663974, 55.711257369211395], [37.621178436646446, 55.711242969215824], [37.62117636042256, 55.711242279483855], [37.62117417803571, 55.711241703613624], [37.6211241780497, 55.71123010361763], [37.62112073357398, 55.711229462176185], [37.621073733589576, 55.711222762178615], [37.62107169657362, 55.71122252132201], [37.62103459658664, 55.71121902132335], [37.621032249442514, 55.711218862703994], [37.62096414946729, 55.711216062705155], [37.620961627079566, 55.711216029754844], [37.620887927106615, 55.71121712975457], [37.62088735014873, 55.71121714206271], [37.6208008501804, 55.711219542062], [37.620803349820434, 55.71124825793795], [37.62088956149698, 55.71124586593795], [37.62096171027849, 55.7112447890909]]]}}, {"type": "Feature", "properties": {"id": 1845, "object_type": "restriction", "restriction_type": "tram_tracks"}, "geometry": {"type": "Polygon", "coordinates": [[[37.60617047100081, 55.71110828969469], [37.60615801060364, 55.711068732950174], [37.60614299123525, 55.710993636351084], [37.606135777334956, 55.71091151708007], [37.60613974113541, 55.710818762737915], [37.606159102936275, 55.71065847810185], [37.606108297065084, 55.710656521892915], [37.60608889696149, 55.71081712188837], [37.60608884536072, 55.71081775326584], [37.60608484529991, 55.7109113532647], [37.606084869148475, 55.71091241206832], [37.60609216909457, 55.71099551206954], [37.606092298617696, 55.710996412917794], [37.606107498569095, 55.71107241292067], [37.60610773112755, 55.71107331699457], [37.6061203300484, 55.711113313650095], [37.606132328972286, 55.71115151030248], [37.606132614734804, 55.711152292829325], [37.606226814599, 55.7113782928475], [37.60627638539691, 55.711371707147464], [37.60618234740976, 55.71114609618638], [37.60617047100081, 55.71110828969469]]]}}, {"type": "Feature", "properties": {"id": 1846, "object_type": "restriction", "restriction_type": "tram_tracks"}, "geometry": {"type": "Polygon", "coordinates": [[[37.60613665563031, 55.710818864414506], [37.606133155595934, 55.71087186441362], [37.60613313792179, 55.71087240851365], [37.6061332378598, 55.71096770851334], [37.60613338343976, 55.710969235037766], [37.60615168337814, 55.711065435041185], [37.60615210965034, 55.711066929521785], [37.606168109624825, 55.711108829524875], [37.60618421095716, 55.711150833091736], [37.606212808019556, 55.71122582551352], [37.606262591976666, 55.711219774481414], [37.606233991931, 55.71114477448693], [37.606233986131535, 55.711144759318344], [37.60621788824285, 55.71110276489593], [37.60620217326575, 55.71106161136905], [37.60618416133659, 55.71096692603092], [37.606184062364036, 55.710872663625544], [37.60618752983106, 55.71082015575097], [37.606206503245524, 55.71066267556233], [37.60615569675583, 55.710660724432444], [37.6061366966541, 55.71081842442798], [37.60613665563031, 55.710818864414506]]]}}, {"type": "Feature", "properties": {"id": 1847, "object_type": "restriction", "restriction_type": "tram_tracks"}, "geometry": {"type": "Polygon", "coordinates": [[[37.60617234315811, 55.71052327945561], [37.60617219714505, 55.71052412194034], [37.60615569705693, 55.710660721936506], [37.606206502944424, 55.710662678058256], [37.60622295182798, 55.71052650051091], [37.6062671567203, 55.71033102052949], [37.60639015679806, 55.7097865186331], [37.60633964320438, 55.70978288136171], [37.606216643070674, 55.71032738040048], [37.60617234315811, 55.71052327945561]]]}}, {"type": "Feature", "properties": {"id": 1848, "object_type": "restriction", "restriction_type": "tram_tracks"}, "geometry": {"type": "Polygon", "coordinates": [[[37.60621321890298, 55.71032312045658], [37.606315518864086, 55.70977951879789], [37.60626488113796, 55.70977648119689], [37.6061625809446, 55.710320080358116], [37.606124580970345, 55.710521779529735], [37.606124497073125, 55.71052232254698], [37.606108296986555, 55.710656522543196], [37.6061591030148, 55.71065847745156], [37.606175270099044, 55.710524549405505], [37.60621321890298, 55.71032312045658]]]}}, {"type": "Feature", "properties": {"id": 1849, "object_type": "restriction", "restriction_type": "tram_tracks"}, "geometry": {"type": "Polygon", "coordinates": [[[37.60636481918658, 55.70967174790771], [37.60636444285959, 55.70967298320249], [37.606339642790005, 55.70978288319703], [37.60639015721243, 55.70978651679777], [37.60641481671937, 55.70967723907576], [37.60641799788407, 55.70966897254503], [37.606366113796696, 55.70966838376337], [37.60636481918658, 55.70967174790771]]]}}, {"type": "Feature", "properties": {"id": 1850, "object_type": "restriction", "restriction_type": "tram_tracks"}, "geometry": {"type": "Polygon", "coordinates": [[[37.606336855887875, 55.709668051734376], [37.60628535840949, 55.70966746730599], [37.60626488061841, 55.70977648396023], [37.60631551938363, 55.70977951603456], [37.606336074454354, 55.709670087216274], [37.606336855887875, 55.709668051734376]]]}}, {"type": "Feature", "properties": {"id": 1851, "object_type": "restriction", "restriction_type": "tram_tracks"}, "geometry": {"type": "Polygon", "coordinates": [[[37.60422747267186, 55.711015624313376], [37.605224473001456, 55.71116002436615], [37.60523712699397, 55.71113217563344], [37.604240217453246, 55.71098778874056], [37.60211910810829, 55.71067120228181], [37.602106091887016, 55.71069899771776], [37.604227292583744, 55.7110155978332], [37.60422747267186, 55.711015624313376]]]}}, {"type": "Feature", "properties": {"id": 1852, "object_type": "restriction", "restriction_type": "tram_tracks"}, "geometry": {"type": "Polygon", "coordinates": [[[37.60210471878242, 55.710703103875815], [37.60209168121287, 55.7107308961238], [37.60421318190944, 55.71104809623941], [37.604213232298406, 55.71104810374177], [37.60521413262765, 55.71119650379589], [37.605227067367686, 55.71116869620369], [37.60422619289474, 55.71102029999393], [37.60210471878242, 55.710703103875815]]]}}, {"type": "Feature", "properties": {"id": 1853, "object_type": "restriction", "restriction_type": "tram_tracks"}, "geometry": {"type": "Polygon", "coordinates": [[[37.60128313958462, 55.71057835311664], [37.60128153680976, 55.710578132100395], [37.60113573685963, 55.71056083210683], [37.60113514797096, 55.71056076631407], [37.60072684811278, 55.7105179663302], [37.60072567303491, 55.71051785912762], [37.600451797646144, 55.71049656881532], [37.600273619277765, 55.710481703991206], [37.60010201992798, 55.71046504289189], [37.60000050093329, 55.710454693869], [37.59944424223568, 55.71036151854223], [37.599429757759154, 55.71038908145728], [37.59998735793709, 55.71048248149091], [37.599990075705115, 55.71048284646862], [37.60009307574099, 55.71049334647259], [37.60009328454998, 55.710493367252376], [37.60026528461019, 55.710510067258696], [37.60026587794782, 55.71051012080561], [37.60044447801111, 55.710525020811325], [37.60044472686495, 55.71052504086402], [37.60071813720334, 55.71054629502669], [37.601125556894154, 55.71058900274908], [37.60127025545334, 55.71060617205772], [37.60139776045208, 55.71062624689024], [37.60139802898666, 55.710626288277275], [37.60209162921395, 55.71073088831536], [37.6021047707813, 55.710703111684246], [37.60141130547678, 55.71059853200155], [37.60128313958462, 55.71057835311664]]]}}, {"type": "Feature", "properties": {"id": 1854, "object_type": "restriction", "restriction_type": "tram_tracks"}, "geometry": {"type": "Polygon", "coordinates": [[[37.60001199207056, 55.710449027355395], [37.60010518077769, 55.710458926156115], [37.60027846951242, 55.71047742495408], [37.60027954415598, 55.710477526278886], [37.600455344218354, 55.71049192628441], [37.600456060045744, 55.710491979079784], [37.60076278069693, 55.71051210824736], [37.60113956830874, 55.710555457258444], [37.6012867273187, 55.7105741126161], [37.60141214970075, 55.710595463219875], [37.60141299505627, 55.710595598186956], [37.60210609528395, 55.710698998224665], [37.602119104711356, 55.71067120177491], [37.60142642967888, 55.7105678651787], [37.60130055033412, 55.71054643678735], [37.60129877826179, 55.7105461739991], [37.60115047831202, 55.71052737400605], [37.601149984011826, 55.710527314246875], [37.600771884141714, 55.710483814263114], [37.600769739841525, 55.7104836209122], [37.600462298528505, 55.710463444452884], [37.60028739508302, 55.71044911789136], [37.60011463054416, 55.71043067505265], [37.600022795000676, 55.71042091998442], [37.59946454491005, 55.71032455301067], [37.59944965508465, 55.710352046988795], [37.60000925526166, 55.71044864702347], [37.60001199207056, 55.710449027355395]]]}}, {"type": "Feature", "properties": {"id": 1855, "object_type": "restriction", "restriction_type": "tram_tracks"}, "geometry": {"type": "Polygon", "coordinates": [[[37.59906083698667, 55.71029491545918], [37.59905976586231, 55.71032484490933], [37.59911071420352, 55.71033382241571], [37.59911083225861, 55.710333843040566], [37.59942953235932, 55.710389043060374], [37.599444467635365, 55.71036155693912], [37.5991258268066, 55.710306367190235], [37.59906083698667, 55.71029491545918]]]}}, {"type": "Feature", "properties": {"id": 1856, "object_type": "restriction", "restriction_type": "tram_tracks"}, "geometry": {"type": "Polygon", "coordinates": [[[37.59913550145986, 55.710297455071434], [37.59944960987954, 55.7103520391593], [37.59946459011513, 55.710324560840164], [37.59915039021432, 55.71026996085973], [37.5991502066443, 55.7102699293866], [37.59906226350256, 55.71025505554028], [37.599061195860955, 55.71028488775003], [37.59913550145986, 55.710297455071434]]]}}, {"type": "Feature", "properties": {"id": 1857, "object_type": "restriction", "restriction_type": "road"}, "geometry": {"type": "Polygon", "coordinates": [[[37.60728818772787, 55.71463876137349], [37.60734048747165, 55.71475416141128], [37.607525512466275, 55.714727438518665], [37.60747321221005, 55.71461203855647], [37.60728818772787, 55.71463876137349]]]}}, {"type": "Feature", "properties": {"id": 1858, "object_type": "restriction", "restriction_type": "road"}, "geometry": {"type": "Polygon", "coordinates": [[[37.60743223204574, 55.71449714229139], [37.607367602921464, 55.71433242393404], [37.60731347162461, 55.71418980584263], [37.607126728322626, 55.71421239408608], [37.60718092799624, 55.71435519412532], [37.607181068275, 55.714355557590686], [37.607245574154284, 55.71451996383995], [37.607287096586326, 55.71463606810726], [37.60747430336379, 55.71461473182112], [37.60743260309525, 55.71449813185128], [37.60743223204574, 55.71449714229139]]]}}, {"type": "Feature", "properties": {"id": 1859, "object_type": "restriction", "restriction_type": "road"}, "geometry": {"type": "Polygon", "coordinates": [[[37.60855547186747, 55.71674794906187], [37.60861367190755, 55.7167473490617], [37.60861192809335, 55.71669345093819], [37.60855372813342, 55.716694050937974], [37.60855547186747, 55.71674794906187]]]}}, {"type": "Feature", "properties": {"id": 1860, "object_type": "restriction", "restriction_type": "road"}, "geometry": {"type": "Polygon", "coordinates": [[[37.606520364886734, 55.71209814065002], [37.60652836483617, 55.71212014065581], [37.606715435113145, 55.71209845927267], [37.60670752019345, 55.71207669338691], [37.60668190147317, 55.71200292793076], [37.606494498478305, 55.71202367199748], [37.606520198307315, 55.71209767201606], [37.606520364886734, 55.71209814065002]]]}}, {"type": "Feature", "properties": {"id": 1861, "object_type": "restriction", "restriction_type": "road"}, "geometry": {"type": "Polygon", "coordinates": [[[37.60688777872175, 55.71256940228349], [37.60684137843343, 55.712443702317074], [37.606654421515174, 55.71246569761148], [37.60670082122684, 55.71259139764508], [37.60688777872175, 55.71256940228349]]]}}, {"type": "Feature", "properties": {"id": 1862, "object_type": "restriction", "restriction_type": "road"}, "geometry": {"type": "Polygon", "coordinates": [[[37.61924510019147, 55.71666510542176], [37.61941840030862, 55.71667540542937], [37.61942839968424, 55.71662179457026], [37.61925509980139, 55.71661149457789], [37.61924510019147, 55.71666510542176]]]}}, {"type": "Feature", "properties": {"id": 1863, "object_type": "restriction", "restriction_type": "road"}, "geometry": {"type": "Polygon", "coordinates": [[[37.60664421209919, 55.71243797189191], [37.60665441203563, 55.71246567189931], [37.606841387913086, 55.712443728029236], [37.60683120748876, 55.712416081370286], [37.60671542620705, 55.712098434809846], [37.60652837374215, 55.71212016511865], [37.60664417301227, 55.71243786520244], [37.60664421209919, 55.71243797189191]]]}}, {"type": "Feature", "properties": {"id": 1864, "object_type": "restriction", "restriction_type": "road"}, "geometry": {"type": "Polygon", "coordinates": [[[37.61357045635772, 55.713187638951396], [37.6135708563043, 55.71323143895126], [37.61366634369567, 55.71323116103015], [37.61366594364224, 55.713187361030016], [37.61357045635772, 55.713187638951396]]]}}, {"type": "Feature", "properties": {"id": 1865, "object_type": "restriction", "restriction_type": "road"}, "geometry": {"type": "Polygon", "coordinates": [[[37.613746837483724, 55.714587570763285], [37.61360523762997, 55.714586970764664], [37.61360416236825, 55.714667829235054], [37.61374576251448, 55.71466842923645], [37.613746837483724, 55.714587570763285]]]}}, {"type": "Feature", "properties": {"id": 1866, "object_type": "restriction", "restriction_type": "road"}, "geometry": {"type": "Polygon", "coordinates": [[[37.62035187429321, 55.71463578655025], [37.62016847448232, 55.714632786554326], [37.62016432551271, 55.71471361344536], [37.620347725701826, 55.714716613449426], [37.62035187429321, 55.71463578655025]]]}}, {"type": "Feature", "properties": {"id": 1867, "object_type": "restriction", "restriction_type": "road"}, "geometry": {"type": "Polygon", "coordinates": [[[37.60787311409378, 55.715132112317505], [37.607677012899494, 55.71461031245945], [37.60749018704822, 55.71463268746917], [37.60768628585395, 55.71515448761112], [37.60787311409378, 55.715132112317505]]]}}, {"type": "Feature", "properties": {"id": 1868, "object_type": "restriction", "restriction_type": "road"}, "geometry": {"type": "Polygon", "coordinates": [[[37.60784444585657, 55.714581369740635], [37.60758374612586, 55.71458106974235], [37.60758345387314, 55.71466193025737], [37.60784415414242, 55.714662230259115], [37.60784444585657, 55.714581369740635]]]}}, {"type": "Feature", "properties": {"id": 1869, "object_type": "restriction", "restriction_type": "oks"}, "geometry": {"type": "Polygon", "coordinates": [[[37.6031877, 55.7218028], [37.6031627, 55.7217721], [37.6030831, 55.721792699999995], [37.6031082, 55.7218234], [37.6031877, 55.7218028]]]}}, {"type": "Feature", "properties": {"id": 1870, "object_type": "restriction", "restriction_type": "oks"}, "geometry": {"type": "Polygon", "coordinates": [[[37.61828450000001, 55.72079439999999], [37.618307400000006, 55.72073880000001], [37.6182149, 55.720726699999986], [37.618192, 55.72078230000001], [37.61828450000001, 55.72079439999999]]]}}, {"type": "Feature", "properties": {"id": 1871, "object_type": "restriction", "restriction_type": "road"}, "geometry": {"type": "Polygon", "coordinates": [[[37.605169970714336, 55.72022677573064], [37.60517039607702, 55.72022743195829], [37.605210021114274, 55.720286520292966], [37.60525594764309, 55.72035660831257], [37.60536045232812, 55.72033479166504], [37.60531445224654, 55.72026459168406], [37.60531430396175, 55.72026436800304], [37.60527482303494, 55.72020549479922], [37.60512842898065, 55.719971624307576], [37.605128068299145, 55.71997106500919], [37.60508756822867, 55.719910065025914], [37.60498323174223, 55.71993213495177], [37.60502354664263, 55.719992856282516], [37.605169970714336, 55.72022677573064]]]}}, {"type": "Feature", "properties": {"id": 1872, "object_type": "restriction", "restriction_type": "road"}, "geometry": {"type": "Polygon", "coordinates": [[[37.605535963300824, 55.72061201860536], [37.605360662974505, 55.72033511867807], [37.605255736997464, 55.72035628129935], [37.60543103667113, 55.72063318137204], [37.605535963300824, 55.72061201860536]]]}}, {"type": "Feature", "properties": {"id": 1873, "object_type": "restriction", "restriction_type": "oks"}, "geometry": {"type": "Polygon", "coordinates": [[[37.6121562, 55.7222777], [37.6121485, 55.72223029999999], [37.6120244, 55.72223670000001], [37.6120321, 55.722284099999996], [37.6121562, 55.7222777]]]}}, {"type": "Feature", "properties": {"id": 1874, "object_type": "restriction", "restriction_type": "oks"}, "geometry": {"type": "Polygon", "coordinates": [[[37.5997591, 55.71129839999999], [37.5997591, 55.7106821], [37.5998044, 55.710666800000006], [37.5998104, 55.7106174], [37.599753, 55.710576599999996], [37.5996753, 55.71057609999999], [37.5993567, 55.71057429999999], [37.5991236, 55.71057290000001], [37.5990817, 55.71054019999999], [37.599052865906586, 55.71051764271635], [37.59901958423504, 55.711447562564466], [37.5990861, 55.711454799999984], [37.5997591, 55.71152779999999], [37.5997591, 55.71129839999999]], [[37.5991155, 55.7107405], [37.5993555, 55.71074279999999], [37.599592200000004, 55.7107454], [37.5995862, 55.71092850000001], [37.5995788, 55.71115489999999], [37.599573, 55.7113313], [37.5992355, 55.71132779999999], [37.5990963, 55.71132629999999], [37.5991155, 55.7107405]]]}}, {"type": "Feature", "properties": {"id": 1875, "object_type": "restriction", "restriction_type": "park"}, "geometry": {"type": "Polygon", "coordinates": [[[37.5998078, 55.72199239999999], [37.5998308, 55.72198000000001], [37.60002260000001, 55.721871500000006], [37.6002286, 55.721750699999994], [37.599841, 55.7215293], [37.5994369, 55.7213192], [37.5989624, 55.721512399999995], [37.59865337675653, 55.72167612333323], [37.59863600046528, 55.72216129724907], [37.59949586623754, 55.72217110464655], [37.5998078, 55.72199239999999]]]}}, {"type": "Feature", "properties": {"id": 1876, "object_type": "restriction", "restriction_type": "oks"}, "geometry": {"type": "Polygon", "coordinates": [[[37.6094192, 55.7098168], [37.609404, 55.709857299999996], [37.6093839, 55.7099114], [37.6093768, 55.709930199999995], [37.6095831, 55.70995469999999], [37.6095911, 55.7099333], [37.6097038, 55.70994669999999], [37.6097084, 55.709934100000005], [37.6098047, 55.7099456], [37.6098344, 55.70986609999999], [37.6094192, 55.7098168]]]}}, {"type": "Feature", "properties": {"id": 1877, "object_type": "restriction", "restriction_type": "oks"}, "geometry": {"type": "Polygon", "coordinates": [[[37.609372, 55.7184158], [37.6093935, 55.7184732], [37.6094832, 55.718464399999995], [37.6094642, 55.7184174], [37.6095024, 55.71841390000001], [37.6094992, 55.71840290000001], [37.6094949, 55.7183884], [37.6093665, 55.7184011], [37.609372, 55.7184158]]]}}, {"type": "Feature", "properties": {"id": 1878, "object_type": "restriction", "restriction_type": "oks"}, "geometry": {"type": "Polygon", "coordinates": [[[37.611995, 55.717769700000005], [37.6124691, 55.7177602], [37.6124663, 55.717636299999995], [37.6123181, 55.7176387], [37.612317, 55.71767859999999], [37.6122061, 55.717678899999996], [37.6122062, 55.7175638], [37.612992, 55.7175616], [37.6129964, 55.717383999999996], [37.6128265, 55.71738169999999], [37.6128264, 55.7174044], [37.6128055, 55.7174083], [37.612099, 55.717406399999994], [37.6119959, 55.7174104], [37.611995, 55.717769700000005]]]}}, {"type": "Feature", "properties": {"id": 1879, "object_type": "restriction", "restriction_type": "oks"}, "geometry": {"type": "Polygon", "coordinates": [[[37.6088357, 55.716063999999996], [37.6085291, 55.7160997], [37.6086924, 55.71654479999999], [37.6087022, 55.7165539], [37.608717, 55.7165604], [37.6087346, 55.71656379999999], [37.6087536, 55.71656380000001], [37.6088757, 55.716551], [37.6088854, 55.716576999999994], [37.6089769, 55.716565900000006], [37.6089628, 55.716528000000004], [37.6090527, 55.7165186], [37.6090313, 55.716457199999994], [37.6090057, 55.716460100000006], [37.6089983, 55.7164406], [37.6089896, 55.7164175], [37.6090195, 55.7164141], [37.6090002, 55.71636489999999], [37.6089614, 55.71636970000001], [37.6089398, 55.716316799999994], [37.6089594, 55.7163143], [37.6089274, 55.71623670000001], [37.6089006, 55.7162395], [37.6088357, 55.716063999999996]]]}}, {"type": "Feature", "properties": {"id": 1880, "object_type": "restriction", "restriction_type": "oks"}, "geometry": {"type": "Polygon", "coordinates": [[[37.6123204, 55.721595500000014], [37.6123324, 55.72171290000001], [37.6124901, 55.7217052], [37.6124863, 55.721675899999994], [37.6128024, 55.72164840000001], [37.6135657, 55.721582100000006], [37.6136117, 55.721578099999995], [37.6136606, 55.721690599999995], [37.613562, 55.72181009999999], [37.6135486, 55.7218423], [37.613520900000005, 55.7219321], [37.6137387, 55.7219581], [37.6137632, 55.72187679999999], [37.6138275, 55.72188249999999], [37.6139509, 55.7216831], [37.6138597, 55.7215139], [37.6139348, 55.7215079], [37.6138919, 55.721381], [37.6136411, 55.7212699], [37.612309, 55.72138329999999], [37.6123252, 55.72145069999999], [37.6123593, 55.7215928], [37.6123204, 55.721595500000014]]]}}, {"type": "Feature", "properties": {"id": 1881, "object_type": "restriction", "restriction_type": "oks"}, "geometry": {"type": "Polygon", "coordinates": [[[37.61657120000001, 55.7192491], [37.6165634, 55.7192795], [37.6166706, 55.71928809999999], [37.6166766, 55.719264299999985], [37.6167196, 55.71926780000001], [37.616797, 55.719274], [37.6168272, 55.71915559999999], [37.6164825, 55.7191278], [37.6160692, 55.7190944], [37.6160418, 55.71920209999999], [37.6162293, 55.71921729999999], [37.6162213, 55.7192488], [37.6163384, 55.7192582], [37.6163454, 55.7192308], [37.6163673, 55.7192326], [37.6164515, 55.7192394], [37.61657120000001, 55.7192491]]]}}, {"type": "Feature", "properties": {"id": 1882, "object_type": "restriction", "restriction_type": "oks"}, "geometry": {"type": "Polygon", "coordinates": [[[37.6196255, 55.7127619], [37.6204811, 55.712755999999985], [37.6204492, 55.712813800000006], [37.6203548, 55.71281539999999], [37.6203549, 55.7128474], [37.6203555, 55.7129075], [37.6203562, 55.7129157], [37.6206967, 55.712914999999995], [37.6206946, 55.71286949999999], [37.6206936, 55.712731500000004], [37.6206937, 55.712608200000005], [37.6206939, 55.7124814], [37.6207503, 55.71246910000001], [37.6208806, 55.7124618], [37.6209697, 55.71241479999999], [37.621081600000004, 55.71237309999999], [37.6211271, 55.7123015], [37.6211935, 55.7122353], [37.6211765, 55.71216570000001], [37.6211878, 55.71208669999999], [37.6211171, 55.71202739999999], [37.6211012, 55.7120041], [37.6210678, 55.71195529999999], [37.6209934, 55.71192489999999], [37.6209543, 55.711908900000005], [37.620871, 55.7118617], [37.6207228, 55.71184809999999], [37.6205995, 55.71183049999999], [37.6204841, 55.711851900000006], [37.6203454, 55.71186470000001], [37.6202484, 55.711918299999994], [37.6202262, 55.71192669999999], [37.6201411, 55.71195879999999], [37.6201186, 55.7120068], [37.6201093, 55.712027899999995], [37.6200342, 55.7120914], [37.6200476, 55.7121669], [37.6200459, 55.7121891], [37.6200422, 55.71223789999999], [37.620112, 55.712301399999994], [37.6201629, 55.7123754], [37.6202756, 55.71241169999999], [37.6203761, 55.71245929999999], [37.6205063, 55.7124691], [37.6205882, 55.71248490000001], [37.6205889, 55.71252440000001], [37.6205884, 55.712559899999995], [37.6204158, 55.71255790000001], [37.6203624, 55.71252669999999], [37.6203109, 55.7125587], [37.6202557, 55.7125316], [37.620208, 55.712560999999994], [37.6201496, 55.7125322], [37.62010250000001, 55.712562399999996], [37.6201425, 55.71258569999999], [37.6196214, 55.71258639999999], [37.6196242, 55.71266920000001], [37.6196255, 55.7127619]]]}}, {"type": "Feature", "properties": {"id": 1883, "object_type": "restriction", "restriction_type": "oks"}, "geometry": {"type": "Polygon", "coordinates": [[[37.6163544, 55.712117199999994], [37.616366, 55.712270800000006], [37.6165154, 55.71226720000001], [37.6165373, 55.71255729999999], [37.616786, 55.712551299999994], [37.6167748, 55.71240270000001], [37.6167635, 55.712253999999994], [37.6166087, 55.7122577], [37.6165912, 55.7120269], [37.6169487, 55.712018400000005], [37.61694, 55.71190349999999], [37.6169379, 55.711875299999996], [37.6165629, 55.7118843], [37.6161866, 55.711893399999994], [37.6161976, 55.712038799999995], [37.6163482, 55.7120352], [37.6163544, 55.712117199999994]]]}}, {"type": "Feature", "properties": {"id": 1884, "object_type": "restriction", "restriction_type": "oks"}, "geometry": {"type": "Polygon", "coordinates": [[[37.6012049, 55.720139399999994], [37.6010721, 55.72005419999999], [37.6012402, 55.71997579999999], [37.60121430000001, 55.719959499999995], [37.6012555, 55.71993969999998], [37.6010713, 55.719813099999996], [37.6010304, 55.71983199999998], [37.6009018, 55.7197517], [37.6009457, 55.7197306], [37.6007572, 55.7196055], [37.6007199, 55.7196215], [37.6005947, 55.719542499999996], [37.6006424, 55.71951919999999], [37.60052, 55.719442300000004], [37.6004504, 55.71939879999999], [37.6004195, 55.71941329999999], [37.600218, 55.7192771], [37.5999942, 55.71933259999999], [37.59965570000001, 55.719403299999996], [37.5999069, 55.71957209999999], [37.600938, 55.72026529999999], [37.6012049, 55.720139399999994]]]}}, {"type": "Feature", "properties": {"id": 1885, "object_type": "restriction", "restriction_type": "oks"}, "geometry": {"type": "Polygon", "coordinates": [[[37.6022114, 55.7205764], [37.6031771, 55.720374], [37.6030725, 55.7202123], [37.6029934, 55.72022849999999], [37.6029629, 55.72018119999999], [37.603042, 55.720165], [37.6029008, 55.7199465], [37.6026808, 55.719990299999985], [37.6027347, 55.7200689], [37.6026698, 55.720083], [37.6026884, 55.72011009999999], [37.6020853, 55.7202411], [37.60161, 55.71991969999999], [37.6015073, 55.7199733], [37.6014537, 55.71994159999999], [37.6013337, 55.720000899999995], [37.6022114, 55.7205764]]]}}, {"type": "Feature", "properties": {"id": 1886, "object_type": "restriction", "restriction_type": "oks"}, "geometry": {"type": "Polygon", "coordinates": [[[37.600808, 55.7203289], [37.601012, 55.7204701], [37.6015986, 55.72086840000001], [37.6022114, 55.7205764], [37.6013337, 55.720000899999995], [37.6012672, 55.71996389999999], [37.6012402, 55.71997579999999], [37.6010721, 55.72005419999999], [37.6012049, 55.720139399999994], [37.600938, 55.72026529999999], [37.600808, 55.7203289]]]}}, {"type": "Feature", "properties": {"id": 1887, "object_type": "restriction", "restriction_type": "oks"}, "geometry": {"type": "Polygon", "coordinates": [[[37.6005381, 55.7220646], [37.6005382, 55.7220646], [37.6005177, 55.7220743], [37.6005697, 55.7221093], [37.6005895, 55.72209999999999], [37.6006186, 55.7221005], [37.6006692, 55.7221014], [37.6006711, 55.72206699999999], [37.6005913, 55.722066], [37.6005932, 55.7220315], [37.6005935, 55.72202540000001], [37.6005404, 55.722024499999996], [37.6005391, 55.722046399999996], [37.6005381, 55.7220646]]]}}, {"type": "Feature", "properties": {"id": 1888, "object_type": "restriction", "restriction_type": "oks"}, "geometry": {"type": "Polygon", "coordinates": [[[37.6178903, 55.7120717], [37.6178939, 55.71222999999999], [37.6180475, 55.712228800000005], [37.6180538, 55.7125047], [37.6182931, 55.712503], [37.6182898, 55.71235789999999], [37.6182866, 55.712212699999995], [37.6181285, 55.71221379999999], [37.6181234, 55.71198499999999], [37.6185067, 55.71198230000001], [37.6185051, 55.7119108], [37.6185033, 55.7118317], [37.6184921, 55.71183189999999], [37.6184757, 55.7118319], [37.6184602, 55.7118319], [37.618242900000006, 55.711833599999984], [37.6180582, 55.711834899999985], [37.61778760000001, 55.7118369], [37.6177714, 55.71183700000001], [37.6177558, 55.71183709999999], [37.6177331, 55.71183729999999], [37.6177365, 55.7119878], [37.6178884, 55.71198669999999], [37.6178903, 55.7120717]]]}}, {"type": "Feature", "properties": {"id": 1889, "object_type": "restriction", "restriction_type": "oks"}, "geometry": {"type": "Polygon", "coordinates": [[[37.6148587, 55.712158399999986], [37.614864, 55.712308799999995], [37.6150141, 55.7123071], [37.6150246, 55.71260579999999], [37.6152656, 55.7126031], [37.6152602, 55.7124473], [37.6152547, 55.712291499999985], [37.6151048, 55.7122932], [37.6150967, 55.712060400000006], [37.6154783, 55.71205609999999], [37.6154751, 55.71196349999999], [37.6155084, 55.71196309999999], [37.6155063, 55.7119028], [37.6152982, 55.7119051], [37.6151508, 55.71190679999998], [37.6150423, 55.71190799999999], [37.6147506, 55.711911199999996], [37.6146408, 55.71191239999999], [37.614644, 55.712005700000006], [37.6146446, 55.712022600000005], [37.6147157, 55.712021799999995], [37.6147177, 55.7120796], [37.6148559, 55.712078], [37.6148587, 55.712158399999986]]]}}, {"type": "Feature", "properties": {"id": 1890, "object_type": "restriction", "restriction_type": "oks"}, "geometry": {"type": "Polygon", "coordinates": [[[37.6038697, 55.719850699999995], [37.6037309, 55.7196274], [37.6035889, 55.719655299999985], [37.603588, 55.7196555], [37.6037268, 55.719878900000005], [37.6038697, 55.719850699999995]]]}}, {"type": "Feature", "properties": {"id": 1891, "object_type": "restriction", "restriction_type": "oks"}, "geometry": {"type": "Polygon", "coordinates": [[[37.6042011, 55.71964849999999], [37.6042326, 55.7196975], [37.6042614, 55.7196916], [37.6043484, 55.71982749999999], [37.6045678, 55.71978289999999], [37.6044493, 55.71959799999999], [37.6042011, 55.71964849999999]]]}}, {"type": "Feature", "properties": {"id": 1892, "object_type": "restriction", "restriction_type": "oks"}, "geometry": {"type": "Polygon", "coordinates": [[[37.6063446, 55.71923400000001], [37.6064909, 55.7194799], [37.6067759, 55.71942609999999], [37.6066887, 55.71927959999999], [37.6072044, 55.71917829999999], [37.6072177, 55.71919539999999], [37.6073647, 55.71916469999999], [37.60747400000001, 55.7193382], [37.6076754, 55.719298], [37.6074126, 55.718880299999995], [37.6071557, 55.71893159999999], [37.6071992, 55.71900089999999], [37.6072548, 55.71898980000001], [37.6072893, 55.71904789999999], [37.6063446, 55.71923400000001]]]}}, {"type": "Feature", "properties": {"id": 1893, "object_type": "restriction", "restriction_type": "oks"}, "geometry": {"type": "Polygon", "coordinates": [[[37.605104, 55.711028199999994], [37.6051014, 55.7110338], [37.6052317, 55.7110527], [37.6052728, 55.7109628], [37.6053218, 55.7109699], [37.6053708, 55.71097700000001], [37.6053297, 55.71106689999999], [37.6055421, 55.7110978], [37.6055947, 55.7111054], [37.605626, 55.71103699999999], [37.605795, 55.710666599999996], [37.6058025, 55.7106503], [37.60582840000001, 55.71059420000001], [37.6058887, 55.710463399999995], [37.6054402, 55.7103977], [37.6052569, 55.7103709], [37.6051863, 55.71052379999999], [37.6051628, 55.71057480000001], [37.6052141, 55.7105823], [37.6051917, 55.710631400000004], [37.6051693, 55.710680399999994], [37.6049735, 55.710651999999996], [37.6048927, 55.71064019999999], [37.6047439, 55.7109657], [37.6047507, 55.71096669999999], [37.6047643, 55.7109687], [37.6047712, 55.7109696], [37.6047672, 55.7109782], [37.6047642, 55.71098489999999], [37.6049133, 55.711006499999996], [37.6050625, 55.71102820000001], [37.6050695, 55.71101290000001], [37.6050889, 55.71101569999999], [37.6051084, 55.711018599999996], [37.605104, 55.711028199999994]]]}}, {"type": "Feature", "properties": {"id": 1894, "object_type": "restriction", "restriction_type": "oks"}, "geometry": {"type": "Polygon", "coordinates": [[[37.6147554, 55.71816789999999], [37.6138325, 55.71816969999999], [37.6138336, 55.7183434], [37.6138364, 55.7188047], [37.6138377, 55.7190095], [37.6138387, 55.71917859999999], [37.61384, 55.7193792], [37.6139187, 55.71938529999999], [37.6148497, 55.71945699999999], [37.61484060000001, 55.7194988], [37.6149995, 55.719509699999996], [37.6152648, 55.719527899999996], [37.6153051, 55.7193418], [37.6148809, 55.7193127], [37.614807, 55.7193071], [37.6147246, 55.7193003], [37.6147172, 55.71932749999999], [37.614457, 55.719309200000005], [37.6141035, 55.719282], [37.6140636, 55.7192789], [37.6140631, 55.7192005], [37.6141025, 55.71920049999999], [37.6141024, 55.71918290000001], [37.6141021, 55.71913599999999], [37.6141005, 55.7188779], [37.6141, 55.71880469999999], [37.6140995, 55.7187239], [37.6140978, 55.71845559999999], [37.6140975, 55.718399999999995], [37.61406040000001, 55.7184], [37.61406000000001, 55.7183444], [37.6140598, 55.718305099999995], [37.6140597, 55.71827999999999], [37.6147561, 55.71827859999999], [37.6147554, 55.71816789999999]]]}}, {"type": "Feature", "properties": {"id": 1895, "object_type": "restriction", "restriction_type": "oks"}, "geometry": {"type": "Polygon", "coordinates": [[[37.6142379, 55.713666999999994], [37.6145244, 55.713668], [37.6145237, 55.71359019999999], [37.6145492, 55.71359], [37.6145499, 55.7133091], [37.6145304, 55.7133091], [37.6145307, 55.7132307], [37.6142365, 55.71323], [37.6142377, 55.71333259999999], [37.6139941, 55.7133308], [37.6139931, 55.71337509999999], [37.6142369, 55.713379399999994], [37.6142379, 55.713666999999994]]]}}, {"type": "Feature", "properties": {"id": 1896, "object_type": "restriction", "restriction_type": "oks"}, "geometry": {"type": "Polygon", "coordinates": [[[37.6146152, 55.71045650000001], [37.6146273, 55.71045649999999], [37.6146272, 55.710491299999994], [37.6146374, 55.710491300000015], [37.6146373, 55.7105188], [37.6148265, 55.710519], [37.6148266, 55.7104867], [37.6148371, 55.71048669999999], [37.6148373, 55.71042459999999], [37.61509800000001, 55.7104248], [37.6150981, 55.710387], [37.6151081, 55.71038699999999], [37.6151082, 55.7103519], [37.6151354, 55.710351900000006], [37.6151354, 55.7103488], [37.6157164, 55.7103493], [37.6157161, 55.710454600000006], [37.61578, 55.7104546], [37.61578, 55.710462199999995], [37.6158404, 55.7104622], [37.6158403, 55.7104693], [37.61590210000001, 55.710469399999994], [37.615902, 55.7104765], [37.6159208, 55.7104765], [37.6159209, 55.7104652], [37.6159712, 55.710465199999994], [37.6159709, 55.7105961], [37.6159708, 55.7106412], [37.6159833, 55.71064119999999], [37.6159832, 55.7106756], [37.615998, 55.71067560000001], [37.6159979, 55.7107104], [37.616011400000005, 55.71071040000001], [37.6160113, 55.7107439], [37.616069, 55.7107439], [37.6160689, 55.7107839], [37.6165027, 55.71078419999999], [37.6165028, 55.71074430000001], [37.6165029, 55.7107021], [37.61649, 55.7107021], [37.6164901, 55.71066709999998], [37.616477, 55.71066709999998], [37.616477, 55.71063259999999], [37.6164632, 55.7106326], [37.6164633, 55.71059650000001], [37.6160445, 55.7105962], [37.616045, 55.7103662], [37.6159714, 55.71036620000001], [37.6159718, 55.7102291], [37.6159191, 55.71022909999999], [37.6159192, 55.71022179999999], [37.6158571, 55.71022169999999], [37.6158571, 55.7102142], [37.6157927, 55.7102142], [37.61579280000001, 55.71020889999999], [37.6157167, 55.71020879999999], [37.6157165, 55.7103089], [37.6151355, 55.710308399999995], [37.6151356, 55.71027109999999], [37.6146381, 55.7102707], [37.614638, 55.710308100000006], [37.6146243, 55.710308], [37.6146243, 55.710343599999995], [37.6146119, 55.7103435], [37.6146118, 55.7103783], [37.6145992, 55.71037829999999], [37.6145991, 55.710424399999994], [37.6146153, 55.710424399999994], [37.6146152, 55.71045650000001]]]}}, {"type": "Feature", "properties": {"id": 1897, "object_type": "restriction", "restriction_type": "oks"}, "geometry": {"type": "Polygon", "coordinates": [[[37.6060747, 55.7220623], [37.6060353, 55.72207019999999], [37.6058776, 55.722101800000004], [37.60596770035271, 55.72224472736902], [37.60619140859695, 55.72224726614307], [37.6060747, 55.7220623]]]}}, {"type": "Feature", "properties": {"id": 1898, "object_type": "restriction", "restriction_type": "park"}, "geometry": {"type": "MultiPolygon", "coordinates": [[[[37.6127898, 55.7110946], [37.6128133, 55.71104030000001], [37.6127516, 55.711043999999994], [37.6127518, 55.7110575], [37.6127424, 55.711057499999995], [37.6127421, 55.71109980000001], [37.612784, 55.711096700000006], [37.6127898, 55.7110946]]], [[[37.6127134, 55.7110577], [37.6127042, 55.71105769999999], [37.6127031, 55.7111003], [37.6127132, 55.7111006], [37.6127134, 55.7110577]]]]}}, {"type": "Feature", "properties": {"id": 1899, "object_type": "restriction", "restriction_type": "oks"}, "geometry": {"type": "Polygon", "coordinates": [[[37.6120917, 55.71096519999999], [37.6120999, 55.7110674], [37.6122339, 55.711064], [37.612376, 55.711060399999994], [37.6123737, 55.711031299999995], [37.6123678, 55.71095820000001], [37.6121259, 55.7109644], [37.6120917, 55.71096519999999]]]}}, {"type": "Feature", "properties": {"id": 1900, "object_type": "restriction", "restriction_type": "oks"}, "geometry": {"type": "Polygon", "coordinates": [[[37.6122285, 55.7108721], [37.6123268, 55.710871000000004], [37.61232640000001, 55.7108594], [37.6123259, 55.71084520000001], [37.6122277, 55.7108462], [37.6122285, 55.7108721]]]}}, {"type": "Feature", "properties": {"id": 1901, "object_type": "restriction", "restriction_type": "oks"}, "geometry": {"type": "Polygon", "coordinates": [[[37.6149368, 55.72224880000001], [37.6149508, 55.7222064], [37.6151111, 55.72172020000001], [37.6151719, 55.72153609999999], [37.6152733, 55.721228499999995], [37.6145405, 55.72115180000001], [37.6144391, 55.7214594], [37.6149013, 55.7215078], [37.61484060000001, 55.7216919], [37.6146803, 55.72217800000001], [37.6146663, 55.7222205], [37.6149368, 55.72224880000001]]]}}, {"type": "Feature", "properties": {"id": 1902, "object_type": "restriction", "restriction_type": "oks"}, "geometry": {"type": "Polygon", "coordinates": [[[37.6144608, 55.722199], [37.61441418750034, 55.72234030022236], [37.61598021799577, 55.72235795614762], [37.6149368, 55.72224880000001], [37.6146663, 55.7222205], [37.6144608, 55.722199]]]}}, {"type": "Feature", "properties": {"id": 1903, "object_type": "restriction", "restriction_type": "oks"}, "geometry": {"type": "Polygon", "coordinates": [[[37.60883950000001, 55.71120549999999], [37.6088462, 55.7113282], [37.6088489, 55.7113767], [37.609585, 55.71136390000001], [37.6095833, 55.7113332], [37.6096879, 55.71133139999999], [37.6097643, 55.71133], [37.609766, 55.71136070000001], [37.6103974, 55.7113497], [37.6103957, 55.711319], [37.6105638, 55.71131609999999], [37.6106393, 55.71126999999999], [37.6106159, 55.710843899999986], [37.6106078, 55.7106978], [37.6105257, 55.7106992], [37.6105232, 55.710654100000006], [37.6105223, 55.71063629999999], [37.6106044, 55.7106349], [37.6105962, 55.7104864], [37.6105727, 55.7100573], [37.6105618, 55.70986009999999], [37.6104797, 55.709861499999995], [37.6101869, 55.7098666], [37.6101877, 55.7098821], [37.6101929, 55.70997619999998], [37.610198, 55.71007030000001], [37.6102065, 55.710223899999995], [37.6102149, 55.7103775], [37.6102222, 55.710509499999986], [37.6102294, 55.71064139999999], [37.6102304, 55.710659199999995], [37.6102353, 55.71074879999999], [37.6102471, 55.7109636], [37.610253, 55.711071], [37.6102587, 55.7111753], [37.6101325, 55.71117749999999], [37.6099216, 55.711181100000005], [37.6096799, 55.7111853], [37.6093585, 55.71119089999999], [37.6093635, 55.7112824], [37.609012, 55.7112885], [37.6090073, 55.71120259999999], [37.60883950000001, 55.71120549999999]]]}}, {"type": "Feature", "properties": {"id": 1904, "object_type": "restriction", "restriction_type": "oks"}, "geometry": {"type": "Polygon", "coordinates": [[[37.609012, 55.7112885], [37.6093635, 55.7112824], [37.6093585, 55.71119089999999], [37.6093266, 55.710609100000006], [37.6092952, 55.7106096], [37.60929360000001, 55.710579300000006], [37.6089734, 55.710584899999986], [37.6089836, 55.710770499999995], [37.6090011, 55.711089], [37.6090073, 55.71120259999999], [37.609012, 55.7112885]]]}}, {"type": "Feature", "properties": {"id": 1905, "object_type": "restriction", "restriction_type": "oks"}, "geometry": {"type": "Polygon", "coordinates": [[[37.6066913, 55.7103241], [37.6066927, 55.710348599999996], [37.6066715, 55.710349], [37.606694, 55.710758799999994], [37.6068306, 55.71083989999999], [37.6074721, 55.71082869999999], [37.6077194, 55.7109583], [37.607739, 55.711316100000005], [37.6079429, 55.71139250000001], [37.6087139, 55.711379], [37.608713, 55.71136239999999], [37.608775400000006, 55.71136129999999], [37.6087745, 55.71134419999999], [37.6087737, 55.7113295], [37.6087659, 55.71118749999999], [37.60852, 55.71119180000001], [37.608274, 55.7111961], [37.6081232, 55.71119869999999], [37.6081161, 55.711068999999995], [37.6081117, 55.710988900000004], [37.6081024, 55.71082069999999], [37.6080526, 55.7107946], [37.6081002, 55.710765699999996], [37.6079497, 55.7106868], [37.60779910000001, 55.710607999999986], [37.6077493, 55.71063819999999], [37.6076864, 55.7106052], [37.6075177, 55.7106081], [37.607516, 55.71057759999999], [37.6074035, 55.71057959999999], [37.6072909, 55.7105815], [37.6072923, 55.7106064], [37.6072052, 55.7106079], [37.6070103, 55.7106113], [37.6070068, 55.71054680000001], [37.6070922, 55.710545299999986], [37.6070877, 55.7104624], [37.6070831, 55.7103796], [37.6069977, 55.71038099999999], [37.6069942, 55.710317700000004], [37.6070758, 55.71031629999999], [37.6070743, 55.71028849999998], [37.6070731, 55.710266199999985], [37.6071128, 55.71026549999999], [37.60710550000001, 55.7101321], [37.6070982, 55.7099987], [37.6072165, 55.709996600000004], [37.6073847, 55.7099937], [37.6075529, 55.70999069999999], [37.6077726, 55.709986900000004], [37.6079922, 55.7099831], [37.6079841, 55.709835299999995], [37.6075448, 55.70984299999999], [37.6072083, 55.70984880000001], [37.6068931, 55.7098543], [37.6068997, 55.70997369999999], [37.6068178, 55.709975099999994], [37.6068353, 55.710294399999995], [37.6068368, 55.7103216], [37.606806, 55.7103221], [37.6067223, 55.71032360000001], [37.6066913, 55.7103241]]]}}, {"type": "Feature", "properties": {"id": 1906, "object_type": "restriction", "restriction_type": "oks"}, "geometry": {"type": "Polygon", "coordinates": [[[37.6021754, 55.713936999999994], [37.6022008, 55.71394199999999], [37.6022409, 55.71394999999999], [37.6022688, 55.713955399999996], [37.6022347, 55.71400570000001], [37.602604, 55.714086499999986], [37.6026597, 55.7140818], [37.6026842, 55.71406759999999], [37.602689, 55.71404729999999], [37.6027304, 55.7140197], [37.6027291, 55.7139776], [37.6027515, 55.713962299999984], [37.6027488, 55.71394039999999], [37.6027026, 55.71391940000001], [37.6023489, 55.71384369999999], [37.6023055, 55.7139025], [37.60227, 55.71389539999999], [37.6022404, 55.713889400000006], [37.6022098, 55.71388329999999], [37.6021996, 55.71389919999999], [37.602186, 55.71392060000001], [37.6021754, 55.713936999999994]]]}}, {"type": "Feature", "properties": {"id": 1907, "object_type": "restriction", "restriction_type": "oks"}, "geometry": {"type": "Polygon", "coordinates": [[[37.610898618019036, 55.72230059180862], [37.61110978867816, 55.722302979826864], [37.6110985, 55.72227309999999], [37.6110351, 55.722105299999996], [37.6110104, 55.72203759999999], [37.6109899, 55.7219854], [37.6108892, 55.721997599999995], [37.6108864, 55.72198969999999], [37.6106756, 55.72201559999999], [37.6107558, 55.722230999999994], [37.6108678, 55.72221799999999], [37.610898618019036, 55.72230059180862]]]}}, {"type": "Feature", "properties": {"id": 1908, "object_type": "restriction", "restriction_type": "oks"}, "geometry": {"type": "Polygon", "coordinates": [[[37.6086746, 55.7209278], [37.6085042, 55.7209555], [37.6085983, 55.72115099999998], [37.6087533, 55.72112919999999], [37.6087545, 55.721130900000006], [37.6087637, 55.7211295], [37.6087615, 55.721124399999994], [37.6087588, 55.7211246], [37.6087545, 55.72111369999998], [37.608753500000006, 55.72111129999998], [37.6087314, 55.7210555], [37.6087347, 55.721055199999995], [37.6086992, 55.720979299999996], [37.6086746, 55.7209278]]]}}, {"type": "Feature", "properties": {"id": 1909, "object_type": "restriction", "restriction_type": "oks"}, "geometry": {"type": "Polygon", "coordinates": [[[37.6089099, 55.7209422], [37.6088816, 55.720891099999996], [37.6086746, 55.7209278], [37.6086992, 55.720979299999996], [37.6089099, 55.7209422]]]}}, {"type": "Feature", "properties": {"id": 1910, "object_type": "restriction", "restriction_type": "oks"}, "geometry": {"type": "Polygon", "coordinates": [[[37.610071, 55.71621129999998], [37.6100697, 55.7161688], [37.6100684, 55.716123399999994], [37.6099741, 55.71612429999998], [37.6099768, 55.716212199999994], [37.610071, 55.71621129999998]]]}}, {"type": "Feature", "properties": {"id": 1911, "object_type": "restriction", "restriction_type": "oks"}, "geometry": {"type": "Polygon", "coordinates": [[[37.6088951, 55.715541699999996], [37.6088501, 55.7154155], [37.6087473, 55.715425999999994], [37.6087929, 55.7155518], [37.6088951, 55.715541699999996]]]}}, {"type": "Feature", "properties": {"id": 1912, "object_type": "restriction", "restriction_type": "oks"}, "geometry": {"type": "Polygon", "coordinates": [[[37.6090044, 55.7156062], [37.609100700000006, 55.71560349999999], [37.6090983, 55.7155765], [37.6090022, 55.715579099999985], [37.6090026, 55.715584199999995], [37.6090044, 55.7156062]]]}}, {"type": "Feature", "properties": {"id": 1913, "object_type": "restriction", "restriction_type": "oks"}, "geometry": {"type": "Polygon", "coordinates": [[[37.6090092, 55.715920700000005], [37.6090138, 55.7158993], [37.6089491, 55.7158956], [37.6089453, 55.7159168], [37.6089514, 55.715917], [37.6090092, 55.715920700000005]]]}}, {"type": "Feature", "properties": {"id": 1914, "object_type": "restriction", "restriction_type": "oks"}, "geometry": {"type": "Polygon", "coordinates": [[[37.6081009, 55.717260100000004], [37.6080959, 55.7172449], [37.6080301, 55.717251399999995], [37.6080351, 55.71726679999999], [37.6081009, 55.717260100000004]]]}}, {"type": "Feature", "properties": {"id": 1915, "object_type": "restriction", "restriction_type": "oks"}, "geometry": {"type": "Polygon", "coordinates": [[[37.6083637, 55.71804170000001], [37.6081735, 55.7180649], [37.6081505, 55.7180678], [37.60810210000001, 55.718074], [37.6081557, 55.7182122], [37.6082074, 55.71834690000001], [37.608245, 55.7183472], [37.6083866, 55.7183301], [37.6083814, 55.7183164], [37.6084572, 55.7183074], [37.6084603, 55.7183167], [37.608463, 55.71831649999999], [37.6084681, 55.718316], [37.6084413, 55.71824559999999], [37.608421, 55.7181921], [37.6084156, 55.7181781], [37.6084104, 55.71816439999999], [37.6083904, 55.71811179999999], [37.6083637, 55.71804170000001]]]}}, {"type": "Feature", "properties": {"id": 1916, "object_type": "restriction", "restriction_type": "oks"}, "geometry": {"type": "Polygon", "coordinates": [[[37.6088482, 55.7187738], [37.6088551, 55.718792], [37.6088848, 55.718787999999996], [37.6088703, 55.71875359999999], [37.6088092, 55.7187613], [37.6088156, 55.71877769999998], [37.6088482, 55.7187738]]]}}, {"type": "Feature", "properties": {"id": 1917, "object_type": "restriction", "restriction_type": "oks"}, "geometry": {"type": "Polygon", "coordinates": [[[37.6188609, 55.718324999999986], [37.6188669, 55.718313699999996], [37.6188985, 55.718319], [37.6189256, 55.71826779999999], [37.6189412, 55.718270399999994], [37.6189499, 55.71825389999999], [37.6188991, 55.718245399999994], [37.6188817, 55.7182425], [37.618876, 55.7182531], [37.6188534, 55.71824929999999], [37.6188173, 55.7183177], [37.6188432, 55.71832210000001], [37.6188609, 55.718324999999986]]]}}, {"type": "Feature", "properties": {"id": 1918, "object_type": "restriction", "restriction_type": "oks"}, "geometry": {"type": "Polygon", "coordinates": [[[37.62106802173565, 55.718138113045406], [37.62106973359377, 55.71808953067295], [37.6210533, 55.71813649999999], [37.62106802173565, 55.718138113045406]]]}}, {"type": "Feature", "properties": {"id": 1919, "object_type": "restriction", "restriction_type": "oks"}, "geometry": {"type": "Polygon", "coordinates": [[[37.6208244, 55.7182047], [37.62106467341505, 55.7182331376382], [37.62106802173565, 55.718138113045406], [37.6210533, 55.71813649999999], [37.6209154, 55.7181214], [37.6208597, 55.71811449999999], [37.6208244, 55.7182047]]]}}, {"type": "Feature", "properties": {"id": 1920, "object_type": "restriction", "restriction_type": "oks"}, "geometry": {"type": "Polygon", "coordinates": [[[37.6208597, 55.71811449999999], [37.6209154, 55.7181214], [37.6209465, 55.7180543], [37.6207592, 55.71800249999999], [37.620715, 55.718094499999985], [37.6208597, 55.71811449999999]]]}}, {"type": "Feature", "properties": {"id": 1921, "object_type": "restriction", "restriction_type": "oks"}, "geometry": {"type": "Polygon", "coordinates": [[[37.6206184, 55.71830409999998], [37.620715, 55.718094499999985], [37.6207592, 55.71800249999999], [37.6207711, 55.717976799999995], [37.6202186, 55.7178937], [37.6200642, 55.7182212], [37.6206184, 55.71830409999998]]]}}, {"type": "Feature", "properties": {"id": 1922, "object_type": "restriction", "restriction_type": "oks"}, "geometry": {"type": "Polygon", "coordinates": [[[37.6191616, 55.7181682], [37.6191733, 55.71814510000001], [37.6192008, 55.71814959999998], [37.6192238, 55.7181027], [37.619259, 55.718107599999996], [37.6196408, 55.718161299999984], [37.6197693, 55.71817919999999], [37.6199727, 55.71820780000001], [37.6200642, 55.7182212], [37.6202186, 55.7178937], [37.620236500000004, 55.717855799999995], [37.6199431, 55.7178144], [37.6198479, 55.71800579999999], [37.6192473, 55.717919099999996], [37.6192726, 55.7178668], [37.6193527, 55.717879399999994], [37.6194191, 55.7177412], [37.6191521, 55.7177036], [37.6189554, 55.71813529999999], [37.6191616, 55.7181682]]]}}, {"type": "Feature", "properties": {"id": 1923, "object_type": "restriction", "restriction_type": "oks"}, "geometry": {"type": "Polygon", "coordinates": [[[37.6187701, 55.7185728], [37.6187866, 55.7185408], [37.618759, 55.718535900000006], [37.6187403, 55.71853250000001], [37.6187229, 55.71856579999999], [37.6187497, 55.7185697], [37.6187701, 55.7185728]]]}}, {"type": "Feature", "properties": {"id": 1924, "object_type": "restriction", "restriction_type": "oks"}, "geometry": {"type": "Polygon", "coordinates": [[[37.6206083, 55.7199524], [37.6205922, 55.72000649999999], [37.6206465, 55.7200128], [37.6205171, 55.720393099999995], [37.6205434, 55.7203967], [37.6205318, 55.720431899999994], [37.620985482761554, 55.72048038447175], [37.62100249995188, 55.71999750304353], [37.6206083, 55.7199524]]]}}, {"type": "Feature", "properties": {"id": 1925, "object_type": "restriction", "restriction_type": "oks"}, "geometry": {"type": "Polygon", "coordinates": [[[37.6205828, 55.71974579999999], [37.6206921, 55.719754699999996], [37.6206878, 55.7197728], [37.6209171, 55.719792599999984], [37.6209178, 55.71981809999999], [37.62100857697987, 55.71982505714346], [37.62101273457724, 55.71970707723626], [37.6208728, 55.71969399999999], [37.6206063, 55.7196719], [37.6205828, 55.71974579999999]]]}}, {"type": "Feature", "properties": {"id": 1926, "object_type": "restriction", "restriction_type": "oks"}, "geometry": {"type": "Polygon", "coordinates": [[[37.6208728, 55.71969399999999], [37.6209134, 55.7195364], [37.6209236, 55.71945139999998], [37.6207867, 55.71944589999999], [37.6207734, 55.71950049999999], [37.62066630000001, 55.7194905], [37.6206063, 55.7196719], [37.6208728, 55.71969399999999]]]}}, {"type": "Feature", "properties": {"id": 1927, "object_type": "restriction", "restriction_type": "oks"}, "geometry": {"type": "Polygon", "coordinates": [[[37.6209716, 55.71953579999999], [37.6209779, 55.71951089999999], [37.62101961182797, 55.71951191994818], [37.621021617735785, 55.719454997398486], [37.6209236, 55.71945139999998], [37.6209134, 55.7195364], [37.6209716, 55.71953579999999]]]}}, {"type": "Feature", "properties": {"id": 1928, "object_type": "restriction", "restriction_type": "oks"}, "geometry": {"type": "Polygon", "coordinates": [[[37.6205592, 55.719147899999996], [37.6206521, 55.719153599999984], [37.620647000000005, 55.7191914], [37.6207529, 55.71919629999999], [37.6207527, 55.7192215], [37.620962, 55.719230399999994], [37.6209777, 55.7192258], [37.62102962449731, 55.71922778388047], [37.62104120549414, 55.71889913599629], [37.6207726, 55.71889579999999], [37.6207532, 55.71905350000001], [37.62066730000001, 55.71904970000001], [37.6206573, 55.71911939999999], [37.6205658, 55.71911359999999], [37.6204874, 55.7191086], [37.6204701, 55.719142500000004], [37.6205592, 55.719147899999996]]]}}, {"type": "Feature", "properties": {"id": 1929, "object_type": "restriction", "restriction_type": "oks"}, "geometry": {"type": "Polygon", "coordinates": [[[37.619191, 55.718551999999995], [37.6189985, 55.71897839999999], [37.6191026, 55.7189941], [37.6193837, 55.7183735], [37.6192492, 55.7183534], [37.6192572, 55.71833619999998], [37.619109300000005, 55.71831509999999], [37.6190749, 55.71838689999999], [37.6188282, 55.718352599999996], [37.6187667, 55.71848930000001], [37.61878180000001, 55.718491599999986], [37.619191, 55.718551999999995]]]}}, {"type": "Feature", "properties": {"id": 1930, "object_type": "restriction", "restriction_type": "oks"}, "geometry": {"type": "Polygon", "coordinates": [[[37.6191254, 55.7189976], [37.6192143, 55.719011900000005], [37.6195041, 55.718385399999995], [37.6193857, 55.718368399999996], [37.6193837, 55.7183735], [37.6191026, 55.7189941], [37.6191254, 55.7189976]]]}}, {"type": "Feature", "properties": {"id": 1931, "object_type": "restriction", "restriction_type": "oks"}, "geometry": {"type": "Polygon", "coordinates": [[[37.6186344, 55.71904249999999], [37.6190705, 55.71911039999999], [37.6190771, 55.719101599999995], [37.6191254, 55.7189976], [37.6191026, 55.7189941], [37.6189985, 55.71897839999999], [37.6188297, 55.718953], [37.618896, 55.71880529999999], [37.6189212, 55.718809], [37.6189722, 55.718700099999985], [37.6189506, 55.71869679999999], [37.6189917, 55.7186063], [37.6187701, 55.7185728], [37.6187497, 55.7185697], [37.6185681, 55.71895799999999], [37.6185835, 55.71896009999998], [37.6185555, 55.71902999999999], [37.618578, 55.71903350000001], [37.6186344, 55.71904249999999]]]}}, {"type": "Feature", "properties": {"id": 1932, "object_type": "restriction", "restriction_type": "oks"}, "geometry": {"type": "Polygon", "coordinates": [[[37.6195798, 55.719320999999994], [37.6196379, 55.7191932], [37.6196573, 55.7191453], [37.6196896, 55.7190849], [37.6201675, 55.71916180000001], [37.6202211, 55.71917020000001], [37.6203018, 55.71918319999999], [37.6203834, 55.719196499999995], [37.6204377, 55.7192055], [37.6204701, 55.719142500000004], [37.6204874, 55.7191086], [37.62076, 55.71855909999999], [37.6196687, 55.718386499999994], [37.6192598, 55.71922120000001], [37.6192443, 55.71925529999999], [37.6192387, 55.71926789999999], [37.6195798, 55.719320999999994]]]}}, {"type": "Feature", "properties": {"id": 1933, "object_type": "restriction", "restriction_type": "oks"}, "geometry": {"type": "Polygon", "coordinates": [[[37.6182543, 55.720016099999995], [37.6182735, 55.719972899999995], [37.6183313, 55.719843499999996], [37.6183969, 55.7196962], [37.6186282, 55.71917760000001], [37.6187672, 55.7191974], [37.6187826, 55.71916280000001], [37.6186424, 55.7191449], [37.6186699, 55.719086], [37.6186171, 55.719078999999994], [37.6186344, 55.71904249999999], [37.618578, 55.71903350000001], [37.6185691, 55.71905290000001], [37.6185611, 55.7190714], [37.6184911, 55.719062400000006], [37.6180771, 55.71994469999999], [37.6180569, 55.71998769999999], [37.6182543, 55.720016099999995]]]}}, {"type": "Feature", "properties": {"id": 1934, "object_type": "restriction", "restriction_type": "oks"}, "geometry": {"type": "Polygon", "coordinates": [[[37.6187794, 55.71991099999999], [37.6188223, 55.71981000000001], [37.618744, 55.71979859999998], [37.6188366, 55.719611799999996], [37.619008, 55.7196355], [37.6190339, 55.719590499999995], [37.6189056, 55.7195723], [37.6189242, 55.7195275], [37.6189757, 55.71953469999999], [37.61899880000001, 55.71948819999999], [37.6189675, 55.71948269999999], [37.6190783, 55.719235499999996], [37.6192443, 55.71925529999999], [37.6192598, 55.71922120000001], [37.6190954, 55.7191983], [37.6191165, 55.71915369999999], [37.6188076, 55.71910799999999], [37.6187826, 55.71916280000001], [37.6187672, 55.7191974], [37.6185353, 55.7197158], [37.6183969, 55.7196962], [37.6183313, 55.719843499999996], [37.6187794, 55.71991099999999]]]}}, {"type": "Feature", "properties": {"id": 1935, "object_type": "restriction", "restriction_type": "oks"}, "geometry": {"type": "Polygon", "coordinates": [[[37.6188371, 55.71991909999999], [37.6188159, 55.7199394], [37.6188597, 55.71994649999999], [37.6188924, 55.719952199999994], [37.6188822, 55.719971699999995], [37.6192365, 55.720021499999994], [37.619255, 55.7199834], [37.6193605, 55.71976589999999], [37.6193849, 55.7197135], [37.619468, 55.71972439999999], [37.6194809, 55.719698400000006], [37.6195277, 55.7196009], [37.6194483, 55.719590999999994], [37.6195798, 55.719320999999994], [37.6192387, 55.71926789999999], [37.6191773, 55.71925829999999], [37.6191556, 55.7193131], [37.6192588, 55.7193286], [37.6191301, 55.7196045], [37.6190339, 55.719590499999995], [37.619008, 55.7196355], [37.6189252, 55.7198236], [37.6188223, 55.71981000000001], [37.6187794, 55.71991099999999], [37.6188371, 55.71991909999999]]]}}, {"type": "Feature", "properties": {"id": 1936, "object_type": "restriction", "restriction_type": "oks"}, "geometry": {"type": "Polygon", "coordinates": [[[37.6197457, 55.71973859999999], [37.61960520000001, 55.720038599999995], [37.6196246, 55.720041499999994], [37.6197837, 55.720064199999996], [37.620094, 55.71939779999999], [37.6205838, 55.7194634], [37.6205775, 55.7194788], [37.62066630000001, 55.7194905], [37.6207734, 55.71950049999999], [37.6207867, 55.71944589999999], [37.6209236, 55.71945139999998], [37.621021617735785, 55.719454997398486], [37.62102490039882, 55.719361843349084], [37.6208014, 55.719347500000005], [37.6202809, 55.719286], [37.6202828, 55.719278999999986], [37.6203771, 55.719289], [37.6203877, 55.719257600000006], [37.620375, 55.719256099999996], [37.6203834, 55.719196499999995], [37.6203018, 55.71918319999999], [37.6202952, 55.71924670000001], [37.62021240000001, 55.719236099999996], [37.6202211, 55.71917020000001], [37.6201675, 55.71916180000001], [37.6201594, 55.7192266], [37.6198526, 55.719180099999996], [37.6198466, 55.719193], [37.6197339, 55.719176099999984], [37.6196573, 55.7191453], [37.6196379, 55.7191932], [37.6197141, 55.71921909999999], [37.6198273, 55.719235999999995], [37.619809, 55.7192778], [37.6198362, 55.719282099999994], [37.6198229, 55.71931239999999], [37.6197948, 55.71930839999999], [37.6196664, 55.71959009999999], [37.6195425, 55.719571900000005], [37.6195277, 55.7196009], [37.6194809, 55.719698400000006], [37.6197457, 55.71973859999999]]]}}, {"type": "Feature", "properties": {"id": 1937, "object_type": "restriction", "restriction_type": "oks"}, "geometry": {"type": "Polygon", "coordinates": [[[37.6192484, 55.72038839999999], [37.6193207, 55.72039830000001], [37.6193929, 55.7204082], [37.6196077, 55.7204376], [37.6197837, 55.720064199999996], [37.6196246, 55.720041499999994], [37.6195318, 55.7202252], [37.6192052, 55.72017799999999], [37.6191762, 55.7202371], [37.6187279, 55.7201758], [37.6187713, 55.72008469999999], [37.618789, 55.72004699999999], [37.6188198, 55.71998130000001], [37.6188597, 55.71994649999999], [37.6188159, 55.7199394], [37.618776, 55.7199758], [37.6187433, 55.7200405], [37.6187242, 55.7200784], [37.618395, 55.7200363], [37.6182915, 55.72025729999999], [37.6192484, 55.72038839999999]]]}}, {"type": "Feature", "properties": {"id": 1938, "object_type": "restriction", "restriction_type": "oks"}, "geometry": {"type": "Polygon", "coordinates": [[[37.6179491, 55.72021029999999], [37.6182915, 55.72025729999999], [37.618395, 55.7200363], [37.6182543, 55.720016099999995], [37.6180569, 55.71998769999999], [37.6179491, 55.72021029999999]]]}}, {"type": "Feature", "properties": {"id": 1939, "object_type": "restriction", "restriction_type": "oks"}, "geometry": {"type": "Polygon", "coordinates": [[[37.6120963, 55.7211435], [37.6121947, 55.72113439999998], [37.612297, 55.721124999999994], [37.61302020000001, 55.721057], [37.6137445, 55.7209909], [37.6141066, 55.72095789999999], [37.6142534, 55.7209446], [37.6145185, 55.720739999999985], [37.6151127, 55.72028039999999], [37.6150687, 55.72021429999999], [37.615016000000004, 55.72013520000001], [37.6145462, 55.720093599999984], [37.6144916, 55.720251100000006], [37.6147016, 55.7202695], [37.6147335, 55.72031040000001], [37.6141031, 55.72079499999999], [37.6138387, 55.72081719999999], [37.6137612, 55.7205404], [37.6135068, 55.720563999999996], [37.6135825, 55.72083919999999], [37.6134615, 55.72084999999999], [37.6133826, 55.72057499999999], [37.6125754, 55.7206493], [37.6125929, 55.72073639999999], [37.6126423, 55.72092119999999], [37.6122525, 55.72095749999999], [37.6118836, 55.720991899999994], [37.6118849, 55.720997799999985], [37.6119151, 55.7211064], [37.6119293, 55.7211588], [37.6120963, 55.7211435]]]}}, {"type": "Feature", "properties": {"id": 1940, "object_type": "restriction", "restriction_type": "oks"}, "geometry": {"type": "Polygon", "coordinates": [[[37.6130207, 55.7194834], [37.613019, 55.71944059999999], [37.613419, 55.7194398], [37.6134183, 55.719331999999994], [37.6134166, 55.7190804], [37.6130725, 55.7190677], [37.6130586, 55.719109199999984], [37.6129216, 55.71910530000001], [37.612904, 55.7194272], [37.6128802, 55.719427499999995], [37.6128841, 55.7194897], [37.6130207, 55.7194834]]]}}, {"type": "Feature", "properties": {"id": 1941, "object_type": "restriction", "restriction_type": "oks"}, "geometry": {"type": "Polygon", "coordinates": [[[37.6134366, 55.71989659999999], [37.6134396, 55.7195789], [37.613139, 55.7195776], [37.6131362, 55.719895699999995], [37.6134366, 55.71989659999999]]]}}, {"type": "Feature", "properties": {"id": 1942, "object_type": "restriction", "restriction_type": "oks"}, "geometry": {"type": "Polygon", "coordinates": [[[37.6137457, 55.72014879999999], [37.6137284, 55.720193699999996], [37.6138296, 55.7202061], [37.6138475, 55.7201595], [37.6141232, 55.72019329999999], [37.614177, 55.7200537], [37.6138276, 55.72001100000001], [37.6135157, 55.719972799999994], [37.6134613, 55.720113999999995], [37.6137457, 55.72014879999999]]]}}, {"type": "Feature", "properties": {"id": 1943, "object_type": "restriction", "restriction_type": "oks"}, "geometry": {"type": "Polygon", "coordinates": [[[37.6127357, 55.71693830000001], [37.6127762, 55.71693799999999], [37.6128121, 55.7169378], [37.6128094, 55.71681449999999], [37.6127697, 55.7168148], [37.612733, 55.71681499999998], [37.6127357, 55.71693830000001]]]}}, {"type": "Feature", "properties": {"id": 1944, "object_type": "restriction", "restriction_type": "oks"}, "geometry": {"type": "Polygon", "coordinates": [[[37.6120285, 55.7171711], [37.6120284, 55.71713209999999], [37.6118905, 55.717132299999996], [37.6118907, 55.71717069999999], [37.611998, 55.7171709], [37.6120285, 55.7171711]]]}}, {"type": "Feature", "properties": {"id": 1945, "object_type": "restriction", "restriction_type": "oks"}, "geometry": {"type": "Polygon", "coordinates": [[[37.6128055, 55.7174083], [37.6128061, 55.71734309999999], [37.61278190000001, 55.71734300000001], [37.6127827, 55.717241200000004], [37.6127585, 55.71724119999999], [37.6127595, 55.717134], [37.61282510000001, 55.7171341], [37.61282550000001, 55.7170902], [37.6127173, 55.717089900000005], [37.61271740000001, 55.717077499999995], [37.612626, 55.7170773], [37.6126259, 55.71709200000001], [37.6125925, 55.7170919], [37.6125918, 55.717172899999994], [37.612101, 55.7171716], [37.612099, 55.717406399999994], [37.6128055, 55.7174083]]]}}, {"type": "Feature", "properties": {"id": 1946, "object_type": "restriction", "restriction_type": "oks"}, "geometry": {"type": "Polygon", "coordinates": [[[37.612099, 55.717406399999994], [37.612101, 55.7171716], [37.6120285, 55.7171711], [37.611998, 55.7171709], [37.6119959, 55.7174104], [37.612099, 55.717406399999994]]]}}, {"type": "Feature", "properties": {"id": 1947, "object_type": "restriction", "restriction_type": "oks"}, "geometry": {"type": "Polygon", "coordinates": [[[37.6128121, 55.7169378], [37.6131525, 55.7169354], [37.6131548, 55.71704229999999], [37.613378, 55.71704080000001], [37.6133723, 55.7167841], [37.6128088, 55.7167881], [37.6128094, 55.71681449999999], [37.6128121, 55.7169378]]]}}, {"type": "Feature", "properties": {"id": 1948, "object_type": "restriction", "restriction_type": "oks"}, "geometry": {"type": "Polygon", "coordinates": [[[37.61343130000001, 55.7175895], [37.61341000000001, 55.717097599999995], [37.61338, 55.717097499999994], [37.6131643, 55.7171008], [37.6131639, 55.71709099999999], [37.6131136, 55.7170918], [37.6131163, 55.71714879999999], [37.6131662, 55.71714799999999], [37.6131722, 55.7172734], [37.6131895, 55.7172731], [37.6131909, 55.71730229999999], [37.6132518, 55.717301299999995], [37.6132609, 55.717491299999985], [37.6131993, 55.717492199999995], [37.6132041, 55.7175929], [37.61343130000001, 55.7175895]]]}}, {"type": "Feature", "properties": {"id": 1949, "object_type": "restriction", "restriction_type": "oks"}, "geometry": {"type": "Polygon", "coordinates": [[[37.6124691, 55.7177602], [37.6133962, 55.717725300000005], [37.6134331, 55.71772389999999], [37.61343130000001, 55.7175895], [37.6132041, 55.7175929], [37.6131777, 55.717620299999986], [37.6124663, 55.717636299999995], [37.6124691, 55.7177602]]]}}, {"type": "Feature", "properties": {"id": 1950, "object_type": "restriction", "restriction_type": "oks"}, "geometry": {"type": "Polygon", "coordinates": [[[37.6127915, 55.71784309999999], [37.6127914, 55.717906299999996], [37.6127084, 55.71790680000001], [37.6127102, 55.717981699999996], [37.6131354, 55.7179836], [37.613133, 55.7181435], [37.6131049, 55.7181435], [37.613102, 55.718376899999996], [37.6131364, 55.7183767], [37.6131321, 55.71857810000001], [37.6131005, 55.718578400000006], [37.6130978, 55.718562], [37.612805, 55.71856389999999], [37.6128017, 55.71868019999999], [37.6134068, 55.7186737], [37.6133979, 55.71784739999999], [37.6127915, 55.71784309999999]]]}}, {"type": "Feature", "properties": {"id": 1951, "object_type": "restriction", "restriction_type": "oks"}, "geometry": {"type": "Polygon", "coordinates": [[[37.6047652, 55.71881], [37.6047415, 55.71881469999999], [37.6048292, 55.7189538], [37.6049022, 55.719069499999996], [37.6052012, 55.71900970000001], [37.6051652, 55.7189526], [37.6052181, 55.718941999999984], [37.6052121, 55.718932499999994], [37.6052499, 55.71892499999999], [37.6052667, 55.71895169999999], [37.6055883, 55.71888739999999], [37.6055768, 55.7188692], [37.6056362, 55.718857299999996], [37.6056451, 55.718871400000005], [37.6057072, 55.71885900000001], [37.6056822, 55.71881950000001], [37.6056342, 55.71882910000001], [37.6055784, 55.718740499999996], [37.6054994, 55.7187564], [37.6054779, 55.71872239999999], [37.6050765, 55.71880269999998], [37.6050513, 55.7187627], [37.6050358, 55.7187658], [37.6049083, 55.71856369999999], [37.6046433, 55.7186167], [37.6047652, 55.71881]]]}}, {"type": "Feature", "properties": {"id": 1952, "object_type": "restriction", "restriction_type": "oks"}, "geometry": {"type": "Polygon", "coordinates": [[[37.605055, 55.71843559999999], [37.6049911, 55.71833509999998], [37.6049699, 55.7183394], [37.60496200000001, 55.71832700000001], [37.6049121, 55.7183371], [37.60491880000001, 55.718347599999994], [37.6048585, 55.7183598], [37.6048494, 55.7183454], [37.6047635, 55.71836279999999], [37.6045907, 55.718090999999994], [37.6046591, 55.71807720000001], [37.6046136, 55.71800559999999], [37.6045688, 55.7180146], [37.6045458, 55.7179783], [37.6045287, 55.7179818], [37.6044934, 55.7179263], [37.604512, 55.7179225], [37.6044978, 55.71790019999999], [37.6046915, 55.7178611], [37.6046143, 55.7177396], [37.6041801, 55.717827199999995], [37.6043905, 55.718157999999995], [37.6045377, 55.71838960000001], [37.6046225, 55.71852289999999], [37.605055, 55.71843559999999]]]}}, {"type": "Feature", "properties": {"id": 1953, "object_type": "restriction", "restriction_type": "oks"}, "geometry": {"type": "Polygon", "coordinates": [[[37.6052077, 55.7179694], [37.6056432, 55.7178816], [37.60636910000001, 55.7177351], [37.6065423, 55.717700199999996], [37.6063177, 55.71734699999999], [37.6048002, 55.71765309999999], [37.6048647, 55.7177546], [37.604905, 55.717818], [37.6050248, 55.7180063], [37.6052077, 55.7179694]]]}}, {"type": "Feature", "properties": {"id": 1954, "object_type": "restriction", "restriction_type": "oks"}, "geometry": {"type": "Polygon", "coordinates": [[[37.6064465, 55.719065599999986], [37.6065974, 55.7190358], [37.6065715, 55.718994200000004], [37.6064212, 55.7190247], [37.6064465, 55.719065599999986]]]}}, {"type": "Feature", "properties": {"id": 1955, "object_type": "restriction", "restriction_type": "oks"}, "geometry": {"type": "Polygon", "coordinates": [[[37.6055825, 55.7193257], [37.60513360000001, 55.719412], [37.6053038, 55.7196929], [37.6054113, 55.719870300000004], [37.6055975, 55.71983449999999], [37.6053834, 55.7194812], [37.6055358, 55.719451899999996], [37.6056462, 55.71943069999999], [37.6057701, 55.7194069], [37.6060638, 55.719350399999996], [37.6060002, 55.71924539999999], [37.6055825, 55.7193257]]]}}, {"type": "Feature", "properties": {"id": 1956, "object_type": "restriction", "restriction_type": "oks"}, "geometry": {"type": "Polygon", "coordinates": [[[37.6060638, 55.719350399999996], [37.6061416, 55.7194788], [37.6060092, 55.71950429999999], [37.60602310000001, 55.71952729999999], [37.6055442, 55.719619300000005], [37.6056055, 55.7197204], [37.60613, 55.7196196], [37.6061026, 55.7195743], [37.6061808, 55.7195593], [37.6061904, 55.71957509999999], [37.6063973, 55.71953529999999], [37.606198500000005, 55.71920720000001], [37.6060002, 55.71924539999999], [37.6060638, 55.719350399999996]]]}}, {"type": "Feature", "properties": {"id": 1957, "object_type": "restriction", "restriction_type": "oks"}, "geometry": {"type": "Polygon", "coordinates": [[[37.6084176, 55.72209960000001], [37.6085026, 55.72208530000001], [37.6084981, 55.72207669999999], [37.6084629, 55.722010499999996], [37.6083779, 55.7220248], [37.6083899, 55.7220475], [37.6084176, 55.72209960000001]]]}}, {"type": "Feature", "properties": {"id": 1958, "object_type": "restriction", "restriction_type": "oks"}, "geometry": {"type": "Polygon", "coordinates": [[[37.6076684, 55.722214399999984], [37.60741479334304, 55.72226114262887], [37.60813797667578, 55.72226933974624], [37.6081107, 55.722222399999985], [37.6079479, 55.7222523], [37.6078832, 55.7221409], [37.6078755, 55.722127599999986], [37.6076428, 55.7221704], [37.6076684, 55.722214399999984]]]}}, {"type": "Feature", "properties": {"id": 1959, "object_type": "restriction", "restriction_type": "oks"}, "geometry": {"type": "Polygon", "coordinates": [[[37.62102567673091, 55.71933981283907], [37.621026869197095, 55.71930597334565], [37.6203877, 55.719257600000006], [37.6203771, 55.719289], [37.62102567673091, 55.71933981283907]]]}}, {"type": "Feature", "properties": {"id": "source", "object_type": "source"}, "geometry": {"type": "Point", "coordinates": [37.60000837411699, 55.71048416504674]}}, {"type": "Feature", "properties": {"id": 5001, "object_type": "heat_network", "diameter": 500}, "geometry": {"type": "LineString", "coordinates": [[37.60000837411699, 55.71048416504674], [37.600368252402795, 55.710527542318395], [37.60057147403308, 55.71054101325655], [37.6006694323014, 55.7105455765328], [37.60075538904862, 55.71055043336682], [37.60093787762647, 55.71056932452575]]}}, {"type": "Feature", "properties": {"id": 5002, "object_type": "heat_network", "diameter": 500}, "geometry": {"type": "LineString", "coordinates": [[37.60093787762647, 55.71056932452575], [37.60112088976048, 55.710594232644816], [37.60126700435611, 55.71061755610497], [37.60139248872526, 55.7106375769841], [37.60420726660743, 55.711056182010346], [37.60434870205855, 55.71107718728465]]}}, {"type": "Feature", "properties": {"id": 5003, "object_type": "heat_network", "diameter": 500}, "geometry": {"type": "LineString", "coordinates": [[37.60434870205855, 55.71107718728465], [37.60461917548755, 55.71111738334484], [37.605302695491226, 55.711219037624], [37.60572862672627, 55.71128562341066], [37.605811752118996, 55.71130102684404], [37.60585646040825, 55.711312074455385]]}}, {"type": "Feature", "properties": {"id": 5004, "object_type": "heat_network", "diameter": 500}, "geometry": {"type": "LineString", "coordinates": [[37.60585646040825, 55.711312074455385], [37.60606333023925, 55.71136344215601]]}}, {"type": "Feature", "properties": {"id": 5005, "object_type": "heat_network", "diameter": 300}, "geometry": {"type": "LineString", "coordinates": [[37.60942418810883, 55.71951237566933], [37.60941536575253, 55.71949082125789], [37.60938143347893, 55.719408386588825], [37.6093271083616, 55.71927333668811], [37.60930775932564, 55.71923463891968], [37.609216074321886, 55.71908448178748], [37.60916663818387, 55.718993500936676]]}}, {"type": "Feature", "properties": {"id": 5006, "object_type": "heat_network", "diameter": 300}, "geometry": {"type": "LineString", "coordinates": [[37.60916663818387, 55.718993500936676], [37.609165034452225, 55.71898949164709], [37.609116859091976, 55.71886672022271], [37.60899931293471, 55.71854465124036], [37.60897429394396, 55.71838835893761], [37.60895720106191, 55.71826829270912], [37.60877263147828, 55.71778940901206]]}}, {"type": "Feature", "properties": {"id": 5007, "object_type": "heat_network", "diameter": 300}, "geometry": {"type": "LineString", "coordinates": [[37.60877263147828, 55.71778940901206], [37.60865660649037, 55.717488087523364], [37.60855141180283, 55.71722445408728], [37.60841823384155, 55.71686815192703], [37.6083989214045, 55.71681658520024], [37.6083338754183, 55.71665272291823], [37.60817828416917, 55.71623072243352]]}}, {"type": "Feature", "properties": {"id": 5008, "object_type": "heat_network", "diameter": 300}, "geometry": {"type": "LineString", "coordinates": [[37.60817828416917, 55.71623072243352], [37.60813164148949, 55.716109352418144]]}}, {"type": "Feature", "properties": {"id": 5009, "object_type": "heat_network", "diameter": 300}, "geometry": {"type": "LineString", "coordinates": [[37.60784405089006, 55.71469816829589], [37.60832595183031, 55.714698668301814], [37.60872656111059, 55.71469906831535], [37.609547173392315, 55.714699768336814], [37.60973934936574, 55.71469996831377], [37.61059764955549, 55.714700868322765]]}}, {"type": "Feature", "properties": {"id": 5010, "object_type": "heat_network", "diameter": 300}, "geometry": {"type": "LineString", "coordinates": [[37.61059764955549, 55.714700868322765], [37.611000481158825, 55.714701268457745], [37.6110480826159, 55.714701268458285], [37.61145686597552, 55.71470166834819], [37.61181078103524, 55.714701968366604], [37.61201475411535, 55.71470216834229]]}}, {"type": "Feature", "properties": {"id": 5011, "object_type": "heat_network", "diameter": 300}, "geometry": {"type": "LineString", "coordinates": [[37.61201475411535, 55.71470216834229], [37.612201343334064, 55.71470236833264], [37.61250176097286, 55.714702668353965], [37.61261977247067, 55.714702768367616], [37.61347824961408, 55.71470366835237], [37.61360451023421, 55.71470376840934]]}}, {"type": "Feature", "properties": {"id": 5012, "object_type": "heat_network", "diameter": 400}, "geometry": {"type": "LineString", "coordinates": [[37.610895798209675, 55.72141581519856], [37.611167798633886, 55.72139311516491], [37.611640878566114, 55.721353633383906], [37.61194054482503, 55.72132554281015], [37.612215034112815, 55.721299843814535], [37.614195208213246, 55.721114004780304]]}}, {"type": "Feature", "properties": {"id": 5013, "object_type": "heat_network", "diameter": 400}, "geometry": {"type": "LineString", "coordinates": [[37.614195208213246, 55.721114004780304], [37.61428306314469, 55.72109828337142], [37.61435162837771, 55.72108247850054], [37.61445512530997, 55.72105114455142], [37.6145616409546, 55.72099856394807], [37.61489184025821, 55.72072814077829]]}}, {"type": "Feature", "properties": {"id": 5014, "object_type": "heat_network", "diameter": 400}, "geometry": {"type": "LineString", "coordinates": [[37.61489184025821, 55.72072814077829], [37.61508451158034, 55.7205844602064], [37.615521627310905, 55.72023604997549], [37.61558411952758, 55.720186256086265], [37.61566821690123, 55.72011925805617]]}}, {"type": "Feature", "properties": {"id": 6001, "object_type": "heat_chamber"}, "geometry": {"type": "Point", "coordinates": [37.60000837411699, 55.71048416504674]}}, {"type": "Feature", "properties": {"id": 6002, "object_type": "heat_chamber"}, "geometry": {"type": "Point", "coordinates": [37.60606333023925, 55.71136344215601]}}, {"type": "Feature", "properties": {"id": 6003, "object_type": "heat_chamber"}, "geometry": {"type": "Point", "coordinates": [37.60942418810883, 55.71951237566933]}}, {"type": "Feature", "properties": {"id": 6004, "object_type": "heat_chamber"}, "geometry": {"type": "Point", "coordinates": [37.60813164148949, 55.716109352418144]}}, {"type": "Feature", "properties": {"id": 6005, "object_type": "heat_chamber"}, "geometry": {"type": "Point", "coordinates": [37.60784405089006, 55.71469816829589]}}, {"type": "Feature", "properties": {"id": 6006, "object_type": "heat_chamber"}, "geometry": {"type": "Point", "coordinates": [37.61360451023421, 55.71470376840934]}}, {"type": "Feature", "properties": {"id": 6007, "object_type": "heat_chamber"}, "geometry": {"type": "Point", "coordinates": [37.610895798209675, 55.72141581519856]}}, {"type": "Feature", "properties": {"id": 6008, "object_type": "heat_chamber"}, "geometry": {"type": "Point", "coordinates": [37.61566821690123, 55.72011925805617]}}, {"type": "Feature", "properties": {"id": 1960, "object_type": "restriction", "restriction_type": "gas_pipeline"}, "geometry": {"type": "LineString", "coordinates": [[37.60717341523605, 55.71420674986543], [37.60711915587565, 55.714063866430976], [37.607069674108835, 55.71389002975628], [37.606872958230994, 55.71338375940903], [37.60663021550328, 55.71275544687039], [37.606528281560415, 55.71248195492422], [37.60651647954377, 55.71245034941205], [37.60635828046953, 55.71202585053415], [37.60626578078638, 55.71177775058824], [37.60619739976176, 55.711594300906214], [37.60617671844789, 55.71153984993249], [37.60611041864738, 55.711365249908496]]}}, {"type": "Feature", "properties": {"id": 1961, "object_type": "restriction", "restriction_type": "power_cable"}, "geometry": {"type": "LineString", "coordinates": [[37.60403245443391, 55.71833688280186], [37.603877387728616, 55.71837332751782], [37.603109592806746, 55.718520814693576], [37.6029343792109, 55.71855451731046], [37.60283860041132, 55.71857287905055], [37.602653123430635, 55.71861232528365], [37.602171226902776, 55.71871472455291], [37.60102443169654, 55.718958523550626], [37.60021222630249, 55.71913122470913], [37.599952889378734, 55.719186341285535], [37.59948646556467, 55.719297256716615], [37.599444956673985, 55.71930703525429], [37.599357820937556, 55.71932799574264]]}}, {"type": "Feature", "properties": {"id": 1962, "object_type": "restriction", "restriction_type": "gas_pipeline"}, "geometry": {"type": "LineString", "coordinates": [[37.60527736273317, 55.72030105868103], [37.60516146168562, 55.72032296437867], [37.603450795670014, 55.72067011690966], [37.60239945713191, 55.720875724460214], [37.60158348340039, 55.72104042008387], [37.60148021527168, 55.721059250166924], [37.60070090783602, 55.721237186550695]]}}, {"type": "Feature", "properties": {"id": 1963, "object_type": "restriction", "restriction_type": "power_cable"}, "geometry": {"type": "LineString", "coordinates": [[37.601767533651525, 55.70973373861709], [37.6018005307596, 55.70973893816102], [37.60208052209384, 55.70978303679301], [37.60274721531076, 55.709887935718235], [37.60391681865134, 55.71007193623074], [37.60410869151238, 55.71010213195763], [37.6041468189364, 55.71010810492186], [37.60515131519386, 55.71026160433796], [37.605190517109456, 55.71026774201131], [37.60536556338191, 55.71029266317561], [37.60548124348346, 55.71030910298085], [37.60594572896634, 55.71037861577017], [37.60610893866995, 55.71040217386642], [37.60620245204154, 55.710415461556174]]}}, {"type": "Feature", "properties": {"id": 1, "object_type": "oks_connection_point", "flow_tph": 78.72}, "geometry": {"type": "Point", "coordinates": [37.612980085881176, 55.715432287255865]}}, {"type": "Feature", "properties": {"id": 2, "object_type": "oks_connection_point", "flow_tph": 15.82}, "geometry": {"type": "Point", "coordinates": [37.61797713830285, 55.71112768623521]}}, {"type": "Feature", "properties": {"id": 3, "object_type": "oks_connection_point", "flow_tph": 6.95}, "geometry": {"type": "Point", "coordinates": [37.6062974319141, 55.71982269229972]}}, {"type": "Feature", "properties": {"id": 4, "object_type": "oks_connection_point", "flow_tph": 13.55}, "geometry": {"type": "Point", "coordinates": [37.61635944941307, 55.71746486750289]}}, {"type": "Feature", "properties": {"id": 5, "object_type": "oks_connection_point", "flow_tph": 41.0}, "geometry": {"type": "Point", "coordinates": [37.61808514992914, 55.720581861854264]}}, {"type": "Feature", "properties": {"id": 6, "object_type": "oks_connection_point", "flow_tph": 26.18}, "geometry": {"type": "Point", "coordinates": [37.603725837751725, 55.722024406187465]}}, {"type": "Feature", "properties": {"id": 7, "object_type": "oks_connection_point", "flow_tph": 4.95}, "geometry": {"type": "Point", "coordinates": [37.60880032661778, 55.720753421907936]}}, {"type": "Feature", "properties": {"id": 8, "object_type": "oks_connection_point", "flow_tph": 5.71}, "geometry": {"type": "Point", "coordinates": [37.611706530614576, 55.72056650938296]}}, {"type": "Feature", "properties": {"id": 9, "object_type": "oks_connection_point", "flow_tph": 4.25}, "geometry": {"type": "Point", "coordinates": [37.60932068981217, 55.712311286195145]}}, {"type": "Feature", "properties": {"id": 10, "object_type": "oks_connection_point", "flow_tph": 5.71}, "geometry": {"type": "Point", "coordinates": [37.617382788490445, 55.71615613458145]}}, {"type": "Feature", "properties": {"id": 11, "object_type": "oks_connection_point", "flow_tph": 64.85}, "geometry": {"type": "Point", "coordinates": [37.60486987932325, 55.714840673917294]}}, {"type": "Feature", "properties": {"id": 12, "object_type": "oks_connection_point", "flow_tph": 33.4}, "geometry": {"type": "Point", "coordinates": [37.61440738817195, 55.71294982315282]}}, {"type": "Feature", "properties": {"id": 13, "object_type": "oks_connection_point", "flow_tph": 23.61}, "geometry": {"type": "Point", "coordinates": [37.608131791513486, 55.72094155039887]}}, {"type": "Feature", "properties": {"id": 14, "object_type": "oks_connection_point", "flow_tph": 34.0}, "geometry": {"type": "Point", "coordinates": [37.62008465658029, 55.71106681328211]}}, {"type": "Feature", "properties": {"id": 15, "object_type": "oks_connection_point", "flow_tph": 5.43}, "geometry": {"type": "Point", "coordinates": [37.60189101454196, 55.71463409410043]}}, {"type": "Feature", "properties": {"id": 16, "object_type": "oks_connection_point", "flow_tph": 8.21}, "geometry": {"type": "Point", "coordinates": [37.60100080587642, 55.71925641277961]}}, {"type": "Feature", "properties": {"id": 17, "object_type": "oks_connection_point", "flow_tph": 72.92}, "geometry": {"type": "Point", "coordinates": [37.60063045824193, 55.717465698042915]}}, {"type": "Feature", "properties": {"id": 18, "object_type": "oks_connection_point", "flow_tph": 52.73}, "geometry": {"type": "Point", "coordinates": [37.602549807061806, 55.71922062335132]}}, {"type": "Feature", "properties": {"id": 19, "object_type": "oks_connection_point", "flow_tph": 41.06}, "geometry": {"type": "Point", "coordinates": [37.604843260207566, 55.718895710049715]}}, {"type": "Feature", "properties": {"id": 20, "object_type": "oks_connection_point", "flow_tph": 33.89}, "geometry": {"type": "Point", "coordinates": [37.60565033641482, 55.71751024183881]}}, {"type": "Feature", "properties": {"id": 21, "object_type": "oks_connection_point", "flow_tph": 56.5}, "geometry": {"type": "Point", "coordinates": [37.61058374297567, 55.71868559805309]}}, {"type": "Feature", "properties": {"id": 22, "object_type": "oks_connection_point", "flow_tph": 26.95}, "geometry": {"type": "Point", "coordinates": [37.6113694733494, 55.71032875107416]}}, {"type": "Feature", "properties": {"id": 23, "object_type": "oks_connection_point", "flow_tph": 44.49}, "geometry": {"type": "Point", "coordinates": [37.60515018364931, 55.71723308574942]}}, {"type": "Feature", "properties": {"id": 24, "object_type": "oks_connection_point", "flow_tph": 5.87}, "geometry": {"type": "Point", "coordinates": [37.61091082074593, 55.71893827977143]}}, {"type": "Feature", "properties": {"id": 25, "object_type": "oks_connection_point", "flow_tph": 21.21}, "geometry": {"type": "Point", "coordinates": [37.615329993241915, 55.7182456737506]}}, {"type": "Feature", "properties": {"id": 26, "object_type": "oks_connection_point", "flow_tph": 53.35}, "geometry": {"type": "Point", "coordinates": [37.60936354084084, 55.71528661483894]}}, {"type": "Feature", "properties": {"id": 27, "object_type": "oks_connection_point", "flow_tph": 9.0}, "geometry": {"type": "Point", "coordinates": [37.61276003455936, 55.709770258558294]}}, {"type": "Feature", "properties": {"id": 28, "object_type": "oks_connection_point", "flow_tph": 60.02}, "geometry": {"type": "Point", "coordinates": [37.6130352382956, 55.71287076762731]}}, {"type": "Feature", "properties": {"id": 29, "object_type": "oks_connection_point", "flow_tph": 5.05}, "geometry": {"type": "Point", "coordinates": [37.602120328402485, 55.712390317642694]}}, {"type": "Feature", "properties": {"id": 30, "object_type": "oks_connection_point", "flow_tph": 43.58}, "geometry": {"type": "Point", "coordinates": [37.602306591197376, 55.71826059533334]}}]}